SC,名称,決算期,決算発表日(本決算),売上高(百万円),営業利益(百万円),経常利益(百万円),当期利益(百万円),総資産(百万円),自己資本(百万円),資本金(百万円),有利子負債(百万円),自己資本比率,ROE,ROA,発行済株式数(更新日時点)
1450,TANAKEN,202603,20260508,14820,2185,2211,1502,12178,9325,297,-,76.6,17.12,12.75,8699600
1720,東急建設,202603,20260508,341181,16306,17552,13390,310849,111447,16354,36066,35.9,12.57,4.58,106761205
1768,ソネック,202603,20260508,22753,1875,1986,1366,15714,10397,723,-,66.2,14.04,9.55,7500000
1893,五洋建設,202603,20260508,794306,55304,53195,34692,790413,198265,30449,196132,25.1,18.74,4.78,286013910
1976,明星工業,202603,20260508,60299,7675,8306,5494,85597,69004,6889,800,80.6,7.99,6.31,55117218
2060,フィード・ワン,202603,20260508,290675,8091,8612,6377,133020,61687,10000,24620,46.4,10.97,4.96,38477128
2112,塩水港精糖,202603,20260508,32982,3047,3339,2765,31813,20603,1750,6730,64.8,14.86,9.03,35000000
2139,中広,202603,20260508,12153,386,401,188,5527,2174,404,1264,39.3,8.96,3.55,7044000
2281,プリマハム,202603,20260508,475574,9131,11185,4587,241280,121932,7908,19011,50.5,3.8,1.91,50524399
2282,日本ハム,202603,20260508,1457391,56119,54545,35066,997477,536940,36294,228548,53.8,6.61,3.6,94245000
2371,カカクコム,202603,20260508,94127,27243,27347,18803,92475,64988,916,-,70.3,29.66,20.22,198218300
2378,ルネサンス,202603,20260508,64933,1565,795,-2106,57043,9678,3210,15949,17,-19.33,-3.74,21379000
2666,オートウェーブ,202603,20260508,9835,318,458,441,7904,4537,100,1380,57.4,10.17,5.72,14451000
2681,ゲオホールディングス,202603,20260508,481249,14239,15348,8738,295211,98022,9317,118649,33.2,9.28,3.19,39783552
2705,大戸屋ホールディングス,202603,20260508,37016,2140,2206,1233,11907,4110,2059,1000,34.5,28.71,10.37,7263300
2782,セリア,202603,20260508,255695,20968,21287,14696,128681,92837,1278,-,72.1,14.63,10.88,75840000
2790,ナフコ,202603,20260508,175272,1636,1488,223,215957,152842,3538,17695,70.8,0.15,0.1,29784400
2883,大冷,202603,20260508,25053,660,693,482,11313,8823,1909,-,78,5.47,4.22,6008300
303A,visumo,202603,20260508,973,81,83,72,1014,687,248,100,67.8,11.93,8.43,2050700
3166,OCHIホールディングス,202603,20260508,120432,1669,2242,1309,69181,24595,400,6015,35.6,5.44,1.88,13610970
3167,TOKAIホールディングス,202603,20260508,244838,18699,19152,10749,219586,101876,14000,47847,46.4,11.01,4.99,137845577
3190,ホットマン,202603,20260508,22501,648,703,356,16606,7733,1910,4259,46.6,4.71,2.16,7275500
3202,ダイトウボウ,202603,20260508,4012,310,116,90,20075,4999,100,9337,24.9,1.81,0.45,30360000
3221,ヨシックスホールディングス,202603,20260508,25914,2995,3283,2025,17221,13284,361,-,77.1,16.37,12.6,10361000
3238,セントラル総合開発,202603,20260508,38450,898,304,147,46101,10302,1352,31230,22.3,1.43,0.32,9681600
3352,バッファロー,202603,20260508,13706,601,646,439,9827,6496,653,747,66.1,6.92,4.64,2345874
3553,共和レザー,202603,20260508,55816,920,1006,655,57463,36573,1810,983,63.6,1.8,1.12,24500000
3626,TIS,202603,20260508,596479,76229,76511,46624,551507,324731,10001,34824,58.9,13.96,8.4,228400000
3762,テクマトリックス,202603,20260508,71733,7760,7861,5178,121531,26327,1298,1750,21.7,20.49,4.56,44518400
3766,システムズ・デザイン,202603,20260508,9993,595,604,393,6882,4815,333,-,70,8.33,5.92,3500000
3850,エヌ・ティ・ティ・データ・イントラマート,202603,20260508,14656,1381,1414,914,10996,5877,738,-,53.4,16.63,9.02,4955000
3908,コラボス,202603,20260508,1699,74,52,101,1670,1363,349,60,81.6,7.7,5.93,4977000
3910,エムケイシステム,202603,20260508,3256,247,247,256,2276,903,219,839,39.7,32.61,10.86,5428000
3917,アイリッジ,202603,20260508,7084,113,135,637,5662,3012,1378,1437,53.2,23.18,10.96,7829354
3926,オープンドア,202603,20260508,2453,-45,-34,-1131,4065,3458,648,-,85.1,-29.06,-25.51,31260000
3934,ベネフィットジャパン,202603,20260508,18393,1482,1520,995,14334,8705,680,2035,60.7,11.97,7.6,6034748
3946,トーモク,202603,20260508,224090,11378,11445,7361,223835,102147,13669,70212,45.6,7.55,3.42,19341568
4120,スガイ化学工業,202603,20260508,6432,489,578,461,12189,8365,2510,1385,68.6,5.83,3.9,1373000
4228,積水化成品工業,202603,20260508,113935,2552,2249,2147,122355,50182,16533,38753,41,4.33,1.66,46988109
4350,メディカルシステムネットワーク,202603,20260508,132186,3313,3193,1070,80100,17285,2128,31939,21.6,6.38,1.42,30642600
4390,IPS,202603,20260508,16999,5370,5787,4196,50979,18846,1306,12636,37,24.62,9.02,13082400
4483,JMDC,202603,20260508,50462,10521,9964,6765,158538,83678,25167,41498,52.8,8.37,4.49,65439808
4528,小野薬品工業,202603,20260508,515785,92236,92654,69767,1106515,850726,17358,110389,76.9,8.54,6.43,498692800
4556,カイノス,202603,20260508,5479,747,788,449,9566,7238,831,550,75.7,6.41,4.89,4558860
4559,ゼリア新薬工業,202603,20260508,89159,12374,11043,8454,179697,108396,6593,39103,60.3,8.54,4.99,50119190
4564,オンコセラピー・サイエンス,202603,20260508,808,-810,-845,-910,2359,2070,50,-,87.7,-66.69,-51.79,383643700
4674,クレスコ,202603,20260508,64676,6605,6980,5279,47899,33479,2514,1359,69.9,16.42,11.57,42000000
4678,秀英予備校,202603,20260508,10715,453,461,43,9698,4758,2089,1058,49.1,0.93,0.45,6710000
4689,LINEヤフー,202603,20260508,2036366,341322,294231,193692,11205191,2998805,252134,1961998,26.8,6.46,1.9,6884305136
4792,山田コンサルティンググループ,202603,20260508,26711,3740,3712,2895,33230,19871,1599,4896,59.8,15.27,10.21,19896000
4800,オリコン,202603,20260508,6320,1543,1601,625,7096,5803,1092,169,81.8,10.91,8.92,15123200
4970,東洋合成工業,202603,20260508,41956,3668,3592,2692,66949,27452,1618,25813,41,10.3,4.05,8143390
5186,ニッタ,202603,20260508,91834,5862,14810,13529,192432,164801,8060,-,85.6,8.5,7.27,29272503
5262,日本ヒューム,202603,20260508,40239,2523,3799,3382,68996,52219,5251,1010,75.7,7.13,5.36,58695000
5284,ヤマウホールディングス,202603,20260508,21243,3544,3514,2212,22506,13776,800,3103,61.2,16.93,9.54,6306000
5344,MARUWA,202603,20260508,74476,24976,26321,18163,162691,147262,8646,-,90.5,13.2,11.91,12372000
5388,クニミネ工業,202603,20260508,17075,1602,1954,1340,26844,22270,1617,-,83,6.12,5.09,14450000
5391,エーアンドエーマテリアル,202603,20260508,45700,1674,1614,1701,43440,17165,3889,8918,39.5,9.5,4.04,7778000
5408,中山製鋼所,202603,20260508,148306,4911,4806,2462,152371,109149,20044,8515,71.6,2.28,1.63,63079256
5411,JFEホールディングス,202603,20260508,4539270,112203,87417,70165,5895238,2619536,171310,1959385,44.4,2.73,1.22,639438399
5464,モリ工業,202603,20260508,43288,4378,4879,3358,72659,58493,7360,1970,80.5,5.89,4.71,38831900
5480,日本冶金工業,202603,20260508,150866,10973,9657,7215,219411,101108,24301,77131,46.1,7.31,3.3,15497333
5727,東邦チタニウム,202603,20260508,83389,4400,4739,2847,129697,60128,11963,56484,46.4,4.81,2.24,71270910
5742,エヌアイシ・オートテック,202603,20260508,6305,-13,5,24,5970,3269,156,1215,54.8,0.72,0.36,5500000
5830,いよぎんホールディングス,202603,20260508,266118,76348,99206,74253,9539812,877704,20000,-,9.2,8.84,0.79,313408831
5941,中西製作所,202603,20260508,41008,3049,3169,2210,33899,22475,1445,3952,66.3,10.3,6.87,6306000
6023,ダイハツインフィニアース,202603,20260508,88066,7621,7959,5920,110498,49380,2434,19385,44.7,12.66,5.73,31850000
6088,シグマクシス・ホールディングス,202603,20260508,23831,6064,6351,3971,17069,14262,3000,-,83.6,27.83,21.58,86000000
6147,ヤマザキ,202603,20260508,2327,-260,-280,-360,3238,1041,972,1481,32.1,-29.34,-10.01,4579000
6155,高松機械工業,202603,20260508,12722,-64,-70,-107,20828,16307,1835,1207,78.3,-0.66,-0.5,11020000
6158,和井田製作所,202603,20260508,6659,254,355,275,12535,10567,843,424,84.3,2.64,2.19,7028000
6222,島精機製作所,202603,20260508,33509,-1720,288,856,109531,82339,14859,16199,75.2,1.07,0.82,34800000
6413,理想科学工業,202603,20260508,78990,5111,5872,4378,95201,68792,14114,5974,72.3,6.47,4.76,72000000
6448,ブラザー工業,202603,20260508,893464,77868,81973,67624,1018815,763277,19209,991,74.9,9.3,6.93,257755930
6557,AIAIグループ,202603,20260508,14633,1105,933,621,26907,3246,26,19422,12.1,20.51,3.15,6690762
6629,テクノホライゾン,202603,20260508,51380,2332,2886,2462,39412,12277,2500,12984,31.2,22.02,6.41,21063300
6643,戸上電機製作所,202603,20260508,30746,3748,3988,2675,33428,24148,2899,598,72.2,11.49,8.13,4795458
6745,ホーチキ,202603,20260508,105855,12066,12344,9377,97936,68403,3798,-,69.8,14.71,10,79200000
6758,ソニーグループ,202603,20260508,12479620,1447507,1422374,-326865,15683490,8119011,881357,1041986,51.8,-4.01,-1.28,6149810645
6804,ホシデン,202603,20260508,448250,19236,24644,16206,215281,150243,13660,10161,69.8,11.16,7.8,58502584
6832,アオイ電子,202603,20260508,38323,306,728,70,62706,43245,4545,9670,69,0.16,0.12,12000000
6882,三社電機製作所,202603,20260508,26651,1386,1137,381,32724,24925,2774,2200,76.2,1.55,1.15,14950000
6901,澤藤電機,202603,20260508,25014,312,525,33,27930,13084,1080,7188,46.8,0.26,0.12,4322000
6976,太陽誘電,202603,20260508,355341,19996,24129,14806,615536,344412,33575,171212,56,4.47,2.49,130218481
6996,ニチコン,202603,20260508,169724,6456,8326,6310,195570,119604,14286,24150,61.2,5.49,3.25,70000000
7013,IHI,202603,20260508,1643402,165534,185490,160992,2428559,652243,107165,359533,26.9,28.39,6.9,1082759678
7040,サン・ライフホールディング,202603,20260508,14149,1102,1272,619,35977,6906,100,-,19.2,9.16,1.72,6820000
7089,フォースタートアップス,202603,20260508,5268,1120,1053,817,4961,2752,239,399,55.5,33.22,18.94,6613200
7130,ヤマエグループホールディングス,202603,20260508,1085219,18080,18669,11082,454068,107799,9275,110712,23.7,11.25,2.6,27766452
7134,アップガレージグループ,202603,20260508,15384,1103,1129,780,7390,5133,527,150,69.5,16.02,11.16,7926900
7164,全国保証,202603,20260508,58739,41382,46554,32526,500831,245148,10703,30000,48.9,13.45,6.55,137743580
7173,東京きらぼしフィナンシャルグループ,202603,20260508,199262,-,60478,42357,7317357,423371,27500,-,5.7,10.66,0.59,30650115
7203,トヨタ自動車,202603,20260508,50684952,3766216,5152996,3848098,105522331,39918854,397050,43205469,37.8,10.15,3.87,15794987460
7211,三菱自動車工業,202603,20260508,2896536,75517,78908,10015,2418145,919463,284382,358188,38,1.08,0.43,1460476846
7224,新明和工業,202603,20260508,285024,16329,16324,11507,296056,124882,15981,48960,42.2,9.71,4.09,70000000
7291,日本プラスト,202603,20260508,114861,2647,2499,2012,85450,37503,3206,25558,43.9,5.59,2.38,19410000
7399,ナンシン,202603,20260508,9777,211,297,232,14613,12133,1696,350,83,1.94,1.6,7708000
7412,アトム,202603,20260508,30408,25,-22,-1507,14519,3680,100,5180,25.3,-27.44,-8.99,193559297
7421,カッパ・クリエイト,202603,20260508,73193,532,592,-394,28987,10211,100,6450,35.2,-3.74,-1.31,49414578
7442,中山福,202603,20260508,43052,531,842,667,33050,23681,1706,2391,71.7,2.89,2.03,20214480
7464,セフテック,202603,20260508,10111,245,264,143,11659,7285,886,2363,62.5,1.97,1.19,2000000
7466,SPK,202603,20260508,75246,3587,3889,2692,47797,29176,898,8324,61,9.6,5.85,20907600
7472,鳥羽洋行,202603,20260508,29061,1494,1612,1107,29204,21794,1148,-,74.6,5.18,3.69,4700000
7504,高速,202603,20260508,124191,4865,5238,3764,63178,42516,1724,-,67.3,9.15,6.05,20990920
7509,アイエーグループ,202603,20260508,39841,1828,1903,1383,27857,16754,1314,3135,60.1,8.56,4.94,1645360
7600,日本エム・ディ・エム,202603,20260508,23917,574,534,263,35678,25400,3001,5651,71.2,1.05,0.76,26475880
7616,コロワイド,202603,20260508,300090,9407,6547,2233,350931,84232,43814,145790,24,2.76,0.67,106453541
7723,愛知時計電機,202603,20260508,59116,4710,5208,4801,70284,52583,3218,700,74.8,9.66,7.22,15420000
7731,ニコン,202603,20260508,677163,-112448,-106511,-86088,1075007,586785,65476,219957,54.6,-14.06,-7.88,333585686
7791,ドリームベッド,202603,20260508,12174,703,686,479,11513,4844,785,4420,42.1,10.24,4.21,4152820
7917,ZACROS,202603,20260508,158535,11054,12303,7707,156791,94846,6600,10480,60.5,8.26,4.96,77071040
7966,リンテック,202603,20260508,319385,25156,25666,17374,342725,257439,23355,4824,75.1,6.91,5.09,72488740
7971,東リ,202603,20260508,112337,5100,5733,4459,99639,51809,6855,10180,52,8.93,4.6,60129249
7974,任天堂,202603,20260508,2313051,360117,542196,424056,3805312,2954025,10065,-,77.6,14.94,11.77,1287260000
7980,重松製作所,202603,20260508,15593,1054,933,702,21588,9436,570,7625,43.7,7.8,3.54,7200000
7987,ナカバヤシ,202603,20260508,61598,2875,3219,1934,54080,30785,6666,10612,56.9,6.5,3.5,28794294
7994,オカムラ,202603,20260508,329031,24144,25839,22416,301877,204129,18670,30025,67.6,11.52,7.59,100621021
8020,兼松,202603,20260508,1067665,48663,47157,32523,733009,208391,27781,154846,28.4,17.01,4.57,169000404
8052,椿本興業,202603,20260508,131032,6513,7094,5023,100064,49918,2945,-,49.9,10.73,5,19493907
8065,佐藤商事,202603,20260508,292191,7673,8162,6568,181208,76643,1321,36500,42.3,9.07,3.73,21799050
8074,YUASA,202603,20260508,545027,16740,17236,12020,303507,119927,20644,4797,39.5,10.51,4.07,22100000
8084,RYODEN,202603,20260508,212772,5244,5767,5275,154303,94422,10334,2242,61.2,5.75,3.56,21612037
8131,ミツウロコグループホールディングス,202603,20260508,339498,12368,13676,9197,206000,105254,7077,34330,51.1,9.02,4.7,57061223
8137,サンワテクノス,202603,20260508,148329,4058,4776,3265,101386,52857,3727,7751,52.1,6.4,3.36,16044000
8158,ソーダニッカ,202603,20260508,66692,2482,2934,2362,77826,33774,3762,2661,43.4,7.46,3.13,22968000
8173,Joshin,202603,20260508,436650,5422,5113,3280,228813,105364,15121,37930,46,3.12,1.43,28000000
8282,ケーズホールディングス,202603,20260508,759710,26799,30579,14317,422482,248703,18125,42500,58.9,5.73,3.39,168000000
8367,南都銀行,202603,20260508,115665,-,24820,17062,6677236,300119,37924,-,4.4,5.9,0.25,165128280
8410,セブン銀行,202603,20260508,220025,-,30165,13476,1545743,280491,30724,-,18.1,4.83,0.89,1179308000
8418,山口フィナンシャルグループ,202603,20260508,261941,15046,45026,33008,13180464,668169,50000,-,5.1,5.13,0.25,234767616
8566,リコーリース,202603,20260508,338579,20621,21043,12821,1465563,241680,7896,1095300,16.5,5.39,0.9,31243223
8596,九州リースサービス,202603,20260508,35838,6083,6008,3929,219586,45336,2933,151317,20.6,8.95,1.86,25952374
8747,豊トラスティ証券,202603,20260508,12991,6284,6368,4424,286450,18184,1722,700,6.3,27.66,2.15,8897472
8864,空港施設,202603,20260508,36792,6719,7126,3479,112049,61587,6826,27596,55,5.73,3.15,52006350
8919,カチタス,202603,20260508,151851,18279,17809,12470,93245,53059,3778,26500,56.9,25.25,14.12,78650640
9009,京成電鉄,202603,20260508,332424,33974,58605,48023,1181801,557830,36803,340480,47.2,9,4.22,517233555
9029,ヒガシホールディングス,202603,20260508,57972,4044,4150,2602,36616,16113,1001,9770,44,17.57,7.63,13264000
9063,岡山県貨物運送,202603,20260508,38899,1260,1693,2719,51319,26850,2420,13019,52.3,10.83,5.51,2200000
9072,ニッコンホールディングス,202603,20260508,269862,23818,24853,18237,436395,237735,11316,135586,54.5,7.61,4.22,126479784
9107,川崎汽船,202603,20260508,1018364,84164,109100,132986,2343989,1802703,75457,236017,76.9,7.71,5.84,639172067
9119,飯野海運,202603,20260508,127295,13439,16885,15391,346684,158224,13092,141720,45.6,10.13,4.71,108900000
9143,SGホールディングス,202603,20260508,1644762,90247,91782,59066,1229017,546198,11882,349947,44.4,10.49,5.2,640394400
9324,安田倉庫,202603,20260508,80028,4289,5822,6728,234046,107967,3602,78634,46.1,6.67,3.03,30360000
9413,テレビ東京ホールディングス,202603,20260508,164915,11402,11937,7700,155783,107412,10000,5564,68.9,7.36,5.07,27579500
9432,NTT,202603,20260508,14409121,1706221,1581923,1037032,46721259,9727623,937950,15711608,20.8,10.4,2.7,90550316400
9436,沖縄セルラー電話,202603,20260508,86348,18693,18864,13217,120457,98967,1414,-,82.2,13.52,11.07,94178804
9478,SEホールディングス・アンド・インキュベーションズ,202603,20260508,7026,955,803,633,18690,11233,1534,3610,60.1,6.24,3.7,16284226
9532,大阪瓦斯,202603,20260508,2030302,174809,204522,152751,3321405,1806043,132166,794219,54.4,8.74,4.68,397881800
9698,クレオ,202603,20260508,14569,1194,1207,807,10554,7742,3149,-,73.4,10.71,7.86,8585688
9706,日本空港ビルデング,202603,20260508,289823,45043,43704,29139,491972,210312,38126,194189,42.7,14.65,6.06,93145400
9753,アイエックス・ナレッジ,202603,20260508,24351,2207,2318,1714,16343,11580,1180,240,70.9,15.84,10.91,10800000
9759,NSD,202603,20260508,117813,19073,19326,13009,97442,73754,7205,-,75.7,18.43,13.84,86000000
9766,コナミグループ,202603,20260508,493677,135891,140667,100013,748765,564537,47399,39936,75.4,19.12,14.15,143500000
9790,福井コンピュータホールディングス,202603,20260508,16653,7263,7483,4313,36816,30078,1631,-,81.7,15.09,12.35,20700000
9831,ヤマダホールディングス,202603,20260508,1691808,16166,20002,14778,1303905,633676,71149,297674,48.6,2.33,1.12,966863199
9849,共同紙販ホールディングス,202603,20260508,16446,-30,-2,37,9530,3974,100,-,41.7,0.94,0.39,735344
9867,ソレキア,202603,20260508,30381,2619,2650,1700,24156,12820,2293,3904,53.1,14.21,7.32,865301
9882,イエローハット,202603,20260508,171280,15087,16582,11968,206818,123754,15072,53000,59.8,9.8,6.1,86021392
9902,日伝,202603,20260508,141033,6622,7465,5114,127639,91897,5368,-,72,5.74,4.11,30000800
1723,日本電技,202603,20260507,46371,11821,12126,8442,61099,46857,470,-,76.7,19.55,14.81,65580000
1898,世紀東急工業,202603,20260507,95259,6417,6278,4666,84530,44215,2000,6605,52.3,10.86,5.59,37424507
1967,ヤマト,202603,20260507,54327,5401,6120,4589,61766,42732,5000,3952,69.2,10.94,7.61,24127652
2003,日東富士製粉,202603,20260507,72777,3816,4386,3319,63742,50034,2500,400,78.5,6.68,5.24,37538912
2053,中部飼料,202603,20260507,211814,6584,7168,5551,108935,72724,4736,9375,66.8,7.92,5.27,30371908
2326,デジタルアーツ,202603,20260507,10835,4791,4840,3427,27865,18425,713,-,66.1,19.17,13.57,14133000
2335,キューブシステム,202603,20260507,18498,1558,1581,1564,14901,11404,1400,230,76.5,14.04,10.69,15750000
2802,味の素,202603,20260507,1583719,199412,196115,134675,1812346,770819,79863,421355,42.5,17.75,7.62,977735616
2924,イフジ産業,202603,20260507,32572,2790,2857,2003,18925,12620,455,3234,66.7,16.85,11.23,8345370
3326,ランシステム,202603,20260507,5430,173,106,101,4177,321,100,2584,7.7,37.41,2.53,4380900
4262,ニフティライフスタイル,202603,20260507,5238,1189,1195,778,7464,6208,1271,-,83.2,12.99,10.75,6388677
5261,リソルホールディングス,202603,20260507,30404,3303,3121,2708,43895,18310,3948,12192,41.7,15.71,6.2,5564200
5445,東京鐵鋼,202603,20260507,72540,12042,12040,8075,80449,63388,5839,4590,78.8,13.12,9.99,25335915
5955,ワイズホールディングス,202603,20260507,12725,581,600,371,18324,12009,90,1764,65.5,3.13,2.05,142611765
6230,SANEI,202603,20260507,29042,1830,1803,1220,24111,15194,432,3789,63,8.3,5.03,4578000
6403,水道機工,202603,20260507,31209,2044,2488,1228,30755,11735,1947,3500,38.2,11.21,4.32,4295968
6809,TOA,202603,20260507,55386,4656,5236,3313,76774,58321,5728,204,76,6.14,4.56,34736635
6841,横河電機,202603,20260507,604829,82555,84259,58113,795618,520016,43401,24336,65.4,11.77,7.68,257201210
7120,SHINKO,202603,20260507,19383,913,926,675,8768,2273,183,700,25.9,33.56,8.92,5502000
7419,ノジマ,202603,20260507,982804,58071,62295,38931,594478,242492,6330,63538,40.8,17.51,6.39,307737696
7480,スズデン,202603,20260507,45902,2072,2339,1722,28351,16758,1819,1201,59.1,9.71,5.99,13282000
7575,日本ライフライン,202603,20260507,59187,12606,12588,9350,80211,65850,2115,2900,82.1,14.87,12.04,71300000
7999,MUTOHホールディングス,202603,20260507,17652,846,708,10121,42173,33429,10199,-,79.3,35.45,28.06,5054818
8005,スクロール,202603,20260507,88548,5727,6166,2768,59028,37694,6229,-,63.9,7.46,4.81,34629200
8012,長瀬産業,202603,20260507,972783,44727,44096,33119,871526,425447,9699,172175,48.8,8.03,3.94,439633140
8255,アクシアルリテイリング,202603,20260507,295536,12185,12799,8803,144145,95218,3159,-,66.1,9.54,6.3,93552156
8739,スパークス・グループ,202603,20260507,19578,9025,8909,6384,57600,39204,8587,9000,68.1,17.56,11.87,41507780
9325,ファイズホールディングス,202603,20260507,40322,1532,1597,1023,13737,4654,326,3115,33.9,23.84,8.53,10822800
9424,日本通信,202603,20260507,11633,1134,1117,763,11995,4507,653,5714,37.6,18.59,7.89,166838739
9701,東京會舘,202603,20260507,16259,1437,1480,989,30173,13131,3700,11230,43.5,8.21,3.43,3463943
9742,アイネス,202603,20260507,36616,-647,-460,-1843,49361,36966,15000,3749,74.9,-4.84,-3.47,20900000
9878,セキド,202603,20260507,5758,-707,-794,-1097,4430,86,10,2958,1.9,-694.3,-23.85,3167228
9955,ヨンキュウ,202603,20260507,47676,1869,2194,3784,55291,40776,2785,6705,73.7,9.5,7.03,12290862
2148,アイティメディア,202603,20260501,8311,1765,1801,1191,10546,8664,1910,-,82.2,13.2,11.06,21122900
2296,伊藤ハム米久ホールディングス,202603,20260501,1071381,28456,30395,20225,524726,294744,30003,88631,56.2,6.97,4.08,57471011
2413,エムスリー,202603,20260501,351363,73547,76276,49100,637396,408216,29432,33149,64,12.48,8.05,679120300
2480,システム・ロケーション,202603,20260501,1733,604,639,297,4900,4044,100,-,82.5,7.67,6.4,3570000
2768,双日,202603,20260501,2757350,72494,115630,103611,3648023,1090370,160339,1295616,29.9,10.06,3.08,210000000
299A,クラシル,202603,20260501,17001,3463,3507,2461,16919,13240,190,-,78.3,18.59,14.55,42618560
4206,アイカ工業,202603,20260501,251764,29143,30136,18533,326435,190480,9891,47581,58.4,10.19,6.03,67590664
5367,ニッカトー,202603,20260501,11341,1071,1145,775,18853,14136,1320,506,75,5.69,4.31,12135695
5832,ちゅうぎんフィナンシャルグループ,202603,20260501,249074,-,56038,39705,11370252,620586,16000,-,5.4,6.83,0.35,184771461
5857,AREホールディングス,202603,20260501,569992,37088,34706,24441,615388,230555,20233,183202,37.5,13.7,4.42,86853534
5906,エムケー精工,202603,20260501,29788,2723,2921,2354,28328,19397,3373,2791,68.5,13.05,8.62,15595050
5933,アルインコ,202603,20260501,62632,2212,2777,1753,73282,33557,6361,27289,45.8,5.35,2.43,21039326
6420,ガリレイ,202603,20260501,138616,17078,17943,12294,154438,113389,2760,-,73.4,11.39,8.31,44132320
6467,ニチダイ,202603,20260501,10992,-408,-446,-754,13982,10572,1429,1449,75.6,-7,-5.17,9053300
6632,JVCケンウッド,202603,20260501,356865,20540,21660,16787,347605,143834,13645,68598,41.4,12.48,5.08,161564801
6724,セイコーエプソン,202603,20260501,1413251,49558,50023,18201,1534870,853504,53204,231458,55.6,2.2,1.22,373573152
7774,ジャパン・ティッシュエンジニアリング,202603,20260501,2182,-549,-537,-734,5682,5090,3997,-,89.6,-13.45,-12.04,40610200
8001,伊藤忠商事,202603,20260501,14823087,873077,1199466,900283,16732815,6589966,253448,3672709,39.4,14.59,5.65,7924447520
8002,丸紅,202603,20260501,8265841,250843,664457,543852,10531764,4363719,263711,2409977,41.4,13.61,5.51,1660758361
8031,三井物産,202603,20260501,13995222,564735,1087056,833971,20821528,8767744,344163,5707766,42.1,10.22,4.43,2864666576
8053,住友商事,202603,20260501,7337259,401599,701998,600334,13638338,4628555,221651,4177113,33.9,12.94,4.75,1195115184
8058,三菱商事,202603,20260501,18915995,479891,1096094,800460,24151695,9440567,213825,5746943,39.1,8.51,3.51,3710528742
8303,SBI新生銀行,202603,20260501,774058,120676,123382,113415,24741359,1225122,178507,-,5,10.4,0.5,895500000
8473,SBIホールディングス,202603,20260501,1896607,474565,516667,427577,38290797,1794942,238019,7010122,4.7,27.98,1.21,661122614
8860,フジ住宅,202603,20260501,138332,8294,6995,4757,193040,58312,4872,114300,30.2,8.42,2.53,36849912
9619,イチネンホールディングス,202603,20260501,162254,10926,10998,7652,211603,71541,2529,106923,33.8,11.23,3.67,23762227
9682,DTS,202603,20260501,135213,16434,16940,11644,85248,63513,6113,-,74.5,19.16,14.06,163954928
9799,旭情報サービス,202603,20260501,16548,1645,1702,1276,15235,12180,733,210,79.9,10.69,8.54,16529700
9950,ハチバン,202603,20260501,8644,4,207,60,5608,3807,1518,464,67.9,1.6,1.08,3068111
1878,大東建託,202603,20260430,1984743,135256,139169,99030,1367502,496301,29060,233355,36.3,20.57,7.65,344594895
1939,四電工,202603,20260430,99448,8822,9327,7500,103871,71093,3451,7891,68.4,11.04,7.37,48766410
1950,日本電設工業,202603,20260430,229207,23560,25278,18060,333793,215748,8494,12200,64.6,8.78,5.73,61537219
2114,フジ日本,202603,20260430,28491,3528,3742,3176,38677,27857,1524,4933,72,12.29,8.77,51437400
2127,日本M＆Aセンターホールディングス,202603,20260430,50257,18761,19154,12487,66223,50186,4045,4000,75.8,25.65,19.51,336934800
2692,伊藤忠食品,202603,20260430,720217,10562,12591,8273,287871,126332,4923,-,43.9,6.84,2.96,12720000
2892,日本食品化工,202603,20260430,62993,1251,1568,1168,50656,30186,1600,8000,59.6,3.99,2.32,4942868
3092,ZOZO,202603,20260430,228373,69366,69261,47926,198260,106789,1359,20000,53.9,46.64,24.83,892032372
3137,ファンデリー,202603,20260430,2624,131,74,72,3980,294,280,3445,7.4,27.96,1.76,12940200
368A,北里コーポレーション,202603,20260430,10947,5858,5903,3895,21996,20504,10,-,93.2,20.1,18.66,40000000
3839,ODKソリューションズ,202603,20260430,6657,606,659,139,9020,6414,637,813,71.1,2.19,1.52,8200000
4220,リケンテクノス,202603,20260430,131377,11408,11786,7569,119103,67625,8514,11415,56.8,11.43,6.43,51274821
4308,Jストリーム,202603,20260430,11997,826,866,485,13135,10704,2182,3,81.5,4.56,3.69,28057400
4318,クイック,202603,20260430,33924,4583,4689,4158,25946,19375,351,80,74.7,22.35,16.28,56552028
4373,シンプレクス・ホールディングス,202603,20260430,58682,14420,14352,10538,88169,51450,1518,13320,58.4,21.02,12.61,237045100
4410,ハリマ化成グループ,202603,20260430,103763,3283,2996,2345,102886,40800,10012,37774,39.7,6,2.31,26080396
4417,グローバルセキュリティエキスパート,202603,20260430,11022,2238,2222,1486,9959,4401,546,1608,44.2,39.74,16.42,15309600
4626,太陽ホールディングス,202603,20260430,137851,32529,32244,24011,201928,115745,10206,56851,57.3,21.96,12.19,116839616
4679,田谷,202603,20260430,5075,37,34,-160,2217,798,30,372,36,-26.4,-7.61,7540000
4709,IDホールディングス,202603,20260430,39371,4128,4212,2907,23992,15187,592,1000,63.3,20.23,12.51,34459424
4762,エックスネット,202603,20260430,5658,1021,1011,542,6119,3258,783,1200,53.2,17.54,8.47,8261600
5208,有沢製作所,202603,20260430,56474,5805,6157,4995,81039,50688,7881,14957,62.5,10.07,6.54,33603924
5280,ヨシコン,202603,20260430,29123,3903,4166,2661,44030,29359,100,10625,66.7,9.37,6.02,8030248
5332,TOTO,202603,20260430,737441,53759,60689,40257,827483,528086,35579,67785,63.8,7.67,4.91,166358397
5333,NGK,202603,20260430,670125,94997,95202,59936,1243330,808554,70064,244634,65,7.84,5.02,292243496
5334,日本特殊陶業,202603,20260430,731207,138158,165484,112892,1221101,767420,47869,242461,62.8,15.66,10.21,199247720
5440,共英製鋼,202603,20260430,315106,16967,16211,9864,373127,211661,18516,94628,56.7,4.76,2.72,44898730
5444,大和工業,202603,20260430,160389,4495,65235,62389,633540,541745,7996,744,85.5,11.35,9.67,62000000
5659,日本精線,202603,20260430,46601,3077,3241,2147,56747,42768,5000,588,75.4,5.11,3.81,31265190
5905,日本製罐,202603,20260430,11442,-307,-283,-346,12975,3878,738,2450,29.9,-8.71,-2.67,1392000
5938,LIXIL,202603,20260430,1510704,28403,15708,8143,1883927,664838,68807,579881,35.3,1.27,0.44,287514957
6135,牧野フライス製作所,202603,20260430,261184,25035,27299,20992,423026,261057,21142,47759,61.7,8.61,5.31,24893841
6185,SMN,202603,20260430,12348,561,540,434,6549,4408,1278,63,67.3,10.35,6.94,14777555
6325,タカキタ,202603,20260430,6548,326,376,205,9854,8300,1350,70,84.2,2.51,2.07,14000000
6391,加地テック,202603,20260430,7799,925,977,723,12300,8475,1440,1285,68.9,8.87,6.06,1718000
6454,マックス,202603,20260430,99607,17571,18382,13891,137929,115313,12367,875,83.6,12.56,10.5,186149704
6770,アルプスアルパイン,202603,20260430,1019459,42043,49141,26879,783152,447532,38730,92276,57.1,6.24,3.53,208103750
6932,遠藤照明,202603,20260430,55473,5742,5935,4342,76589,50025,5155,15088,65.3,9.23,6.02,14776321
6961,エンプラス,202603,20260430,42540,6164,6482,5233,71047,62368,8080,-,87.8,8.9,7.82,9732897
6971,京セラ,202603,20260430,2070203,118138,168994,140969,4646314,3339431,115703,245038,71.9,4.3,3.08,1510474320
6981,村田製作所,202603,20260430,1830856,281835,308643,233920,3199099,2718743,69444,3261,85,8.83,7.51,1963001843
7475,アルビス,202603,20260430,100952,2155,2417,1324,58548,32984,4908,11638,56.3,4.05,2.38,9255926
7741,HOYA,202603,20260430,947749,316343,327668,253085,1300897,1020460,6264,42241,78.4,25.38,19.97,338414320
7896,セブン工業,202603,20260430,15589,-56,-60,-127,10949,6097,2473,2325,55.7,-2.05,-1.16,4673250
7942,JSP,202603,20260430,145456,7765,8092,6602,164848,108630,10128,21687,65.9,6.3,4.14,26207073
7947,エフピコ,202603,20260430,240490,21614,21768,14869,304062,164445,13150,78900,54.1,9.36,4.99,84568424
7981,タカラスタンダード,202603,20260430,252756,19083,19677,15073,285152,196325,26356,4340,68.8,7.71,5.36,63361494
8015,豊田通商,202603,20260430,11561935,545235,564938,370516,8523667,3157521,64936,2168735,37,12.82,4.76,1062169548
8035,東京エレクトロン,202603,20260430,2443533,624936,630338,574454,2860997,2046299,54961,-,71.5,29.56,20.94,468032733
8056,BIPROGY,202603,20260430,433686,42604,43845,31209,380669,178989,5483,50725,47,17.93,8.77,98959624
8103,明和産業,202603,20260430,164927,4132,4438,3374,84580,41380,4024,4705,48.9,8.45,4.24,40332400
8133,伊藤忠エネクス,202603,20260430,851235,24146,26015,16058,452690,181772,19878,2226,40.2,9.07,3.59,116881106
8174,日本瓦斯,202603,20260430,208480,21278,21219,14815,163590,66976,7070,43012,40.9,22.04,9.27,112827198
8616,東海東京フィナンシャル・ホールディングス,202603,20260430,97716,14815,20492,16569,1525011,194664,36296,394602,12.8,8.81,1.13,260582115
8699,HSホールディングス,202603,20260430,57879,-363,17713,14688,131996,100097,12223,2226,75.8,15.75,11.88,40953500
8700,丸八証券,202603,20260430,3576,739,1006,684,12446,8208,3751,-,65.9,8.66,6.12,4042970
8704,トレイダーズホールディングス,202603,20260430,13218,6161,6161,4244,165756,19723,1564,1199,11.9,22.93,2.92,29538647
8803,平和不動産,202603,20260430,50855,15109,12980,11032,451838,126763,21492,264548,28.1,9.01,2.53,71019992
8898,センチュリー21・ジャパン,202603,20260430,4300,1064,1214,852,8224,6962,517,-,84.7,12.55,10.55,11325000
9001,東武鉄道,202603,20260430,655435,71861,68831,55620,1863562,615606,102135,788987,33,9.51,3.08,197266821
9020,東日本旅客鉄道,202603,20260430,3084679,414258,351645,247846,10820726,3047109,200000,4860080,28.2,8.39,2.36,1134412200
9021,西日本旅客鉄道,202603,20260430,1845840,198081,183682,127499,3986721,1207706,226136,1541599,30.3,10.79,3.29,455561300
9044,NANKAI,202603,20260430,264714,39945,37763,25135,1065100,333517,72983,457449,31.3,7.8,2.46,108465746
9064,ヤマトホールディングス,202603,20260430,1865675,28304,26258,13662,1280170,571033,127234,125261,44.6,2.35,1.07,360496492
9104,商船三井,202603,20260430,1825098,127002,175839,213260,5962245,2874221,66691,2318509,48.2,7.67,3.9,363001827
9110,NSユナイテッド海運,202603,20260430,229784,20529,21046,24095,296361,187200,10300,63602,63.2,13.77,8.25,23970679
9158,シーユーシー,202603,20260430,54353,5783,5110,2854,98054,33253,7669,32267,33.9,9.07,3.12,29990400
9201,日本航空,202603,20260430,2012515,207349,207253,137604,3198757,1289639,273200,875917,40.3,12.15,4.59,437143500
9202,ANAホールディングス,202603,20260430,2539233,217437,219651,169075,3955128,1491999,467601,1164654,37.7,12.9,4.46,484293561
9206,スターフライヤー,202603,20260430,44795,1389,684,434,36896,7222,2079,1754,19.6,7.55,1.41,3784076
9301,三菱倉庫,202603,20260430,273446,15928,21563,54773,639786,379539,22393,103246,59.3,14.52,8.65,362135395
9307,杉村倉庫,202603,20260430,11242,1410,1437,967,22719,17748,2630,2340,78.1,5.6,4.29,16419110
9362,兵機海運,202603,20260430,13389,436,499,397,13042,5653,612,4822,43.3,7.56,3.1,1224000
9501,東京電力ホールディングス,202603,20260430,6328574,337689,417326,-454263,15575602,3389645,1400975,6347282,21.8,-12.71,-2.97,1607017531
9503,関西電力,202603,20260430,4056638,437556,518530,380051,9854646,3455175,630040,3674835,35.1,11.66,3.9,1114927528
9506,東北電力,202603,20260430,2372420,160380,126407,84975,5731856,1111340,251441,3105542,19.4,8.11,1.53,502882585
9507,四国電力,202603,20260430,761862,67848,67890,50809,1734358,474549,145551,871297,27.4,11.14,2.97,207528202
9508,九州電力,202603,20260430,2247214,224853,207059,154535,5983340,1192795,237304,3253193,19.9,14.1,2.63,474183951
9511,沖縄電力,202603,20260430,220177,9290,8167,6234,522482,130401,7586,295739,25,4.95,1.22,56927965
9533,東邦瓦斯,202603,20260430,651085,31784,37879,31449,809459,477519,33072,153440,59,6.79,4.01,366267140
9534,北海道瓦斯,202603,20260430,174519,16437,16495,11525,198198,97323,7515,40480,49.1,12.56,5.86,88689030
9687,KSK,202603,20260430,25767,2740,2878,2182,26110,18383,1448,-,70.4,12.5,8.9,7636368
9715,トランス・コスモス,202603,20260430,393866,16558,18970,13084,223865,128279,29065,14450,57.3,10.6,6.06,43863116
9733,ナガセ,202603,20260430,64183,5979,5825,3983,97882,36946,2138,28654,37.7,11.69,4.24,30445227
9914,植松商会,202603,20260430,6631,85,182,124,4830,3270,1017,-,67.7,3.9,2.52,2340000
9962,ミスミグループ本社,202603,20260430,441383,47613,49095,40457,464969,379833,14727,-,81.7,11.1,9.15,285221897
1850,南海辰村建設,202603,20260428,45797,2842,2856,2093,35079,19703,2000,770,56.2,11.32,5.37,28835730
1930,北陸電気工事,202603,20260428,61028,5121,5451,3870,61992,46085,3328,74,74.3,8.6,6.31,29963991
1934,ユアテック,202603,20260428,252262,18038,18901,10325,228948,155290,7803,8280,67.8,6.82,4.46,69191462
1941,中電工,202603,20260428,227850,26180,27474,18482,317819,244247,3481,-,76.9,7.85,6.04,58138117
1942,関電工,202603,20260428,742022,83140,84981,63516,635618,390271,10264,8106,61.4,16.76,10.25,205288338
1946,トーエネック,202603,20260428,272468,21421,22639,17810,312053,153118,7680,43617,49.1,12.29,5.72,96649950
1959,クラフティア,202603,20260428,476123,54600,58157,40053,523268,347696,12561,25213,66.4,12.18,7.92,70864961
1964,中外炉工業,202603,20260428,37332,2879,3110,4668,51282,31201,6176,4445,60.8,15.68,9.33,7800000
2175,エス・エム・エス,202603,20260428,64735,6787,8721,-14317,52774,26495,2551,6950,50.2,-38.91,-22.14,87561600
2208,ブルボン,202603,20260428,120303,7496,8004,5913,101410,67207,1036,2855,66.3,9.19,6,27700000
2359,コア,202603,20260428,26532,3819,3921,2879,28168,20702,440,1662,73.5,14.68,10.8,14834580
2664,カワチ薬品,202603,20260428,284492,6779,7897,3200,199614,115876,13001,16114,58.1,2.78,1.6,24583420
3116,トヨタ紡織,202603,20260428,2037063,53948,61918,23271,1182385,485257,8400,189335,41,4.99,2.04,187665738
3622,ネットイヤーグループ,202603,20260428,3672,331,337,173,3428,2773,570,-,80.9,6.39,5.27,6999000
3969,エイトレッド,202603,20260428,2902,1049,1061,716,6909,5533,621,-,80.1,13.51,10.87,7487400
4043,トクヤマ,202603,20260428,349476,37017,38203,22205,557432,283086,10000,154945,50.8,8.15,4.3,72088327
4063,信越化学工業,202603,20260428,2573969,635204,708281,474459,5661907,4456834,119419,243295,78.7,10.41,8.4,1984995865
4204,積水化学工業,202603,20260428,1309281,106477,117215,75174,1427933,851190,100002,121362,59.6,9.07,5.45,430507285
4345,シーティーエス,202603,20260428,12747,3369,3734,2686,20607,15706,3000,-,76.2,18.8,14.25,42000000
4362,日本精化,202603,20260428,33796,5341,5570,4428,65421,51382,5933,-,78.5,8.9,7.07,23822447
4661,オリエンタルランド,202603,20260428,704539,168413,169641,121881,1629076,1100021,63201,326706,67.5,11.73,7.95,1800450800
4685,菱友システムズ,202603,20260428,43229,5488,5619,3910,32234,22225,739,-,68.9,18.89,12.52,12779712
5279,日本興業,202603,20260428,16321,790,822,577,17205,8623,2019,3889,50.1,6.98,3.45,3064200
5482,愛知製鋼,202603,20260428,304341,17371,18485,11248,398843,236265,25016,47470,59.2,4.8,2.82,64520820
5834,SBIリーシングサービス,202603,20260428,64257,9730,8681,6051,112264,28661,1247,72370,25.5,22.5,5.55,15927200
6161,エスティック,202603,20260428,8033,1574,1659,1163,12761,11277,557,-,88.4,10.74,9.37,11768000
6201,豊田自動織機,202603,20260428,4369512,137023,279193,223785,11187139,6771737,80462,1831110,60.5,3.83,2.17,325840640
6301,小松製作所,202603,20260428,4132751,567323,537258,376391,6423941,3510768,70317,1341031,54.7,11.26,6.17,930340620
6455,モリタホールディングス,202603,20260428,116596,15456,15045,9456,146006,101206,4746,908,69.3,9.56,6.54,45418542
6473,ジェイテクト,202603,20260428,1924950,24847,27377,11974,1577696,790206,45591,217122,50.1,1.56,0.76,318608107
6503,三菱電機,202603,20260428,5894747,433095,526077,407758,7357512,4484266,175820,363278,60.9,9.67,5.94,2113201551
6504,富士電機,202603,20260428,1227595,136620,139310,98030,1406669,800161,47586,66884,56.9,13.14,7.21,149296991
6526,ソシオネクスト,202603,20260428,200834,12354,11756,8733,167623,133056,33020,-,79.4,6.47,5.17,179968630
6586,マキタ,202603,20260428,777600,104705,108017,79414,1181185,997340,23805,2384,84.4,8.26,6.94,280017520
6617,東光高岳,202603,20260428,112093,9763,10084,6602,120316,67926,8000,2390,56.5,10.24,5.64,16276305
6701,日本電気,202603,20260428,3582733,359913,398175,270228,4466784,2196578,427831,327073,49.2,13.03,6.15,1364249315
6702,富士通,202603,20260428,3502971,348329,409034,449408,3399745,2024915,325638,133094,59.6,23.87,13.03,1739778265
6762,TDK,202603,20260428,2504820,272415,276810,195663,4415175,2187234,32641,543631,49.5,9.81,4.92,1943859885
6823,リオン,202603,20260428,28501,4361,4443,3345,41784,34803,2079,-,83.3,10.1,8.27,12347700
6902,デンソー,202603,20260428,7539975,552538,617291,443755,8730854,5492689,187457,811282,62.9,8.48,5.27,2910979691
6955,FDK,202603,20260428,59561,1667,1416,745,47254,19007,3000,15900,40.2,4.22,1.59,34536302
7259,アイシン,202603,20260428,5117764,228796,247941,171697,4512274,2200574,45049,621277,48.8,8.22,3.9,759023902
7282,豊田合成,202603,20260428,1146772,79551,90221,62009,992907,568564,28119,123337,57.3,11.16,6.51,117614147
7381,CCIグループ,202603,20260428,167102,-37370,19756,12632,6536786,244547,10000,-,3.7,5.53,0.2,229085820
7510,たけびし,202603,20260428,109862,4084,4453,2957,64889,44205,3448,1465,68.1,6.96,4.6,16028000
7919,野崎印刷紙業,202603,20260428,14016,516,570,359,10617,4621,1570,3120,43.5,7.95,3.37,21460000
8014,蝶理,202603,20260428,299293,13056,14193,12011,153373,102328,6800,469,66.7,12.36,8.02,25303478
8076,カノークス,202603,20260428,158751,2509,2965,2104,83641,33392,2310,28799,39.9,6.47,2.46,11103500
8218,コメリ,202603,20260428,385384,23055,23395,14645,394194,256979,18802,26061,65.2,5.82,3.75,53809168
8609,岡三証券グループ,202603,20260428,95595,18730,22867,21360,1401090,230799,18589,136263,16.5,9.74,1.54,231217073
8613,丸三証券,202603,20260428,21725,5375,5923,5010,88476,51302,10000,900,58,10.13,6.26,67398262
8614,東洋証券,202603,20260428,13576,2820,3259,3937,71950,30639,13494,12750,42.6,12.96,5.57,73877569
8622,水戸証券,202603,20260428,16074,3146,3598,3095,73161,42778,12272,2750,58.5,7.47,4.53,65689033
8624,いちよし証券,202603,20260428,24579,6160,6236,4392,55110,30960,14577,276,56.2,15.05,9.05,37931386
8697,日本取引所グループ,202603,20260428,198735,116289,116918,79139,71599566,345015,11500,52493,0.5,23.08,0.1,1031785336
8708,アイザワ証券グループ,202603,20260428,20973,26,666,2752,124324,47485,8000,24912,38.2,5.98,2.35,39525649
8793,NECキャピタルソリューション,202603,20260428,306155,10617,11427,9180,1341752,130317,3803,1090869,9.7,7.31,0.72,21549427
9003,相鉄ホールディングス,202603,20260428,307572,38833,35696,24848,813457,203238,38803,440597,25,12.9,3.16,98145499
9022,東海旅客鉄道,202603,20260428,2006218,830167,780914,552871,10876154,5068160,112000,4308084,46.6,11.44,5.22,1001177100
9023,東京地下鉄,202603,20260428,422414,89588,79234,59015,2047168,734751,58100,1071499,35.9,8.13,2.9,581000000
9081,神奈川中央交通,202603,20260428,126773,6776,6664,3619,185392,63327,3160,70462,34.2,5.98,2.06,12600000
9412,スカパーJSAT,202603,20260428,127584,35273,35420,23311,407759,303554,10172,32363,74.4,7.97,5.75,297681264
9502,中部電力,202603,20260428,3546041,230042,291072,227795,7652700,3138259,430777,2934953,41,7.69,3.08,758000000
9504,中国電力,202603,20260428,1442302,90216,80225,68539,4620500,777242,197024,3043545,16.8,9.23,1.53,387154692
9505,北陸電力,202603,20260428,786552,87459,85013,54466,1842067,449125,117641,982211,24.4,13.13,2.94,210333694
9509,北海道電力,202603,20260428,855983,73238,61348,43998,2471051,456950,114291,1444058,18.5,10.37,1.87,215291912
9531,東京瓦斯,202603,20260428,2834749,197677,193701,226857,3892268,1717472,141844,1209669,44.1,13.18,5.86,334959259
9536,西部ガスホールディングス,202603,20260428,261823,12463,12583,7147,465845,115245,20629,247689,24.7,6.52,1.56,37187567
1944,きんでん,202603,20260427,750742,90256,94493,69447,913763,661366,26411,15002,72.4,11.02,8,199954180
2327,日鉄ソリューションズ,202603,20260427,381340,44242,45286,30832,417584,279203,12952,-,66.9,11.41,7.35,183002000
2760,東京エレクトロンデバイス,202603,20260427,203748,10253,9750,7842,162211,52831,2495,29433,32.6,15.58,4.92,31336500
3635,コーエーテクモホールディングス,202603,20260427,88393,37168,57000,42830,313662,271814,15000,-,86.7,18.61,16.36,336096924
3778,さくらインターネット,202603,20260427,35301,-403,105,216,82451,30102,11283,21260,36.5,0.72,0.26,41890700
4498,サイバートラスト,202603,20260427,8360,1649,1657,989,10708,7441,865,-,69.5,14.11,9.75,16620400
4503,アステラス製薬,202603,20260427,2139245,382633,376587,291535,3567042,1829044,103001,565952,51.3,17.45,8.44,1809663075
5410,合同製鐵,202603,20260427,191772,9813,11089,8051,255507,143789,34896,54006,56.3,5.79,3.16,17145211
5612,日本鋳鉄管,202603,20260427,15942,258,215,91,25626,9887,1855,9649,38.6,0.95,0.38,3293074
5992,中央発條,202603,20260427,110868,2847,4496,12420,154908,87734,10837,23389,56.6,15.1,8.34,25542396
6382,トリニティ工業,202603,20260427,38960,3190,3728,2688,44119,34640,1311,-,78.5,8.04,6.21,18220000
6436,アマノ,202603,20260427,176467,22551,24358,20146,193096,138624,18239,708,71.8,14.68,10.4,71106129
6470,大豊工業,202603,20260427,119378,2589,3007,-5967,114827,63661,6712,24868,55.4,-9.02,-5.03,29172457
6501,日立製作所,202603,20260427,10586781,1131993,1273109,802368,15041246,6568369,466666,1009037,43.7,12.93,5.67,4535560985
6516,山洋電気,202603,20260427,107346,10885,11747,8661,166367,127861,9926,3912,76.9,7.18,5.55,38916561
6754,アンリツ,202603,20260427,117462,14828,16147,11677,173258,132717,19219,3564,76.6,9.09,7.01,135870594
6810,マクセル,202603,20260427,129429,7891,8601,8260,180467,87059,12203,37059,48.2,9.26,4.79,46956200
6857,アドバンテスト,202603,20260427,1128610,499120,516720,375353,1171816,795726,32363,-,67.9,57.65,37.05,732000000
6988,日東電工,202603,20260427,1028171,183615,184976,133498,1441757,1148028,26783,-,79.6,12.18,9.66,678659700
7236,ティラド,202603,20260427,162278,11249,12378,8765,99725,53007,8570,19500,53.2,17.24,8.89,5900000
7241,フタバ産業,202603,20260427,677919,18715,20840,16026,334332,138885,16820,53651,41.5,12.5,4.94,89580827
7278,エクセディ,202603,20260427,303933,22230,23649,13680,320103,192711,8284,54558,60.2,7.33,4.38,48593736
7283,愛三工業,202603,20260427,330834,18287,19229,13074,311476,141853,10870,75373,45.5,9.42,4.27,63406879
7949,小松ウオール工業,202603,20260427,46725,4099,4150,3048,48603,39236,3099,-,80.7,7.91,6.39,19721980
7970,信越ポリマー,202603,20260427,115116,14040,14008,9899,153003,129107,11635,-,84.4,7.86,6.47,82623376
8285,三谷産業,202603,20260427,117531,3379,4519,3627,101531,56769,4808,10222,55.9,6.97,3.72,61772500
8601,大和証券グループ本社,202603,20260427,1467983,207333,234510,175281,38077646,1763569,247397,5771586,4.6,10.3,0.47,1569378772
8628,松井証券,202603,20260427,52660,23462,23813,15480,1354059,82015,11945,316900,6.1,19.55,1.25,259264702
9368,キムラユニティー,202603,20260427,64546,4957,5769,3203,71341,44281,3596,2626,62.1,7.67,4.71,47087600
9474,ゼンリン,202603,20260427,64277,3502,3866,2738,72014,48898,6557,1939,67.9,5.55,3.75,57301365
9629,ピー・シー・エー,202603,20260427,17306,2463,2495,2355,35401,18859,890,-,53.3,12.43,6.69,22000000
9932,杉本商事,202603,20260427,48611,2047,2550,2112,43630,34007,2597,2300,77.9,6.08,4.91,22798474
1972,三晃金属工業,202603,20260424,47058,3778,3843,2645,40543,27628,1980,-,68.1,9.67,6.45,19800000
2737,トーメンデバイス,202603,20260424,633668,18784,13322,10015,344957,59237,2054,118569,17.2,18.4,4.36,6802000
2801,キッコーマン,202603,20260424,745539,75940,84069,61615,751660,560924,11599,18217,74.6,11.52,8.61,969416010
3231,野村不動産ホールディングス,202603,20260424,942505,138242,124807,82880,2811989,801312,119836,1599364,28.5,10.68,3.01,917927685
3891,ニッポン高度紙工業,202603,20260424,18624,3533,3707,2642,35609,26206,2241,5789,73.6,10.55,7.46,10698482
4307,野村総合研究所,202603,20260424,814708,58273,58851,15257,959794,433905,25655,204392,45.2,3.52,1.62,581241511
4765,SBIグローバルアセットマネジメント,202603,20260424,27859,5154,5589,3073,53027,32570,3739,-,61.4,12.85,8.62,138064311
4832,JFEシステムズ,202603,20260424,57411,6346,6453,4265,52724,35467,1390,-,67.3,12.46,8.06,31412000
4956,コニシ,202603,20260424,136569,10464,11098,8033,139610,88456,4603,63,63.4,9.2,5.81,70414880
4973,日本高純度化学,202603,20260424,18073,576,776,1803,21738,17978,1283,-,82.7,11.45,9.59,6067200
5423,東京製鐵,202603,20260424,268095,7230,8632,11557,292995,222089,30894,-,75.8,5.35,3.94,110064249
5609,日本鋳造,202603,20260424,12290,416,584,154,21548,11685,2627,3558,54.2,1.32,0.71,4825050
5990,スーパーツール,202603,20260424,5437,287,300,198,13345,10322,2235,923,77.3,1.92,1.48,2366078
6305,日立建機,202603,20260424,1405493,130144,124226,73193,1857321,900166,81577,497566,48.5,8.56,4.01,215115038
6345,アイチコーポレーション,202603,20260424,59613,7511,8172,6658,92812,75398,10425,-,81.2,8.35,6.89,64570000
6807,日本航空電子工業,202603,20260424,227872,8937,8248,7069,232142,144207,10690,41750,62.1,5.09,3.16,70302608
6861,キーエンス,202603,20260424,1169289,595759,635756,445185,3670655,3471472,30637,-,94.6,13.53,12.79,243207684
6954,ファナック,202603,20260424,857831,183763,227485,166543,2090700,1864871,69014,-,89.2,9.28,8.27,982383493
6999,KOA,202603,20260424,72287,3646,5223,3951,151550,88577,6033,45413,58.4,4.74,2.7,37479724
7102,日本車輌製造,202603,20260424,99971,11615,11986,11661,152564,82248,11810,30519,53.9,15.88,8.22,14675012
7175,今村証券,202603,20260424,4914,1407,1466,1055,26594,13184,857,-,49.6,8.35,4.56,5320000
7908,きもと,202603,20260424,10546,1064,1212,565,23245,18982,3274,-,81.7,2.99,2.44,54772564
8595,ジャフコグループ,202603,20260424,21619,5607,5905,6576,157856,134113,33251,15149,85,4.84,4.09,54250000
8604,野村ホールディングス,202603,20260424,4758486,-,539821,362129,62645925,3707868,594493,17681781,5.9,10.09,0.61,3088562601
8617,光世証券,202603,20260424,1113,45,254,210,22336,16263,12000,-,72.8,1.31,0.95,9486400
8706,極東証券,202603,20260424,8317,3039,4006,4790,80600,52509,5251,13400,65.1,9.2,6.02,32779000
8707,岩井コスモホールディングス,202603,20260424,32260,13007,13550,10443,213027,74295,10004,7400,34.9,14.71,5.24,25012800
8892,エスコン,202603,20260424,137029,26101,17190,12191,509773,86734,16519,369768,17,14.7,2.51,98580887
9551,メタウォーター,202603,20260424,209844,12879,13175,9136,220292,89519,11946,39611,40.6,10.7,4.38,44258500
5204,石塚硝子,202603,20260423,59510,4160,3882,2618,99995,37776,6344,22789,37.8,7.3,2.61,4219554
7931,未来工業,202603,20260423,45673,6723,6899,4696,68697,55450,7067,178,80.7,8.69,6.94,25607086
296A,令和アカウンティング・ホールディングス,202603,20260422,5705,1988,1994,1421,4035,2640,100,-,65.4,49.58,32.51,37500000
5576,オービーシステム,202603,20260422,8655,672,728,601,7620,5698,190,271,74.8,11.12,8.53,2367000
6146,ディスコ,202603,20260422,436889,184989,184936,135521,743410,586575,22359,-,78.9,25.15,19.39,108478029
4684,オービック,202603,20260421,135209,88823,104779,75191,618796,516011,19178,-,83.4,15.83,13.44,498000000
4733,オービックビジネスコンサルタント,202603,20260421,51400,23580,25218,18132,220801,169376,10519,-,76.7,11.04,8.44,75404000
7815,東京ボード工業,202602,20260420,6625,-81,-190,-777,11239,784,100,7408,7,-,-,3660369
8143,ラピーヌ,202602,20260420,1873,-275,-249,-259,3247,746,30,1778,23,-32.58,-8.24,2567064
9993,ヤマザワ,202602,20260420,105405,1140,1229,1378,51958,26734,2388,6301,51.5,5.23,2.56,10960825
2411,ゲンダイエージェンシー,202603,20260417,7531,674,680,473,5409,3891,100,587,71.9,11.69,8.48,12300000
3083,スターシーズ,202602,20260417,10017,199,175,63,6387,2745,1422,536,43,3.87,1.46,8631100
4929,アジュバンホールディングス,202603,20260417,3813,170,200,142,5148,4218,776,-,81.9,3.38,2.72,8043600
6085,アーキテクツ・スタジオ・ジャパン,202602,20260417,658,-559,-550,-600,411,-223,1070,408,-,-,-,114860220
2300,きょくとう,202602,20260415,5244,2,95,53,4408,2302,555,963,52.2,2.39,1.2,5551230
2884,ヨシムラ・フード・ホールディングス,202602,20260415,57484,1568,1692,918,61028,12423,1176,31048,20.4,7.82,1.57,24083371
7515,マルヨシセンター,202602,20260415,42991,339,323,131,16636,3270,1077,6187,19.7,4.18,0.8,934999
7847,グラファイトデザイン,202602,20260415,2711,156,215,144,7019,5022,589,1128,71.5,2.86,2.09,6945600
135A,VRAIN_Solution,202602,20260414,3278,914,912,652,3215,2086,16,400,64.9,37.17,25.63,10256000
1418,インターライフホールディングス,202602,20260414,16336,1166,1156,828,9269,4676,2979,1455,50.4,18.63,8.85,17010529
2292,S　Foods,202602,20260414,472312,10476,11726,9236,251439,132092,4298,57311,52.5,7.28,3.83,32267721
2305,スタジオアリス,202602,20260414,32928,2096,2160,1162,38392,30229,1885,-,78.7,3.87,2.92,17185650
2337,いちご,202602,20260414,92705,20449,17095,16628,435820,116098,27012,297225,26.6,14.64,3.95,415998412
2338,クオンタムソリューションズ,202602,20260414,266,-704,-2526,-2546,2703,-601,4536,2843,-,-,-168.22,49248593
2379,ディップ,202602,20260414,54852,9112,8990,5956,49954,36826,1085,-,73.7,16.39,11.86,60140000
2668,タビオ,202602,20260414,16812,883,916,569,8902,5364,414,365,60.3,11.16,6.53,6813880
2683,魚喜,202602,20260414,9492,88,90,30,3041,903,100,883,29.7,3.38,1.12,2555856
274A,ガーデン,202602,20260414,17895,1301,1211,625,17291,7695,2391,7262,44.5,7.99,3.77,7149360
2798,ワイズテーブルコーポレーション,202602,20260414,13046,249,345,205,5082,883,50,1618,17.4,26.27,4.14,3298400
2882,イートアンドホールディングス,202602,20260414,40456,1142,1101,373,32479,11187,3186,8179,34.4,3.37,1.21,11358580
2930,北の達人コーポレーション,202602,20260414,11210,1000,1037,695,9490,8047,273,-,84.8,8.73,7.45,141072000
2935,ピックルスホールディングス,202602,20260414,40923,2085,2148,1384,30204,19651,100,3151,65.1,7.27,4.58,12858430
2936,ベースフード,202602,20260414,15191,217,267,262,4013,1355,38,635,33.8,21.92,6.66,54752100
304A,フォルシア,202602,20260414,2197,71,74,48,2154,1987,236,-,92.2,2.45,2.21,1231900
3050,DCMホールディングス,202602,20260414,542317,31014,29158,17310,670854,298177,19973,242967,44.4,6.15,2.63,146500000
3086,J.フロントリテイリング,202602,20260414,445094,49015,44515,28282,1141567,415586,31974,176536,36.4,6.85,2.45,270565764
3087,ドトール・日レスホールディングス,202602,20260414,159147,10150,10615,7234,136519,105179,1000,554,77,6.92,5.34,45609761
3177,ありがとうサービス,202602,20260414,11398,944,1033,492,6589,3415,547,1105,51.8,15.32,7.68,953600
3181,買取王国,202602,20260414,9330,507,546,358,5957,3400,66,1646,57.1,11.08,6.4,3680950
3198,SFPホールディングス,202602,20260414,31119,1706,1836,1085,13512,9181,49,84,67.9,12.11,7.9,22813689
3223,エスエルディー,202602,20260414,3656,126,131,87,1007,552,48,-,54.8,16.6,8.36,1560864
3387,クリエイト・レストランツ・ホールディングス,202602,20260414,165449,7944,7861,4677,139669,43770,50,21045,31.3,11.14,3.38,425628568
339A,プログレス・テクノロジーズ_グループ,202602,20260414,6314,1784,1719,1181,11506,6015,657,2469,52.3,24.42,11.61,7823150
3479,ティーケーピー,202602,20260414,114357,10301,9098,12293,170851,50039,16429,78929,29.3,26.91,8.41,42493085
3548,バロックジャパンリミテッド,202602,20260414,51499,321,383,366,32593,14705,8258,8000,45.1,2.41,1.1,36676300
3557,ユナイテッド＆コレクティブ,202602,20260414,6460,-15,-48,-227,3891,497,10,2580,12.8,-55.98,-5.77,4954300
3558,ジェイドグループ,202602,20260414,19441,2403,2561,1570,15586,7518,50,442,48.2,24.16,11.33,11487360
365A,伊澤タオル,202602,20260414,10283,581,1146,726,8476,4136,30,3065,48.8,18.11,8.61,10000000
3826,システムインテグレータ,202602,20260414,5558,595,569,458,5681,4461,367,12,78.5,10.69,8.59,11078400
3915,テラスカイ,202602,20260414,28056,1560,1727,1572,22212,12560,1256,200,56.5,13.3,7.54,12918380
3935,エディア,202602,20260414,4659,444,416,476,2786,1614,29,475,57.9,31.9,16.46,6228000
3967,エルテス,202602,20260414,8958,431,346,-168,7133,1823,1270,3712,25.6,-9.22,-2.31,6220880
4017,クリーマ,202602,20260414,2535,42,66,27,3679,1132,541,395,30.8,2.41,0.77,6742100
4270,BeeX,202602,20260414,10626,592,616,452,5791,3058,328,200,52.8,14.78,7.81,2253100
4317,レイ,202602,20260414,13419,1756,1909,1303,10906,7772,471,400,71.3,17.89,13.01,14328976
4413,ボードルア,202602,20260414,17423,3391,3371,2457,14024,7718,605,1894,55,39.99,21.72,32148708
4429,リックソフト,202602,20260414,10892,376,357,263,9632,3316,350,-,34.4,8.29,3.23,4550300
4434,サーバーワークス,202602,20260414,40006,625,766,-600,20258,9727,3291,720,48,-5.66,-2.94,7936261
4490,ビザスク,202602,20260414,9974,1341,1404,891,8091,1739,484,2373,21.5,70.32,11.42,9269800
4494,バリオセキュア,202602,20260414,2842,561,546,377,7791,6270,751,900,80.5,6.2,4.91,4522961
4645,市進ホールディングス,202602,20260414,18653,899,752,628,13402,2465,1476,5952,18.4,27.22,4.64,10604888
5018,MORESCO,202602,20260414,34871,2367,2704,1525,40683,23477,2118,4560,57.7,6.75,3.86,9696500
5025,マーキュリー,202602,20260414,1601,74,82,162,1357,1065,243,-,78.5,16.99,12.74,2744000
5078,セレコーポレーション,202602,20260414,20190,1692,1702,1147,24579,21116,447,-,85.9,5.52,4.64,3491900
5817,JMACS,202602,20260414,6028,501,543,400,10284,5653,938,2741,55,7.34,3.89,5791555
6058,ベクトル,202602,20260414,63794,9116,9144,5109,47293,21139,3038,7593,44.7,26.83,11.33,46914039
6086,シンメンテホールディングス,202602,20260414,29946,1857,1897,1239,11088,4637,236,210,41.8,30.26,12.3,21666000
6173,アクアライン,202602,20260414,1834,-419,-465,-707,602,131,1311,57,21.8,-,-99.44,10611129
6182,メタリアル,202602,20260414,4487,214,182,48,4676,2007,802,1508,42.9,2.42,1,10888060
6224,JRC,202602,20260414,13746,1964,1904,1423,13310,5838,182,4385,43.9,27.23,10.81,13123760
6521,オキサイド,202602,20260414,10040,542,674,-538,14773,4694,3413,7541,31.8,-10.65,-3.26,11588113
6532,ベイカレント,202602,20260414,148332,50931,50988,37840,157485,117038,282,262,74.3,35.79,26.82,155411410
6543,日宣,202602,20260414,6481,485,1079,662,5754,4003,369,208,69.6,17.8,12.44,4178080
6572,オープングループ,202602,20260414,8148,1004,949,639,19608,10628,5941,4408,54.2,5.65,3.23,63073990
6578,コレックホールディングス,202602,20260414,6685,63,69,40,3074,1057,53,733,34.4,3.76,1.33,7348900
6897,ツインバード,202602,20260414,8998,-855,-896,-1218,9931,6567,100,2070,66.1,-17.02,-11.71,10906300
7077,ALiNKインターネット,202602,20260414,1015,-94,-63,-272,1840,1388,138,300,75.4,-17.84,-14.81,2136900
7357,ジオコード,202602,20260414,1893,-7,19,-7,2811,1078,364,719,38.3,-0.65,-0.25,2796100
7520,エコス,202602,20260414,137985,5729,5891,2645,56480,29229,3318,9927,51.8,9.43,4.63,11648917
7601,ポプラ,202602,20260414,11654,302,305,134,3953,879,30,203,22.2,16.15,3.47,13938133
7603,ジーイエット,202602,20260414,11590,-2383,-2644,-3076,7093,1797,1919,900,25.3,-202.97,-42.73,71847638
7608,エスケイジャパン,202602,20260414,16232,1859,1882,1333,8536,6656,461,-,78,21.8,17.42,16980206
7610,テイツー,202602,20260414,42233,1377,1355,867,14306,6975,100,2864,48.8,13.21,6.26,68664338
7689,コパ・コーポレーション,202602,20260414,1779,-271,-271,-272,1152,767,401,192,66.6,-30.12,-22.44,2963000
7719,東京衡機,202602,20260414,4473,152,157,133,5037,1712,502,1370,34,8.1,3.02,7159791
7807,幸和製作所,202602,20260414,6394,747,666,427,5077,3424,63,-,67.4,13.46,8.57,5032630
8011,三陽商会,202602,20260414,58448,1298,1436,4113,59880,40903,15002,7325,68.3,10.26,7.04,10197034
8233,高島屋,202602,20260414,492370,53516,56879,-8194,1346229,449789,66025,281413,33.4,-1.78,-0.62,305208916
8237,松屋,202602,20260414,45706,2636,2600,2192,76138,26637,7132,22696,35,7.99,2.88,53289640
8273,イズミ,202602,20260414,569312,27236,27361,16834,595383,294009,19613,118511,49.4,5.81,2.89,214995600
9381,エーアイテイー,202602,20260414,58399,4196,4680,3175,27596,20496,500,-,74.3,16.06,11.95,23913600
9601,松竹,202602,20260414,98249,6173,6345,5236,229381,108208,33018,64698,47.2,5.2,2.39,13937857
9602,東宝,202602,20260414,360663,67889,70140,51768,702934,515368,10355,1620,73.3,10.42,7.64,850000000
9716,乃村工藝社,202602,20260414,162679,12818,13014,9134,95333,62035,6497,-,65.1,15.71,9.23,119896588
9778,昴,202602,20260414,3375,112,121,40,6874,3621,990,1576,52.7,1.11,0.58,693576
9842,アークランズ,202602,20260414,357165,14196,13845,8088,346213,127698,6462,92703,36.9,6.51,2.38,64733372
2186,ソーバル,202602,20260413,8976,662,680,460,5889,4523,214,-,76.8,10.4,7.95,8167498
2687,シー・ヴイ・エス・ベイエリア,202602,20260413,7902,130,-63,-1139,10370,3125,1200,5719,30.1,-30.36,-10.53,5064000
3030,ハブ,202602,20260413,11440,534,528,609,6653,3371,100,1240,50.7,19.46,9.49,12830200
3065,ライフフーズ,202602,20260413,9614,87,128,35,3923,1710,100,102,43.6,2.06,0.88,3660400
3075,銚子丸,202602,20260413,23667,1575,1596,1006,12160,8745,100,240,71.9,12.13,8.76,14518000
3080,ジェーソン,202602,20260413,28604,200,247,-201,10875,5931,320,1011,54.5,-3.29,-1.85,12812000
323A,フライヤー,202602,20260413,1068,30,30,13,1255,302,614,540,24.1,4.3,1.04,3419400
3562,No.1,202602,20260413,17529,1330,1393,713,14041,4387,655,5333,31.2,16.12,6.27,7034700
3678,メディアドゥ,202602,20260413,108537,2453,2548,1818,56926,19034,6019,2701,33.4,9.93,3.3,15205174
3922,PR_TIMES,202602,20260413,9546,3622,3611,2397,11584,9138,471,-,78.9,30.02,24.18,13533303
3996,サインポスト,202602,20260413,3138,98,92,76,3043,1879,60,492,61.7,4.13,2.56,12796595
4920,日本色材工業研究所,202602,20260413,16643,180,151,335,17566,4244,100,9572,24.2,8.33,1.94,2099376
542A,ビタブリッドジャパン,202602,20260413,15296,1022,991,689,6275,2658,105,1508,42.4,29.78,12.14,5600000
7049,識学,202602,20260413,6536,491,499,294,4859,2760,10,105,56.8,11.26,6.03,9138996
7516,コーナン商事,202602,20260413,519779,22397,20754,12263,504793,173398,17658,181270,34.4,7.23,2.49,34682113
7599,IDOM,202602,20260413,562774,20209,18608,11914,263569,87929,4157,95351,33.4,14.24,4.93,106888000
8167,リテールパートナーズ,202602,20260413,278197,6468,7557,5138,136241,91701,7218,13713,67.3,5.83,3.9,46646059
8181,東天紅,202602,20260413,4807,515,474,618,11289,7387,50,2790,65.4,8.78,5.57,2572871
8289,Olympicグループ,202602,20260413,98157,-2372,-2621,-3798,64648,21062,9946,28053,32.6,-16.44,-5.65,23354223
9168,ライズ・コンサルティング・グループ,202602,20260413,8421,1703,1690,1246,9495,7192,185,1063,75.7,18.45,13.33,24888400
9661,歌舞伎座,202602,20260413,3632,378,380,284,24326,11367,2365,-,46.7,2.51,1.17,12170000
9740,セントラル警備保障,202602,20260413,78745,4499,4701,2503,71736,41328,2924,4212,57.6,6.2,3.7,14816692
9846,天満屋ストア,202602,20260413,59240,2185,2271,1350,45506,27711,3697,4235,60.9,5,3.08,11550000
9948,アークス,202602,20260413,626957,17632,19161,12445,300714,196142,21205,24149,65.2,6.55,4.27,57649868
9982,タキヒヨー,202602,20260413,63970,1942,1947,1615,50877,32460,3622,5200,63.8,5.16,3.29,8800000
2742,ハローズ,202602,20260410,225719,12473,12566,8987,136010,77488,5540,9886,57,12.17,7.22,21487300
2747,北雄ラッキー,202602,20260410,37444,229,222,108,17385,5916,641,4834,34,1.86,0.61,1264640
2872,セイヒョー,202602,20260410,4796,35,54,11,3989,1500,417,999,37.6,0.76,0.3,1620993
3063,ジェイグループホールディングス,202602,20260410,13045,420,353,312,10722,1684,45,6341,15.7,17.37,3.04,12397400
3280,エストラスト,202602,20260410,22313,2095,1962,1420,37663,10820,736,24086,28.7,13.95,3.48,6167000
3546,アレンザホールディングス,202602,20260410,150601,4098,4574,2544,89567,32160,2011,22583,35.9,8.11,2.87,30193386
3550,スタジオアタオ,202602,20260410,4126,239,243,151,3182,2586,398,-,81.3,5.94,4.75,14037000
3608,TSIホールディングス,202602,20260410,167085,4325,5440,3793,174204,99321,15000,44810,57,3.66,2.41,63438793
3627,テクミラホールディングス,202602,20260410,10405,73,93,-58,10611,6041,2458,3013,56.9,-0.96,-0.55,12719800
4735,京進,202602,20260410,20286,481,470,69,22020,3907,327,7877,17.7,-,-,8396000
5271,トーヨーアサノ,202602,20260410,11690,102,28,-221,14400,3883,100,7842,27,-5.47,-1.45,1440840
5900,ダイケン,202602,20260410,11567,257,305,296,16932,13687,481,-,80.8,2.16,1.75,5970480
5982,マルゼン,202602,20260410,66782,6636,7341,5216,74548,52292,3164,-,70.1,10.35,7.18,19780000
6432,竹内製作所,202602,20260410,225284,37687,39187,28270,225133,186935,3632,-,83,15.97,12.77,48999000
6506,安川電機,202602,20260410,542122,47307,49563,35240,812365,483542,30562,110029,59.5,7.7,4.53,266690497
6555,MS＆Consulting,202602,20260410,2585,252,251,173,3703,2955,78,150,79.8,6.24,4.89,4597400
7427,エコートレーディング,202602,20260410,105811,1110,1107,778,38899,12178,2030,1650,31.3,6.58,2.13,6114546
7611,ハイデイ日高,202602,20260410,62252,6584,6587,4731,34189,24872,1625,-,72.7,18.65,13.79,38147116
7811,中本パックス,202602,20260410,49635,2961,3054,2175,40523,21028,1057,7565,51.9,10.78,5.4,8920791
8008,ヨンドシーホールディングス,202602,20260410,69962,2802,3164,1792,68836,41056,2486,12900,59.6,4.48,2.65,24331356
8166,タカキュー,202602,20260410,8666,19,134,1122,6055,1981,100,1618,32.7,73.67,19.1,33770822
8185,チヨダ,202602,20260410,81377,1090,1508,237,71016,49964,6893,-,70.4,0.46,0.32,34359396
8200,リンガーハット,202602,20260410,45084,1418,1598,1727,31124,15231,9002,7666,48.9,11.96,5.73,26067972
8244,近鉄百貨店,202602,20260410,125450,6718,6613,3709,124749,45825,15000,2192,36.7,8.79,3.1,40437940
8247,大和,202602,20260410,15983,190,181,-1132,27596,5436,100,7565,19.7,-21.03,-4.12,6003400
8260,井筒屋,202602,20260410,21283,615,472,491,43330,12207,100,12507,28.2,4.07,1.12,11480495
8931,和田興産,202602,20260410,42144,4988,3982,2623,113076,34721,1403,65495,30.7,7.75,2.34,11100000
9326,関通ホールディングス,202602,20260410,18345,319,285,206,11699,2243,100,7332,19.2,9.51,1.87,10308150
9835,ジュンテンドー,202602,20260410,43040,238,208,-361,41321,12590,4224,15816,30.5,-2.83,-0.9,8331164
9974,ベルク,202602,20260410,423432,17900,18168,12681,221376,120592,3912,43573,54.5,11,6.01,20867800
2341,アルバイトタイムス,202602,20260409,4719,160,169,189,3613,2855,455,-,79,6.72,5.45,26437249
2653,イオン九州,202602,20260409,547145,10748,11506,5971,206432,60312,4915,47600,29.2,10.35,3.09,34833558
2669,カネ美食品,202602,20260409,86653,2757,2878,1807,38355,29885,2002,-,77.9,6.13,4.77,10000000
2698,キャンドゥ,202602,20260409,87057,1532,1527,446,32993,10533,3028,3500,31.9,4.26,1.43,16770200
3093,トレジャー・ファクトリー,202602,20260409,48597,4777,4857,3171,25479,12734,906,7222,50,27.4,13.69,24347800
3382,セブン＆アイ・ホールディングス,202602,20260409,10430269,422993,377411,292760,9142957,3620227,50000,2230016,39.6,7.65,2.85,2604555849
3391,ツルハホールディングス,202602,20260409,1450585,63037,63086,42670,1647981,875224,12300,140253,53.1,7.38,3.82,454340490
3490,アズ企画設計,202602,20260409,13543,774,468,294,14514,3986,769,9605,27.5,8.47,2.12,1508000
4343,イオンファンタジー,202602,20260409,93290,6114,7358,2790,64228,7816,1829,34576,12.2,38.77,4.73,19784125
4432,ウイングアーク1st,202602,20260409,30945,8989,9087,6500,73490,47000,1247,7116,64,14.64,9.16,35013470
4763,クリーク・アンド・リバー社,202602,20260409,61393,4914,4801,4075,46806,19119,1177,11544,40.8,23.29,11.03,23009000
6323,ローツェ,202602,20260409,128794,31154,32621,19048,197302,130229,982,23781,66,15.35,9.89,176400000
6814,古野電気,202602,20260409,140616,16246,18291,16735,141364,89346,7534,11903,63.2,20.72,12.64,31894554
7512,イオン北海道,202602,20260409,404360,8332,8028,3732,193483,74305,6100,44900,38.4,5.07,1.96,139420284
7544,スリーエフ,202602,20260409,15084,1414,1428,382,5758,4140,100,-,71.9,9.56,7.03,7707095
7649,スギホールディングス,202602,20260409,1010336,48568,50062,44982,614493,290458,15434,94040,47.3,16.62,8.11,189992514
8016,オンワードホールディングス,202602,20260409,236804,11604,11176,10094,189223,93567,30079,46332,49.4,11.36,5.48,141921669
8125,ワキタ,202602,20260409,93222,5282,5485,3451,146867,101527,13821,424,69.1,3.41,2.36,52021297
8194,ライフコーポレーション,202602,20260409,881325,26006,27068,18822,335246,155534,10004,29524,46.4,12.81,5.87,90501600
8198,マックスバリュ東海,202602,20260409,384951,13557,13771,10249,152405,97040,2267,-,63.7,11.05,7.12,31973848
8203,ミスターマックス・ホールディングス,202602,20260409,147684,4445,4499,2715,86745,38374,10229,20079,44.2,7.3,3.2,39611134
8267,イオン,202602,20260409,10715342,270459,243031,72677,15369658,1218422,220007,3967568,7.9,6.41,0.5,2783529021
8918,ランド,202602,20260409,3007,425,478,444,10356,9184,50,620,88.7,4.91,4.36,1545140000
9861,吉野家ホールディングス,202602,20260409,225667,8089,8803,4665,124824,67992,10265,17153,54.5,7.06,3.82,65129558
9876,コックス,202602,20260409,14955,1324,1417,1068,14922,10525,4503,-,70.5,10.99,7.58,27711028
9903,カンセキ,202602,20260409,35977,529,345,307,24976,6719,1926,11681,26.9,4.79,1.25,8050000
2670,エービーシー・マート,202602,20260408,378624,63287,67156,46346,455202,398079,19972,1222,87.5,12.11,10.61,247618938
2686,ジーフット,202602,20260408,56906,-2388,-2630,-3257,32194,-2359,3764,18275,-,-,-10.52,42580900
2918,わらべや日洋ホールディングス,202602,20260408,233833,7441,7414,5339,131735,59416,8049,25494,45.1,9.2,4.23,17625660
3543,コメダホールディングス,202602,20260408,57225,9424,9332,6461,110385,49860,673,7087,45.2,13.53,5.98,46271400
4714,リソー教育グループ,202602,20260408,34240,2704,2732,1615,22667,12190,4590,-,53.8,13.38,7.21,171806159
6183,ベルシステム24ホールディングス,202602,20260408,145826,12652,12290,8181,169821,73928,27456,48738,43.5,11.36,4.75,74522695
8570,イオンフィナンシャルサービス,202602,20260408,569370,60655,60693,21092,8313956,476840,45698,1405103,5.7,4.5,0.26,216010128
9946,ミニストップ,202602,20260408,91788,-3610,-3067,-5630,69013,26459,7491,-,38.3,-19.1,-7.84,29372774
2659,サンエー,202602,20260407,245548,17070,17768,10678,217274,156415,3723,-,72,6.96,5.23,63963308
2726,パルグループホールディングス,202602,20260407,234704,27144,27129,17714,164496,83549,3181,12418,50.8,22.94,11.34,185088000
3222,ユナイテッド・スーパーマーケット・ホールディングス,202602,20260407,963762,5050,4911,-3185,379211,200451,10000,50103,52.9,-1.58,-0.84,210617224
3396,フェリシモ,202602,20260407,29179,215,468,358,28053,19651,1868,-,70,1.84,1.26,9543500
6469,放電精密加工研究所,202602,20260407,14312,1122,1038,823,19017,8686,1889,3682,45.7,10.26,4.5,10953900
8278,フジ,202602,20260407,814260,11217,12527,8176,415212,226953,22000,38571,54.7,3.68,1.98,86856954
9253,スローガン,202602,20260407,1589,280,279,189,2325,1600,16,-,68.8,12.24,8.55,2769875
9793,ダイセキ,202602,20260407,71845,14588,14885,9155,105176,81746,6382,7085,77.7,11.03,8.37,48000000
2685,アンドエスティHD,202602,20260406,304351,16524,16827,9498,139688,81444,2660,-,58.3,11.98,6.96,48800000
2789,カルラ,202602,20260406,7544,306,299,239,5429,2187,50,2303,40.3,11.48,4.57,6021112
3353,メディカル一光グループ,202602,20260406,54982,1788,1859,1275,37576,15685,917,10213,41.7,8.56,3.55,3770000
7463,アドヴァングループ,202603,20260406,17036,2232,12126,8063,84243,60271,12500,18397,71.5,14.13,9.8,43312692
7630,壱番屋,202602,20260406,65518,4715,4985,2562,48171,32293,1503,224,67,7.96,5.41,159630000
7679,薬王堂ホールディングス,202602,20260406,163808,5285,5471,4028,103173,40227,100,28047,39,10.42,4.4,19740219
8217,オークワ,202602,20260406,252655,1878,1973,264,129223,74289,14117,21781,57.5,0.36,0.2,41937297
2753,あみやき亭,202603,20260403,37711,2209,2344,1270,29652,22513,2473,1033,75.9,5.71,4.42,20546400
3333,あさひ,202602,20260403,81374,3937,4169,2268,56077,40159,2061,-,71.6,5.72,4.1,26240800
3612,ワールド,202602,20260403,284014,16028,14203,12013,280059,94659,511,81787,33.8,13.66,4.34,77139829
6093,エスクロー・エージェント・ジャパン,202602,20260403,5078,323,316,189,4741,3480,676,-,73.4,5.37,3.98,45950238
6279,瑞光,202602,20260403,21170,162,350,1972,52440,36234,1888,6204,69.1,5.6,3.76,28800000
7975,リヒトラブ,202602,20260403,9124,36,114,67,13516,10978,1830,282,81.2,0.62,0.5,3815700
7545,西松屋チェーン,202602,20260402,193365,9941,10566,6847,160251,98261,2523,-,61.3,6.97,4.27,69588856
8276,平和堂,202602,20260402,456010,13313,14605,9409,313095,195794,11614,21241,62.5,4.88,3.03,51546470
2354,YE_DIGITAL,202602,20260331,20263,1628,1812,1282,14297,7554,750,-,52.8,17.87,9.32,18519100
3681,ブイキューブ,202512,20260331,9859,-1683,-2026,-3696,8730,-2007,10,6634,-,-,-38.48,26343900
7036,イーエムネットジャパン,202512,20260331,1594,155,180,-449,2334,776,328,-,33.2,-41.15,-17.82,3913800
8227,しまむら,202602,20260330,701384,61483,63672,44460,554667,488545,17086,-,88.1,8.99,7.93,221479794
2778,パレモ・ホールディングス,202602,20260327,14082,190,177,21,6234,1570,100,1642,25.2,1.34,0.32,12051384
7624,NaITO,202602,20260326,43518,403,453,284,17586,13138,2291,101,74.7,2.18,1.63,54789510
9976,セキチュー,202602,20260325,31867,619,637,400,23438,11851,2921,3881,50.6,3.42,1.7,5586150
6546,フルテック,202512,20260319,13566,456,528,250,11429,6996,329,814,61.2,3.65,2.11,5367800
6619,ダブル・スコープ,202601,20260319,3630,-4919,-11412,-12465,52004,40826,15577,8145,78.5,-27.58,-22.24,60625500
3169,ミサワ,202601,20260317,12159,235,253,124,5517,3240,380,301,58.7,3.87,2.34,7112400
3415,TOKYO_BASE,202601,20260317,23734,1956,1889,1209,14863,6250,682,5315,42.1,21.31,9.19,43959482
3565,アセンテック,202601,20260317,17254,2840,2894,2059,35266,6206,554,-,17.6,39.58,9.24,43740000
3657,ポールトゥウィンホールディングス,202601,20260317,48837,-238,-508,-3479,22328,8418,1239,7600,37.7,-33.36,-13.71,38156000
4174,アピリッツ,202601,20260317,9955,-309,-317,-465,5704,1782,653,1871,31.2,-22.63,-8.11,4196562
4380,Mマート,202601,20260317,1363,632,634,423,3097,2134,318,-,68.9,21.43,14.69,4890800
4592,サンバイオ,202601,20260317,-,-3794,-4291,-3842,15621,13338,8375,1238,85.4,-51.59,-40.3,78041883
4813,ACCESS,202601,20260317,19215,-2688,-2635,-3398,17095,6764,17179,-,39.6,-40.51,-17.6,39962100
5248,テクノロジーズ,202601,20260317,10149,1872,1708,266,23264,1522,630,9811,6.5,19.15,1.26,16922400
7683,ダブルエー,202601,20260317,23327,1066,1187,688,13457,11063,1655,-,82.2,6.31,5.17,19083280
9636,きんえい,202601,20260317,3771,301,311,200,6021,2759,564,324,45.8,7.49,3.35,2821000
9743,丹青社,202601,20260317,107222,8358,8336,5993,55725,37665,4026,415,67.6,16.87,10.9,48424071
278A,Terra_Drone,202601,20260316,4782,-1143,-1284,-2497,6934,4836,1657,-,69.7,-43.16,-31.48,9730300
2983,アールプランナー,202601,20260316,48623,3747,3523,2457,35103,7816,398,19393,22.3,36.45,7.68,10798960
2997,ストレージ王,202601,20260316,3999,191,172,117,4707,1239,261,2872,26.3,9.92,2.81,1854000
3399,丸千代山岡家,202601,20260316,43000,4678,4844,3688,18282,10129,325,1796,55.4,43.91,22.53,20112800
3665,エニグモ,202601,20260316,6295,46,43,326,15289,11717,381,68,76.6,2.82,2.19,42642000
456A,HUMAN_MADE,202601,20260316,14273,4531,4333,2941,14514,11800,1443,282,81.3,32.77,25.85,91645600
5888,DAIWA_CYCLE,202601,20260316,21106,1416,1434,948,9584,6311,562,-,65.8,16.01,10.43,2758600
9632,スバル興業,202601,20260316,29611,4863,4959,2423,43828,36938,1331,-,84.3,6.69,5.72,13310000
168A,イタミアート,202601,20260313,4761,216,224,151,5061,1327,459,2934,26.2,11.38,2.98,1470000
1758,太洋基礎工業,202601,20260313,14511,551,616,462,12444,9497,456,135,76.3,5.04,3.85,2458800
2163,アルトナー,202601,20260313,12046,1821,1823,1258,9058,5223,238,1036,57.7,24.09,13.89,10627920
2217,モロゾフ,202601,20260313,36273,1264,1286,642,28163,19873,3737,2525,70.6,3.26,2.39,20565356
3070,ジェリービーンズグループ,202601,20260313,3590,-33,-63,-242,6645,4746,4348,337,71.4,-9.85,-6.65,80746700
3071,ストリーム,202601,20260313,32774,281,280,150,6725,2944,924,673,43.8,5.15,2.3,28525000
3159,丸善CHIホールディングス,202601,20260313,185053,5593,5493,3334,136895,54430,3000,38819,39.8,6.32,2.47,92554085
3320,クロスプラス,202601,20260313,59852,1395,1636,1759,29678,19439,1944,3033,65.5,9.68,6.14,7718800
3931,バリューゴルフ,202601,20260313,4426,53,39,-7,3184,1071,382,1408,33.6,-0.64,-0.24,1807000
4175,coly,202601,20260313,7020,-144,46,72,6832,5426,1910,253,79.4,1.35,1.1,5502900
4334,ユークス,202601,20260313,4288,181,184,176,4044,2550,412,549,63.1,7.05,4.9,11096000
4369,トリケミカル研究所,202601,20260313,23883,5902,7090,5515,47274,36149,3278,3722,76.5,16.28,13.1,32498640
446A,ノースサンド,202601,20260313,26185,5547,5479,4046,21861,16455,4717,621,75.3,41.52,28.03,69000000
5889,Japan_Eyewear_Holdings,202601,20260313,18640,5957,5623,3783,39911,18187,949,11921,45.6,21.86,9.61,24405260
6336,石井表記,202601,20260313,15651,1140,1184,890,15917,10644,300,1079,66.9,8.73,5.63,8176452
6757,OSGコーポレーション,202601,20260313,8185,207,216,106,6465,2480,601,1878,38.4,4.2,1.65,5500000
7073,ジェイック,202601,20260313,4475,203,193,130,3130,1070,263,1193,34.2,12.73,4.36,934200
7614,オーエムツーネットワーク,202601,20260313,35371,1295,1578,944,23389,18108,466,814,77.4,5.34,4.15,7335634
7674,NATTY_SWANKYホールディングス,202601,20260313,7683,-503,-516,-930,3163,1317,1163,599,41.6,-51.84,-25.58,2447320
7878,光・彩,202601,20260313,4241,179,172,110,3417,1547,602,1140,45.3,7.33,3.43,1584000
8013,ナイガイ,202601,20260313,13356,-136,-54,50,12355,6868,100,1563,55.6,0.74,0.41,8217281
1433,ベステラ,202601,20260312,11140,741,763,732,8333,5397,1106,570,64.8,14.29,7.55,9297200
2776,新都ホールディングス,202601,20260312,27939,593,543,97,13573,3293,2874,5607,24.3,4.11,0.99,53577500
3246,コーセーアールイー,202601,20260312,10045,768,982,695,19773,10660,1562,7253,53.9,6.66,3.78,10368000
3955,イムラ,202601,20260312,21831,1137,1184,954,28155,17853,1197,4840,63.4,5.54,3.7,10729370
4287,ジャストプランニング,202601,20260312,2533,607,616,508,4342,3926,410,-,90.4,13.36,12.15,12229888
6184,鎌倉新書,202601,20260312,8335,1161,1165,765,8100,6086,1671,54,75.1,15.65,11.35,41194972
6696,トラース・オン・プロダクト,202601,20260312,485,-36,-35,-61,564,349,594,150,61.9,-17.48,-10.82,4826991
6898,トミタ電機,202601,20260312,1603,-61,-27,123,4659,3981,1966,-,85.4,3.14,2.6,816979
7196,Casa,202601,20260312,12753,-63,45,123,15176,6596,1624,610,43.5,1.74,0.79,11522500
8142,トーホー,202601,20260312,259747,7853,7928,4576,96454,34434,5345,18520,35.7,14.04,4.95,33036498
9166,GENDA,202601,20260312,170787,7695,6217,3826,222643,65229,16909,102951,29.3,7.6,2.27,187782182
9692,シーイーシー,202601,20260312,65882,7338,7435,5201,62210,42581,6586,367,68.4,12.54,9.06,35168200
3921,ネオジャパン,202601,20260311,8230,2497,2610,1809,10693,7475,299,-,69.9,26.25,18.15,14087600
5031,モイ,202601,20260311,6688,339,389,101,4249,1973,50,-,46.4,5.25,2.41,13966000
6966,三井ハイテック,202601,20260311,218329,12651,13815,3151,240994,113251,16403,86683,47,2.82,1.36,197334325
7064,ハウテレビジョン,202601,20260311,2558,251,248,96,2701,1414,10,398,52.4,7.04,3.8,2720882
7678,あさくま,202601,20260311,10045,519,526,325,4952,3395,91,-,68.6,10.05,6.98,5385020
6654,不二電機工業,202601,20260310,3777,248,303,236,11281,10433,1087,120,92.5,2.27,2.1,6299000
4238,ミライアル,202601,20260309,12572,511,590,606,26829,22989,1111,-,85.7,2.66,2.19,10120000
1928,積水ハウス,202601,20260305,4197922,341402,327800,232095,5006637,2139557,203300,1848889,42.7,11.32,4.73,651422166
7590,タカショー,202601,20260305,20246,218,717,198,23473,12725,3043,5222,54.2,1.56,0.84,17590114
2590,ダイドーグループホールディングス,202601,20260304,241236,4163,1467,-30322,162812,64312,1924,33903,39.5,-38.82,-17.42,33137000
7865,ピープル,202601,20260302,1613,-173,-174,-61,1809,1679,238,-,92.8,-3.2,-2.97,4437500
5255,モンスターラボ,202512,20260227,7795,-187,-319,-337,9210,700,1153,5947,7.6,-,-4.01,64900722
504A,イノバセル,202512,20260224,-,-2231,-2853,-2855,5092,-2631,4131,4674,-,-,-72.04,45098744
3807,フィスコ,202512,20260219,842,4,5,-8,2674,1125,14,8,42.1,-1.18,-0.36,45908222
5101,横浜ゴム,202512,20260219,1234959,152901,157186,105398,1998360,1030852,38909,535770,51.6,10.95,5.65,166396381
4704,トレンドマイクロ,202512,20260218,275984,57777,53980,34523,422238,127520,19926,-,30.2,28.24,8.39,140901604
2173,博展,202512,20260216,23336,2592,2581,1913,10182,4996,259,1261,49.1,45.81,21.16,16294320
3350,メタプラネット,202512,20260216,8905,6287,-96141,-95046,505286,458529,-,43836,90.7,-39.98,-35.49,1274171340
3904,カヤック,202512,20260216,20094,1071,850,683,13556,5761,900,3228,42.5,12.11,5.17,16108800
4482,ウィルズ,202512,20260216,6051,1302,1301,839,4822,2578,246,22,53.5,35.63,18.47,21054400
4587,ペプチドリーム,202512,20260216,18521,-5013,-5312,-3749,77033,51528,3956,17041,66.9,-6.92,-4.42,130010400
4593,ヘリオス,202512,20260216,104,-3340,-2126,-2217,17054,4890,2572,2049,28.7,-63.77,-14.19,135002200
4631,DIC,202512,20260216,1052194,52192,44250,32353,1274091,470881,96557,440156,37,7.42,2.59,95156904
4766,ピーエイ,202512,20260216,2021,127,142,95,1397,520,10,580,37.2,19.29,6.95,11229800
5010,日本精蝋,202512,20260216,19776,1173,680,697,27279,6378,100,15601,23.4,11.57,2.45,22400000
5108,ブリヂストン,202512,20260216,4429452,381237,354661,327264,5747705,3661793,126354,487270,63.7,8.85,5.71,1334037042
5216,倉元製作所,202512,20260216,2010,-1424,-1475,-3084,1821,712,134,659,39.1,-139.36,-95.24,50463975
5310,東洋炭素,202512,20260216,46189,6759,8091,5464,117916,97491,7947,5675,82.7,5.7,4.73,20992588
6276,シリウスビジョン,202512,20260216,2064,-140,-126,-731,2576,1706,100,269,66.2,-34.99,-25.34,5722500
6291,日本エアーテック,202512,20260216,14151,1163,1606,1131,19875,14771,2133,1553,74.3,7.78,5.89,10538420
6635,大日光・エンジニアリング,202512,20260216,36954,638,691,208,28854,6943,1174,11652,24.1,3.01,0.71,6800600
6694,ズーム,202512,20260216,17437,-56,-231,-1728,18743,5641,212,7368,30.1,-26.99,-8.9,4594824
6721,ウインテスト,202512,20260216,429,-1218,-1217,-1242,919,343,2029,204,37.3,-242.58,-117.5,55268600
6977,日本抵抗器製作所,202512,20260216,5905,-109,-136,-376,7208,1170,724,4017,16.2,-28.08,-5.03,1240000
7033,マネジメントソリューションズ,202512,20260216,23066,2742,2741,1798,8742,5918,700,323,67.7,31.49,21.72,16891270
7112,キューブ,202512,20260216,4863,59,63,34,4611,4042,841,-,87.7,0.85,0.72,6139647
8179,ロイヤルホールディングス,202512,20260216,165495,7685,7917,5660,139763,54725,17830,26500,39.2,10.78,4.23,99723724
9214,Recovery_International,202512,20260216,2689,203,207,127,1347,771,203,176,57.2,16.47,9.43,1414000
1429,日本アクア,202512,20260213,33670,2774,2794,1895,25810,11633,1903,4800,45.1,17.09,7.6,34760000
145A,L_is_B,202512,20260213,2132,169,147,138,3425,1847,629,1239,53.9,7.76,4.5,5147665
149A,シンカ,202512,20260213,1464,60,62,42,1279,1047,397,60,81.9,4.15,3.35,3257220
153A,カウリス,202512,20260213,1400,408,409,276,2182,1656,383,100,75.9,18.58,13.12,6534800
155A,情報戦略テクノロジー,202512,20260213,8019,553,532,304,4072,1739,462,1269,42.7,17.48,7.47,10685504
1663,K＆Oエナジーグループ,202512,20260213,91354,10594,11699,8379,127773,105319,8000,877,82.4,8.31,6.78,28336061
1718,美樹工業,202512,20260213,36151,2583,2560,1571,38882,17225,764,10535,44.3,9.53,4.4,1153263
175A,Will_Smart,202512,20260213,805,-283,-259,-415,436,3,635,334,0.7,-200.97,-76.01,1486900
1899,福田組,202512,20260213,167960,7769,8127,5548,147476,89806,5158,1014,60.9,6.36,3.82,8988111
1911,住友林業,202512,20260213,2267577,168724,174900,106666,2572032,1003973,55332,743278,39,11.09,4.41,618566304
2009,鳥越製粉,202512,20260213,26250,1311,1653,1132,46473,36760,2805,2787,79.1,3.12,2.46,26036374
2124,ジェイエイシーリクルートメント,202512,20260213,46089,11683,11709,8400,30895,22345,672,-,72.3,41.54,29.52,165557200
2160,ジーエヌアイグループ,202512,20260213,26840,-3471,-4634,-4244,83791,50320,19676,4031,60.1,-9.78,-5.45,55767545
2169,CDS,202512,20260213,8827,685,696,456,10600,8892,940,270,83.9,5.13,4.15,6924400
219A,Heartseed,202512,20260213,3026,272,288,190,7675,7190,1327,-,93.7,-,-,22874200
2206,江崎グリコ,202512,20260213,361390,8736,11645,5036,394129,277905,7773,154,70.5,1.83,1.3,68468569
2215,第一屋製パン,202512,20260213,28957,466,446,320,16343,8555,3305,-,52.3,3.85,1.99,6929900
2216,カンロ,202512,20260213,34771,4691,4746,3378,33607,18984,2864,1000,56.5,17.79,10.05,45946812
2266,六甲バター,202512,20260213,43293,1435,1327,1485,60942,33325,2843,10530,54.7,4.46,2.44,21452125
2325,NJS,202512,20260213,24854,3268,3386,2182,35095,28507,520,-,81.2,7.99,6.59,10048000
2330,フォーサイド,202512,20260213,8748,463,479,440,4712,3077,10,780,65.3,15.78,10.63,43687704
2384,SBSホールディングス,202512,20260213,490344,21295,21143,11783,346852,96722,3920,96340,27.9,12.74,3.55,39718200
2429,ワールドホールディングス,202512,20260213,284350,10820,10867,6620,185692,49485,1929,87876,26.6,14.09,3.68,18013700
248A,キッズスター,202512,20260213,1157,248,249,157,2810,2362,24,-,84.1,6.65,5.59,2621000
2492,インフォマート,202512,20260213,18817,2863,2836,1922,18172,12142,3212,2270,66.8,16.67,11.64,267507864
2499,日本和装ホールディングス,202512,20260213,4485,375,324,231,8771,3732,478,4085,42.5,6.27,2.55,9134000
2501,サッポロホールディングス,202512,20260213,506861,24437,22704,19498,653690,218861,53887,170588,33.5,9.4,2.96,393971490
2503,キリンホールディングス,202512,20260213,2433363,209677,237859,147542,3494043,1286992,102046,923434,36.8,11.95,4.31,816000000
2579,コカ・コーラボトラーズジャパンホールディングス,202512,20260213,893805,-72385,-72718,-50763,698486,379892,15232,113902,54.4,-12,-6.76,171268593
2597,ユニカフェ,202512,20260213,16056,710,712,674,15507,7099,2520,1137,45.8,9.9,4.54,13869200
261A,日水コン,202512,20260213,24413,2379,2506,1730,24792,14820,100,-,59.8,11.92,7.25,11866000
262A,インターメスティック,202512,20260213,50151,5990,5979,4119,62952,25966,220,18000,41.2,16.8,8.42,30600000
265A,Hmcomm,202512,20260213,1112,38,39,18,2083,1681,222,-,80.7,1.06,0.9,4097400
268A,リガク・ホールディングス,202512,20260213,94193,16709,15971,11401,185209,88396,1137,55555,47.7,13.4,6.29,226402700
2693,YKT,202512,20260213,13386,-199,-45,55,17085,7946,1389,3859,46.5,0.69,0.38,11906880
2700,木徳神糧,202512,20260213,176191,8025,8169,5520,56612,20430,529,16782,36.1,31.16,11.41,8530000
2721,ジェイホールディングス,202512,20260213,189,-310,-308,-256,534,112,400,-,21,-,-65.47,10288500
2752,フジオフードグループ本社,202512,20260213,31932,725,596,90,24429,8679,5971,8770,35.5,1.04,0.35,51267537
2788,アップルインターナショナル,202512,20260213,40809,568,558,787,20540,10269,4325,8144,50,7.93,3.91,13943400
281A,インフォメティス,202512,20260213,530,-628,-717,-721,1648,581,318,852,35.3,-77.78,-39.59,5799657
286A,ユカリア,202512,20260213,24734,2365,2138,2776,65125,20518,100,22524,31.5,14.43,4.43,37982900
290A,Synspective,202512,20260213,2376,-4137,-1074,-371,49373,37609,16952,9382,76.2,-1.3,-0.96,131879450
2931,ユーグレナ,202512,20260213,50370,3123,2365,-805,72332,30918,16373,27654,42.7,-2.57,-1.11,139273056
2932,STIフードホールディングス,202512,20260213,38605,2562,2601,2488,21850,10046,1048,3058,46,27,12.1,17778900
2970,GLC_GROUP,202512,20260213,24505,2573,2529,1652,19023,5742,69,9836,30.2,32.97,8.69,17344800
2986,LAホールディングス,202512,20260213,46544,10024,8956,6135,101949,29821,4913,65595,29.3,25.68,7.08,7630075
298A,GVA_TECH,202512,20260213,1483,-302,-317,-315,1468,257,409,728,17.5,-76.36,-22.75,4628798
3001,片倉工業,202512,20260213,40652,5855,7217,5763,153049,97646,1817,7679,63.8,6.27,3.92,35215000
3040,ソリトンシステムズ,202512,20260213,19762,2844,2977,2298,26228,13247,1326,-,50.5,18.01,9.28,19738888
3053,ペッパーフードサービス,202512,20260213,14553,42,44,-114,5977,3413,10,-,57.1,-3.48,-1.96,61424000
3054,ハイパー,202512,20260213,13775,320,326,240,6870,3041,577,777,44.3,8.11,3.35,9878100
3138,富士山マガジンサービス,202512,20260213,5814,162,168,79,5719,2412,265,450,42.2,3.29,1.36,3302401
3196,ホットランドホールディングス,202512,20260213,51040,1784,2056,405,33457,11340,3313,11060,33.9,3.49,1.31,25798400
3197,すかいらーくホールディングス,202512,20260213,457794,29957,26279,16748,518549,187567,25134,123669,36.2,9.28,3.39,227502200
319A,技術承継機構,202512,20260213,14961,1432,1416,3091,30826,9111,10,15918,29.6,47.51,13.37,8845978
3204,トーア紡コーポレーション,202512,20260213,17471,570,731,656,34309,13975,3940,11569,40.7,4.79,1.9,8940448
3277,サンセイランディック,202512,20260213,23348,2247,1852,1294,40678,13551,860,25143,33.3,9.84,3.51,8584900
3299,ムゲンエステート,202512,20260213,68262,11049,9951,6659,106698,35710,2552,62742,33.5,19.67,6.86,24361000
3302,帝国繊維,202512,20260213,33639,4055,5308,3742,91343,72230,1689,56,79.1,5.4,4.3,27584400
3355,クリヤマホールディングス,202512,20260213,88685,4102,4827,3944,89795,49215,783,13059,54.8,8.36,4.91,22300200
3386,コスモ・バイオ,202512,20260213,10766,343,489,337,12662,9373,918,20,74,3.67,2.76,6048000
338A,ZenmuTech,202512,20260213,851,144,160,155,1286,809,434,100,62.9,29.78,15.96,2721200
3416,ピクスタ,202512,20260213,2663,151,142,92,2406,1140,332,-,47.4,8.12,3.67,2296640
3445,RSTechnologies,202512,20260213,76707,14281,16635,9297,205222,80152,5860,20765,39.1,12.52,4.8,26567102
3452,ビーロット,202512,20260213,37778,7579,6450,4420,101439,20030,1992,76073,19.7,23.47,5.58,20032400
3474,G-FACTORY,202512,20260213,6465,-71,-92,-251,3970,1164,56,780,29.3,-19.77,-6.02,6839000
3482,ロードスターキャピタル,202512,20260213,44633,13415,12239,7976,124068,32423,1402,69651,26.1,27.74,6.89,21444000
3486,グローバル・リンク・マネジメント,202512,20260213,69262,7436,6739,4611,47650,14900,610,29627,31.3,34.84,10.97,16043516
3623,ビリングシステム,202512,20260213,4546,647,651,408,30146,3132,1237,-,10.4,13.68,1.45,6564400
3663,セルシス,202512,20260213,9471,2967,2934,1681,7910,4274,10,-,54,35.51,20.93,34771180
3664,WIZE,202512,20260213,2808,-327,-432,-526,3238,1330,944,1213,41.1,-63.91,-19.18,84638408
3667,enish,202512,20260213,2170,-856,-832,-1151,1593,762,4903,330,47.8,-139.68,-68.65,44431560
3680,ホットリンク,202512,20260213,3651,-1833,-1990,-1787,5996,4033,100,690,67.3,-36.14,-25.77,15965800
3683,サイバーリンクス,202512,20260213,18136,1846,1857,1303,15791,9025,895,3563,57.2,15.27,8.88,11444008
3696,セレス,202512,20260213,29660,2334,2105,2497,37504,13300,2158,9415,35.5,20.43,7.09,12116500
3719,AIストーム,202512,20260213,2653,275,259,177,5059,2041,458,1050,40.3,11.03,4.79,30412232
3727,アプリックス,202512,20260213,2873,-64,-68,-137,3516,2348,66,421,66.8,-5.54,-3.7,43737832
3758,アエリア,202512,20260213,16472,667,541,352,21238,8540,100,7584,40.2,4.16,1.7,21249428
3765,ガンホー・オンライン・エンターテイメント,202512,20260213,93242,5056,6780,1407,169474,121858,5338,-,71.9,1.13,0.82,69161416
3777,環境フレンドリーホールディングス,202512,20260213,1371,110,109,-3,6389,3691,237,1644,57.8,-0.09,-0.06,305356980
3911,Aiming,202512,20260213,15826,2079,1411,1086,9205,6876,3407,100,74.7,17.15,12.51,46705300
3913,GreenBee,202512,20260213,961,165,168,203,1676,1390,10,99,82.9,15.73,13.62,2348521
3928,マイネット,202512,20260213,7478,374,308,228,4688,1521,49,2146,32.4,15.64,4.79,8710334
3940,ノムラシステムコーポレーション,202512,20260213,3321,586,593,403,3977,3525,327,-,88.6,11.9,10.5,46692000
3947,ダイナパック,202512,20260213,67083,2881,3557,3178,84874,46858,4000,7259,55.2,6.86,3.94,10322591
3950,ザ・パック,202512,20260213,103125,7207,7532,6024,104212,76979,2553,462,73.9,7.96,5.81,59700000
3964,オークネット,202512,20260213,64139,9517,9521,5921,50781,26346,1807,-,51.9,22.67,12.49,96052800
3968,セグエグループ,202512,20260213,25074,1854,2001,1191,18647,4113,528,3954,22.1,33.62,7.38,37164077
3976,シャノン,202512,20260213,3208,120,64,-27,1998,984,1084,96,49.2,-,-,5926200
3981,ビーグリー,202512,20260213,16720,1368,1319,683,16556,8050,1910,3785,48.6,8.8,4.04,6301986
3983,オロ,202512,20260213,8307,2649,2656,1896,13747,10356,1193,-,75.3,18.37,13.87,15600453
4004,レゾナック・ホールディングス,202512,20260213,1347125,46676,45042,29031,2106723,698852,182146,946621,33.2,4.26,1.36,184901292
4011,ヘッドウォータース,202512,20260213,3900,229,128,57,3849,1330,389,1900,34.6,4.39,2.02,6106156
4019,スタメン,202512,20260213,3817,291,298,208,2452,1483,82,49,60.5,14.94,9.01,8781500
4020,ビートレンド,202512,20260213,1159,-81,-80,-101,909,779,316,-,85.7,-12.18,-10.61,2200400
4053,Sun_Asterisk,202512,20260213,14835,1052,998,476,16109,10662,1759,1777,66.2,4.54,3.16,40029440
4056,ニューラルグループ,202512,20260213,3299,-6,-46,-107,4198,1862,10,1909,44.4,-8.71,-2.98,17191031
4058,トヨクモ,202512,20260213,4858,1605,1608,1085,6538,4042,394,-,61.8,30.62,19.37,11008000
4074,ラキール,202512,20260213,7728,445,443,287,6097,3750,1016,900,61.5,7.84,4.74,7672500
4166,かっこ,202512,20260213,819,-133,-137,-137,1002,702,13,185,70.1,-17.86,-13.52,2771055
4168,ヤプリ,202512,20260213,6056,882,877,920,4736,2820,58,1162,59.5,32.62,19.43,12987500
4170,Kaizen_Platform,202512,20260213,4354,29,38,29,4269,2983,1777,716,69.9,0.98,0.67,17016481
4178,Sharing_Innovations,202512,20260213,4458,100,93,23,2330,1608,436,257,69,1.44,0.96,3793300
4180,Appier_Group,202512,20260213,43737,2976,2674,2558,60497,37149,7688,9541,61.4,7.16,4.87,102724983
421A,ムービン・ストラテジック・キャリア,202512,20260213,3799,1763,1756,1153,4846,3728,363,-,76.9,41.16,31.53,8442200
4235,ウルトラファブリックス・ホールディングス,202512,20260213,20553,1621,1173,786,38468,17606,2388,15363,45.8,4.49,2.03,16965200
4245,ダイキアクシス,202512,20260213,48321,1272,1301,461,38046,9638,2556,17634,25.3,4.83,1.23,13672100
4251,恵和,202512,20260213,20473,4286,4240,2268,30946,23864,3889,2070,77.1,9.69,7.21,19285152
4255,THECOO,202512,20260213,4831,197,215,174,3349,540,115,-,16.1,38.93,5.78,2116521
4261,アジアクエスト,202512,20260213,4920,439,447,290,2927,1967,414,134,67.2,15.87,10.19,1477600
4264,セキュア,202512,20260213,6840,326,299,187,5257,2926,1282,1034,55.7,8.89,4.14,6206420
4286,CLホールディングス,202512,20260213,39002,1404,1313,629,24684,7847,350,6978,31.8,8.31,2.69,11552731
431A,ユーソナー,202512,20260213,7191,1390,1377,888,7330,4278,100,346,58.4,25.61,14.47,8687000
4324,電通グループ,202512,20260213,1435245,-289212,-306789,-327601,3206787,374849,74609,468241,11.7,-61.14,-9.76,265800000
4331,テイクアンドギヴ・ニーズ,202512,20260213,35709,1622,1214,-76,51908,17632,100,20593,34,-,-,14619330
4371,コアコンセプト・テクノロジー,202512,20260213,20878,2201,2202,1501,8561,5057,570,241,59.1,32.45,18.12,17609600
4372,ユミルリンク,202512,20260213,3054,671,672,362,3576,3000,273,-,83.9,12.38,10.33,3892600
4375,セーフィー,202512,20260213,19029,-81,-119,437,12080,9066,5651,-,75,4.97,3.78,55805701
4379,Photosynth,202512,20260213,3384,231,234,291,3871,2399,30,71,62,12.83,7.96,15651200
4392,FIG,202512,20260213,13318,834,826,783,15640,8732,2074,3802,55.8,9.33,4.97,31593115
4395,アクリート,202512,20260213,8791,529,525,307,7093,3443,736,1426,48.5,11.77,5.75,7780158
4404,ミヨシ油脂,202512,20260213,59474,1960,1913,9616,84160,42625,9015,8370,50.6,26.11,12.26,10306895
4420,イーソル,202512,20260213,12129,815,863,598,8192,5906,1041,97,72.1,10.98,7.88,20000000
4438,Welby,202512,20260213,635,-452,-454,-539,1054,221,1167,605,21,-109.89,-48.54,8435582
4448,kubell,202512,20260213,9529,485,458,215,6682,1999,3008,931,29.9,11.95,3.36,42643354
4449,ギフティ,202512,20260213,14149,2603,2208,935,44706,8472,3286,15806,19,11.61,2.18,29841402
4450,パワーソリューションズ,202512,20260213,8099,713,703,388,6537,3569,507,601,54.6,11.51,6.33,3141662
4463,日華化学,202512,20260213,55705,3847,3849,2384,74052,35202,2898,18536,47.5,6.92,3.5,17710000
4476,AI_CROSS,202512,20260213,4151,370,366,165,3084,1856,40,436,60.2,9.38,6.03,4087850
4480,メドレー,202512,20260213,36786,2150,2202,975,41252,14799,47,16085,35.9,5.57,2.26,32738600
4481,ベース,202512,20260213,21787,5749,5800,4221,18922,14250,1122,-,75.3,30.72,23.02,18806400
4486,ユナイトアンドグロウ,202512,20260213,3514,560,561,410,3475,2240,349,-,64.5,19.15,12.51,7963200
4487,スペースマーケット,202512,20260213,2567,247,239,214,3739,920,52,813,24.6,26.39,6.83,12105900
4493,サイバーセキュリティクラウド,202512,20260213,5084,1102,1092,821,5833,4408,1023,275,75.6,27.02,18.56,10390644
4565,ネクセラファーマ,202512,20260213,29615,-8462,-14950,-12530,134787,60997,47450,52987,45.3,-19.35,-8.75,91733135
4574,大幸薬品,202512,20260213,6397,459,482,923,12270,8518,10,792,69.4,11.2,7.33,50636900
4576,デ・ウエスタン・セラピテクス研究所,202512,20260213,387,-619,-630,-632,2169,1435,697,605,66.2,-58.33,-32.93,56982212
4578,大塚ホールディングス,202512,20260213,2468892,479375,468037,363150,4197562,3033444,81690,127006,72.3,12.59,9.15,542988917
4579,ラクオリア創薬,202512,20260213,3979,483,437,273,10514,6849,3240,2650,65.1,4.41,2.71,26031413
4586,メドレックス,202512,20260213,128,-941,-937,-937,2157,1989,450,-,92.2,-45.67,-42.28,59365100
4595,ミズホメディー,202512,20260213,11260,4646,4736,3425,22375,18684,464,-,83.5,19.01,15.89,19051200
4596,窪田製薬ホールディングス,202512,20260213,21,-894,-676,-676,1979,1813,577,-,91.6,-42.22,-38.41,138504288
4597,ソレイジア・ファーマ,202512,20260213,429,-861,-876,-876,2145,1752,836,-,81.7,-60.25,-49.96,273414365
4612,日本ペイントホールディングス,202512,20260213,1774231,257104,250565,179800,4017738,1803860,671432,1421892,44.9,10.59,5.07,2370512215
4634,artience,202512,20260213,349979,20765,20888,10340,462600,266023,31733,63436,57.5,3.92,2.21,50286544
4712,KeyHolder,202512,20260213,35630,1573,1058,857,54830,22603,92,4329,41.2,3.85,1.57,18967410
471A,NSグループ,202512,20260213,29826,9873,9365,6325,76141,28884,100,25868,37.9,22.03,8.41,52155600
4725,CACホールディングス,202512,20260213,50588,2580,2392,3271,53719,35231,3702,2723,65.6,9.01,6.03,20541400
472A,ミラティブ,202512,20260213,7188,349,287,739,5240,3545,565,643,67.7,20.85,14.1,16929750
4777,ガーラ,202512,20260213,2589,-221,-252,-532,3639,445,4491,1456,12.2,-75.3,-13.29,28024900
479A,PRONI,202512,20260213,3233,369,361,533,3354,1588,100,1052,47.3,47.57,20.8,4439970
480A,リブ・コンサルティング,202512,20260213,6109,839,830,510,4377,3327,608,-,76,20.63,14.62,6647500
4820,イーエムシステムズ,202512,20260213,23658,3676,4313,2452,27506,20336,2785,582,73.9,12,8.29,70514800
4840,トライアイズ,202512,20260213,1424,-204,231,-423,4969,4297,100,464,86.5,-8.95,-7.95,9130000
4848,フルキャストホールディングス,202512,20260213,77227,7915,7778,4784,57830,30663,2780,12220,53,16.14,9.64,35215449
485A,パワーエックス,202512,20260213,19306,-677,-1796,-1646,26236,6230,4634,6750,23.7,-42.97,-8.88,38050750
4891,ティムス,202512,20260213,-,-696,-711,-716,2865,2736,1137,-,95.5,-,-,45565767
4892,サイフューズ,202512,20260213,230,-828,-761,-763,4266,2657,1828,1311,62.3,-29.63,-19.6,10090400
4893,ノイルイミューン・バイオテック,202512,20260213,5,-797,-791,-793,4011,3925,4047,-,97.9,-18.35,-18,43301765
4919,ミルボン,202512,20260213,52863,5652,5455,3437,57801,49058,2000,-,84.9,7.02,5.89,32305534
4927,ポーラ・オルビスホールディングス,202512,20260213,170285,15693,17022,9472,197906,162834,10000,37,82.3,5.78,4.76,229136156
4935,リベルタ,202512,20260213,10031,133,49,46,7809,1587,215,4115,20.3,2.92,0.65,30262600
4971,メック,202512,20260213,20947,5748,6051,5028,36424,30472,594,-,83.7,17.53,14.48,19571093
4985,アース製薬,202512,20260213,179182,8087,8893,5238,149382,74919,10192,7719,50.2,7.29,3.68,22209900
5027,AnyMind_Group,202512,20260213,57300,1798,1409,927,45143,16887,744,9617,37.4,5.54,2.34,61386700
5028,セカンドサイトアナリティカ,202512,20260213,1436,171,171,121,1266,965,356,30,76.2,12.54,9.56,8513871
5035,HOUSEI,202512,20260213,4779,36,54,-195,4786,3063,656,544,64,-6.14,-3.93,7094200
5038,eWeLL,202512,20260213,3392,1537,1546,1088,4283,3375,426,-,78.8,37.62,29.59,15251838
5105,TOYO_TIRE,202512,20260213,594923,97350,101328,63614,753248,522659,55935,69746,69.4,12.78,8.62,154111029
5126,ポーターズ,202512,20260213,2137,358,368,129,1875,1379,65,-,73.5,9.5,7.31,1631700
5184,ニチリン,202512,20260213,73668,9060,9230,5514,88115,60359,2158,60,68.5,9.42,6.45,14371500
5187,クリエートメディック,202512,20260213,13617,1005,988,713,20143,16332,1461,749,81.1,4.44,3.55,9664327
5240,monoAI_technology,202512,20260213,980,-390,-382,-336,1415,1224,50,22,86.5,-24.14,-20.43,12265280
5242,アイズ,202512,20260213,965,-51,-50,-68,1089,600,221,212,55.1,-10.76,-6.67,1026100
5257,ノバシステム,202512,20260213,6716,324,363,234,4087,2551,298,683,62.4,9.78,5.99,1402500
5337,ダントーホールディングス,202512,20260213,4915,-664,-653,740,10864,8367,2171,-,77,9.34,6.86,33360600
5537,AlbaLink,202512,20260213,8191,1311,1263,981,5260,2015,78,2207,38.3,67.08,24.82,8183600
5588,ファーストアカウンティング,202512,20260213,2369,292,291,202,2899,1662,420,-,57.3,12.15,6.97,11240520
5589,オートサーバー,202512,20260213,6462,2384,2390,1498,20316,13032,690,2270,64.1,11.98,7.79,7244600
5591,AVILEN,202512,20260213,1672,274,261,174,1381,726,62,336,52.6,27.23,13.31,6107654
5597,ブルーイノベーション,202512,20260213,1051,-548,-561,-635,1402,202,797,955,14.4,-152.1,-46.28,4032201
5616,雨風太陽,202512,20260213,1027,-7,20,-4,1006,345,347,250,34.3,-1.16,-0.39,2420550
5618,ナイル,202512,20260213,6730,-105,-142,-152,3142,425,10,1952,13.5,-30.28,-5.02,8536800
5619,マーソ,202512,20260213,1078,-33,-33,-23,2116,1948,122,-,92.1,-1.16,-1.05,3552750
5699,イボキン,202512,20260213,10005,643,665,598,8105,5122,130,1095,63.2,12.39,8.28,3427200
5704,JMC,202512,20260213,3223,103,101,-1263,2863,1647,817,662,57.5,-55.54,-33.4,5598500
5867,エスネットワークス,202512,20260213,3418,306,336,217,2686,1749,636,394,65.1,13.35,8.74,3148100
5868,ロココ,202512,20260213,9189,525,505,317,4997,2960,642,675,59.2,11.1,6.79,3727900
5871,SOLIZE_Holdings,202512,20260213,25779,85,82,-36,15699,11328,10,-,72.2,-0.32,-0.23,6000000
5891,魁力屋,202512,20260213,14721,764,789,297,9682,5163,925,1802,53.3,5.75,3.07,5662000
5946,長府製作所,202512,20260213,46501,1712,4586,2174,148076,137732,7000,-,93,1.59,1.49,34239312
5950,日本パワーファスニング,202512,20260213,5064,10,-5,-30,5619,2301,100,1976,41,-1.31,-0.53,18688540
5959,岡部,202512,20260213,69758,4762,5081,3285,85030,61888,6911,6226,72.8,5.41,3.82,47290632
5965,フジマック,202512,20260213,47436,3041,3277,2343,45856,26307,1471,4733,57.4,9.25,5.13,14272000
6029,アトラグループ,202512,20260213,3927,140,148,258,4127,1694,10,1049,41,16.49,6.26,10287000
6034,MRT,202512,20260213,4191,95,108,55,6477,4645,540,182,71.7,1.2,0.83,5718600
6054,リブセンス,202512,20260213,5639,-368,-294,-22,4733,4173,237,-,88.2,-0.53,-0.45,28160000
6071,IBJ,202512,20260213,20172,3608,3471,2077,32524,10180,699,9004,31.3,22.37,8.15,42000000
6081,アライドアーキテクツ,202512,20260213,2990,-188,-160,-743,3251,1783,1044,438,54.8,-35.62,-20.26,15899482
6143,ソディック,202512,20260213,80572,4224,5231,4514,155695,90503,24618,36611,58.1,5.16,3,54792239
6149,小田原エンジニアリング,202512,20260213,18238,3051,3183,2315,24856,18528,1250,-,74.5,13.24,8.77,6392736
6171,土木管理総合試験所,202512,20260213,7695,670,707,482,7352,5174,1205,404,70.4,9.6,6.7,14237995
6177,AppBank,202512,20260213,1242,-170,-185,-519,1226,897,772,80,73.2,-57.86,-42.33,25243500
6223,西部技研,202512,20260213,34322,4530,4494,3455,48197,32092,711,4016,66.6,11.14,7.59,20500000
6232,ACSL,202512,20260213,2598,-1840,-1075,-1363,5665,1647,1477,2863,29.1,-156.76,-26.65,19125796
6235,オプトラン,202512,20260213,33861,3334,3202,2959,86146,57381,400,400,66.6,5.1,3.53,44358000
6265,コンバム,202512,20260213,1982,294,327,248,6404,5996,748,-,93.6,4.16,3.89,1657000
6266,タツモ,202512,20260213,35428,4768,5009,3541,46893,26543,3568,7910,56.6,13.96,7.37,14842354
6269,三井海洋開発,202512,20260213,717100,68498,79566,56456,745485,227408,29818,65786,30.5,27.27,7.75,68345300
6310,井関農機,202512,20260213,185770,4225,4119,2757,209475,73789,23344,54995,35.2,3.9,1.33,22984993
6361,荏原製作所,202512,20260213,958285,113802,110977,76633,1082201,508876,80751,224735,47,15.61,7.34,457262685
6376,日機装,202512,20260213,215642,15331,17255,13652,358129,158176,6544,82608,44.2,9.15,3.99,69175664
6400,不二精機,202512,20260213,8719,474,418,230,9797,3703,500,3673,37.8,6.38,2.39,9054000
6444,サンデン,202512,20260213,190875,-1507,1774,274,185633,26712,21741,77684,14.4,1.11,0.15,112193313
6464,ツバキ・ナカシマ,202512,20260213,69837,-22336,-23992,-27214,151658,37035,17117,92844,24.4,-55.25,-16.68,41599600
6465,ホシザキ,202512,20260213,485890,51932,56305,38148,575646,392608,8138,6390,68.2,10.08,6.81,144890100
6497,ハマイ,202512,20260213,12715,1222,1353,969,22301,17096,395,-,76.7,5.85,4.41,7424140
6533,Orchestraホールディングス,202512,20260213,15768,1442,1385,816,16159,6501,354,3969,40.2,13.4,5.63,10034200
6540,船場,202512,20260213,32831,2305,2349,1515,22138,14589,448,-,65.9,10.74,6.67,10773902
6560,エル・ティー・エス,202512,20260213,17101,1185,1293,696,10031,4648,839,2917,46.3,15.3,6.49,4725085
6561,HANATOUR_JAPAN,202512,20260213,7180,1998,1939,1385,11220,4485,100,220,40,34.79,12.62,12664700
6573,CRAVIA,202512,20260213,546,-282,-301,-258,661,399,443,128,60.4,-73.19,-42.36,45985080
6592,マブチモーター,202512,20260213,200417,25467,35078,26272,370163,334188,20704,1299,90.3,8.04,7.25,260649848
6630,ヤーマン,202512,20260213,17246,-718,-637,-1197,27889,24386,1813,100,87.4,-,-,58348880
6633,CGSホールディングス,202512,20260213,4982,342,388,263,7115,3362,500,-,47.3,8.03,4,9801549
6835,アライドテレシスホールディングス,202512,20260213,49950,4228,3799,2919,48728,21330,10019,3015,43.8,14.32,6.13,105012176
6871,日本マイクロニクス,202512,20260213,70173,16542,17100,12063,99026,66052,5018,6530,66.7,20.85,13.48,40025316
6914,オプテックスグループ,202512,20260213,65878,8153,8000,6595,76939,55709,2798,6454,72.4,12.51,8.81,37735784
7037,テノ.ホールディングス,202512,20260213,18129,631,604,110,10429,1804,455,5574,17.3,6.22,1.09,4701300
7038,フロンティア・マネジメント,202512,20260213,13489,-335,-664,-1106,18434,1692,395,5397,9.2,-51.05,-6.79,11824961
7039,ブリッジインターナショナルグループ,202512,20260213,8564,873,865,536,5641,4692,552,33,83.2,11.83,9.22,3768600
7043,アルー,202512,20260213,3637,354,357,242,2402,1413,365,466,58.8,18.64,11.25,2554400
7044,ピアラ,202512,20260213,15731,40,231,199,4217,572,50,1469,13.6,39.29,4.7,7367300
7048,ベルトラ,202512,20260213,4581,105,99,140,9323,2639,2078,-,28.3,5.45,1.56,36603380
7061,日本ホスピスホールディングス,202512,20260213,14168,849,550,278,18924,3677,477,4718,19.4,7.81,1.49,8452100
7080,スポーツフィールド,202512,20260213,4784,1078,1082,783,3885,2430,93,368,62.5,37.35,23.76,7487040
7082,ジモティー,202512,20260213,1932,549,555,472,2450,1694,308,361,69.1,31.11,22.64,9970826
7093,アディッシュ,202512,20260213,3696,2,18,-1,1315,537,99,286,40.8,-0.23,-0.08,2142470
7115,アルファパーチェス,202512,20260213,58922,1468,1483,1031,19854,6742,644,3,34,16.09,5.39,9906000
7128,ユニソルホールディングス,202512,20260213,159036,3380,4179,1906,117020,72687,5000,873,62.1,2.63,1.6,24298313
7228,デイトナ,202512,20260213,14376,1610,1658,1148,11650,9331,412,851,80.1,12.85,10.17,3616000
7244,市光工業,202512,20260213,117089,5815,7566,6203,129641,79107,9017,-,61,8.32,4.78,96431141
7272,ヤマハ発動機,202512,20260213,2534203,126373,133196,16109,2902584,1132238,86100,1044323,39,1.4,0.57,1018125101
7314,小田原機器,202512,20260213,7672,155,200,96,7296,4156,366,1319,57,2.31,1.12,3208200
7353,KIYOラーニング,202512,20260213,5031,304,303,294,4982,1601,810,450,32.1,20.28,6.29,6876500
7354,ダイレクトマーケティングミックス,202512,20260213,22694,2132,2073,1344,27417,14881,2242,6364,54.3,9.39,5.13,47614836
7358,ポピンズ,202512,20260213,34409,1840,1812,1142,16500,9261,2095,2435,56.1,12.86,6.88,10177300
7362,T.S.I,202512,20260213,4886,40,138,81,5807,1414,378,3577,24.3,5.95,1.53,1533100
7425,初穂商事,202512,20260213,35444,1216,1435,831,22376,10096,885,856,45.1,8.5,3.76,3480660
7531,清和中央ホールディングス,202512,20260213,50026,400,518,348,36262,15978,767,270,44.1,2.2,0.94,3945100
7685,BuySell_Technologies,202512,20260213,100614,9044,8487,5270,54721,20903,2850,23993,38.2,31.88,10.43,61892080
7744,ノーリツ鋼機,202512,20260213,119223,20815,21949,15639,301798,228474,7685,29414,75.7,6.94,5.2,108818916
7776,セルシード,202512,20260213,83,-1046,-1051,-1104,1655,1258,2256,132,76,-64.73,-54.01,38873919
7782,シンシア,202512,20260213,7456,524,514,264,5383,2818,273,1831,52.3,9.57,4.85,6862200
7793,イメージ・マジック,202512,20260213,9402,556,558,329,3508,2055,347,154,58.6,17.03,10.08,2572235
7814,日本創発グループ,202512,20260213,86987,3010,3201,6530,85058,20742,100,48774,24.4,36.18,8.15,51000000
7841,遠藤製作所,202512,20260213,18237,1027,1147,600,27975,23297,1241,95,83.3,2.64,2.2,9441800
7846,パイロットコーポレーション,202512,20260213,126391,16649,17855,12064,179906,145445,2340,4748,80.8,8.46,6.77,37405200
7936,アシックス,202512,20260213,810916,142519,139295,98719,586480,271519,23972,37500,46.3,39.13,17.86,734482236
7944,ローランド,202512,20260213,100952,9412,9022,2168,83477,41078,9641,22160,49.2,4.96,2.63,26580659
7956,ピジョン,202512,20260213,109170,13158,13681,8570,110088,82917,5199,-,75.3,10.45,7.85,121653486
7957,フジコピアン,202512,20260213,8475,-230,-162,-2701,13871,7965,4791,2604,57.4,-29.15,-17.82,1789487
7972,イトーキ,202512,20260213,153682,13685,13739,9382,130724,56709,7351,33990,43.4,17.71,7.47,53382850
7984,コクヨ,202512,20260213,359876,26247,27222,21473,355048,251679,15847,3470,70.9,8.38,5.98,440969852
7986,日本アイ・エス・ケイ,202512,20260213,6064,595,604,418,6572,4629,1090,-,70.4,9.38,6.54,1776000
7992,セーラー万年筆,202512,20260213,4300,-198,-189,-221,4328,1040,4653,1874,24,-19.24,-4.86,29659554
8029,ルックホールディングス,202512,20260213,52117,1759,2086,1474,64042,40456,6476,10810,63.2,3.77,2.35,7796313
8040,東京ソワール,202512,20260213,16112,173,295,236,13934,10488,4049,586,75.3,2.29,1.67,3860000
8165,千趣会,202512,20260213,42071,-2588,-2737,3940,26149,17037,100,300,65.2,25.85,15.17,52056993
8202,ラオックスホールディングス,202512,20260213,57535,69,35,-99,42414,22676,100,2989,53.5,-0.43,-0.23,93335103
8508,Jトラスト,202512,20260213,124265,10902,11633,7939,1319072,161829,90,81173,12.3,4.98,0.61,133515915
8946,ASIANSTAR,202512,20260213,4541,195,184,113,4022,2346,1705,821,58.3,4.95,3.07,23808200
9145,ビーイングホールディングス,202512,20260213,33515,2304,2266,1402,20266,8140,696,5600,40.2,18.4,7.29,24100000
9147,NIPPON_EXPRESSホールディングス,202512,20260213,2574826,51481,41768,2693,2414985,829490,70175,377329,34.3,0.32,0.11,243000000
9160,オンザページ,202512,20260213,22039,2247,1849,1256,36823,10109,30,12370,27.5,13.25,3.51,38173978
9211,エフ・コード,202512,20260213,11937,2344,2115,1451,26741,7544,57,12659,28.2,20.33,5.98,12439400
9213,セイファート,202512,20260213,1928,-113,-109,-180,1473,852,266,-,57.8,-18.61,-11.19,1320800
9218,メンタルヘルステクノロジーズ,202512,20260213,6435,598,438,254,5368,1369,554,2618,25.5,20.61,5.08,10507300
9245,リベロ,202512,20260213,4364,760,765,531,7488,2646,453,-,35.3,21.69,7.98,5406850
9246,プロジェクトホールディングス,202512,20260213,5485,155,144,126,4632,2251,50,1229,48.6,5.61,2.48,5487450
9271,和心,202512,20260213,2783,567,531,706,1865,1240,50,352,66.5,80.18,44.97,6578524
9338,INFORICH,202512,20260213,14431,2053,1988,1779,21874,7639,15,6573,34.9,27.46,8.72,10008415
9345,ビズメイツ,202512,20260213,3491,283,268,197,2675,1909,132,89,71.4,10.75,7.34,3248104
9416,ビジョン,202512,20260213,39012,6465,6466,4522,30172,20866,2937,1932,69.2,23.59,16.32,50938600
9419,ワイヤレスゲート,202512,20260213,8348,171,172,281,4412,1595,933,940,36.2,17.62,6.37,10938574
9539,京葉瓦斯,202512,20260213,117665,3839,4635,3210,178053,101097,2754,31250,56.8,3.26,1.85,32805000
9561,グラッドキューブ,202512,20260213,1755,-33,-37,-31,2174,717,372,606,33,-4.32,-1.43,8436540
9563,Atlas_Technologies,202512,20260213,2280,9,21,22,1944,1677,682,-,86.3,1.32,1.13,7430000
9612,ラックランド,202512,20260213,56574,4033,4151,2081,29740,13047,4742,2323,43.9,18.63,7.54,11366700
9621,建設技術研究所,202512,20260213,101038,9136,9350,5952,96344,66530,3025,1458,69.1,9.3,6.47,28318172
9656,グリーンランドリゾート,202512,20260213,6452,735,716,487,20104,10543,4180,6467,52.4,4.7,2.49,10346683
9672,東京都競馬,202512,20260213,41758,15414,15448,10461,125785,94761,10586,17466,75.3,11.26,8.43,28084854
9702,アイ・エス・ビー,202512,20260213,37020,2314,2384,1435,21610,14522,2410,120,67.2,10.24,6.93,11478497
9704,アゴーラホスピタリティーグループ,202512,20260213,9908,1055,869,1274,20988,5611,8534,8911,26.7,27.34,6.12,281708934
9731,白洋舎,202512,20260213,44625,2397,2601,2133,35305,12762,2410,8974,36.1,18.38,6.27,3900000
9827,リリカラ,202512,20260213,33207,800,727,523,20315,8122,3335,2658,40,6.34,2.57,12662100
9830,トラスコ中山,202512,20260213,320043,22816,22541,15881,308359,186252,5022,80000,60.4,8.82,5.49,66008744
9973,KOZOホールディングス,202512,20260213,19441,-295,-302,-684,5653,372,928,806,6.6,-286.19,-11.74,294621340
130A,Veritas_In_Silico,202512,20260212,91,-396,-390,-425,1884,1783,10,-,94.6,-21.29,-20.57,6487114
1435,robot_home,202512,20260212,24068,1766,1787,1989,15925,11164,10,1321,70.1,19.43,13.64,91127000
146A,コロンビア・ワークス,202512,20260212,37084,6028,5123,3464,66877,17433,2700,46802,26.1,23.46,5.82,7716600
148A,ハッチ・ワーク,202512,20260212,2759,242,260,246,2884,1027,58,439,35.6,27.27,9.26,1918600
1605,INPEX,202512,20260212,2011351,1135440,1173473,393836,7735198,4747158,290809,1244746,61.4,8.23,5.21,1259136067
1724,シンクレイヤ,202512,20260212,10488,351,377,242,9820,6208,835,1483,63.2,3.92,2.29,4743780
2170,リンクアンドモチベーション,202512,20260212,41522,4204,4223,1621,40999,13591,1380,12291,33.1,13.03,4.37,110937011
2195,アミタホールディングス,202512,20260212,4865,435,469,310,7681,2940,483,2668,38.3,11.06,4.34,17556360
2212,山崎製パン,202512,20260212,1311430,61141,64314,40893,931878,459881,11014,95432,49.3,9.38,4.55,220282860
2311,エプコ,202512,20260212,6252,376,481,424,5842,4674,87,500,80,9.1,7.27,9316000
2436,共同ピーアール,202512,20260212,8554,1302,1307,863,6656,4180,555,356,62.8,22.72,13.85,8814992
2587,サントリービバレッジ＆フード,202512,20260212,1715438,148739,146985,88723,2218015,1315949,168384,15456,59.3,7.03,4.15,309000000
2914,日本たばこ産業,202512,20260212,3467675,867038,739786,510175,8419240,4086933,100000,1678688,48.5,12.99,6.08,2000000000
2982,ADワークスグループ,202512,20260212,67531,4987,4149,3315,72062,20544,6347,45761,28.5,16.89,5.03,50550864
3241,ウィル,202512,20260212,14880,1327,1204,664,16494,5409,322,8891,32.8,12.8,4.17,11548000
3252,地主,202512,20260212,76327,8603,7191,7369,146354,49914,6461,84409,34.1,15.6,5.63,21569700
3276,JPMC,202512,20260212,58498,2635,2645,1800,17434,9255,465,759,53.1,19.37,9.95,17725600
334A,ビジュアル・プロセッシング・ジャパン,202512,20260212,1374,260,248,176,1708,1285,207,-,75.2,17.03,12.5,3323800
3649,ファインデックス,202512,20260212,6109,1790,1840,1256,6807,5441,254,-,79.9,22.75,18.62,26608800
3656,KLab,202512,20260212,6856,-1304,-1421,-4176,13273,10202,8613,225,76.9,-40.62,-28.74,79860600
3659,ネクソン,202512,20260212,475102,124012,140451,92052,1410188,1057544,58191,-,75,8.87,6.9,792711875
3671,ソフトマックス,202512,20260212,6928,740,794,573,9129,3925,448,2477,43,15.4,6.88,24050800
3673,ブロードリーフ,202512,20260212,20815,2062,1854,1240,41424,24271,7147,4456,58.6,5.23,3.05,97896800
3744,サイオス,202512,20260212,19059,401,497,320,8662,1752,1481,-,20.2,20.08,3.82,8874400
3901,マークラインズ,202512,20260212,5570,2095,2146,1519,8808,6535,372,-,74.2,23.1,17.3,13228800
3997,トレードワークス,202512,20260212,5052,259,258,56,4015,1784,582,1079,44.4,3.66,1.62,41042000
4045,東亞合成,202512,20260212,162312,14180,15067,12766,289105,214808,20886,20635,74.3,5.97,4.5,108000000
4060,rakumo,202512,20260212,1830,428,428,272,4170,1869,400,1216,44.8,15.56,7.55,5835200
415A,GMO_TECHホールディングス,202512,20260212,6923,519,479,1539,5725,3999,100,166,69.9,38.48,26.88,1625626
4192,スパイダープラス,202512,20260212,4895,-10,-40,-17,4162,2662,2513,836,64,-0.64,-0.41,35522200
4221,大倉工業,202512,20260212,86658,6185,6428,3815,103043,63099,8619,6732,61.2,6.1,3.7,12414870
4258,網屋,202512,20260212,5936,1051,1048,751,6940,2829,65,931,40.8,30.28,12.16,8830400
4293,セプテーニ・ホールディングス,202512,20260212,30309,4238,4718,3491,96344,66549,18430,-,69.1,5.12,3.6,211389654
4344,ソースネクスト,202512,20260212,9274,-1308,-1243,-2128,14544,5578,4009,4732,38.4,-,-,139115100
4374,ROBOT_PAYMENT,202512,20260212,3256,774,789,542,8514,1275,244,-,15,44.98,7.17,3842174
4377,ワンキャリア,202512,20260212,7576,2128,2139,1500,7986,5516,54,100,69.1,27.19,18.78,18368940
4428,シノプス,202512,20260212,2040,309,311,217,2438,1898,429,-,77.9,11.85,9.43,6259000
4477,BASE,202512,20260212,20729,1686,1644,1826,57803,14602,8847,896,25.3,13.01,3.51,117931657
4633,サカタインクス,202512,20260212,257668,15226,15364,11609,225864,119158,7472,29896,52.8,10.03,5.19,54172361
4641,アルプス技研,202512,20260212,52649,5397,5543,3981,29311,20374,2347,210,69.5,20.38,13.87,20746675
4755,楽天グループ,202512,20260212,2496575,14382,-29550,-177886,28804400,992402,459508,5569622,3.4,-18.53,-0.64,2173696300
4776,サイボウズ,202512,20260212,37430,10101,10325,7081,30140,17810,613,35,59.1,48.1,27.65,52757800
4784,GMOインターネット,202512,20260212,78548,8224,8345,5563,51528,13687,500,5504,26.6,58.98,17.98,304698528
478A,フツパー,202512,20260212,1256,396,385,304,2355,2070,826,57,87.9,25.51,21.47,10162500
4811,ドリーム・アーツ,202512,20260212,5654,974,1073,757,5311,2916,569,-,54.9,28.98,15.08,12163800
4812,電通総研,202512,20260212,164865,22888,23618,16365,165055,100159,8180,-,60.7,17.1,10.48,195547440
4881,ファンペップ,202512,20260212,-,-1648,-1633,-1911,1980,1441,3716,-,72.8,-96.05,-75.09,44846700
4883,モダリス,202512,20260212,-,-2211,-2148,-2152,2964,2756,1728,-,93,-68.5,-64.67,92354098
4896,ケイファーマ,202512,20260212,-,-916,-920,-993,2939,1265,10,1500,43,-56.37,-37.53,11622600
4912,ライオン,202512,20260212,422092,36368,39433,27587,528596,322727,34433,-,61.1,8.95,5.38,279782746
4922,コーセーホールディングス,202512,20260212,330193,18467,21463,15114,393454,284193,4848,799,72.2,5.43,3.89,60592541
4979,OATアグリオ,202512,20260212,31950,3450,3583,2327,37308,18811,461,9174,50.4,13.39,6.47,11072000
5110,住友ゴム工業,202512,20260212,1207061,82584,77789,50379,1459932,716080,42658,322051,49,7.34,3.6,263043057
5139,オープンワーク,202512,20260212,4653,1199,1201,837,8406,6868,1649,-,81.7,12.56,10.7,21343600
5301,東海カーボン,202512,20260212,322960,25850,26312,20078,664033,318358,20436,198111,47.9,6.61,3.08,224943104
5563,新日本電工,202512,20260212,77277,5161,2703,1418,93414,71025,11120,9978,76,1.96,1.45,137386472
5590,ネットスターズ,202512,20260212,4788,293,443,485,38354,7633,4489,-,19.9,6.58,1.31,16890800
5851,リョービ,202512,20260212,309111,12665,14620,11182,343734,179469,18472,74741,52.2,6.45,3.3,31809471
5997,協立エアテック,202512,20260212,11923,597,645,460,15701,9836,1683,1950,62.6,4.87,2.95,6000000
6063,日本エマージェンシーアシスタンス,202512,20260212,3714,96,103,101,3813,1859,312,1080,48.8,5.59,2.65,2519600
6078,バリューHR,202512,20260212,10068,883,957,629,18219,6876,2035,5013,37.7,9.29,3.49,27396600
6250,やまびこ,202512,20260212,174020,19722,19537,14444,169475,119965,6000,14487,70.8,12.71,8.88,44108428
6268,ナブテスコ,202512,20260212,307912,20726,21656,15695,463991,271932,10000,44985,58.6,5.79,3.45,118064699
6278,ユニオンツール,202512,20260212,40165,8728,8136,6114,88202,79998,2998,-,90.7,7.99,7.32,19780000
6326,クボタ,202512,20260212,3018891,265470,282140,186687,6204909,2622985,84130,2242079,42.3,7.32,3.05,1138716846
6383,ダイフク,202512,20260212,660724,100816,104649,78096,754211,451547,31865,61380,59.9,18.38,10.82,379830231
6425,ユニバーサルエンターテインメント,202512,20260212,122827,-3228,-18497,-231425,373634,129687,98,133416,34.7,-92.68,-45.99,80195000
6440,JUKI,202512,20260212,88761,2662,1412,1399,120594,32325,18044,65566,26.8,4.4,1.06,29874179
6481,THK,202512,20260212,240444,14436,15746,-69891,472992,261333,34606,123205,55.3,-21.67,-13.44,119099803
6498,キッツ,202512,20260212,176682,15454,16071,11465,184325,118157,21207,33892,64.1,10.12,6.43,87565611
6524,湖北工業,202512,20260212,17454,4624,4547,2992,28319,23441,350,-,82.8,12.77,10.5,26000000
6537,WASHハウス,202512,20260212,2529,19,63,10,4390,1743,996,1004,39.7,0.58,0.24,6925400
6653,正興電機製作所,202512,20260212,31380,2615,3126,2036,34715,18089,3323,978,52.1,11.99,6.26,13908595
6748,星和電機,202512,20260212,25385,1648,1741,1232,30222,19059,3648,3537,63.1,6.79,4.07,13238700
6856,堀場製作所,202512,20260212,333081,53040,54226,37090,518279,347982,12011,66483,67.1,11.21,7.42,42233252
6915,千代田インテグレ,202512,20260212,38042,2972,3279,2624,50311,40284,2331,1020,80.1,6.41,5.16,9628929
7081,コーユーレンティア,202512,20260212,34701,3005,2999,1937,20533,12576,992,-,61.2,16.43,9.97,11122600
7347,マーキュリアホールディングス,202512,20260212,7216,2515,2554,1684,23468,17985,4073,684,76.6,9.49,7.56,21549900
7359,東京通信グループ,202512,20260212,6219,195,665,230,3671,766,613,1670,20.9,35.36,6.2,10074422
7613,シークス,202512,20260212,289491,8853,9232,2488,207862,103234,2144,39747,49.7,2.44,1.17,50400000
7625,グローバルダイニング,202512,20260212,13660,688,660,307,11166,5608,49,2237,50.2,5.63,2.87,10421300
7716,ナカニシ,202512,20260212,81179,14089,16933,-2398,160155,113679,867,26772,71,-2.05,-1.51,92218200
7833,アイフィスジャパン,202512,20260212,6956,851,854,556,7164,5945,382,-,83,9.57,7.93,10242000
7849,スターツ出版,202512,20260212,8143,1756,1876,1377,12902,10772,540,-,83.5,13.41,11.07,3840000
7915,NISSHA,202512,20260212,194898,4040,3551,1001,250120,115317,12119,62492,46.1,0.87,0.4,48016100
7976,三菱鉛筆,202512,20260212,89814,9692,10028,6235,183005,138526,4497,14901,75.7,4.67,3.46,60042592
8113,ユニ・チャーム,202512,20260212,945268,101979,105386,65212,1223176,794705,15993,11055,65,8.32,5.3,1862502957
8804,東京建物,202512,20260212,474586,95763,78187,58879,2272720,591024,92451,1343874,26,10.45,2.7,207978574
8914,エリアリンク,202512,20260212,26418,5470,5191,3704,64080,29228,6111,24732,45.6,13.23,6.17,51763600
9173,東海汽船,202512,20260212,14288,523,445,368,20744,5276,1100,10265,25.4,7.32,1.7,2200000
9337,トリドリ,202512,20260212,5372,707,701,437,6773,1810,94,2409,26.7,27.07,7.53,3302820
9441,ベルパーク,202512,20260212,129301,5880,6017,4128,43597,26950,1148,50,61.8,13.51,8.76,12240712
9449,GMOインターネットグループ,202512,20260212,285626,57170,52837,16102,2272458,101525,5000,602273,4.5,17.14,0.73,107349121
9622,スペース,202512,20260212,71511,4830,4879,3770,45133,34845,3395,52,77.2,11.18,8.76,26600319
9722,藤田観光,202512,20260212,82004,13795,13704,9292,98834,36818,100,27655,37.3,29.75,9.64,61037120
9755,応用地質,202512,20260212,76285,4108,4953,4331,108515,77920,16174,3734,71.8,5.56,4.02,24322000
1994,高橋カーテンウォール工業,202512,20260210,7338,112,186,190,12628,10796,100,526,85.5,1.76,1.43,9553011
2211,不二家,202512,20260210,119558,2840,3609,2031,106366,60634,18280,15960,57,3.43,2.06,25784659
2418,ツカダ・グローバルホールディング,202512,20260210,73095,9540,7494,4768,140138,37212,472,77720,26.6,13.73,3.79,48960000
2489,アドウェイズ,202512,20260210,12219,297,607,252,22295,13492,1717,-,60.5,1.87,1.12,42006000
2533,オエノンホールディングス,202512,20260210,87630,4136,4291,3102,59235,26183,6946,2550,44.2,12.45,5.4,65586196
3105,日清紡ホールディングス,202512,20260210,502339,26401,29327,13920,667817,287322,27841,179591,43,5,2.07,169328839
3261,グランディーズ,202512,20260210,3416,12,28,-3,5548,2686,462,2244,48.4,-0.11,-0.06,4100874
3405,クラレ,202512,20260210,808447,58882,51515,7468,1303511,742621,88955,284919,57,0.99,0.58,307963603
3436,SUMCO,202512,20260210,409670,1342,-3886,-11751,1127966,578379,199034,353453,51.3,-2.01,-1.02,350175139
3449,テクノフレックス,202512,20260210,26025,3919,3924,3123,38995,25688,1000,6677,65.9,12.73,8.34,21360000
3633,GMOペパボ,202512,20260210,10959,932,1229,878,11320,2798,262,500,24.7,33.85,7.72,5468700
3695,GMOプロダクトプラットフォーム,202512,20260210,6818,340,323,155,9456,2435,299,646,25.8,6.84,2.49,4446357
3788,GMOグローバルサイン・ホールディングス,202512,20260210,20670,1475,1435,1005,18963,10328,916,2352,54.5,10.16,5.43,11693000
3948,光ビジネスフォーム,202512,20260210,7743,202,280,151,11555,9371,798,-,81.1,1.61,1.33,5815294
4013,勤次郎,202512,20260210,5370,1521,1525,1013,13733,10249,4099,1872,74.6,10.33,7.63,20840000
410A,GMOコマース,202512,20260210,2459,523,508,342,4038,2776,1103,-,68.7,20.58,11.59,5530536
4171,グローバルインフォメーション,202512,20260210,2567,318,342,232,3168,2520,175,-,79.5,9.3,7.33,2969000
4284,ソルクシーズ,202512,20260210,17359,1397,1413,839,12447,6578,1494,2084,52.8,11.79,6.79,26820594
4356,応用技術,202512,20260210,7454,1199,1278,914,8230,6252,600,-,76,15.54,11.9,5716800
4563,アンジェス,202512,20260210,874,-5145,-5288,-5123,5405,2984,40228,-,55.2,-203.46,-101.72,396334550
4572,カルナバイオサイエンス,202512,20260210,579,-2074,-2144,-2171,1229,309,14,689,25.1,-155.96,-108.52,19196700
4583,カイオム・バイオサイエンス,202512,20260210,593,-979,-989,-982,1727,1108,1085,261,64.2,-65.08,-46.82,72651300
4642,オリジナル設計,202512,20260210,8515,921,934,541,11956,7898,1093,1787,66.1,6.85,4.52,7396800
4772,SM_ENTERTAINMENT_JAPAN,202512,20260210,10195,173,194,375,14532,7240,50,-,49.8,5.3,2.59,115904831
4911,資生堂,202512,20260210,969992,-28788,-27715,-40680,1267256,600757,64506,211617,47.4,-6.6,-3.13,400000000
4967,小林製薬,202512,20260210,165742,14923,16995,3656,275329,210206,3450,-,76.3,1.73,1.35,78050000
5302,日本カーボン,202512,20260210,37735,4809,5103,4830,85607,54394,7402,10331,63.5,9.08,5.75,11832504
5542,新報国マテリアル,202512,20260210,5540,466,540,401,7725,5806,175,1100,75.2,7.02,5.17,7020000
5816,オーナンバ,202512,20260210,44441,2600,2441,1514,42051,27756,2323,2073,66,5.62,3.7,12558251
5842,インテグラル,202512,20260210,13649,9256,9264,6077,83303,62423,7634,3407,74.9,10.12,7.49,34975000
5943,ノーリツ,202512,20260210,202049,4300,5544,3358,237119,139851,20167,6273,59,2.47,1.46,48554930
5957,日東精工,202512,20260210,50238,3431,3409,2152,57673,36310,3522,2676,63,6.1,3.8,39985017
6141,DMG森精機,202512,20260210,514976,18974,28158,24033,868965,340484,71804,125676,39.2,7.34,2.88,142325934
6180,GMOメディア,202512,20260210,7115,901,896,646,6311,3133,761,19,49.6,21.81,10.61,1868839
6302,住友重機械工業,202512,20260210,1066881,51482,47311,30937,1320527,681666,30872,252703,51.6,4.68,2.4,122905481
6395,タダノ,202512,20260210,349477,18552,15096,18298,458529,205861,13021,140417,44.9,9.27,4.25,129500355
6459,大和冷機工業,202512,20260210,46919,7477,7444,5076,93543,70549,9907,-,75.4,7.31,5.43,51717215
6612,バルミューダ,202512,20260210,10115,-866,-904,-1596,4659,2810,37,769,60.3,-44.59,-29.44,8526200
6627,テラプローブ,202512,20260210,41746,8893,8750,3367,100572,40475,11823,29049,40.2,8.65,3.83,9282500
6870,日本フェンオール,202512,20260210,12909,1056,1144,1247,19228,14607,996,622,76,8.85,6.44,5893000
7172,ジャパンインベストメントアドバイザー,202512,20260210,38738,18884,16625,10542,293632,73494,16887,179556,25,15.02,3.92,61022353
7309,シマノ,202512,20260210,466243,51677,47029,33991,938250,868256,35613,-,92.5,3.88,3.58,86530000
7963,興研,202512,20260210,11857,1271,1220,885,22443,13797,674,5776,61.5,6.6,4.09,5104003
7989,立川ブラインド工業,202512,20260210,42623,4411,4629,3239,67735,56353,4475,-,83.2,5.92,4.92,20763600
9339,コーチ・エィ,202512,20260210,3501,211,202,98,4468,3178,617,-,71.1,3.14,2.22,2366722
9343,アイビス,202512,20260210,5005,1201,1215,848,4187,2839,411,68,67.8,29.87,20.25,18419030
9543,静岡ガス,202512,20260210,201207,14072,14769,10048,195873,131295,6279,17982,67,8.06,5.49,76192950
2268,B-Rサーティワンアイスクリーム,202512,20260209,34285,2768,2861,1770,31803,14981,735,2033,47.1,12.37,6.09,9644554
2461,ファンコミュニケーションズ,202512,20260209,7096,1965,2014,1307,22927,17549,1189,-,76.5,7.35,5.65,66310429
3944,古林紙工,202512,20260209,17865,433,471,315,20370,9997,2151,3078,49.1,3.25,1.54,1776820
4025,多木化学,202512,20260209,41977,3163,3780,3277,65653,42888,2147,958,65.3,8.11,5.28,9458768
4072,電算システムホールディングス,202512,20260209,68131,3624,3843,2896,69112,24637,2503,629,35.6,12.4,4.43,10800677
4151,協和キリン,202512,20260209,496826,86154,87221,67040,1107860,893332,26745,-,80.6,7.69,6.16,525634500
4186,東京応化工業,202512,20260209,237029,47386,49274,33345,335292,227637,14640,26483,67.9,15.58,10.8,127800000
4415,ブロードエンタープライズ,202512,20260209,7413,977,770,416,10768,1626,80,6105,15.1,29.38,4.44,6145000
5015,ビーピー・カストロール,202512,20260209,14689,1561,1640,1050,12986,10076,1491,-,77.6,10.46,7.95,22975189
6031,ZETA,202512,20260209,1858,396,369,231,2984,916,96,1747,30.7,26.45,8.05,25768600
6328,荏原実業,202512,20260209,41211,6121,6316,4384,48385,27941,1001,1523,57.7,17.06,9.59,25860000
6853,共和電業,202512,20260209,16272,1385,1458,1033,23744,18214,1723,400,76.7,5.68,4.32,25961100
8996,ハウスフリーダム,202512,20260209,16928,1114,967,658,17006,3859,328,11750,22.7,18.2,3.97,4110000
9768,いであ,202512,20260209,24616,3186,3366,2381,37838,30711,3173,300,81.2,8.01,6.32,7499025
1897,金下建設,202512,20260206,8837,99,332,236,23650,19453,1000,-,82.3,1.24,1.04,3806660
2193,クックパッド,202512,20260206,5336,264,1098,741,14102,12897,50,-,91.5,5.59,5.09,78807900
2573,北海道コカ・コーラボトリング,202512,20260206,59086,2626,2580,1670,54250,43368,2935,-,79.9,3.91,3.15,13607996
2702,日本マクドナルドホールディングス,202512,20260206,416602,53257,52051,33909,364473,280467,24113,-,77,12.71,9.67,132960000
3776,ブロードバンドタワー,202512,20260206,15289,811,909,300,19182,8768,3478,2364,45.7,3.45,1.54,61905500
3998,すららネット,202512,20260206,1932,65,73,-3,2481,2191,298,-,88.3,-0.14,-0.12,6694764
4189,KHネオケム,202512,20260206,115098,11248,10793,7799,130101,69676,8855,16949,53.6,11.24,5.96,37149400
4351,山田再生系債権回収総合事務所,202512,20260206,2280,74,96,71,5797,3369,1084,1186,58.1,2.11,1.14,4268000
4588,オンコリスバイオファーマ,202512,20260206,28,-2024,-2051,-2058,4555,3992,4366,299,87.6,-61.1,-53.09,29302700
5201,AGC,202512,20260206,2058832,130677,124758,69162,2950077,1485127,90873,646463,50.3,4.74,2.37,217434681
5214,日本電気硝子,202512,20260206,311402,34131,37740,29616,701413,492371,32155,97394,70.2,6.07,4.24,89523246
6817,スミダコーポレーション,202512,20260206,147194,7439,4830,3618,163656,61930,13631,56381,37.8,6.01,2.32,33146617
6929,日本セラミック,202512,20260206,27325,6228,7047,7004,56359,47594,10994,-,84.4,14.37,12.21,27231257
7740,タムロン,202512,20260206,85071,16638,16699,11761,106046,85911,6923,1045,81,13.98,11.3,170800000
8929,青山財産ネットワークス,202512,20260206,41785,3858,3756,2750,26278,11659,1271,6212,44.4,25.66,11.3,25125059
9757,船井総研ホールディングス,202512,20260206,33330,8813,8841,6526,34493,24970,3125,284,72.4,26.51,19.8,100000000
4012,アクシス,202512,20260205,8134,888,917,642,5404,4076,74,-,75.4,16.81,12.62,4394000
4107,伊勢化学工業,202512,20260205,39258,9484,9252,6498,51015,40070,3599,500,78.5,17.18,13.5,51351350
4452,花王,202512,20260205,1688633,164069,169846,120081,1875054,1064077,85424,131658,56.7,11.27,6.42,453600000
4582,シンバイオ製薬,202512,20260205,1307,-4440,-4647,-4776,3867,925,19244,1982,23.9,-198.75,-108.12,72238910
4722,フューチャー,202512,20260205,75993,16176,16672,11712,97491,62755,4000,14999,64.4,19.81,12.36,95328000
6723,ルネサスエレクトロニクス,202512,20260205,1321212,201166,-30275,-51763,4177163,2443034,153209,1206567,58.5,-2.08,-1.19,1870614885
6769,ザインエレクトロニクス,202512,20260205,4639,-342,-403,-334,9665,8737,1175,-,90.4,-3.69,-3.34,12340100
7609,ダイトロン,202512,20260205,103142,7010,7156,4923,79295,35541,2200,258,44.8,14.37,6.46,21266698
3566,ユニフォームネクスト,202512,20260204,9856,754,760,517,5356,3846,371,308,71.8,14.35,10.04,10123178
6099,エラン,202512,20260204,55448,4272,4184,2767,26232,14443,573,764,55.1,20.54,11.57,60600000
7177,GMOフィナンシャルホールディングス,202512,20260204,49518,15866,15257,10448,1406809,52847,705,241327,3.8,20.7,0.75,122091903
3064,MonotaRO,202512,20260203,333880,46192,46057,32434,193243,122504,2048,13109,63.4,28.68,19.18,501361000
2811,カゴメ,202512,20260202,294264,22638,21118,14800,375820,190559,19985,82499,50.7,7.87,4.01,91132844
3914,JIG-SAW,202512,20260202,3625,549,600,418,5292,3257,351,699,61.5,13.25,8.24,6751000
4746,東計電算,202512,20260202,20835,6270,7299,5374,63235,50353,1370,-,79.6,11.87,9.52,18700000
4768,大塚商会,202512,20260202,1322791,89943,91525,64303,729200,394324,10374,6000,54.1,16.81,9.17,380004240
2491,バリューコマース,202512,20260130,24169,1971,1481,487,16142,12181,1728,-,75.5,3.89,2.73,34471000
4248,竹本容器,202512,20260130,14491,991,1068,771,16827,12019,803,1696,71.4,6.52,4.4,12529200
6663,太洋テクノレックス,202512,20260130,3751,142,158,136,4570,2669,822,570,58.4,5.26,2.98,6062400
7422,東邦レマック,202512,20260130,4547,-120,-99,17,6705,4521,961,1529,67.4,0.37,0.27,5120700
3003,ヒューリック,202512,20260129,727447,186826,172927,114334,3506068,913280,111609,2211252,26,13.09,3.49,767907735
3912,モバイルファクトリー,202512,20260129,3427,1121,1145,488,3979,3082,504,-,77.5,15.04,11.91,7925495
4099,四国化成ホールディングス,202512,20260129,70705,10869,11921,8459,144403,93795,6867,24352,65,9.55,6.04,44869563
4519,中外製薬,202512,20260129,1257941,598833,597807,434012,2468595,2025732,73202,-,82.1,22.1,18.56,1679057667
5819,カナレ電気,202512,20260129,13114,1582,1677,1200,21075,19048,1047,-,90.4,6.48,5.9,7028060
6858,小野測器,202512,20260129,13629,588,679,395,21783,16238,7134,1130,74.5,2.48,1.83,12200000
7751,キヤノン,202512,20260129,4624727,455390,482059,332053,6135044,3491808,174762,816109,56.9,9.66,5.58,1333763464
8060,キヤノンマーケティングジャパン,202512,20260128,679799,58188,59839,41458,564426,412785,73303,2798,73.1,10.42,7.61,222159944
2408,KG情報,202512,20260126,2736,440,460,335,6889,6021,1010,-,87.4,5.62,4.92,7398000
6866,日置電機,202512,20260123,40531,6791,7106,5457,51492,43956,3299,-,85.4,13.03,10.95,14024365
3091,ブロンコビリー,202512,20260120,30219,2930,3025,1969,26715,21650,2210,55,81,9.46,7.69,15079000
5341,ASAHI_EITOホールディングス,202511,20260119,4336,-272,-286,-340,2573,907,2553,685,35.3,-36.7,-13.27,7624419
9250,GRCS,202511,20260119,3333,-67,-97,-527,1713,-135,50,733,-,-,-28.99,1515130
6217,津田駒工業,202511,20260116,35447,-79,-218,-262,29361,2847,12316,12129,9.7,-9.42,-0.88,6807555
6634,JNグループ,202511,20260116,3562,-223,-250,-728,134712,2912,10,4197,2.2,-20.12,-1.04,49588342
7083,AHCグループ,202511,20260116,6660,108,127,1,6083,1179,67,4188,19.4,0.08,0.02,2135870
7501,ティムコ,202511,20260116,3219,-98,-85,-128,5463,4366,1079,-,79.9,-2.88,-2.33,3339995
9647,協和コンサルタンツ,202511,20260116,8441,917,925,610,8348,4418,1000,1000,52.9,14.82,7.74,586100
3201,日本毛織,202511,20260115,119377,11913,12967,9090,189756,131654,6465,14243,69.4,7.14,4.92,74278858
7879,ノダ,202511,20260115,64686,-47,-29,-829,72807,34058,2141,11303,46.8,-2.45,-1.13,17339200
138A,光フードサービス,202511,20260114,2861,225,221,102,2652,1310,411,830,49.4,7.98,4.03,992000
2471,エスプール,202511,20260114,26029,2418,2123,1444,41667,10213,372,8861,24.5,14.4,3.55,79007500
2493,イーサポートリンク,202511,20260114,6470,141,157,146,6106,3707,2721,653,60.7,4.04,2.53,4424800
2809,キユーピー,202511,20260114,513417,34628,37389,30506,480531,324064,24104,17202,67.4,9.74,6.47,141500000
280A,TMH,202511,20260114,8628,355,338,249,2770,1424,299,342,51.4,17.49,8.99,3698100
3077,ホリイフードサービス,202511,20260114,3220,149,159,180,3482,1031,100,1522,29.6,-,-,6930000
3089,テクノアルファ,202511,20260114,4522,586,603,412,3329,2313,100,300,69.5,19.31,12.99,2316000
3139,ラクト・ジャパン,202511,20260114,182816,5947,5796,4317,90209,32415,1209,36598,35.9,14.4,5.03,10050200
3266,ファンドクリエーショングループ,202511,20260114,5842,581,501,327,7315,3305,1180,3377,45.2,10.28,4.98,37686371
3267,フィル・カンパニー,202511,20260114,8233,588,569,398,9940,3305,789,2958,33.2,12.7,4.57,5744900
3547,ユニシアホールディングス,202511,20260114,21091,1185,1236,744,9686,4092,306,1879,42.2,22.68,8.74,11061399
3907,シリコンスタジオ,202511,20260114,4303,147,148,206,2802,1854,466,338,66.2,11.76,7.96,2973900
3994,マネーフォワード,202511,20260114,50349,-2653,-3877,1587,127567,40863,27836,33848,32,4.16,1.36,55701814
4016,MITホールディングス,202511,20260114,5117,169,162,94,2106,723,293,725,34.3,13.56,4.13,2129400
4197,アスマーク,202511,20260114,4416,280,289,199,2526,1581,166,-,62.6,12.59,7.88,1157600
4361,川口化学工業,202511,20260114,8814,426,404,298,8868,3133,610,3514,35.3,9.91,3.43,1220000
4616,川上塗料,202511,20260114,5932,54,96,72,8674,3334,500,1904,38.4,2.2,0.84,1000000
4673,川崎地質,202511,20260114,12708,665,737,620,11956,5248,819,3421,43.9,12.68,5.71,1057980
469A,フィットクルー,202511,20260114,2920,274,267,249,1868,599,48,447,32.1,52.48,13.5,1086090
5250,GMOプライム・ストラテジー,202511,20260114,887,143,144,107,1606,1422,453,61,88.5,7.55,6.6,3558400
5527,property_technologies,202511,20260114,50909,2041,1684,1082,43570,8390,307,31166,19.3,13.64,2.57,12455253
5942,日本フイルコン,202511,20260114,27842,668,944,-726,42957,22184,2685,11598,51.6,-3.23,-1.68,22167211
6474,不二越,202511,20260114,235903,9773,8370,5250,331295,170598,16074,83212,51.5,3.19,1.58,24919343
6664,オプトエレクトロニクス,202511,20260114,6772,-254,-421,-226,11346,5169,942,5261,45.6,-4.49,-1.82,15000000
7074,トゥエンティーフォーセブンホールディングス,202511,20260114,2094,-177,-176,-209,1072,83,172,45,7.7,-251.81,-19.5,8486200
7388,FPパートナー,202511,20260114,32104,2984,3153,2042,18401,11818,1955,1116,64.2,17.27,11.06,23270500
7997,くろがね工作所,202511,20260114,6342,-122,-7,403,8546,4848,2998,895,56.7,8.55,4.85,1857113
8923,トーセイ,202511,20260114,94688,22336,20631,14754,307427,102805,6624,182639,33.4,15.26,5.05,97367600
9215,CaSy,202511,20260114,1922,50,60,46,703,274,50,211,39,16.79,6.54,1892000
9837,モリト,202511,20260114,56867,3333,3624,2916,55498,39832,3532,2689,71.8,7.37,5.4,26800000
9972,アルテック,202511,20260114,17551,24,-126,-2594,14873,8392,5527,3034,56.4,-26.24,-15.1,15153000
228A,オプロ,202511,20260113,2552,331,337,241,2783,1325,485,-,47.6,20.05,9.49,2338150
2734,サーラコーポレーション,202511,20260113,251533,7381,9927,5870,218345,91715,8025,60277,42,6.68,2.79,66041147
2975,スター・マイカ・ホールディングス,202511,20260113,69158,7314,6156,4184,115462,29610,831,80740,25.6,15.2,3.83,34755900
3377,バイク王＆カンパニー,202511,20260113,38574,585,829,327,13043,7017,590,2060,53.8,4.84,2.56,15315600
4992,北興化学工業,202511,20260113,49125,4913,6083,4452,77600,52900,3214,1000,68.2,8.99,6.23,27485531
5243,note,202511,20260113,4141,256,262,440,6145,2821,84,682,45.9,19.45,8.88,19317800
5246,ELEMENTS,202511,20260113,3895,-215,-301,-700,7239,3202,10,2725,44.2,-26.37,-11.52,27194514
6558,クックビズ,202511,20260113,2860,-374,-390,-404,3618,1043,762,2028,28.8,-32.45,-10.96,2795041
7360,オンデック,202511,20260113,864,-221,-219,-151,1158,953,372,35,82.3,-15.84,-13.04,2863500
8095,アステナホールディングス,202511,20260113,62744,3017,2910,2187,75441,27099,4629,22445,35.9,8.37,3.12,41182421
9558,ジャパニアス,202511,20260113,12084,982,1078,765,5786,3379,23,300,58.4,24,14.25,4013400
9720,ホテル、ニューグランド,202511,20260113,6529,303,270,201,8855,3721,100,2417,42,5.54,2.32,1181448
3192,白鳩,202511,20260109,4208,-131,-149,314,5786,2520,1196,2258,43.6,-,-,6669700
3454,ファーストブラザーズ,202511,20260109,19063,5295,4433,1749,89832,26143,100,56483,29.1,6.87,1.95,14445000
4394,エクスモーション,202511,20260109,1386,189,194,127,1857,1669,454,-,89.9,7.77,7.01,3025500
9313,丸八倉庫,202511,20260109,4931,497,480,311,20446,12813,2527,5516,62.7,2.49,1.58,7300000
4187,大阪有機化学工業,202511,20260108,36265,6187,6557,6887,63713,49701,3600,1337,78,14.48,11.14,22410038
6136,オーエスジー,202511,20260108,160619,20330,22354,14334,267699,180812,13044,44956,67.5,8.25,5.46,96145417
9369,キユーソー流通システム,202511,20260108,202602,5644,4820,2648,136573,45291,4063,43540,33.2,6.01,1.98,25355800
3186,ネクステージ,202511,20260105,652072,19597,18485,12811,226777,79195,8183,96218,34.9,16.87,5.71,80905100
9872,北恵,202511,20251226,58977,713,906,551,27849,14058,2220,-,50.5,3.96,1.94,10011841
7965,象印マホービン,202511,20251225,91151,7436,8300,5980,118332,88713,4022,-,75,6.83,5.13,72600000
2315,CAICA_DIGITAL,202510,20251219,5195,70,76,166,4287,3610,50,-,84.2,6.3,4.95,181081018
1383,ベルグアース,202510,20251215,7303,-32,-28,48,6058,2116,729,2376,34.9,2.3,0.82,1613580
1840,土屋ホールディングス,202510,20251215,31456,-122,-95,-93,26989,13041,7114,3000,48.3,-0.72,-0.34,25775118
2345,HODL_1,202510,20251215,26,-488,-453,-1365,533,420,109,-,78.8,-150.25,-3.14,18608733
3195,ジェネレーションパス,202510,20251215,16552,114,178,161,4629,1880,627,1230,40.6,8.85,3.52,8325240
3248,アールエイジ,202510,20251215,3289,506,404,280,15186,4727,167,9685,31.1,6.03,1.89,3181000
3475,グッドコムアセット,202510,20251215,54581,2935,2586,1521,46289,14198,1596,27797,30.7,10.81,3.55,30543200
3491,GA_technologies,202510,20251215,248947,7095,6179,3890,82370,30838,9962,22480,37.4,14.49,4.88,41053315
3804,システムディ,202510,20251215,5032,938,943,627,7360,5007,484,192,68,13.18,8.76,19494000
442A,クラシコ,202510,20251215,3631,164,138,169,2405,1413,836,473,58.8,17.05,7.82,2070390
4627,ナトコ,202510,20251215,22275,1398,1509,1137,31026,24417,1626,-,78.7,4.74,3.74,8144400
4666,パーク24,202510,20251215,406168,37561,34157,15917,354376,98145,32739,140181,27.7,18.06,4.9,171048369
5136,tripla,202510,20251215,2573,519,583,501,19729,1630,869,1015,8.3,37.14,3.27,5935832
6838,多摩川ホールディングス,202510,20251215,5587,278,231,268,11276,5463,2710,3706,48.4,5.29,2.54,8394800
7034,プロレド・パートナーズ,202510,20251215,12302,4945,4947,205,14425,6796,12,776,47.1,3.13,1.49,11207700
7983,ミロク,202510,20251215,12518,-24,211,-2525,21869,10747,863,7160,49.1,-20.98,-11.35,3005441
8894,REVOLUTION,202510,20251215,34570,-4150,-3434,-17232,46802,1158,100,11690,2.5,-176.48,-35.01,146678357
8917,ファースト住建,202510,20251215,42883,2490,2352,1435,61786,40683,1584,14259,65.8,3.57,2.33,16901900
9251,AB＆Company,202510,20251215,19378,1630,1489,893,27077,8997,211,7977,33.2,10.22,3.45,15247114
9279,ギフトホールディングス,202510,20251215,35878,3367,3374,2185,22012,10343,869,5801,47,23.35,11.17,20048101
9425,ReYuu_Japan,202510,20251215,6259,-163,-189,-225,2268,1335,397,635,58.9,-20.45,-10.83,7106900
212A,フィットイージー,202510,20251212,9731,2311,2318,1528,10063,5880,1356,427,58.4,34.51,19.19,16694240
2373,ケア21,202510,20251212,48158,784,543,384,31030,4422,100,9353,14.3,8.41,1.22,14844000
3038,神戸物産,202510,20251212,551701,39878,48081,31878,260193,157373,500,30134,60.5,22.23,12.92,273600000
3121,マーチャント・バンカーズ,202510,20251212,3383,285,-31,-85,15440,4652,3573,10493,30.1,-1.93,-0.53,31806190
3480,ジェイ・エス・ビー,202510,20251212,76045,7658,7347,5151,88947,41629,4308,30079,46.8,12.95,6.1,21957600
3653,モルフォ,202510,20251212,3359,45,71,-77,4146,3619,1858,-,87.3,-2.12,-1.83,5508500
3974,SCAT,202510,20251212,2605,193,197,125,3035,2038,200,116,67.1,6.28,4.19,5240000
4378,CINC,202510,20251212,1824,-112,-106,-152,1380,1055,10,-,76.4,-14.41,-11.01,3525250
460A,BRANU,202510,20251212,2122,331,328,241,1219,414,71,453,34,82.25,22.74,4500000
462A,FUNDINNO,202510,20251212,2501,213,211,395,5426,4842,90,1,89.2,8.67,7.87,23859101
4996,クミアイ化学工業,202510,20251212,170462,10567,13363,4381,248205,144485,4534,51106,58.2,3.02,1.67,133184612
6049,イトクロ,202510,20251212,3669,260,362,169,9876,9079,30,-,91.9,1.88,1.76,22680000
7131,のむら産業,202510,20251212,7111,753,753,508,4910,2322,80,-,47.3,24.08,11.26,1391575
7279,ハイレックスコーポレーション,202510,20251212,304123,3391,7272,8419,276997,175124,5657,8939,63.2,4.89,3.08,38216759
7827,オービス,202510,20251212,12639,658,643,421,12587,5713,709,4544,45.4,7.57,3.36,1783006
7831,ウイルコホールディングス,202510,20251212,8478,-623,-651,-948,7924,1417,100,1979,17.9,-38.02,-11.01,15522250
8077,トルク,202510,20251212,22538,1009,1279,904,34042,14282,2712,12795,42,6.57,2.67,26007448
8079,正栄食品工業,202510,20251212,124897,4942,4992,3035,96586,54828,3379,22318,56.8,5.62,3.25,17100000
9163,ナレルグループ,202510,20251212,24158,2827,2758,2086,24562,14478,420,4856,58.9,14.94,8.66,8753889
9237,笑美面,202510,20251212,1872,114,117,89,1377,813,270,125,59,10.95,6.46,4065980
9254,ラバブルマーケティンググループ,202510,20251212,2630,160,166,133,1918,420,50,1034,21.9,39,7.3,1806775
9603,エイチ・アイ・エス,202510,20251212,373106,11627,11381,4719,386330,55550,100,166540,14.4,8.78,1.18,79860936
215A,タイミー,202510,20251211,34289,6747,6670,5310,33609,14519,221,11920,43.2,36.57,15.8,100731000
2198,アイ・ケイ・ケイホールディングス,202510,20251211,22455,1820,1890,1963,20802,12147,351,2394,58.4,17.28,9.46,29956800
2375,ギグワークス,202510,20251211,22261,15,5,272,7812,2706,1075,1982,34.6,10.55,3.38,22127985
4880,セルソース,202510,20251211,3711,166,167,10,7023,5902,1428,-,84,0.17,0.14,19847779
5134,POPER,202510,20251211,1389,174,172,138,1242,870,279,127,70,17.34,11.94,3944576
5218,オハラ,202510,20251211,28895,1794,2289,1730,66884,51932,5855,5052,77.6,3.38,2.62,25450000
6309,巴工業,202510,20251211,59365,5352,5401,3851,56385,42737,1061,-,75.8,9.38,7.03,29949600
7378,アシロ,202510,20251211,6647,1419,1415,1023,4833,3135,610,342,64.9,37.8,23,7405568
7640,トップカルチャー,202510,20251211,17333,-391,-476,-731,14792,729,100,6409,4.9,-63.15,-4.78,16214400
9236,ジャパンM＆Aソリューション,202510,20251211,654,-56,-52,-85,668,568,263,-,85,-13.42,-11.82,1519300
9565,GLOE,202510,20251211,2843,18,24,3,1614,480,152,538,29.7,0.63,0.23,2775933
2695,くら寿司,202510,20251210,245109,5460,6179,3606,156015,62339,2005,1172,40,6.07,2.44,82799200
4441,トビラシステムズ,202510,20251210,2805,898,907,625,5381,2595,333,145,48.2,24.82,12.84,10695000
5132,pluszero,202510,20251210,1546,516,519,366,1854,1515,36,-,81.7,27.71,22.39,7862358
7804,ビーアンドピー,202510,20251209,4495,701,709,491,4695,3810,300,-,81.2,12.89,10.46,2335300
9824,泉州電業,202510,20251209,135591,8952,9272,6717,111002,58456,2575,489,52.7,11.82,6.01,18000000
2301,学情,202510,20251208,11019,2332,2654,1892,17106,14861,1500,-,86.9,12.91,11.18,15560000
7856,萩原工業,202510,20251208,31936,1467,1816,1794,42734,30901,1778,4523,72.3,5.99,4.21,14897600
3733,ソフトウェア・サービス,202510,20251205,42298,8388,8471,6112,52188,41896,847,-,80.3,15.61,12.59,5488000
7265,エイケン工業,202510,20251205,8100,411,453,326,7782,6055,601,460,77.8,5.5,4.29,1240000
9678,カナモト,202510,20251205,213266,17369,17951,10977,324088,147230,17829,55108,45.4,7.64,3.39,38742241
4707,キタック,202510,20251204,3467,146,163,207,6354,3532,479,1892,55.6,6.07,3.33,5969024
1438,岐阜造園,202509,20251114,6271,538,549,384,5776,4144,412,251,71.7,9.64,6.94,3244600
1783,fantasista,202509,20251114,9422,211,-8,-239,9237,6374,6633,2497,69,-3.68,-2.04,174042851
1795,マサル,202509,20251114,10647,638,658,405,8806,5277,885,1009,59.9,7.93,4.71,901151
206A,PRISM_BioLab,202509,20251114,677,-774,-748,-833,3085,2701,1730,-,87.6,-26.86,-21.88,36964000
2388,ウェッジホールディングス,202509,20251114,816,-91,-297,-226,3684,2903,4378,430,78.8,-7.65,-6.05,42494478
2498,オリエンタルコンサルタンツホールディングス,202509,20251114,95365,5622,5777,3819,78184,28456,867,18465,36.4,14.46,5.33,12359740
253A,ETSグループ,202509,20251114,11261,717,690,466,9269,3444,50,2975,37.2,13.53,5.03,6368903
264A,Schoo,202509,20251114,3360,290,258,175,3442,1855,684,664,53.9,13.98,5.98,12712350
2652,まんだらけ,202509,20251114,15183,1792,1750,1121,18907,11822,837,4914,62.5,9.88,6.06,36180000
2667,イメージワン,202509,20251114,866,-410,-447,-559,1392,681,3027,6,48.9,-78.95,-37.76,15191900
3067,東京一番フーズ,202509,20251114,7250,195,185,75,5605,1621,530,3089,28.9,4.77,1.52,9030100
3187,ミラタップ,202509,20251114,16746,-282,-291,-447,8790,2712,822,3134,30.9,-14.53,-4.93,19299300
3245,ディア・ライフ,202509,20251114,78505,7726,7831,5320,47376,28097,4125,15166,59.3,20.16,11.27,51626800
3288,オープンハウスグループ,202509,20251114,1336468,145933,139491,100670,1412001,537627,20235,720061,38.1,20.1,7.47,116735700
3359,cotta,202509,20251114,13675,772,771,437,10287,4436,665,3894,43.1,10.17,5.24,11223513
335A,ミライロ,202509,20251114,832,142,123,81,1171,881,312,160,75.2,13.31,8.66,11021300
3461,パルマ,202509,20251114,2312,147,187,122,3791,2420,600,898,63.8,5.13,3.33,6765489
3495,香陵住販,202509,20251114,11532,1071,1035,1015,17837,6195,393,7407,34.7,17.72,5.93,2781918
3556,リネットジャパングループ,202509,20251114,10412,301,496,497,7042,982,1250,2753,13.9,80.29,6.42,14618200
3674,オークファン,202509,20251114,4657,-201,-168,-329,7084,4092,973,1300,57.8,-7.74,-4.45,10813700
3687,フィックスターズ,202509,20251114,9617,2578,2581,1945,9871,8248,554,-,83.6,25.98,20.91,33635000
3691,デジタルプラス,202509,20251114,933,-3,-36,-71,3331,843,13,1303,25.3,-9.08,-2.51,4459567
3726,フォーシーズHD,202509,20251114,2441,-165,-206,-243,2986,1644,1945,772,55.1,-17.26,-9.21,13145470
3747,インタートレード,202509,20251114,1836,-8,-213,-145,1481,1076,1478,226,72.7,-12.63,-9.28,7444800
3900,クラウドワークス,202509,20251114,22657,1759,1759,-257,15690,6382,2803,3912,40.7,-3.88,-1.76,15829659
3989,シェアリングテクノロジー,202509,20251114,8579,2074,2072,1413,7437,5157,716,-,69.3,31.24,20.54,24429800
4071,プラスアルファ・コンサルティング,202509,20251114,17084,6378,6320,3258,18628,14790,557,-,79.4,24.25,19.22,42390750
4124,大阪油化工業,202509,20251114,1184,139,138,-32,1862,1647,346,-,88.5,-1.9,-1.69,846700
423A,ライオン事務器,202509,20251114,37022,1189,1275,912,25056,12226,2677,1160,48.8,7.71,3.77,33764100
4260,ハイブリッドテクノロジーズ,202509,20251114,3025,28,-14,18,3891,2132,919,548,54.8,0.82,0.45,11493548
4346,NEXYZ.Group,202509,20251114,28433,1820,1742,922,24387,4329,100,6819,17.8,26.8,4.32,13471240
4376,くふうカンパニーホールディングス,202509,20251114,14110,522,501,-2347,16485,8002,30,3395,48.5,-25.08,-13.27,60415372
4393,バンク・オブ・イノベーション,202509,20251114,12366,2154,2185,1351,7943,5816,562,13,73.2,26.28,19.66,4003000
4421,ディ・アイ・システム,202509,20251114,7222,356,359,256,3108,1635,291,-,52.6,16.66,8.53,3059000
4445,リビン・テクノロジーズ,202509,20251114,3592,503,473,314,3329,1716,194,1002,51.5,19.23,9.33,2690968
4499,Speee,202509,20251114,16435,-685,-661,-950,14813,7287,2900,4500,49.2,-14.96,-7.62,11563000
4751,サイバーエージェント,202509,20251114,874030,71702,71743,31667,557162,179994,7654,93371,32.3,18.87,5.9,507098570
4754,トスネット,202509,20251114,11907,859,964,757,11273,8476,782,800,75.2,9.23,6.74,4732600
5587,インバウンドプラットフォーム,202509,20251114,3006,296,290,202,2705,1419,351,254,52.5,14.24,7.47,3449600
5724,アサカ理研,202509,20251114,8685,492,428,300,13806,4886,504,5506,35.4,6.32,2.68,5144600
5843,ニッポンインシュア,202509,20251114,3737,759,775,528,5337,2494,357,486,46.7,23.62,10.63,2869800
5921,川岸工業,202509,20251114,24219,1873,2145,1447,34992,28956,955,-,82.8,5.06,4.18,3000000
6087,アビスト,202509,20251114,10627,963,977,649,9769,7405,1026,10,75.8,9.1,6.78,3980000
6094,フリークアウト・ホールディングス,202509,20251114,50323,96,564,275,40210,10495,3552,17429,26.1,2.37,0.67,18022924
6176,ブランジスタ,202509,20251114,5196,1151,1120,656,8791,5971,621,758,67.9,13.76,9.54,14575300
6191,エアトリ,202509,20251114,28104,3099,3029,1779,32147,15250,1805,3132,47.4,12.28,5.84,22772065
6198,キャリア,202509,20251114,14935,-9,-22,-150,4285,1762,157,913,41.1,-8.04,-3.45,8624320
6233,KLASS,202509,20251114,9569,267,250,172,9779,3066,631,3817,31.4,5.73,1.73,5391000
6316,丸山製作所,202509,20251114,41266,1080,1173,743,39101,20597,4651,7127,52.7,3.69,1.91,5029332
6554,エスユーエス,202509,20251114,15015,1212,1258,915,6715,4226,436,-,62.9,23.48,14.8,9037600
6563,みらいワークス,202509,20251114,11144,284,295,91,3105,1306,94,-,42.1,6.97,2.93,5417400
6731,ピクセラ,202509,20251114,1001,-796,-817,-853,1126,844,1201,-,75,-163.57,-97.77,16116527
7041,CRGホールディングス,202509,20251114,16420,279,210,153,9061,2920,452,4491,32.2,5.39,1.37,5577250
7072,インティメート・マージャー,202509,20251114,3363,227,229,153,2191,1514,478,99,69.1,9.92,7.09,3163250
7361,ヒューマンクリエイションホールディングス,202509,20251114,8945,781,773,398,4495,1506,193,1142,33.5,28.04,10.65,3573100
7376,BCC,202509,20251114,1467,-98,-92,-73,1018,568,173,211,55.8,-12.08,-7.58,4259220
7446,東北化学薬品,202509,20251114,34442,518,595,428,18422,7927,820,350,43,5.58,2.4,960000
7494,コナカ,202509,20251114,55487,-766,-345,478,42274,16634,100,14329,39.3,2.91,1.1,35322490
7527,システムソフト,202509,20251114,1373,-493,-463,-258,4869,4055,1706,81,83.3,-6.15,-5.09,105834140
7643,ダイイチ,202509,20251114,59159,1308,1287,979,27338,17214,1639,41,63,5.75,3.66,11438640
7681,レオクラン,202509,20251114,21489,288,308,152,10869,5635,545,-,51.8,2.71,1.41,5922000
7800,アミファ,202509,20251114,8842,270,239,194,3671,2141,37,500,58.3,9.64,5.19,3235000
7839,SHOEI,202509,20251114,32363,8899,8900,6318,37848,32223,1421,-,85.1,20.46,17.33,52318616
8798,アドバンスクリエイト,202509,20251114,6608,-606,-924,-1539,10288,559,100,5138,5.4,-,-17.95,37468200
8944,ランドビジネス,202509,20251114,18603,635,165,-358,56408,16071,4969,33339,28.5,-2.2,-0.66,23346115
9212,Green_Earth_Institute,202509,20251114,1075,-4,156,127,2967,2106,1602,138,71,6.22,4.45,11355100
9225,ブリッジコンサルティンググループ,202509,20251114,2239,202,204,147,1533,1147,182,64,74.8,13.33,9.77,2167700
9233,アジア航測,202509,20251114,41591,2856,3023,1803,39626,21963,1673,3838,55.4,8.4,4.74,18614000
9244,デジタリフト,202509,20251114,3490,187,185,108,2243,718,140,935,32,16.33,4.77,1571000
9248,人・夢・技術グループ,202509,20251114,45984,2683,2708,1564,41145,20865,3107,6652,50.7,7.64,3.99,9416000
9249,日本エコシステム,202509,20251114,11261,437,468,301,13921,5579,1005,5729,40.1,5.48,2.6,8713200
9258,CS-C,202509,20251114,3178,-76,-72,-102,3275,2216,773,286,67.7,-4.6,-3.11,6662300
9330,揚羽,202509,20251114,1547,-73,-76,-63,1310,901,284,177,68.8,-6.79,-4.84,1433500
9553,マイクロアド,202509,20251114,15670,613,531,195,9149,3498,1033,2684,38.2,5.76,2.22,27831354
9554,AViC,202509,20251114,2680,724,731,539,3990,2335,232,729,58.5,27.66,16.63,6339800
9823,マミーマートホールディングス,202509,20251114,193689,6744,7197,5246,86792,42373,2660,4000,48.8,13.07,6.55,53983965
9941,太洋物産,202509,20251114,19662,247,173,148,8363,976,257,5907,11.7,16.84,1.81,1934019
220A,Faber_Company,202509,20251113,2560,376,379,263,2879,2381,100,-,82.7,11.72,9.66,3000000
2370,メディネット,202509,20251113,810,-1445,-1339,-1362,4254,3777,5102,-,88.8,-30.38,-27.37,277417319
2485,ティア,202509,20251113,21563,1643,1576,891,27868,8603,1895,12023,30.9,10.61,3.23,22510100
269A,Sapeet,202509,20251113,996,55,45,70,597,498,10,-,83.4,21.05,13.35,1637100
2874,横浜冷凍,202509,20251113,125563,4238,3658,1978,209034,80718,14303,108029,38.6,2.49,0.96,59222784
2917,大森屋,202509,20251113,16511,-66,-98,-73,23556,11528,814,8729,48.9,-0.63,-0.37,5098096
2961,日本調理機,202509,20251113,18118,844,908,601,13269,7474,799,230,56.3,8.28,4.32,1135572
3323,レカム,202509,20251113,13088,407,447,196,12703,5055,2449,4338,39.8,3.91,1.55,82670255
3494,マリオン,202509,20251113,3254,874,665,459,18797,4756,1387,8343,25.3,10.12,2.44,8011000
3496,アズーム,202509,20251113,13479,2613,2607,1831,8894,6820,300,72,76.7,34.72,25.35,12335600
3624,アクセルマーク,202509,20251113,973,-520,-672,-763,1325,797,627,375,60.2,-95.73,-57.58,20313200
3672,オルトプラス,202509,20251113,2897,-467,-442,-434,1746,1010,184,-,57.8,-48.68,-26.41,83955233
3710,ジョルダン,202509,20251113,2834,45,258,261,5502,4583,277,-,83.3,5.81,4.83,5255000
3769,GMOペイメントゲートウェイ,202509,20251113,82499,31340,31911,21829,406800,113013,13323,63163,27.8,20.22,5.81,76557545
3920,アイビーシー,202509,20251113,2404,565,574,410,3739,2273,447,800,60.8,19.63,11.75,5751600
3939,カナミックネットワーク,202509,20251113,5500,1606,1612,1111,6542,4649,192,595,71.1,26.19,17.47,48132000
3965,キャピタル・アセット・プランニング,202509,20251113,9689,530,535,401,6630,3720,948,1410,56.1,11.56,6.53,5759057
3993,PKSHA_Technology,202509,20251113,21771,5288,4675,2683,54368,34483,10,9607,63.4,8.04,5.59,31948000
4051,GMOフィナンシャルゲート,202509,20251113,17927,2230,2223,1632,13832,6256,1638,2000,45.2,27.47,11.64,8339480
4059,まぐまぐ,202509,20251113,438,20,20,14,997,845,329,-,84.8,1.69,1.43,2987000
4196,ネオマーケティング,202509,20251113,2306,10,7,26,1798,790,85,628,43.9,3.25,1.49,2539600
4243,ニックス,202509,20251113,4403,213,250,194,5986,4470,468,188,74.7,4.44,3.26,2323000
4424,Amazia,202509,20251113,2843,-361,-357,-372,1461,844,366,-,57.8,-36.1,-21.81,6757800
4427,EduLab,202509,20251113,6229,391,450,16,3607,1355,90,514,37.6,1.18,0.44,10228470
4447,ピー・ビーシステムズ,202509,20251113,2634,124,127,85,1819,1152,350,-,63.3,6.57,3.62,6583500
4937,Waqoo,202509,20251113,1960,150,152,44,3199,2082,54,730,65.1,2.09,1.39,3643068
5137,スマートドライブ,202509,20251113,2878,390,370,453,2394,1138,28,576,47.5,47.53,21.29,37940940
6189,グローバルキッズCOMPANY,202509,20251113,26997,858,808,72,20066,7714,1321,6687,38.4,0.91,0.41,9547580
6194,アトラエ,202509,20251113,7634,1853,1812,1171,7217,4352,1396,500,60.3,25.96,16.21,22315341
7030,スプリックス,202509,20251113,35127,2170,2218,1087,22485,9941,1454,1144,44.2,11.17,5.06,17978250
7066,ピアズ,202509,20251113,6103,559,497,432,4456,2758,78,766,61.9,15.35,9.63,10185600
7356,Retty,202509,20251113,1630,19,13,11,932,336,39,452,36.1,3.39,1.1,14981674
7539,アイナボホールディングス,202509,20251113,92272,2531,2849,1679,47481,26298,896,316,55.4,6.56,3.63,23295640
9342,スマサポ,202509,20251113,2816,190,191,130,830,571,213,-,68.8,25.69,17.12,2405200
9446,サカイホールディングス,202509,20251113,17017,1465,1332,987,20399,4572,747,12828,22.4,21.41,4.75,10956500
9564,FCE,202509,20251113,6099,912,925,662,5727,3799,767,267,66.3,18.47,12.25,22074000
1446,キャンディル,202509,20251112,13860,420,417,196,6282,2961,561,1220,47.1,6.81,3.16,10734200
2120,LIFULL,202509,20251112,28127,3815,3805,5317,40915,26022,9726,8296,63.6,21.21,12.95,134586032
2410,キャリアデザインセンター,202509,20251112,18646,1582,1604,1100,7733,4628,558,-,59.8,25.68,15.45,5497921
3723,日本ファルコム,202509,20251112,2612,1340,1364,903,11495,10877,164,-,94.6,8.58,8.14,10280000
4055,ティアンドエスグループ,202509,20251112,4103,756,753,509,3662,2913,40,-,79.5,19.04,15.46,7633200
4165,プレイド,202509,20251112,13396,1431,1380,1099,9648,4757,3184,1820,49.3,27.83,12.97,41260663
4884,クリングルファーマ,202509,20251112,72,-909,-914,-916,2079,1280,64,-,61.6,-54.36,-37.88,7395200
5586,Laboro.AI,202509,20251112,1900,191,166,146,2813,2547,1014,1,90.5,5.73,5.19,15947051
6284,日精エー・エス・ビー機械,202509,20251112,43654,10641,10912,7740,78386,58889,3860,6117,75.1,13.86,10.24,14991108
6338,タカトリ,202509,20251112,7330,820,851,584,15911,10266,963,4100,64.5,5.78,3.5,5491490
6466,TVE,202509,20251112,10183,595,724,597,15931,11944,1739,130,75,5.2,3.85,2461600
6877,OBARA　GROUP,202509,20251112,61682,9699,10176,6762,103830,74533,1925,7942,71.8,9.12,6.61,20869380
7069,サイバー・バズ,202509,20251112,7131,349,344,385,3108,585,484,1216,18.8,97.84,13.07,4086420
7819,粧美堂,202509,20251112,22122,1469,1478,977,16321,7418,545,5071,45.5,13.96,6.35,13410000
8151,東陽テクニカ,202509,20251112,32559,1914,1985,1195,39937,28005,4158,2700,70.1,4.27,3.02,26085000
9746,TKC,202509,20251112,83476,16142,16590,12094,129817,108497,5700,-,83.6,11.48,9.5,50241466
166A,タスキホールディングス,202509,20251111,74412,8815,7808,4933,83248,31926,6242,47005,38.4,18.54,6.92,61735523
2122,インタースペース,202509,20251111,8846,371,399,206,11181,5636,984,-,50.4,3.65,1.84,6967200
2185,シイエム・シイ,202509,20251111,18256,2694,3205,2149,27137,21587,657,220,79.5,10.18,8.03,14364000
2304,CSSホールディングス,202509,20251111,19499,717,742,587,6317,3089,393,300,48.9,20.37,9.59,5285600
241A,ROXX,202509,20251111,4513,-721,-767,1051,5625,1954,644,2353,34.7,73.57,22.55,7283170
3985,テモナ,202509,20251111,1832,155,153,73,1766,742,386,713,42,10.38,4.41,11438920
3992,ニーズウェル,202509,20251111,10032,1155,1169,887,6513,4763,908,29,73.1,19.75,14.58,40699200
4172,Hiクラテス,202509,20251111,2406,549,652,448,4721,4196,343,-,88.9,11.02,9.85,2228000
4554,富士製薬工業,202509,20251111,51677,4990,4459,3000,93405,46902,3904,26233,50.2,6.49,3.27,26541100
4931,新日本製薬,202509,20251111,41140,4782,4887,2554,28251,22809,4158,76,80.7,11.47,9.21,21855200
5036,日本ビジネスシステムズ,202509,20251111,172580,7594,7372,5629,74467,27137,539,23685,36.4,22.57,8.31,48366400
5533,エリッツホールディングス,202509,20251111,6385,1021,1021,699,9551,5310,323,1788,55.6,13.9,7.5,3512200
7505,扶桑電通,202509,20251111,54684,3428,3663,2517,39715,15407,1083,-,38.8,18.02,7.25,13921960
7806,MTG,202509,20251111,98810,10665,10731,7934,75199,50996,16796,3714,67.8,16.62,11.87,40180892
9438,エムティーアイ,202509,20251111,29910,2946,3027,3404,33347,18414,5511,1693,55.2,20.11,10.8,60435200
9476,中央経済社ホールディングス,202509,20251111,3256,234,254,245,6085,4353,383,430,71.5,5.76,4.12,4398464
9869,加藤産業,202509,20251111,1214265,18180,20100,13228,466325,169020,5934,4824,36.2,8.15,2.87,35000000
3176,三洋貿易,202509,20251110,132703,6430,6879,4615,81496,51231,1006,3060,62.9,9.33,5.88,29007708
5570,ジェノバ,202509,20251110,1366,773,782,542,3770,3325,510,-,88.2,15.77,13.98,14839000
6551,ツナググループ・ホールディングス,202509,20251110,18269,877,897,511,4443,2008,705,159,45.2,27.03,10.86,8692622
6677,エスケーエレクトロニクス,202509,20251110,29187,3854,3846,2731,42519,34590,4109,-,81.4,8.18,6.65,11368400
9259,タカヨシホールディングス,202509,20251110,7982,905,899,406,6051,3241,696,282,53.6,13.38,5.9,5610500
9699,ニシオホールディングス,202509,20251110,214954,19602,18827,12109,297261,138525,8100,56585,46.6,8.95,4.12,28391464
2926,篠崎屋,202509,20251107,2940,59,64,38,1364,1048,1000,-,76.8,3.69,2.87,14157780
3563,FOOD＆LIFE_COMPANIES,202509,20251107,429574,36093,33777,22937,398596,97870,100,80528,24.6,26.3,6.01,116069184
4320,CEホールディングス,202509,20251107,15831,1411,1426,1557,12746,8305,1725,1455,65.2,21.62,12.98,17039400
4475,HENNGE,202509,20251107,10924,1793,1853,1358,10742,3761,521,148,35,40.59,14.27,32500600
4769,IC,202509,20251107,10136,516,605,485,8697,6428,407,-,73.9,7.79,5.77,7732270
4809,パラカ,202509,20251107,17630,3266,2949,2044,49440,20859,1962,24215,42.2,10.17,4.35,10440600
4928,ノエビアホールディングス,202509,20251107,64724,11075,11774,8030,76492,53768,7319,-,70.3,14.97,10.5,34156623
4958,長谷川香料,202509,20251107,73495,8515,9288,6921,147151,122900,5364,-,83.5,5.71,4.75,42708154
6046,リンクバル,202509,20251107,906,-89,-83,-197,1120,810,50,108,72.3,-21.7,-16.17,19500000
6050,イー・ガーディアン,202509,20251107,11321,1504,1530,943,13728,12053,1967,-,87.8,8.04,6.96,11933516
6277,ホソカワミクロン,202509,20251107,77994,7051,7715,4527,102734,67175,14496,1285,65.4,7.03,4.51,15730538
6492,岡野バルブ製造,202509,20251107,7006,864,979,825,14547,12001,1286,577,82.5,-,-,1793000
6965,浜松ホトニクス,202509,20251107,212051,16163,18802,14203,455008,321522,35200,66061,70.7,4.35,3.19,319257365
7760,IMV,202509,20251107,17941,2315,2569,1935,23303,11884,464,3355,51,17.51,9.09,16957016
7792,コラントッテ,202509,20251107,6917,1810,1827,1328,6717,5167,489,-,76.9,28.63,21.86,9096900
8789,フィンテックグローバル,202509,20251107,14432,3406,3242,2121,26994,10870,5373,11642,40.3,20.79,8.9,201321700
9470,学研ホールディングス,202509,20251107,199119,8237,7810,3578,139194,51424,19817,35628,36.9,6.95,2.65,44633232
9562,ビジネスコーチ,202509,20251107,2003,163,178,123,1002,771,215,5,76.9,16.87,10.35,4241700
3690,イルグルム,202509,20251106,4934,278,279,-142,3205,1659,318,679,51.8,-8.03,-4.22,6372415
3698,CRI・ミドルウェア,202509,20251106,3448,554,566,420,5839,4049,784,1000,69.3,10.79,7.5,5578150
3712,情報企画,202509,20251106,3843,1536,1537,1077,8416,6951,326,-,82.6,16.37,13.52,20450000
7071,アンビスホールディングス,202509,20251106,49174,6162,6343,3660,83947,36132,66,31739,43,10.56,4.7,98112000
7372,デコルテ・ホールディングス,202509,20251106,6046,294,198,145,12322,4982,155,2171,40.4,2.96,1.16,5670000
7711,助川電気工業,202509,20251106,5467,1165,1177,794,7546,4890,921,982,64.8,17.43,10.89,5870000
9376,ユーラシア旅行社,202509,20251106,4787,115,123,113,3219,1844,312,-,57.3,6.29,3.67,3690000
3668,コロプラ,202509,20251105,25933,1002,1805,-306,75742,68934,6656,333,91,-0.44,-0.39,130346707
6200,インソース,202509,20251104,14510,5978,5997,4130,16149,12487,800,-,77.3,36.84,28.17,85243000
6030,アドベンチャー,202506,20251031,25370,-1155,-1290,-1711,27461,8989,4072,6612,32.7,-17.08,-5.98,7978900
6548,旅工房,202506,20251031,3722,-111,-108,-767,3720,588,100,500,15.8,-55.78,-21.17,19806800
9444,トーシンホールディングス,202504,20251031,17477,44,-31,-84,24529,2389,742,15969,9.7,-3.37,-0.34,6536800
9679,ホウライ,202509,20251031,6111,616,734,497,19706,9865,4340,2978,50.1,5.17,2.52,4212000
3636,三菱総合研究所,202509,20251030,121458,8010,9734,6386,128113,71924,6336,-,56.1,9.15,5.15,16044000
6080,M＆Aキャピタルパートナーズ,202509,20251030,22449,7771,7870,5514,51926,43393,2916,-,83.6,13.23,11.13,31779000
6196,ストライクグループ,202509,20251030,20314,6332,6341,4719,24763,21474,823,-,86.7,23.63,19.89,57609000
7148,FPG,202509,20251030,129764,25417,26493,18156,126857,57061,3095,54003,45,32.93,10.16,83803600
9552,クオンツ総研ホールディングス,202509,20251030,16602,4964,4970,2894,7292,5269,50,14,72.3,40.52,30,54101335
9795,ステップ,202509,20251030,15846,3780,3865,2689,30571,27422,1778,103,89.7,10.02,8.99,16670000
4479,マクアケ,202509,20251028,4577,447,475,407,7449,5378,3138,-,72.2,7.87,5.78,12748700
5532,リアルゲイト,202509,20251028,9791,1043,827,559,21264,3300,705,13937,15.5,18.66,3.01,5789150
7646,PLANT,202509,20251024,97764,2006,2131,1345,37009,15321,1425,5520,41.4,9.05,3.57,7729720
1407,ウエストホールディングス,202508,20251015,47250,8646,7961,5357,148546,36224,2020,94121,24.4,15.43,3.9,46027488
2404,鉄人化ホールディングス,202508,20251015,8043,211,264,335,4503,642,92,2311,14.3,78.55,7.59,13817362
2449,プラップジャパン,202508,20251015,7388,718,732,476,7008,5363,470,-,76.5,9.05,6.8,4679010
244A,グロースエクスパートナーズ,202508,20251015,5086,774,870,600,4726,3375,367,411,71.4,22.7,14.52,3378380
245A,INGS,202508,20251015,7732,490,449,272,4563,1960,11,1535,43,19.93,6.79,2524660
2484,出前館,202508,20251015,39721,-4923,-4968,-4971,38848,28625,100,-,73.7,-15.25,-11.46,112380430
2927,AFC-HDアムスライフサイエンス,202508,20251015,32655,2409,2443,1448,48726,15077,2134,23911,30.9,9.99,3.02,14559699
3174,ハピネス・アンド・ディ,202508,20251015,8841,-404,-435,-808,5650,155,352,3758,2.7,-143.52,-12.72,3191600
3189,ANAPホールディングス,202508,20251015,1774,-1456,-316,-2660,18320,12617,9200,5000,68.9,-21.08,-14.52,43524400
325A,TENTIAL,202508,20251015,11134,1167,1157,817,7538,4654,880,407,61.7,-,-,7705641
3440,日創グループ,202508,20251015,23037,1383,1401,917,26948,12648,1190,10092,46.9,7.42,3.72,6832500
367A,プリモグローバルホールディングス,202508,20251015,28002,3132,2732,1786,45949,18052,100,13443,39.3,10.58,3.91,8747143
369A,エータイ,202508,20251015,2929,713,705,457,3881,3162,164,-,81.5,16.04,12.78,4242900
373A,リップス,202508,20251015,4409,949,940,652,4073,3617,171,-,88.8,20.25,17.8,2587500
3823,THE_WHY_HOW_DO_COMPANY,202508,20251015,1751,-72,-786,-69,2473,1537,2062,334,62.2,-6.04,-3.44,132976193
4015,ペイクラウドホールディングス,202508,20251015,10234,731,714,143,9409,4374,1054,1771,46.5,3.36,1.62,16017148
414A,オーバーラップホールディングス,202508,20251015,8535,3026,2872,2067,18575,8128,10,6417,43.8,27.76,11.23,20008000
428A,サイプレス・ホールディングス,202508,20251015,11288,765,647,436,11514,2336,45,4911,20.3,20.61,3.91,12744600
4397,チームスピリット,202508,20251015,4922,269,277,362,4472,1614,850,-,36.1,25.47,8.87,16519400
4412,サイエンスアーツ,202508,20251015,1654,107,92,112,2077,1393,450,67,67.1,11.99,7.39,8230000
4439,東名,202508,20251015,29070,3292,3383,2432,16583,9774,641,1520,58.9,27.94,15.82,30067000
5026,トリプルアイズ,202508,20251015,5714,-61,59,-343,4845,1633,22,1620,33.7,-27.64,-7.03,8388100
5574,ABEJA,202508,20251015,3585,445,451,448,5318,4469,895,-,84,10.71,9.38,9936257
5580,プロディライト,202508,20251015,2834,178,176,118,1712,954,263,247,55.7,12.37,6.89,1682900
6199,セラク,202508,20251015,24776,2550,2599,1709,13324,8870,312,27,66.6,20.59,13.47,13710000
6522,アスタリスク,202508,20251015,1666,-125,-128,-182,2781,1729,983,721,62.2,-11.14,-6.69,8038800
7035,and_factory,202508,20251015,3209,-270,-266,-326,2020,887,801,356,43.9,-36.75,-16.14,11261970
7065,ユーピーアール,202508,20251015,15354,277,749,336,21956,9147,96,9189,41.7,3.72,1.55,7660000
7351,グッドパッチ,202508,20251015,5085,557,613,407,5245,4122,1774,238,78.6,10.21,8.2,9246820
7352,TWOSTONE＆Sons,202508,20251015,18077,819,807,494,9947,3351,1038,3637,33.7,15.86,5.8,44350160
7581,サイゼリヤ,202508,20251015,256714,15499,15805,11164,179446,116552,8612,6000,65,9.84,6.42,52272342
7818,トランザクション,202508,20251015,27453,5706,6011,4078,23798,19663,93,434,82.6,21.57,17.69,57550800
8254,さいか屋,202508,20251015,4632,114,135,110,11894,791,2195,8652,6.7,15.63,0.93,6074314
8783,abc,202508,20251015,1109,-922,781,526,9031,4286,731,2354,47.5,-,-,37818819
9241,フューチャーリンクネットワーク,202508,20251015,1544,-17,-20,28,994,279,282,240,28.1,10.83,2.95,866123
9252,ラストワンマイル,202508,20251015,15510,1149,1126,674,11186,4354,102,1940,38.9,17.5,6.43,2804391
9264,ポエック,202508,20251015,10114,911,986,573,15085,4255,1694,8719,28.2,13.69,4.34,4700826
9978,文教堂グループホールディングス,202508,20251015,14456,-88,-83,-154,9559,1156,50,4002,12.1,-12.49,-1.57,43849840
156A,マテリアルグループ,202508,20251014,6288,832,753,468,3896,2157,117,227,55.4,22.39,13.08,9877197
190A,Chordia_Therapeutics,202508,20251014,-,-1789,-1769,-1785,2681,2435,876,-,90.8,-54.14,-48.82,75216400
2736,フェスタリアホールディングス,202508,20251014,9403,289,284,176,7189,1627,812,3326,22.6,11.26,2.42,3631800
276A,ククレブ・アドバイザーズ,202508,20251014,2555,612,598,445,3791,2094,567,1450,55.2,29.04,16.79,5098660
2901,ウェルディッシュ,202508,20251014,1305,32,38,47,3825,3268,533,41,85.4,-,-,28604378
3045,カワサキ,202508,20251014,2291,516,514,338,8058,5755,4,1024,71.4,5.98,4.18,2901000
3536,アクサスホールディングス,202508,20251014,12134,164,3,221,15683,2198,50,12047,14,10.46,1.37,30325252
3647,アスリナ,202508,20251014,606,-299,-311,-315,1223,694,1173,30,56.7,-37.04,-22.72,22219720
3697,SHIFT,202508,20251014,129819,15628,15181,8935,77001,40599,21,12036,52.7,24.06,12.79,267500670
3987,エコモット,202508,20251014,3003,49,53,-35,2558,784,617,1030,30.6,-4.25,-1.36,5280400
4176,ココナラ,202508,20251014,9410,256,227,306,6325,2012,1255,1223,31.8,14.52,4.2,24054300
4199,ワンダープラネット,202508,20251014,2316,-129,-153,-131,1984,595,575,1166,30,-19.86,-6.34,2598212
4433,ヒト・コミュニケーションズ・ホールディングス,202508,20251014,63596,2495,2504,853,40822,17374,450,8154,42.6,4.93,2.11,17899333
4440,ヴィッツ,202508,20251014,4856,566,588,424,4072,2825,612,-,69.4,16.07,11.11,4176000
4668,明光ネットワークジャパン,202508,20251014,24827,1691,1868,1727,19150,12585,972,-,65.7,14.72,9.76,25803600
5578,ARアドバンストテクノロジ,202508,20251014,14152,829,777,445,6762,2124,141,1531,31.4,21.76,7.73,10407180
7085,カーブスホールディングス,202508,20251014,37566,6342,6481,4303,39205,20160,848,5374,51.4,21.75,10.68,93857493
7607,進和,202508,20251014,86146,4536,4809,3312,74409,43467,951,-,58.4,7.8,4.73,13815319
7805,プリントネット,202508,20251014,9213,563,565,433,7488,4164,815,1137,55.6,10.9,5.91,5460400
7928,旭化学工業,202508,20251014,8359,-45,113,47,6678,5290,671,120,79.2,0.87,0.69,3896000
8904,AVANTIA,202508,20251014,69270,1313,1146,639,71081,28022,3732,37291,39.4,2.29,0.92,14884300
9418,U-NEXT_HOLDINGS,202508,20251014,390408,31571,30900,18395,259782,97571,99,68816,37.6,20.5,7.53,180375333
9979,大庄,202508,20251014,52556,1196,1196,1172,29523,11286,100,8610,38.2,10.81,3.72,21198962
1434,JESCOホールディングス,202508,20251010,19067,1721,1692,1076,17647,7476,1056,5512,42.4,15.25,6.08,6975400
1997,暁飯島工業,202508,20251010,9135,1126,1160,796,10971,7554,1408,587,68.9,11.08,7.48,2200000
2157,コシダカホールディングス,202508,20251010,69387,11392,11598,5258,68588,35097,2570,11524,51.2,16.07,8.07,84225924
2164,地域新聞社,202508,20251010,3153,45,52,41,2299,653,511,1013,28.4,8.59,2.31,8357728
2735,ワッツ,202508,20251010,61578,1419,1429,870,27510,13012,440,3335,47.3,6.82,3.01,13458800
2999,ホームポジション,202508,20251010,17364,563,405,387,14473,5769,1395,7701,39.9,8.4,2.96,9395400
3046,ジンズホールディングス,202508,20251010,97215,12093,12121,8330,57866,31742,3202,5473,54.9,29.06,14.89,23980000
3048,ビックカメラ,202508,20251010,974483,30274,31929,17476,492531,168311,25929,95830,34.2,10.9,3.6,188146304
3168,MERF,202508,20251010,82463,117,-220,-203,25705,9218,1000,12714,35.9,-2.17,-0.78,14337200
3560,ほぼ日,202508,20251010,8677,616,651,448,6918,4893,351,-,70.7,9.52,6.68,2321800
3815,メディア工房,202508,20251010,1873,-323,-317,-508,2277,705,451,1200,31,-58.06,-20.62,11300000
3991,ウォンテッドリー,202508,20251010,4908,1644,1644,1083,7158,4895,306,-,68.4,24.36,17.43,9507400
4370,モビルス,202508,20251010,1854,90,81,90,2229,1373,449,305,61.6,6.55,4.04,6096274
4760,アルファ,202508,20251010,6365,234,224,127,4533,1523,100,1543,33.6,8.74,2.88,915444
5129,FIXER,202508,20251010,3980,-1729,-1719,-2117,4493,3761,1214,9,83.7,-56.29,-47.12,14815200
6159,ミクロン精密,202508,20251010,5782,612,1119,782,15564,13602,651,329,87.4,5.85,5.1,7706100
6264,マルマエ,202508,20251010,11403,2103,1936,1355,25423,8151,1241,13506,32.1,16.62,5.33,26106000
6289,技研製作所,202508,20251010,26337,2566,2732,1487,47837,40285,8958,1024,84.2,3.68,3.1,27074728
6668,アドテックプラズマテクノロジー,202508,20251010,12680,1808,1897,2007,27219,13181,835,12294,48.4,15.88,7.45,8586000
7219,エッチ・ケー・エス,202508,20251010,8976,394,457,361,13233,10650,878,535,80.5,3.44,2.72,1600000
7373,アイドマ・ホールディングス,202508,20251010,13269,3102,3193,1954,10901,7194,1075,132,66,28.08,18.62,15313240
7453,良品計画,202508,20251010,784629,73840,72301,50846,562749,331748,6766,46738,59,16.28,9.48,561560000
7514,ヒマラヤ,202508,20251010,60447,285,382,11,34667,16331,2544,4837,47.1,0.07,0.03,12320787
8127,ヤマトインターナショナル,202508,20251010,19444,-201,-62,143,23301,17314,4917,815,74.3,0.83,0.6,21302936
9270,バリュエンスホールディングス,202508,20251010,84841,1453,1315,681,30938,7362,1373,18212,23.8,9.8,2.37,13926360
9331,キャスター,202508,20251010,4588,-382,-386,-393,1872,709,190,457,37.9,-43.38,-18.17,1960460
4728,トーセ,202508,20251009,6636,689,677,250,7836,6122,967,-,78.1,4.11,3.32,7763040
6255,エヌ・ピー・シー,202508,20251009,9272,1920,1922,1325,12911,10835,2812,-,83.9,12.91,9.35,22052426
7513,コジマ,202508,20251009,282790,7325,7732,4709,120786,70105,25975,9501,58,6.9,4,77912716
9414,日本BS放送,202508,20251009,11812,1932,1985,1345,26898,24393,4190,80,90.7,5.61,5.1,17834232
9560,プログリット,202508,20251009,5747,1202,1207,888,4486,2261,346,248,50.4,43.86,21.21,12746137
9983,ファーストリテイリング,202508,20251009,3400539,564265,650574,433009,3859353,2273116,10273,141071,58.9,20.19,11.63,318220968
7256,河西工業,202503,20251008,218801,-289,-1288,-9182,144831,12455,5821,73521,8.6,-74.01,-6.4,39511728
7730,マニー,202508,20251008,29968,8193,8271,4643,57987,53561,1087,-,92.4,8.77,8.06,107003277
3035,ケイティケイ,202508,20251002,18927,426,515,332,9335,4477,294,993,48,7.64,3.65,5725000
3498,霞ヶ関キャピタル,202508,20251002,96501,18933,17134,10250,121688,36171,9523,66083,29.7,32.53,10.29,24587930
3607,クラウディアホールディングス,202508,20251001,13591,402,416,312,12625,3967,50,5733,31.4,8,2.45,9689200
7447,ナガイレーベン,202508,20251001,16983,3583,3706,2573,44692,41318,1925,-,92.5,6.13,5.63,30736000
2391,プラネット,202507,20250916,3162,564,592,400,6653,5635,436,-,84.7,7.23,6.06,6632800
5966,京都機械工具,202503,20250916,9046,847,944,544,16288,12253,1032,900,75.2,4.41,3.31,2477435
1444,ニッソウ,202507,20250912,5279,72,69,202,3457,1703,349,1061,49.3,12.61,6.49,1088700
1844,大盛工業,202507,20250912,6443,785,759,518,12037,5871,3101,4309,48.8,9.08,4.32,18735209
211A,カドス・コーポレーション,202507,20250912,7587,937,937,658,7821,4361,119,1121,55.8,15.55,8.11,1012500
218A,Liberaware,202507,20250912,1406,-1588,46,46,1700,912,11,491,53.6,5.04,2.71,19637700
2353,日本駐車場開発,202507,20250912,36832,7659,7832,4799,49984,19128,699,18566,38.3,27.74,10.42,348398600
2424,ブラス,202507,20250912,13562,751,765,412,11411,4155,100,3858,36.4,10.37,3.71,5709300
2978,ツクルバ,202507,20250912,8099,274,199,106,6141,1786,14,3655,29.1,6.15,2.05,12058200
2991,ランドネット,202507,20250912,95992,3744,3311,2384,35386,11071,709,18052,31.3,23.92,7.62,23955200
3193,エターナルホスピタリティグループ,202507,20250912,46356,3121,3103,1720,21382,9774,1491,3290,45.7,18.63,8.18,11622300
3418,バルニバービ,202507,20250912,14336,638,621,428,13536,5943,1608,5096,43.9,9.26,3.61,10962380
3421,稲葉製作所,202507,20250912,41905,1865,2197,1546,59467,44020,1132,-,74,3.53,2.58,17022429
3441,山王,202507,20250912,10830,796,806,765,12851,6755,962,4233,52.6,11.61,6.14,5000000
3539,JMホールディングス,202507,20250912,186207,10048,10144,6457,72721,45130,2229,7619,62.1,14.56,8.96,50959000
3930,はてな,202507,20250912,3794,339,339,230,3450,2816,250,-,81.6,8.56,7.23,3075200
3988,SYSホールディングス,202507,20250912,14051,705,732,423,7913,3752,417,1930,47.4,11.89,5.83,10630995
4014,カラダノート,202507,20250912,1270,-34,-43,-69,768,480,62,200,62.5,-16.59,-7.65,6697900
4075,ブレインズテクノロジー,202507,20250912,1255,165,166,133,2057,1643,618,-,79.9,8.32,6.79,5966000
4384,ラクスル,202507,20250912,61950,3819,3462,2702,44299,14438,2919,17135,32.6,18.86,6.13,60988292
4446,Link-Uグループ,202507,20250912,4835,326,308,147,5720,2589,477,1654,45.3,5.79,2.84,14174100
4936,アクシージア,202507,20250912,13478,513,504,320,9567,7572,2155,750,79.1,3.97,3.18,24107000
5131,リンカーズ,202507,20250912,1360,-457,-428,-548,1363,1117,249,12,82,-49.06,-40.21,13897000
5572,Ridge-i,202507,20250912,2593,283,290,139,2846,2191,38,-,77,6.34,4.88,4315320
6037,楽待,202507,20250912,3159,1544,1749,1170,6122,5304,87,-,86.6,21.36,19.06,19753800
6040,日本スキー場開発,202507,20250912,10461,2246,2236,1586,13404,8202,1001,3366,61.2,21.32,13,48008700
6091,ウエスコホールディングス,202507,20250912,16114,987,1215,774,21242,16255,400,-,76.5,4.77,3.69,13727553
7097,さくらさくプラス,202507,20250912,18388,1139,1032,611,13258,5821,589,3669,43.9,11.02,4.54,4622200
7110,クラシコム,202507,20250912,8490,1090,1111,716,6296,5317,100,102,84.5,14.26,12.04,7370400
7126,グローバルスタイル,202507,20250912,11460,801,821,503,7459,2911,80,2431,39,18.75,6.72,3502744
7692,アースインフィニティ,202507,20250912,6725,696,674,461,3061,1205,144,959,39.4,44.07,16.99,110131200
7810,クロスフォー,202507,20250912,3757,55,23,22,5057,1806,713,2985,35.7,1.22,0.43,17845000
7850,総合商研,202507,20250912,16236,351,431,319,7982,3138,411,2589,39.3,10.63,4.08,3060110
9235,売れるネット広告社グループ,202507,20250912,1567,-166,-169,-444,1906,677,412,682,35.5,-64.82,-26.63,7705791
9240,デリバリーコンサルティング,202507,20250912,2740,51,60,35,1484,1111,158,29,74.9,3.22,2.36,4860200
9242,メディア総研,202507,20250912,1536,294,297,217,1786,1524,250,-,85.3,15.34,13.01,1232300
9262,シルバーライフ,202507,20250912,14918,850,1015,702,10452,6972,735,1680,66.7,10.48,6.91,10928400
9556,INTLOOP,202507,20250912,33551,2186,2217,1367,13631,6159,60,1724,45.2,24.99,10.61,9414540
2929,ファーマフーズ,202507,20250911,65260,2367,2553,368,32649,11547,2043,12631,35.4,3.18,1.06,29079000
350A,デジタルグリッド,202507,20250911,6153,2742,2614,1870,17817,8277,1139,1612,46.5,22.59,10.5,40449780
4194,ビジョナル,202507,20250911,80161,21442,22715,15950,95405,67215,6631,119,70.5,26.72,18.58,40220200
4422,VALUENEX,202507,20250911,690,-73,-73,-82,911,707,82,-,77.6,-10.98,-8.55,8719200
4934,プレミアアンチエイジング,202507,20250911,16160,617,599,471,10140,6598,1351,1107,65.1,7.4,4.46,8720534
6535,アイモバイル,202507,20250911,21528,4133,4069,2957,27264,16157,152,-,59.3,18.68,11.43,58147188
6778,アルチザネットワークス,202507,20250911,2680,116,247,133,8399,6560,1359,1294,78.1,1.96,1.54,9562000
8927,明豊エンタープライズ,202507,20250911,29796,3373,2683,1893,29099,9521,614,15912,32.7,21.63,6.62,31584600
4599,ステムリム,202507,20250910,-,-1971,-1970,-1929,7518,5862,10,-,78,-28.7,-23.24,62681200
6387,サムコ,202507,20250910,9342,2342,2373,1697,17774,13558,1663,1062,76.3,13.13,10.01,8042881
6577,ベストワンドットコム,202507,20250910,2543,29,27,9,4012,1141,570,2118,28.4,0.79,0.26,1524700
7682,浜木綿,202507,20250910,6092,189,192,81,4723,1606,681,1865,34,5.18,1.8,2170210
3662,エイチームホールディングス,202507,20250905,23917,845,1585,1036,15209,9021,1713,784,59.3,10.75,6.58,18811135
3816,大和コンピューター,202507,20250905,3204,571,619,417,6241,5365,382,43,86,7.97,6.75,3949762
3854,アイル,202507,20250905,19294,4818,4767,3488,15768,11286,354,-,71.6,33.27,23.31,25042528
6267,ゼネラルパッカー,202507,20250905,10108,1073,1067,799,10971,7474,251,98,68.1,11.14,6.99,1798800
3172,ティーライフ,202507,20250904,11502,456,453,358,8777,6432,368,918,73.3,5.63,4.03,4273600
8057,内田洋行,202507,20250902,337055,12174,13126,9825,174917,70548,5000,1970,40.3,14.59,6.04,52096855
3076,あいホールディングス,202506,20250819,66197,8889,9008,21280,140906,109543,5000,-,77.7,22.45,18.13,56590410
6327,北川精機,202506,20250818,6227,623,599,394,8591,5077,574,1319,59.1,8.01,4.63,8449600
7532,パン・パシフィック・インターナショナルホールディングス,202506,20250818,2246758,162296,158542,90512,1511026,605754,23689,404379,40.1,15.85,6.02,3177296700
194A,WOLVES_HAND,202506,20250815,5463,909,908,593,6049,2715,107,2528,44.9,24.57,10.02,7974000
2481,タウンニュース社,202506,20250815,3677,462,587,389,5792,5108,501,-,88.2,7.85,6.93,5575320
4391,ロジザード,202506,20250815,2177,408,409,283,2576,2176,303,-,84.5,13.8,11.71,3301000
4657,環境管理センター,202506,20250815,6099,109,94,7,5421,2313,885,1680,42.7,0.3,0.13,4789041
6036,KeePer技研,202506,20250815,23093,7098,7131,4888,24826,18042,1347,1449,72.7,30.07,22.16,28280840
9439,エム・エイチ・グループ,202506,20250815,1844,-9,-7,-17,1773,504,215,127,28.4,-3.19,-0.94,11642100
157A,グリーンモンスター,202506,20250814,2006,123,125,32,1821,1430,34,50,78.5,2.21,1.74,3294000
1716,第一カッター興業,202506,20250814,20228,1647,1791,1327,22247,19230,470,190,86.4,7.1,6.02,12000000
2762,SANKO_MARKETING_FOODS,202506,20250814,9679,-666,-647,-816,2430,316,10,472,13,-254.6,-33.91,39762949
2820,やまみ,202506,20250814,21064,1727,1727,1502,15980,10432,1245,1913,65.3,15.07,9.54,6967500
2962,テクニスコ,202506,20250814,3362,-1443,-1629,-2976,6568,1624,785,4158,24.7,-94.3,-37.02,9193374
3041,ビューティカダンホールディングス,202506,20250814,7602,-5,4,42,2897,610,213,1553,21.1,7.28,1.5,5076000
3135,マーケットエンタープライズ,202506,20250814,24771,625,684,484,6238,1361,336,2100,21.8,43.18,8.36,5354900
3140,BRUNO,202506,20250814,14502,440,329,192,10507,5208,1509,2017,49.6,3.73,1.84,14717350
3300,アンビション_DX_ホールディングス,202506,20250814,52372,3946,3524,2350,39308,8340,482,25188,21.2,32.48,7.1,7401000
3457,And_Doホールディングス,202506,20250814,64735,2620,2943,2341,71973,18435,3468,47938,25.6,13.13,3.09,19969200
3469,デュアルタップ,202506,20250814,8367,166,96,117,5480,2343,468,2569,42.8,5.68,2.04,4378250
3538,ウイルプラスホールディングス,202506,20250814,88614,1849,1897,1443,37231,10793,397,16533,29,14.01,4.16,10358400
3625,テックファームホールディングス,202506,20250814,6705,749,761,501,4963,2718,1000,1100,54.8,20.07,11.1,7515000
378A,ヒット,202506,20250814,4419,1387,1367,905,6461,3387,29,1484,52.4,30.32,14.18,7125000
386A,みのや,202506,20250814,24016,678,764,404,8445,2868,100,2207,34,15.05,5.01,3605000
4052,フィーチャ,202506,20250814,497,-9,-10,-38,720,689,383,-,95.7,-5.36,-5.11,5856107
4073,ジィ・シィ企画,202506,20250814,1844,-80,-115,-146,2004,270,433,1475,13.5,-42.63,-7.75,2538660
4845,スカラ,202506,20250814,8179,751,724,982,10222,4804,1794,3038,47,21.48,8.57,17768859
5074,テスホールディングス,202506,20250814,36684,2548,-641,204,151262,42557,6760,87490,28.1,0.49,0.15,70649130
5125,ファインズ,202506,20250814,2685,334,345,233,2737,2175,233,-,79.5,11.15,8.76,4661100
5582,グリッド,202506,20250814,2063,428,428,298,4417,3939,54,5,89.2,7.87,7,4786056
5884,クラダシ,202506,20250814,3075,-63,-70,-31,3096,1025,17,1530,33.1,-3.02,-1,12140258
6038,イード,202506,20250814,6084,459,454,307,6252,4561,50,485,73,7.01,4.9,5062600
6061,ユニバーサル園芸社,202506,20250814,20506,2651,2642,1805,17035,13415,172,68,78.7,14.19,11.16,10050000
6597,HPCシステムズ,202506,20250814,7064,636,644,423,4524,2604,230,525,57.6,16.62,9.11,4375500
7063,Birdman,202506,20250814,319,-561,-684,-715,1886,221,2125,985,11.7,-,-63.25,33720200
7325,アイリックコーポレーション,202506,20250814,9424,741,752,435,6051,3883,1354,16,64.2,11.58,7.74,8708000
7371,Zenken,202506,20250814,5536,386,400,342,14492,12370,439,578,85.4,2.78,2.38,12339100
7375,リファインバースグループ,202506,20250814,4070,182,151,146,3461,212,162,2410,6.1,105.04,4.28,3348421
7409,AeroEdge,202506,20250814,3602,655,565,734,8211,3886,495,3349,47.3,21.04,9.5,11886636
7707,プレシジョン・システム・サイエンス,202506,20250814,4692,-121,-139,-253,4937,3760,100,564,76.2,-6.4,-4.46,27666900
7747,朝日インテック,202506,20250814,120025,30079,29563,12737,193187,150559,18860,9020,77.9,8.44,6.62,265332300
7781,平山ホールディングス,202506,20250814,36220,1270,1300,858,12358,4999,570,1237,40.5,18.14,6.96,8156400
7803,ブシロード,202506,20250814,56175,4868,4844,3418,49797,23750,5781,11586,47.7,14.9,6.81,137409100
7812,クレステック,202506,20250814,18785,1318,1158,736,17784,7953,215,5399,44.7,9.13,3.92,3248900
9159,W_TOKYO,202506,20250814,3925,351,341,173,2586,1571,246,584,60.8,10.74,6.09,2754400
9162,ブリーチ,202506,20250814,17160,436,433,303,13234,9534,3380,1800,72,3.18,2.29,25731800
9219,ギックス,202506,20250814,2398,-99,-101,-99,2110,1768,287,-,83.8,-5.28,-4.44,5596775
9417,スマートバリュー,202506,20250814,4361,-440,-733,916,24903,2543,1044,1996,10.2,43.29,6.33,10679800
9450,ファイバーゲート,202506,20250814,13070,1958,1943,1319,12144,6446,494,3244,53.1,21.56,10.46,20593600
9557,エアークローゼット,202506,20250814,4957,102,88,23,2752,541,56,1532,19.7,4.4,0.84,8284200
141A,トライアルホールディングス,202506,20250813,806590,21106,22200,11752,300283,126125,19812,38558,42,9.72,4.03,122717400
196A,MFS,202506,20250813,2917,196,198,160,2537,2225,599,-,87.7,7.47,6.45,10198900
197A,タウンズ,202506,20250813,18627,8265,8219,6315,36515,17413,289,14423,47.7,40.65,19.2,106454551
2180,サニーサイドアップグループ,202506,20250813,19587,1597,1635,948,10409,4545,550,742,43.7,22.26,10.04,15197600
2385,総医研ホールディングス,202506,20250813,4848,-137,-129,-210,6812,6022,1836,-,88.4,-3.43,-3.05,26158200
3446,ジェイテックコーポレーション,202506,20250813,1925,113,102,60,3688,2775,847,446,75.2,2.19,1.65,5905500
4068,ベイシス,202506,20250813,7984,177,167,96,3717,2046,337,543,55,4.79,2.51,1889679
4398,ブロードバンドセキュリティ,202506,20250813,6103,257,251,142,3797,2107,301,188,55.5,6.81,3.58,4626674
4478,フリー,202506,20250813,33270,610,412,1370,52595,19512,27043,9600,37.1,7.55,2.96,59670765
4495,アイキューブドシステムズ,202506,20250813,3749,905,877,558,4438,2560,414,-,57.7,21.75,13.87,5310750
5698,エンビプロ・ホールディングス,202506,20250813,49090,972,1216,1175,31299,16899,1580,7521,54,6.99,3.61,30317388
5987,オーネックス,202506,20250813,5053,-47,-26,2,8676,5252,878,1800,60.5,0.04,0.02,1660000
6340,澁谷工業,202506,20250813,129017,13749,13773,10052,159426,107922,11392,3696,67.7,9.62,6.26,28149877
6547,グリーンズ,202506,20250813,49645,6306,5843,5260,29405,10177,100,12232,34.6,58.44,18.78,13878263
6571,キュービーネットホールディングス,202506,20250813,25543,1685,1478,1022,34211,14683,1373,8821,42.9,7.08,3.07,13462700
6728,アルバック,202506,20250813,251184,26523,28605,16687,375062,223465,20873,42128,59.6,7.52,4.37,49355938
6874,協立電機,202506,20250813,38246,3354,3452,2138,32591,20123,1441,814,61.7,11.23,6.73,8738400
7320,Solvvy,202506,20250813,6705,1620,1977,-628,29619,4170,212,2272,14.1,-17.51,-2.32,11997254
7369,メイホーホールディングス,202506,20250813,13007,472,444,168,6601,2187,447,1704,33.1,7.99,2.36,4704300
7809,壽屋,202506,20250813,16502,1610,1585,1091,13449,8039,469,3228,59.8,14.3,8.56,8550900
9344,アクシスコンサルティング,202506,20250813,5271,210,219,321,4515,3320,761,366,73.5,10.17,7.7,5058030
9346,ココルポート,202506,20250813,6376,771,797,561,3880,2938,576,-,75.7,21.22,15.92,3677657
1414,ショーボンドホールディングス,202506,20250812,90712,20794,21139,15061,129155,105101,5000,-,81.4,14.47,11.62,218980720
1431,Lib_Work,202506,20250812,16004,833,854,494,11523,4714,1321,3805,40.9,10.64,4.25,24151540
1764,工藤建設,202506,20250812,22497,646,616,483,16970,5379,867,5059,31.7,8.98,2.85,1331220
208A,構造計画研究所ホールディングス,202506,20250812,20137,3073,3046,2048,22067,10094,1010,3564,45.7,20.29,9.28,11000000
2689,オルバヘルスケアホールディングス,202506,20250812,122702,1979,1962,1430,45871,12255,607,1916,26.7,12.1,3.21,6250000
3660,アイスタイル,202506,20250812,68768,3164,3310,2327,34601,15901,7179,7555,46,17.31,7.42,102661967
3675,クロス・マーケティンググループ,202506,20250812,28897,2522,2400,1356,16421,7983,646,4248,48.6,18,8.21,19970464
387A,フラー,202506,20250812,2008,189,185,197,1834,989,50,431,53.9,22.44,12.62,1738270
3986,ビーブレイクシステムズ,202506,20250812,1378,109,112,91,2292,1714,232,-,74.8,5.42,4.03,4610880
4054,日本情報クリエイト,202506,20250812,5075,1004,1003,628,5720,3901,730,-,68.2,17.05,11.13,14374440
5034,unerry,202506,20250812,3726,311,315,331,2616,2015,41,-,77,18.17,14.03,3777950
5256,Fusic,202506,20250812,1952,270,272,193,1569,1136,58,-,72.4,18.35,12.84,1280800
7585,かんなん丸,202506,20250812,1871,-139,-136,-218,1539,426,50,744,27.7,-40.56,-13.13,4351308
8945,サンネクスタグループ,202506,20250812,8695,742,758,229,10459,7562,1017,365,72.3,3,2.14,10872800
1381,アクシーズ,202506,20250808,26426,2121,2171,1720,25075,21601,452,48,86.1,8.13,6.95,5617500
151A,ダイブ,202506,20250808,13781,755,769,454,4439,2272,21,406,51.2,21.79,10.37,8600775
1788,三東工業社,202506,20250808,8199,327,338,231,5086,3385,849,5,66.6,7.05,4.81,686000
2154,オープンアップグループ,202506,20250808,187954,16244,16172,12559,122702,78835,4815,5030,64.2,16.52,10.5,90822812
2428,ウェルネット,202506,20250808,10918,1502,1664,1077,29302,8774,667,1600,29.9,12.63,3.82,19400000
246A,アスア,202506,20250808,1392,198,175,105,1450,1056,228,94,72.8,12.91,8.03,2692300
2904,一正蒲鉾,202506,20250808,34579,891,907,746,30413,14828,940,8334,48.8,5.09,2.41,18590000
2938,オカムラ食品工業,202506,20250808,35345,3021,2815,2020,41271,16043,1161,16038,38.9,13.38,5.02,50254460
3082,きちりホールディングス,202506,20250808,15056,581,552,310,7091,1952,714,2990,27.5,16.71,4.24,11324600
3097,物語コーポレーション,202506,20250808,123921,9242,9035,6157,74026,40252,5964,12930,54.4,17.75,9.08,39202981
3271,THEグローバル社,202506,20250808,61747,5415,4631,3683,40471,10853,1924,25965,26.8,39.16,8.23,28306000
3286,トラストホールディングス,202506,20250808,12887,529,474,345,8730,1217,422,4994,13.9,32.36,3.93,5204500
3597,自重堂,202506,20250808,14936,1446,1627,1128,41954,38120,2982,-,90.9,2.95,2.7,2882848
3639,ボルテージ,202506,20250808,2818,14,17,13,2794,2188,1251,100,78.3,0.6,0.46,6602675
3916,デジタル・インフォメーション・テクノロジー,202506,20250808,24159,3013,3027,2178,11271,8073,453,24,71.6,28.98,20.27,31003640
3958,笹徳印刷,202506,20250808,12555,185,420,246,14008,9148,309,450,65.3,2.64,1.67,6185000
4263,サスメド,202506,20250808,462,-299,-294,-298,4502,4322,99,-,96,-6.69,-6.32,16868100
4335,IPSホールディングス,202506,20250808,3732,363,358,271,2912,1646,255,-,56.5,17.49,9.85,2466000
4418,JDSC,202506,20250808,23055,581,524,345,7987,3785,13,1391,47.4,9.75,4.43,16162200
4575,キャンバス,202506,20250808,-,-1109,-1156,-1157,3050,2911,8467,-,95.4,-44.37,-42.21,19713655
4976,東洋ドライルーブ,202506,20250808,5194,780,976,702,12818,10364,375,787,80.9,7.03,5.65,4065000
5283,高見澤,202506,20250808,73567,1457,1670,670,38851,14540,1264,9198,37.4,4.69,1.71,1758400
5380,新東,202506,20250808,4627,105,104,70,6247,3270,412,2020,52.3,2.15,1.13,831682
6090,ヒューマン・メタボローム・テクノロジーズ,202506,20250808,1455,249,240,256,2374,1891,1488,100,79.7,13.53,10.29,5919797
6156,エーワン精密,202506,20250808,1590,84,119,-221,8058,7485,292,-,92.9,-2.82,-2.6,5300000
6227,AIメカテック,202506,20250808,21005,2095,1884,337,27373,10860,1620,8391,39.7,3.09,1.34,18849000
6239,ナガオカ,202506,20250808,8917,1519,1509,970,10023,7507,1253,215,74.9,13.37,9.57,7078400
6662,ユビテック,202506,20250808,1235,-167,-166,-493,1701,1483,941,-,87.2,-28.51,-24.26,14791600
6785,鈴木,202506,20250808,33322,4292,4206,2760,39772,26920,2442,2453,67.7,10.59,7.18,14404400
7135,ジャパンクラフトホールディングス,202506,20250808,14045,65,4,-257,11555,3672,100,3533,31.8,-7.74,-2.25,37341680
7377,DNホールディングス,202506,20250808,36975,2715,2709,1922,25554,15487,2000,842,60.6,13.27,7.75,8420000
7500,西川計測,202506,20250808,38719,3757,3918,2681,33881,20480,569,-,60.4,13.84,8.19,3432475
7636,ハンズマン,202506,20250808,34896,1236,1526,1027,25665,18102,1057,3034,70.5,5.71,3.96,14509800
7821,前田工繊,202506,20250808,64108,12026,12259,9489,86959,68382,6422,625,78.6,14.51,11.35,68080612
8912,エリアクエスト,202506,20250808,2476,291,187,112,3954,1388,991,566,35.1,7.44,2.7,17145800
8928,穴吹興産,202506,20250808,130973,5690,5618,3722,148139,43564,755,75222,29.4,8.87,2.62,11535600
9165,クオルテック,202506,20250808,4025,384,384,219,4346,3277,392,137,75.4,6.81,5.16,2350000
9273,コーア商事ホールディングス,202506,20250808,23269,5355,5375,3637,36114,28120,1338,2450,77.9,13.68,10.68,42119980
9340,アソインターナショナル,202506,20250808,3796,658,631,438,3330,2930,356,-,88,15.39,13.45,9814200
9361,伏木海陸運送,202506,20250808,13453,1244,1172,682,23517,11666,1850,5183,49.6,6,2.93,2615400
9421,エヌジェイホールディングス,202506,20250808,9107,51,31,31,3749,1612,592,952,43,1.94,0.81,5350400
1382,ホーブ,202506,20250807,2412,38,39,24,1069,756,421,4,70.7,3.15,2.19,762000
3028,アルペン,202506,20250807,268655,8516,10464,5573,205920,121142,15163,10000,58.8,4.68,2.73,38888000
3154,メディアスホールディングス,202506,20250807,288689,1875,2422,1375,113024,20478,1380,21234,18.1,6.84,1.21,22238217
3242,アーバネットコーポレーション,202506,20250807,33933,3481,2787,1850,62322,17347,3519,41581,27.8,11.42,3.39,37574100
3984,ユーザーローカル,202506,20250807,4581,1971,1972,1429,9971,8699,1214,-,87.2,17.4,15.2,16245700
4767,テー・オー・ダブリュー,202506,20250807,17782,2152,2194,1132,14219,9882,948,612,69.5,11.81,8,48969096
5254,Arent,202506,20250807,4028,1690,868,633,6084,4798,572,321,78.9,14.2,11.36,6954295
6062,チャーム・ケア・コーポレーション,202506,20250807,46673,3845,4024,2936,52414,20644,2759,13076,39.4,14.94,5.89,32712000
6920,レーザーテック,202506,20250807,251477,122843,119444,84652,329601,209879,931,-,63.7,46.88,28.18,94286400
7813,プラッツ,202506,20250807,8422,183,240,192,6249,3095,582,2006,49.5,6.11,3.07,3726000
7826,フルヤ金属,202506,20250807,57379,9538,9389,6468,123864,64442,10662,28600,52,10.37,5.47,25389636
9028,ゼロ,202506,20250807,147843,10228,10213,7179,73948,42901,3390,5000,58,17.92,9.92,17560242
9514,エフオン,202506,20250807,17599,1320,1103,706,44576,18684,2292,22034,41.9,3.82,1.57,21635144
3632,グリーホールディングス,202506,20250806,57111,4860,3760,1194,132897,93030,100,25700,70,1.27,0.91,179749700
4396,システムサポートホールディングス,202506,20250806,26938,2218,2244,1457,13628,6012,723,1826,44.1,26.33,12.37,20800000
4826,CIJ,202506,20250806,26899,2170,2204,1495,18676,14516,2270,647,77.7,10.3,8.04,64798288
4847,インテリジェントウェイブ,202506,20250806,15596,1848,1890,1349,18690,9475,843,-,50.7,14.43,7.59,26340000
3426,アトムリビンテック,202506,20250805,10297,515,561,390,11608,10430,300,-,89.9,3.79,3.15,4105000
3836,アバントグループ,202506,20250805,28227,4604,4613,3434,24373,15582,345,-,63.9,23.79,14.84,36009551
4326,インテージホールディングス,202506,20250805,65571,4241,4131,3505,46922,33129,2378,100,70.6,10.73,7.6,40426000
4385,メルカリ,202506,20250805,192633,27840,29120,26114,543763,99269,48176,190950,18.3,30.52,5,165043847
6888,アクモス,202506,20250805,6421,583,584,386,5378,3363,693,399,62.5,11.83,7.26,10215400
3191,ジョイフル本田,202506,20250801,135738,10748,11878,8327,165574,121791,12000,14684,73.6,6.86,5.12,63784612
3439,三ツ知,202506,20250801,12411,106,174,-117,15858,9647,405,3450,60.8,-1.19,-0.72,5304040
5903,シンポ,202506,20250801,7368,976,987,586,8699,6921,639,501,79.6,8.55,6.9,6140850
2477,手間いらず,202506,20250731,2185,1608,1620,1067,7218,6768,718,-,93.8,16.02,15.03,6480961
7962,キングジム,202506,20250731,39639,537,836,424,35513,23965,1978,6277,67.5,1.76,1.2,31459692
9267,Genky_DrugStores,202506,20250729,200786,9658,9899,7066,127326,53263,1035,34229,41.8,14.16,5.86,31031568
3645,メディカルネット,202505,20250718,6077,98,134,-68,4080,1716,286,1251,42.1,-3.75,-1.69,10773000
1430,ファーストコーポレーション,202505,20250715,43194,2579,2478,1669,24889,9757,730,4713,39.2,18.32,6.87,13363540
1887,日本国土開発,202505,20250715,123349,2318,1945,1332,140649,66221,5012,28605,47.1,1.98,0.93,89255000
205A,ロゴスホールディングス,202505,20250715,36269,487,404,199,21122,3406,99,7621,16.1,6.12,1.15,3923885
2168,パソナグループ,202505,20250715,309240,-1237,-460,-8658,265038,134936,5000,31814,50.9,-6.11,-3.06,40190300
2462,ライク,202505,20250715,62336,2951,3498,2097,40446,17798,1548,9146,44,12.12,5.31,20464800
277A,グロービング,202505,20250715,8255,2800,2783,1768,8767,5752,1195,-,65.6,48.83,31.13,28728000
2934,ジェイフロンティア,202505,20250715,21504,293,231,87,9172,1405,564,4321,15.3,6.8,0.88,5333465
3021,パシフィックネット,202505,20250715,8099,842,774,529,12364,3378,533,7617,27.3,16.43,4.63,5392500
372A,レント,202505,20250715,49088,3906,3444,2498,57910,14958,1401,21009,25.8,18.38,4.57,3886000
3810,サイバーステップホールディングス,202505,20250715,2504,-1787,-1916,-1695,1077,512,4075,120,47.5,-208.1,-108.58,69013082
4198,テンダ,202505,20250715,5574,428,441,257,3876,2733,325,141,70.5,9.69,6.61,6634800
6044,三機サービス,202505,20250715,20636,1020,1021,689,9948,4812,616,458,48.4,15.27,7.42,6583485
6150,タケダ機械,202505,20250715,4890,431,441,293,7617,5216,1874,1263,68.5,5.74,3.77,1020000
7808,シー・エス・ランバー,202505,20250715,20673,1774,1680,1157,26938,11289,536,9954,41.9,10.72,4.58,1850100
1377,サカタのタネ,202505,20250714,92920,12257,12311,9711,190986,161306,13500,2868,84.5,6.04,5.06,45410750
1401,エムビーエス,202505,20250714,4713,626,672,472,4878,3696,391,-,75.8,13.17,10.17,7732000
189A,D＆Mカンパニー,202505,20250714,1502,299,300,220,9281,2120,471,6874,22.8,12.98,2.43,2290000
2153,E・Jホールディングス,202505,20250714,42705,4481,4633,3203,52011,34046,2803,7363,65.5,9.61,6.86,18378920
3148,クリエイトSDホールディングス,202505,20250714,457093,22625,23414,15685,236561,142720,1000,-,60.3,11.49,6.92,66819342
3160,大光,202505,20250714,74880,811,845,523,27459,6376,1482,9533,23.2,8.4,2.04,14883300
3236,プロパスト,202505,20250714,27839,3334,2826,1957,30182,12104,1750,16503,40.1,17.41,6.31,35147915
3297,東武住販,202505,20250714,8185,511,507,343,6140,4428,302,867,72.1,7.96,5.52,2712400
340A,ジグザグ,202505,20250714,1412,322,310,245,2127,1114,398,26,52.4,35.9,14.57,7753815
3760,ケイブ,202505,20250714,13969,1133,1131,246,13248,5141,182,1244,38.8,4.85,1.78,6838500
3892,岡山製紙,202505,20250714,11522,1032,1147,798,16593,12944,821,-,78,6.34,4.64,5500000
4057,インターファクトリー,202505,20250714,2864,196,190,137,2113,1181,435,370,55.9,12.36,7,4125700
4430,東海ソフト,202505,20250714,10680,1120,1147,813,11239,6057,826,2488,53.9,13.42,7.23,4920300
4443,Sansan,202505,20250714,43202,2800,2743,424,47984,14949,7203,3572,31.2,2.93,0.99,126780856
4885,室町ケミカル,202505,20250714,6653,432,430,241,5264,2451,143,1643,46.6,10.21,4.67,4095500
5575,Globee,202505,20250714,1637,411,408,281,2243,901,92,106,40.2,37.05,14.16,5116869
5885,ジーデップ・アドバンス,202505,20250714,6630,839,796,536,4608,2848,290,-,61.8,20.47,11.99,5452800
6047,Gunosy,202505,20250714,6098,575,325,78,13222,11162,4099,266,84.4,0.74,0.64,24237774
6505,東洋電機製造,202505,20250714,40539,2384,2584,2128,53210,27385,4998,9207,51.5,7.96,4.06,9735000
7370,Enjin,202505,20250714,2919,841,844,539,5302,4636,905,-,87.4,12,10.41,7298200
7434,オータケ,202505,20250714,32993,977,1212,855,26064,15388,1312,71,59,5.56,3.28,4284500
8887,シーラホールディングス,202505,20250714,5419,200,222,-657,16748,11066,2300,3487,66.1,-5.89,-4.12,41939204
1376,カネコ種苗,202505,20250711,64508,1511,1666,1200,49320,25013,1491,-,50.7,4.85,2.45,11772626
137A,Cocolive,202505,20250711,1301,279,281,209,1057,887,229,-,83.9,26.99,22.61,3043840
1419,タマホーム,202505,20250711,200817,4113,3789,1478,92302,34247,4310,19049,37.1,4.07,1.63,29455800
198A,PostPrime,202505,20250711,897,183,175,87,1252,994,21,-,79.4,8.75,6.95,10252060
2437,Shinwa_Wise_Holdings,202505,20250711,2067,12,-17,-142,3313,2343,220,292,70.7,-5.99,-3.76,11017818
2459,アウンコンサルティング,202505,20250711,270,-105,-92,-115,760,334,100,227,43.9,-29.22,-13.43,7502800
2722,IKホールディングス,202505,20250711,15211,425,416,321,6077,2375,620,1673,39.1,14.19,5.31,8308000
2769,ヴィレッジヴァンガードコーポレーション,202505,20250711,24962,-935,-995,-4247,17535,1860,2330,9513,10.6,-105.29,-21,7861700
3349,コスモス薬品,202505,20250711,1011390,40404,43160,30978,524755,257463,4178,42884,49.1,12.67,6.19,80001600
3501,SUMINOE,202505,20250711,104791,3001,2514,669,94976,31182,9554,20924,32.8,2.12,0.71,15364324
3791,IGポート,202505,20250711,14598,1426,1420,828,13092,7829,781,-,59.8,10.95,6.11,20221600
4076,シイエヌエス,202505,20250711,7004,555,585,427,5259,3959,478,-,75.3,11.19,8.38,2906000
4465,ニイタカ,202505,20250711,23714,1925,1953,1805,22584,14756,585,1933,65.3,12.83,7.96,5943052
4577,ダイト,202505,20250711,50643,2619,2705,1908,78004,52003,7186,9668,66.7,3.67,2.45,30096880
4829,日本エンタープライズ,202505,20250711,4442,67,89,21,5591,4735,1108,-,84.7,0.44,0.36,38534900
5967,TONE,202505,20250711,7591,1002,1091,787,14531,11298,605,1803,77.8,7.16,5.35,23426000
6489,前澤工業,202505,20250711,37499,4654,4768,3077,42661,29919,5233,2183,70.1,10.64,7.34,20790248
7713,シグマ光機,202505,20250711,11580,1131,1269,986,20340,17668,2623,203,86.9,5.68,4.78,7552628
7725,インターアクション,202505,20250711,6668,1418,1386,979,13656,11765,1760,747,86.2,8.58,7.17,11510200
8908,毎日コムネット,202505,20250711,22255,2520,2384,1599,30894,13108,775,12864,42.4,12.72,5.36,18000000
9216,ビーウィズ,202505,20250711,36424,1069,1004,452,14494,8941,915,20,61.7,4.99,3.16,14183200
9265,ヤマシタヘルスケアホールディングス,202505,20250711,64486,838,909,616,27549,8977,494,-,32.6,7.03,2.28,2553000
9812,テーオーホールディングス,202505,20250711,24188,222,104,-7,17002,461,100,11021,2.7,-1.53,-0.04,8926896
2303,ドーン,202505,20250710,1646,574,584,418,3074,2750,363,-,89.5,15.98,14.2,3300000
2791,大黒天物産,202505,20250710,292940,9812,10088,6774,116403,60947,1760,15006,52.4,11.65,6.14,14502400
5932,三協立山,202505,20250710,359424,1545,944,-2336,300454,91240,15000,87218,30.4,-2.49,-0.79,31554629
7487,小津産業,202505,20250710,10220,430,559,408,26414,19127,1322,2570,72.4,2.19,1.6,8435225
7673,ダイコー通産,202505,20250710,21728,1171,1194,816,17587,8411,583,716,47.8,10.03,4.86,5332780
7888,三光合成,202505,20250710,91101,5656,5194,3857,76052,32193,4008,18775,42.3,12.42,5.11,30688569
9278,ブックオフグループホールディングス,202505,20250710,119205,3448,3903,2101,57380,18627,100,22361,32.5,10.81,3.75,20547413
9651,日本プロセス,202505,20250710,10473,1144,1281,1478,14473,11088,1487,-,76.6,13.72,10.84,10645020
9765,オオバ,202505,20250710,18096,1936,1998,1334,17901,12711,2131,-,71,10.71,7.44,16500000
6552,GameWith,202505,20250709,3451,-196,-207,-235,3347,2675,553,44,79.9,-8.4,-6.5,18348200
7921,TAKARA＆COMPANY,202505,20250709,29678,4048,4239,4075,40058,30336,2278,208,75.7,14.06,10.69,13153293
2792,ハニーズホールディングス,202505,20250708,57701,5906,5989,3732,52997,44706,3566,-,84.4,8.34,7.05,27900000
6083,ERIホールディングス,202505,20250708,19765,2045,2076,1293,13435,6343,992,2488,47.2,21.41,10.38,7832400
6496,中北製作所,202505,20250708,23768,1159,1450,1730,36452,25456,1150,3077,69.8,6.8,4.75,3832800
4825,ウェザーニューズ,202505,20250707,23505,4517,4468,3115,25757,21503,1706,-,83.5,15.12,12.76,47376000
2678,アスクル,202505,20250704,481101,14004,13816,9068,227782,77788,21233,20211,34.2,11.62,3.85,89771300
3321,ミタチ産業,202505,20250704,98176,2148,2377,1696,40028,15675,845,11700,39.2,11.25,5.64,7971853
3549,クスリのアオキホールディングス,202505,20250703,501470,26601,27513,17786,352464,145759,16749,93229,41.4,13.88,5.42,95616980
192A,インテグループ,202505,20250630,1892,497,486,311,2125,1901,214,-,89.5,19.06,14.65,2182700
4716,日本オラクル,202505,20250627,263510,86832,87454,60725,316403,163639,25225,-,51.7,34.18,18.5,128310971
7068,フィードフォースグループ,202505,20250626,4373,1592,1527,1002,7653,3213,61,2200,42,33.37,13.17,23886658
2796,ファーマライズホールディングス,202505,20250625,63508,293,136,-367,31924,6661,1961,13692,20.9,-5.31,-1.2,12060381
3544,サツドラホールディングス,202505,20250620,100174,1675,1648,767,46194,9796,1003,15636,21.2,8.11,1.68,14236564
9610,ウィルソン・ラーニングワールドワイド,202503,20250619,1688,-393,-385,-386,1514,696,888,71,46,-49.58,-23.37,11155580
6905,コーセル,202505,20250618,27052,628,740,-113,59998,55836,6042,-,93.1,-0.22,-0.2,41186100
184A,学びエイド,202504,20250616,289,-297,-312,-318,219,135,202,36,61.6,-150,-94.78,3413500
2342,トランスジェニックグループ,202503,20250616,13005,-259,-319,-1089,9586,4763,50,2574,49.7,-20.44,-11.23,16999141
7604,梅の花グループ,202504,20250616,29440,550,388,-383,22951,1830,100,16580,8,-15.04,-1.6,9029200
186A,アストロスケールホールディングス,202504,20250613,2456,-18755,-21550,-21551,33625,6126,10297,10800,18.2,-373.92,-73.53,135854500
1873,日本ハウスホールディングス,202504,20250613,34980,2335,2057,1135,42396,21673,3873,9263,51.1,5.33,2.65,40000000
3134,Hamee,202504,20250613,22895,2354,2352,1278,16972,10487,607,3850,61.8,12.44,8.12,16328100
3161,アゼアス,202504,20250613,8027,191,217,199,8452,6768,887,95,80.1,2.95,2.35,6085401
3361,トーエル,202504,20250613,27388,1936,2265,841,26934,20530,918,25,76.2,4.01,3.06,20884440
3444,菊池製作所,202504,20250613,5456,-520,-450,43,8563,5074,1303,811,59.3,0.91,0.49,12337700
3524,日東製網,202504,20250613,21600,680,828,534,30095,7294,1378,16305,24.2,7.59,1.79,2605000
3843,フリービット,202504,20250613,55073,5883,5230,2748,40558,6480,4514,20923,16,30.35,6.98,23414000
4382,HEROZ,202504,20250613,5929,306,228,-177,8147,4570,44,2054,56.1,-3.81,-2.24,15206964
5079,ノバック,202504,20250613,27511,859,830,573,25956,18189,1227,429,70.1,3.15,2.21,5202800
5971,共和工業所,202504,20250613,10457,818,931,708,18151,15656,592,-,86.3,4.54,3.93,1360000
6656,インスペック,202504,20250613,2237,108,116,-142,3000,748,813,1661,24.9,-17.4,-4.21,4012800
7050,フロンティアインターナショナル,202504,20250613,20335,1277,1267,876,14482,8891,51,309,61.4,10.25,6.71,9238000
7435,ナ・デックス,202504,20250613,36890,762,894,251,30782,18616,1028,268,60.5,1.32,0.81,8800500
7901,マツモト,202504,20250613,2169,-265,-261,-653,2085,821,100,46,39.4,-57.33,-26.54,1143900
1766,東建コーポレーション,202504,20250612,366640,22258,22752,15778,228663,133751,4800,-,58.5,12.36,7.19,13472000
3031,ラクーンホールディングス,202504,20250612,6098,1254,1397,836,16217,4420,1877,1226,27.3,18.18,5.29,21262043
324A,ブッキングリゾート,202504,20250612,1456,515,496,334,2552,1901,393,433,74.5,23.2,16.47,5914800
4431,スマレジ,202504,20250612,11066,2375,2358,1639,10671,7667,1156,100,71.8,21.38,15.36,19693800
7095,Macbee_Planet,202504,20250612,51675,4639,4576,2770,21446,11185,2635,2663,52.2,26.2,13.29,14654272
7777,スリー・ディー・マトリックス,202504,20250612,6934,-1156,-2483,-2501,6513,1745,15489,2940,26.8,-147.67,-40.34,127967081
2751,テンポスホールディングス,202504,20250611,47055,2668,2870,2064,26219,15839,499,1956,60.4,13.95,8.18,14314800
2923,サトウ食品,202504,20250611,46479,2697,2944,1949,48839,22475,543,18559,46,9.05,4.21,5075500
3903,gumi,202504,20250611,8942,370,2103,2063,23884,16701,14617,4031,69.9,14.4,9.55,53846034
4026,神島化学工業,202504,20250611,27405,1786,1718,1433,30731,12907,1320,8924,42,11.58,4.74,9240000
5032,ANYCOLOR,202504,20250611,42876,16279,16214,11510,29143,21968,449,45,75.4,55.23,42.46,61090529
1436,グリーンエナジー＆カンパニー,202504,20250610,11616,543,408,275,13557,5293,20,5756,39,5.33,2.14,12858000
2294,柿安本店,202504,20250610,36104,1500,1538,701,19196,15044,1269,-,78.4,4.29,3.43,12446700
2438,アスカネット,202504,20250610,7263,173,178,-263,6349,5386,490,-,84.8,-4.56,-3.91,17464000
2910,ロック・フィールド,202504,20250610,51184,1242,1301,329,35308,28908,5544,375,81.9,1.13,0.92,26788748
3180,ビューティガレージ,202504,20250609,33721,1594,1584,1019,16257,7628,768,2144,46.9,13.98,6.82,12752000
9627,アインホールディングス,202504,20250605,456804,16871,18080,9261,311921,142521,21894,38620,45.7,6.67,3.3,35428212
4750,ダイサン,202504,20250603,10837,370,346,335,10192,5566,100,2317,54.6,6.14,3.26,7618000
2593,伊藤園,202504,20250602,472716,22969,22973,14156,344598,174279,19912,69178,50.6,7.96,4.05,85212380
3329,東和フードサービス,202504,20250530,12812,1062,1099,720,9169,7171,50,-,78.2,10.44,8.05,8186400
7886,ヤマト_モビリティ＆Mfg.,202503,20250529,16072,202,81,-339,7534,1408,1037,3080,18.7,-22.76,-4.21,1622179
7578,ニチリョク,202503,20250527,2242,-98,-147,-271,7475,4585,1865,2219,61.3,-5.74,-3.49,18461405
1443,技研ホールディングス,202503,20250520,4906,623,770,491,16164,10916,1120,3303,67.5,4.47,2.94,16237977
1847,イチケン,202503,20250520,98999,6866,6800,4697,67602,34065,4329,6578,50.4,13.79,6.95,14568800
2340,極楽湯ホールディングス,202503,20250520,15164,1140,1279,769,13024,3563,5252,3191,27.4,24.44,6.31,31722000
2673,夢みつけ隊,202503,20250520,251,-13,91,90,3298,2425,534,709,73.5,3.67,2.71,10458000
3753,フライトソリューションズ,202503,20250520,3063,-298,-333,-382,1509,503,1433,664,33.3,-81.97,-24.16,14536700
3858,ユビキタスAI,202503,20250520,4138,96,92,91,3450,2396,1483,64,69.4,3.85,2.53,10459000
3936,グローバルウェイ,202503,20250520,3071,-261,-277,-320,1772,716,50,241,40.4,-36.41,-17.2,36566450
4720,城南進学研究社,202503,20250520,5623,-230,-228,-420,5230,1437,655,1069,27.5,-25.32,-8.31,8937840
6343,フリージア・マクロス,202503,20250520,6971,1348,1984,906,33055,12492,2077,10221,37.8,7.68,2.85,45099320
6837,京写,202503,20250520,26229,1277,992,614,24754,9831,1102,8406,39.7,6.8,2.55,14624000
7111,INEST,202503,20250520,18960,208,101,42,13671,4927,100,2850,36,0.86,0.31,7306432
8630,SOMPOホールディングス,202503,20250520,5453769,-,552924,422927,15030015,2847043,100045,-,18.9,14.84,2.83,934228767
8725,MS＆ADインシュアランスグループホールディングス,202503,20250520,6660813,-,928989,691657,26241298,4000352,101367,-,15.2,16.34,2.6,1492551732
8766,東京海上ホールディングス,202503,20250520,8440114,-,1460007,1055276,31237340,5076843,150000,-,16.3,20.58,3.41,1934000000
8836,RISE,202503,20250520,383,34,34,9,1826,1648,100,42,90.3,0.49,0.44,96013277
5194,相模ゴム工業,202503,20250519,5687,-33,522,392,18635,10838,547,5655,58.2,3.79,2.16,10937449
5363,東京窯業,202503,20250519,31933,4503,5032,3130,59169,40906,2398,3366,69.1,7.81,5.39,45477000
7621,うかい,202503,20250519,13462,721,699,136,10901,4768,100,2484,43.7,2.87,1.26,5616940
7946,光陽社,202503,20250519,4726,60,103,60,3181,1788,100,433,56.2,3.2,1.8,4250500
2329,東北新社,202503,20250516,45686,2682,3344,8363,103457,84867,2487,-,82,10.05,8.31,140206002
2814,佐藤食品工業,202503,20250516,6360,672,813,596,21163,19294,3672,670,91.2,3.06,2.77,7377460
3417,大木ヘルスケアホールディングス,202503,20250516,349452,2768,3991,2639,139339,30991,2486,14173,22.2,8.97,1.9,14072100
4676,フジ・メディア・ホールディングス,202503,20250516,550761,18293,25180,-20134,1440296,818166,146200,350894,56.8,-2.4,-1.39,169123000
4816,東映アニメーション,202503,20250516,100836,32432,33188,23623,190980,153198,2867,-,80.2,16.58,13.36,210000000
5852,アーレスティ,202503,20250516,162929,3371,3044,-2892,134094,51872,6964,40142,38.7,-5.6,-2.18,25546717
6488,ヨシタケ,202503,20250516,9843,1068,1449,932,20258,16820,1908,995,83,5.74,4.71,13326389
7413,創健社,202503,20250516,4950,65,71,47,2943,1160,920,811,39.4,4.14,1.58,705500
7521,ムサシ,202503,20250516,37391,3354,4738,3432,49811,33965,1208,3516,68.2,10.7,7.24,7950000
8081,カナデン,202503,20250516,125665,4500,4730,3942,89081,47989,5576,-,53.9,8.21,4.51,22500000
142A,ジンジブ,202503,20250515,2400,62,58,-184,2090,389,303,513,18.6,-42.06,-8.62,2905200
1447,SAAFホールディングス,202503,20250515,28855,333,142,-129,16998,2649,1909,9031,15.6,-4.65,-0.74,24446958
1491,中外鉱業,202503,20250515,162345,1417,1238,1218,16525,8182,100,2765,49.5,15.93,8.5,14487399
1514,住石ホールディングス,202503,20250515,10264,48,4711,4195,29047,28024,2501,-,96.5,15.25,13.94,67222853
173A,ハンモック,202503,20250515,4707,791,828,618,6136,2726,83,-,44.4,25.3,10.56,4360000
1835,東鉄工業,202503,20250515,160047,15526,16035,11564,181115,119615,2810,10000,66,10.05,6.62,36100000
1860,戸田建設,202503,20250515,586661,26638,29088,25185,923572,342227,23001,255468,37.1,7.29,2.81,318005696
1861,熊谷組,202503,20250515,498581,14299,14411,9354,462533,181829,30108,42135,39.3,5.17,2.01,173142240
1975,朝日工業社,202503,20250515,91947,7248,7582,6229,80861,42027,3857,3594,52,15.42,7.56,27200000
1979,大氣社,202503,20250515,276212,17971,19938,11026,268448,148053,6455,13316,55.2,7.55,4.12,63464018
2002,日清製粉グループ本社,202503,20250515,851486,46380,49210,34684,789713,485006,17117,44385,61.4,7.04,4.29,282111891
2109,DM三井製糖,202503,20250515,178785,13840,14483,6295,202196,114615,7083,47356,56.7,5.55,3.2,31464780
2134,北浜キャピタルパートナーズ,202503,20250515,701,-579,-601,-835,2686,2016,5760,106,75.1,-76.64,-42.8,547690993
2158,FRONTEO,202503,20250515,6099,527,543,555,6466,2966,899,1936,45.9,19.9,7.94,39412362
2162,nmsホールディングス,202503,20250515,75707,1650,1650,630,36230,5269,500,18529,14.5,14.65,1.75,21611000
2179,成学社,202503,20250515,14287,778,758,461,9472,3859,100,2278,40.7,12.57,5.03,5876000
2183,リニカル,202503,20250515,10437,-583,-498,-539,16775,7253,214,2099,43.2,-6.96,-3.05,24740000
2204,中村屋,202503,20250515,37248,1070,1277,884,43508,27037,7469,-,62.1,3.3,2.03,5976205
2286,林兼産業,202503,20250515,49267,1076,1363,1055,27632,11791,3415,6726,42.7,9.22,3.72,8910000
2323,fonfun,202503,20250515,1268,149,163,169,2149,936,10,975,43.6,21.75,10.71,21294120
2351,ASJ,202503,20250515,2741,161,163,246,4874,2892,1375,693,59.3,8.87,5.4,7951100
2415,ヒューマンホールディングス,202503,20250515,100328,3404,3576,2607,50743,18096,1299,9804,35.7,15.23,5.12,10377999
2464,Aoba-BBT,202503,20250515,7700,440,477,242,7402,4563,1818,112,61.6,5.2,3.25,14264100
2488,JTP,202503,20250515,9211,820,828,562,5911,3655,795,-,61.8,16.15,9.97,6015600
254A,AIフュージョンキャピタルグループ,202503,20250515,3088,1427,1419,668,7629,4716,100,636,61.8,14.16,8.76,9702600
2586,フルッタフルッタ,202503,20250515,2549,229,234,270,3547,2955,1890,-,83.3,13.75,10.4,106394569
2594,キーコーヒー,202503,20250515,77783,486,636,214,58235,30644,4628,8223,52.6,0.7,0.38,22689000
2656,ベクターホールディングス,202503,20250515,162,-574,-566,-779,353,234,1843,-,66.3,-135.36,-108.19,30088000
2694,焼肉坂井ホールディングス,202503,20250515,23533,468,428,-613,16610,6751,100,6065,40.6,-8.63,-3.75,239866162
2708,久世,202503,20250515,68568,1847,2191,1754,22969,7919,100,1783,34.5,24.05,7.33,4626327
2750,石光商事,202503,20250515,64953,1557,1336,888,39231,12232,623,11624,31.2,7.44,2.34,8000000
2764,ひらまつ,202503,20250515,10662,249,173,1530,12142,5874,100,3827,48.4,30,9,74740400
2784,アルフレッサホールディングス,202503,20250515,2961051,38080,40485,27389,1439885,481788,18454,30000,33.5,5.7,1.9,191300000
2804,ブルドックソース,202503,20250515,14617,223,864,623,32474,21445,1044,4880,66,2.9,1.88,13208780
2813,和弘食品,202503,20250515,16249,1591,1609,1208,14564,8553,1413,2420,58.7,14.95,8.59,2847957
2818,ピエトロ,202503,20250515,11135,177,160,57,10271,6358,1719,1366,61.9,0.89,0.55,7062230
285A,キオクシアホールディングス,202503,20250515,1706460,451748,370669,272315,2919679,737565,25239,777706,25.3,45.88,9.42,546086290
2876,デルソーレ,202503,20250515,15403,561,539,-422,10244,6120,922,150,59.7,-6.62,-4.02,9105290
287A,黒田グループ,202503,20250515,121327,5928,5544,3914,95782,38426,11642,28403,40.1,10.79,4.03,44683980
2894,石井食品,202503,20250515,10869,267,309,287,7657,3851,919,1900,50.3,7.89,3.64,18392000
2911,旭松食品,202503,20250515,8017,225,307,238,10234,8191,1617,651,80,2.96,2.36,1876588
2933,紀文食品,202503,20250515,108912,4513,4191,2587,72406,20748,6368,24332,28.7,13.1,3.61,22829781
2998,クリアル,202503,20250515,41823,1968,1830,1351,52936,5185,1280,4744,9.8,30.21,3.05,36066200
302A,ビースタイルホールディングス,202503,20250515,11214,323,325,195,4150,1263,309,1520,30.4,20.71,4.96,2909968
3036,アルコニックス,202503,20250515,197004,6919,7528,4805,196634,69658,5851,53741,35.4,7.1,2.53,31125300
3079,ディーブイエックス,202503,20250515,50321,537,542,410,25537,9127,344,-,35.7,4.47,1.7,10780000
3104,富士紡ホールディングス,202503,20250515,42912,6476,6675,4477,66608,47460,6673,471,71.3,9.79,6.93,34062000
3123,サイボー,202503,20250515,10297,806,1247,859,41947,17736,1402,12879,42.3,4.92,2.01,13600000
3133,海帆,202503,20250515,2791,-462,-504,-737,4576,1407,1689,2122,30.7,-64.17,-17.99,58355783
3150,グリムス,202503,20250515,33340,6500,6645,4558,26034,16216,708,3690,62.3,31.3,19.13,23837200
3153,八洲電機,202503,20250515,66075,5253,5373,4011,64141,30614,1585,740,47.7,13.86,6.44,21782500
3173,Cominix,202503,20250515,30127,554,563,36,25830,7821,350,10344,30.3,0.46,0.16,6868840
3175,エー・ピーホールディングス,202503,20250515,21072,263,253,-36,7688,-58,50,5758,-,-,-0.45,12883150
3182,オイシックス・ラ・大地,202503,20250515,256009,6864,6561,3638,134564,30382,3995,33380,22.6,12.24,2.61,36940000
3183,ウイン・パートナーズ,202503,20250515,81410,2808,2837,2019,46620,24069,550,-,51.6,8.51,4.28,30503310
3184,ICDAホールディングス,202503,20250515,38181,1812,1835,1274,19335,10416,1161,1427,53.9,12.98,6.51,2100000
3185,夢展望,202503,20250515,4499,-277,-359,-369,2611,417,1026,1402,16,-105.58,-14.01,18366100
3224,ゼネラル・オイスター,202503,20250515,3926,3,2,-20,3340,1400,1564,369,41.9,-1.72,-0.72,5339600
3291,飯田グループホールディングス,202503,20250515,1459639,80452,74315,50697,1853830,981488,10000,624220,52.9,5.19,2.77,280379057
3293,アズマハウス,202503,20250515,13279,1230,1152,765,31739,17070,596,12545,53.8,4.55,2.38,8063400
332A,ミーク,202503,20250515,5974,929,910,633,6774,4972,623,-,73.4,15.66,11.46,11480200
3358,Trailhead_Global_Holdings,202503,20250515,1460,25,34,18,2133,1628,1421,-,76.3,1.15,0.87,37088900
3370,フジタコーポレーション,202503,20250515,4892,113,112,96,2798,238,889,2038,8.5,50.93,3.4,3432300
3388,明治電機工業,202503,20250515,78672,3294,3596,2435,54208,34392,1658,-,63.4,7.25,4.58,12765820
3397,トリドールホールディングス,202503,20250515,268228,8674,5332,1874,323196,87243,5145,88245,27,2.23,0.58,88731752
3420,ケー・エフ・シー,202503,20250515,26073,1358,1459,997,28841,21249,565,490,73.7,4.76,3.41,7378050
3437,特殊電極,202503,20250515,10539,635,646,467,11911,7599,484,1284,63.8,6.31,3.98,1602000
343A,IACEトラベル,202503,20250515,2694,607,587,394,4890,2854,80,1000,58.4,14.82,8.61,4767600
3465,ケイアイスター不動産,202503,20250515,342553,17255,15124,8862,294552,60128,4818,183929,20.4,15.46,3.28,31737200
3477,フォーライフ,202503,20250515,14771,591,524,550,9618,3973,154,4348,41.3,14.77,6.28,4000000
3489,フェイスネットワーク,202503,20250515,29915,4519,4106,2769,30036,9765,681,15970,32.5,32.21,9.78,29880000
3512,日本フエルト,202503,20250515,9699,200,468,429,25264,20242,2435,800,80.1,2.14,1.7,18342089
3513,イチカワ,202503,20250515,13947,1072,1216,782,29466,22261,3594,860,75.5,3.59,2.66,4967151
3529,アツギ,202503,20250515,21880,-930,-233,-376,40847,31662,20000,1056,77.5,-1.16,-0.91,17319568
352A,LOIVE,202503,20250515,8492,1004,930,500,7892,1636,394,3378,20.7,36.08,7.59,12893871
3542,ベガコーポレーション,202503,20250515,15935,926,938,591,8073,5958,1043,-,73.8,10.26,7.73,10749600
3551,ダイニック,202503,20250515,44073,2136,2241,1315,61085,26593,5795,19468,43.5,5.16,2.17,8504747
3561,力の源ホールディングス,202503,20250515,34166,2809,2841,1758,18541,10661,3148,2605,57.5,17.64,9.83,30318000
3569,セーレン,202503,20250515,159653,17865,19277,13887,199223,142906,17520,10422,71.7,10.42,7.18,64633646
3591,ワコールホールディングス,202503,20250515,173896,3328,5693,6989,272183,191819,13260,14469,70.5,3.46,2.47,52500000
3598,山喜,202503,20250515,10774,48,15,90,11306,4245,3355,4471,37.5,2.13,0.8,14950074
3640,電算,202503,20250515,18740,2517,2523,1842,21463,12701,1395,2422,59.2,15.66,8.98,5837200
3641,パピレス,202503,20250515,15768,-309,-283,-164,12732,8882,414,-,69.8,-1.71,-1.2,10326880
3661,エムアップホールディングス,202503,20250515,25782,4065,4113,1664,25983,7709,317,-,29.7,23.67,7.31,72992776
3686,ディー・エル・イー,202503,20250515,1978,-489,-394,-728,2630,1807,30,25,68.7,-31.62,-23.31,43448440
3694,オプティム,202503,20250515,10580,1954,1862,1178,11094,8427,445,-,76,15.03,11.41,54598528
3708,特種東海製紙,202503,20250515,94800,3928,6227,3607,139436,78546,11485,29171,56.3,4.64,2.65,39000000
3750,ADR12OS,202503,20250515,122,-806,-864,-2140,3537,419,100,2647,11.8,-142.71,-45.76,8929419
3796,いい生活,202503,20250515,3028,-37,-42,-39,2349,1872,628,-,79.7,-2.04,-1.6,14561400
3803,イメージ情報開発,202503,20250515,646,-70,-69,-36,614,285,301,3,46.4,-11.59,-5.8,3381500
3825,リミックスポイント,202503,20250515,21129,-1211,-541,-593,20543,17907,279,319,87.2,-3.31,-2.95,149044800
3835,eBASE,202503,20250515,5469,1731,1797,1250,8112,7355,190,-,90.7,17.5,15.7,47164800
3844,コムチュア,202503,20250515,36341,4630,4660,3160,25611,18468,1022,200,72.1,17.92,12.88,32241600
3845,アイフリークモバイル,202503,20250515,2004,-61,-50,-110,1392,855,144,287,61.4,-12.87,-7.9,22239641
3856,Abalance,202503,20250515,72417,3602,3737,951,145802,24182,2521,44263,16.6,-,-,19033193
3863,日本製紙,202503,20250515,1182431,19706,15505,4539,1703308,482026,104873,857016,28.3,0.95,0.26,116254892
3865,北越コーポレーション,202503,20250515,305718,19727,18759,15529,418882,265053,42020,87368,63.3,6.01,3.72,163053114
3877,中越パルプ工業,202503,20250515,111009,4843,5114,1761,121888,56886,18864,37097,46.7,3.13,1.4,13354688
3878,巴川コーポレーション,202503,20250515,34432,1282,1566,749,46087,15242,2122,13637,33.1,5,1.63,10389406
3880,大王製紙,202503,20250515,668912,9807,4530,-11197,886066,236721,53884,444637,26.7,-4.63,-1.23,169012926
3905,データセクション,202503,20250515,2942,-496,-613,-654,4593,2316,1912,1368,50.4,-30.92,-15.61,29769051
3927,フーバーブレイン,202503,20250515,4373,187,165,109,5604,1528,796,362,27.3,7.63,2.19,5604200
3933,チエル,202503,20250515,6896,677,661,423,10614,3084,336,1887,29.1,14.63,5.06,7872000
3962,チェンジホールディングス,202503,20250515,46387,13515,12745,7532,104790,41254,1042,32721,39.4,18.64,7.76,73852362
4021,日産化学,202503,20250515,251365,56833,58018,43043,330763,233291,18942,40474,70.5,18.68,13.16,134800000
4031,片倉コープアグリ,202503,20250515,41369,650,672,350,50094,23816,4214,14510,47.5,1.48,0.71,10161686
4047,関東電化工業,202503,20250515,62351,4272,4507,3248,123617,65959,2877,37247,53.4,5,2.61,57546050
4097,高圧ガス工業,202503,20250515,98983,5969,6642,4784,122994,78916,2885,11591,64.2,6.19,3.93,55577526
4100,戸田工業,202503,20250515,31667,-648,-1411,-3563,50672,11013,7477,27764,21.7,-28.65,-6.83,6099192
4112,保土谷化学工業,202503,20250515,48578,4875,4770,3178,79858,48601,11196,8500,60.9,6.6,3.95,16827452
4116,大日精化工業,202503,20250515,124760,7004,7764,10289,196784,128008,10039,20843,65.1,8.41,5.25,72452440
4169,ENECHANGE,202503,20250515,6715,-3630,-2081,-1273,7411,4536,1506,1113,61.2,-,-,42868284
4177,i-plug,202503,20250515,5084,578,579,597,3823,1395,672,420,36.5,54.85,17,3986402
4193,ファブリカホールディングス,202503,20250515,9206,1106,1116,331,5379,3636,657,139,67.6,9.17,6.2,5475400
4216,旭有機材,202503,20250515,85162,11121,11250,7624,105772,77636,5000,5900,73.4,10.26,7.36,19800400
4229,群栄化学工業,202503,20250515,30545,2293,2716,1920,63018,49746,5000,-,78.9,3.91,3.1,8998308
4234,サンエー化研,202503,20250515,29430,-34,88,237,37810,20098,2176,5798,53.2,1.16,0.63,11320000
4237,フジプレアム,202503,20250515,10620,220,248,262,15963,10016,2000,4540,62.7,2.63,1.52,29786400
4240,クラスターテクノロジー,202503,20250515,1022,108,110,100,1836,1651,1240,-,89.9,6.25,5.59,5692800
4241,アテクト,202503,20250515,3201,80,64,40,4686,1714,822,2304,36.6,2.3,0.82,4436800
4256,サインド,202503,20250515,2241,237,227,112,4863,3315,53,1153,68.2,3.44,2.28,6066000
4265,Institution_for_a_Global_Society,202503,20250515,602,-303,-295,-336,768,678,50,-,88.3,-39.72,-36.13,4765800
4275,カーリット,202503,20250515,36914,3046,3320,2570,53012,37479,2099,470,70.7,6.92,4.75,22940600
4301,アミューズ,202503,20250515,68186,2798,2963,1648,60937,34454,1587,281,56.5,4.85,2.75,18623520
4310,ドリームインキュベータ,202503,20250515,6183,257,297,170,15857,13015,5019,-,82.1,1.21,1.02,9534316
4337,ぴあ,202503,20250515,45362,2636,2378,1591,102150,7236,6468,17619,7.1,24.9,1.65,15668713
4365,松本油脂製薬,202503,20250515,43131,9281,9677,6830,95189,79404,6090,-,83.4,8.94,7.4,4512651
4387,ZUU,202503,20250515,2993,14,54,120,9645,1322,879,296,13.7,9.46,1.26,4749860
4425,Kudan,202503,20250515,517,-800,-743,-801,3411,3129,13,200,91.7,-30.7,-27.67,11301267
4437,gooddaysホールディングス,202503,20250515,8805,605,550,337,5537,3035,38,500,54.8,11.72,6.37,6842760
4444,インフォネット,202503,20250515,2010,168,164,96,2057,1136,291,499,55.2,8.83,5.21,2049093
4462,石原ケミカル,202503,20250515,23630,3400,3456,2465,26997,21899,1980,-,81.1,10.95,8.98,15153680
4492,ゼネテック,202503,20250515,8124,693,683,421,7149,2403,379,2252,33.6,18.24,7.22,11727700
4512,わかもと製薬,202503,20250515,7789,-457,-409,64,15002,11610,3395,100,77.4,0.54,0.42,34838325
4523,エーザイ,202503,20250515,789400,54378,61065,46432,1386547,841417,44986,187523,60.7,5.41,3.34,291649149
4531,有機合成薬品工業,202503,20250515,15128,1216,1139,896,26871,13106,3471,8155,48.8,7.02,3.5,21974000
4544,H.U.グループホールディングス,202503,20250515,243025,2640,4742,2761,279582,137013,9279,70327,49,1.98,0.97,57492322
4553,東和薬品,202503,20250515,259594,23242,26152,18986,470823,171625,4717,217799,36.5,11.59,4.21,51516000
4598,Delta-Fly_Pharma,202503,20250515,-,-1708,-1718,-1721,434,276,5113,-,63.6,-228.25,-180.4,13175000
4611,大日本塗料,202503,20250515,72511,4716,5199,9437,133344,65029,8827,11576,48.8,15.15,8.03,29710678
4644,イマジニア,202503,20250515,6486,458,924,603,13484,12064,2669,-,89.5,5.02,4.48,10649000
4650,SDエンターテイメント,202503,20250515,4201,98,60,93,4207,1584,100,1868,37.7,6.04,2.2,8997000
4651,サニックスホールディングス,202503,20250515,45352,2227,1950,1483,36655,10170,4205,9952,27.7,15.56,4.03,48919396
4659,エイジス,202503,20250515,33960,3032,3134,2104,30731,25030,475,170,81.4,8.67,7.09,10771200
4665,ダスキン,202503,20250515,188791,7268,10697,8808,203318,151198,11352,219,74.4,5.77,4.35,48000000
4681,リゾートトラスト,202503,20250515,249333,26365,26848,20139,492949,144318,19590,7996,29.3,14.72,4.19,217041598
4814,ネクストウェア,202503,20250515,3009,-75,-77,-105,1546,1222,1310,1,79,-8.24,-6.5,13015222
4833,Def_consulting,202503,20250515,619,-427,-426,-427,429,303,100,-,70.6,-82.59,-67.24,72602015
4839,WOWOW,202503,20250515,76757,2036,2997,637,100499,68034,5000,-,67.7,0.93,0.67,28844400
4882,ペルセウスプロテオミクス,202503,20250515,120,-826,-829,-904,1818,1353,2437,-,74.4,-67.54,-51.5,16999600
4902,コニカミノルタ,202503,20250515,1127882,-64014,-79156,-47484,1217641,462967,37519,343284,38,-9.47,-3.64,502664337
4914,高砂香料工業,202503,20250515,229207,15341,15311,13325,262174,144203,9248,58067,55,9.75,5.43,100761985
4932,アルマード,202503,20250515,8477,946,936,650,4721,1873,110,2100,39.7,34.6,15.2,10394000
4972,綜研化学,202503,20250515,47633,6347,6339,4378,54114,38003,3361,4134,70.2,12.38,8.36,16600000
4990,昭和化学工業,202503,20250515,9237,346,571,411,13655,8119,598,2883,59.5,5.23,3.02,11979000
5103,昭和ホールディングス,202503,20250515,8619,25,-268,-203,6525,1635,5651,881,25.1,-12.63,-3.04,76293426
5133,テリロジーホールディングス,202503,20250515,8653,273,327,176,7109,2822,450,277,39.7,6.57,2.51,17111742
5185,フコク,202503,20250515,89657,4721,4569,2931,79402,43274,1395,12551,54.5,7.08,3.77,15909130
5195,バンドー化学,202503,20250515,115593,3480,3472,1496,120693,82132,10951,7137,68.1,1.79,1.21,44213536
5199,不二ラテックス,202503,20250515,7198,208,170,298,11056,4068,643,5080,36.8,7.52,2.66,1286199
5247,BTM,202503,20250515,5099,91,86,62,1580,659,182,380,41.7,9.41,3.92,2827000
5252,日本ナレッジ,202503,20250515,4154,99,115,82,2124,1139,217,364,53.6,7.38,3.86,4151100
5269,日本コンクリート工業,202503,20250515,52652,990,1452,-209,77282,36983,5111,12818,47.9,-0.56,-0.26,57777432
5282,ジオスター,202503,20250515,28527,1551,1580,835,36719,23740,3352,290,64.7,3.55,2.27,31530000
5351,品川リフラ,202503,20250515,144072,13278,13655,9778,195214,88998,3300,57456,45.6,11.34,5.58,47146830
5356,美濃窯業,202503,20250515,15058,1576,1680,1217,21336,14507,877,1470,68,8.66,5.83,12909828
5381,マイポックス,202503,20250515,11172,942,855,911,15931,8463,3379,5220,53.1,11.43,5.71,14451920
5571,エキサイトホールディングス,202503,20250515,9091,465,354,184,10345,3501,19,5252,33.8,5.17,2.21,4877690
5621,ヒューマンテクノロジーズ,202503,20250515,6055,930,935,655,5887,4431,860,-,75.3,15.74,12.16,9593200
5695,パウダーテック,202503,20250515,9136,332,376,318,15817,12783,1557,-,80.8,2.5,2.06,2970000
5703,日本軽金属ホールディングス,202503,20250515,550180,21744,19785,12375,544307,233131,46525,168828,42.8,5.45,2.28,61993750
5707,東邦亜鉛,202503,20250515,126267,5625,3689,-1458,99299,10082,18380,73510,10.2,-22.8,-1.4,13773521
5726,大阪チタニウムテクノロジーズ,202503,20250515,51914,10088,9076,7090,100925,42838,8739,43700,42.4,17.43,7.31,36800000
5844,京都フィナンシャルグループ,202503,20250515,167258,-,50915,36552,12161140,1082795,40000,-,8.9,3.29,0.31,301362752
5845,全保連,202503,20250515,25658,2548,2538,1621,22762,7193,1709,900,31.6,27.13,7.28,26653900
5869,早稲田学習研究会,202503,20250515,6986,1492,1508,1038,9314,7014,183,-,75.3,15.02,11.35,10211250
5870,ナルネットコミュニケーションズ,202503,20250515,8542,442,430,238,9916,3428,76,1706,34.6,7.11,2.44,5332100
5918,瀧上工業,202503,20250515,23840,-389,337,200,64177,43265,1361,4665,67.4,0.46,0.33,2697600
5983,イワブチ,202503,20250515,12642,878,959,699,25464,19236,1496,710,75.5,3.69,2.77,1100000
5985,サンコール,202503,20250515,63940,3442,3156,-769,60175,26592,4808,15108,44.2,-2.75,-1.28,34057923
6039,日本動物高度医療センター,202503,20250515,5277,720,720,520,8753,4148,801,3474,47.4,13.07,5.94,14391000
6042,ニッキ,202503,20250515,8360,885,649,630,23367,13033,500,7959,55.8,4.96,2.71,2000000
6045,レントラックス,202503,20250515,3862,1142,1126,668,10649,3578,440,3743,33.6,20.01,6.7,7975800
6082,ライドオンエクスプレスホールディングス,202503,20250515,23393,781,721,333,12996,8028,1091,1648,61.8,4.36,2.56,10938719
6092,エンバイオ・ホールディングス,202503,20250515,10668,839,702,452,21195,9141,2325,10097,43.1,5.13,2.23,8175200
6096,レアジョブ,202503,20250515,9715,442,424,268,5891,1931,657,2088,32.8,14.32,4.41,9845600
6113,アマダ,202503,20250515,396670,49076,49157,32386,649891,519213,54768,10954,79.9,6.18,4.87,317451417
6118,アイダエンジニアリング,202503,20250515,76006,5529,5559,5101,122862,83546,7831,3120,68,6.15,4.1,59662021
6140,旭ダイヤモンド工業,202503,20250515,41006,2311,3070,2493,76351,61652,4102,2234,80.7,4.02,3.32,48430000
6144,西部電機,202503,20250515,33352,3192,3271,2350,46411,30794,2658,416,66.4,7.66,4.87,15160000
6151,日東工器,202503,20250515,27256,2342,2510,1345,66605,58172,1850,-,87.3,2.33,2.04,19154495
6157,日進工具,202503,20250515,9431,1767,1779,1264,19941,18221,455,-,91.4,7.07,6.45,25035034
6167,冨士ダイス,202503,20250515,16595,488,603,426,25603,20748,164,28,81,2.06,1.65,20000000
6178,日本郵政,202503,20250515,11468368,-,814596,370564,297149653,9089547,3500000,-,3.1,3.83,0.12,2808194600
6181,タメニー,202503,20250515,5909,-56,-99,-848,3589,-694,46,3403,-,-,-20.08,44968700
6190,フェニックスバイオ,202503,20250515,1541,-142,-155,-448,2285,1351,2569,399,59.1,-28.59,-17.92,4076933
6203,豊和工業,202503,20250515,24827,1253,1413,749,34051,18736,9019,7838,55,4.15,2.33,12548134
6209,リケンNPR,202503,20250515,170340,11807,14678,8756,219045,145158,5212,19337,66.3,6.13,4,28247910
6218,エンシュウ,202503,20250515,21886,-705,-943,-2261,29812,10379,4640,11494,34.8,-20.38,-7.18,6353454
6229,オーケーエム,202503,20250515,10438,783,740,553,13163,10312,1185,797,78.3,5.55,4.29,4558200
6240,ヤマシンフィルタ,202503,20250515,20104,2630,2669,1723,26642,22619,6571,319,84.9,7.85,6.55,69938478
6247,日阪製作所,202503,20250515,38353,2930,3391,3782,82697,59645,4150,5000,72.1,6.32,4.59,28732800
6254,野村マイクロ・サイエンス,202503,20250515,96359,15372,13399,10199,116783,36477,2236,52158,31.2,31.37,10.89,40608000
6287,サトー,202503,20250515,154807,12341,11144,7151,139757,76540,8468,14196,54.8,9.68,5.25,33635942
6307,サンセイ,202503,20250515,5781,454,455,346,6402,4677,890,354,73.1,7.56,5.23,8987700
6330,東洋エンジニアリング,202503,20250515,278091,2591,6459,2020,286598,60012,18198,51046,20.9,3.26,0.71,52588607
6331,三菱化工機,202503,20250515,59202,5694,5626,4879,66174,38227,3956,3300,57.8,13.4,7.54,23741850
6347,プラコー,202503,20250515,2227,-139,-139,-95,3052,1583,819,1100,51.9,-6,-3.11,10287476
6365,電業社機械製作所,202503,20250515,28077,3235,3400,2426,40469,27830,810,-,68.8,8.99,6.26,4776900
6393,油研工業,202503,20250515,33496,1920,1923,1249,46222,23797,4109,7033,51.5,5.42,2.79,4510676
6430,ダイコク電機,202503,20250515,57415,12212,12231,7727,57266,45287,700,-,79.1,17.97,13.26,14818175
6433,ヒーハイスト,202503,20250515,2245,-121,-189,-203,5007,2818,732,1035,56.3,-6.96,-3.91,6316700
6458,新晃工業,202503,20250515,57005,9986,10615,7829,84997,60968,5822,2412,71.7,12.83,9.05,72543000
6463,TPR,202503,20250515,192494,11214,15790,8866,291779,162873,4758,29550,55.8,5.54,3.05,66542998
6482,YUSHIN,202503,20250515,26126,2586,2535,1692,41045,35111,1985,-,85.5,4.89,4.04,35638066
6494,NFKホールディングス,202503,20250515,2082,137,153,105,5742,5155,100,42,89.8,2.06,1.84,48744624
6538,ディスラプターズ,202503,20250515,4294,352,351,211,3788,2198,395,828,58,9.85,5.4,20996400
6539,MS-Japan,202503,20250515,7474,1604,1681,1032,10841,9671,587,-,89.2,10.37,9.24,24998200
6545,インターネットインフィニティー,202503,20250515,5161,401,411,255,4328,1647,252,1468,38.1,16.8,6.31,5427771
6564,ミダックホールディングス,202503,20250515,10905,4534,4450,2862,28492,15414,90,9322,54.1,20.32,10.33,27773500
6566,要興業,202503,20250515,14506,2108,2167,1513,24126,19574,827,381,81.1,7.96,6.34,15871400
6574,コンヴァノ,202503,20250515,3241,134,127,77,3164,1743,10,358,55.1,4.55,2.5,509156000
6580,ライトアップ,202503,20250515,4003,720,725,485,4185,3120,386,-,74.6,16.66,12.76,5806000
6615,ユー・エム・シー・エレクトロニクス,202503,20250515,131938,2149,1646,-2508,73626,15262,4729,31262,20.7,-14.36,-3.29,28277620
6637,寺崎電気産業,202503,20250515,56404,5618,6052,4451,73896,51432,1236,3256,69.6,9.06,6.27,13030000
6647,森尾電機,202503,20250515,9212,735,744,568,8905,5158,1048,1293,57.9,11.49,6.63,1425000
6651,日東工業,202503,20250515,184683,13432,13516,12097,183897,115136,6578,28074,62.6,10.82,7,40458000
6652,IDEC,202503,20250515,67380,3652,3477,1778,107216,63198,10056,24540,58.9,2.76,1.66,31374485
6659,メディアリンクス,202503,20250515,2790,-522,-522,-561,3668,2401,2959,614,65.5,-22.24,-14,75495300
6699,ダイヤモンドエレクトリックホールディングス,202503,20250515,91724,2270,1467,411,79278,11391,1247,36662,14.4,3.82,0.51,11683901
6706,電気興業,202503,20250515,32582,935,1024,777,53016,36471,8774,5509,68.8,2.09,1.44,9900000
6736,サン電子,202503,20250515,10837,1,709,17228,53127,47547,2097,2544,89.5,40.68,34.47,24007728
6740,ジャパンディスプレイ,202503,20250515,188012,-37068,-40415,-78220,148031,6650,100,59500,4.5,-169.91,-42.05,3880388022
6743,大同信号,202503,20250515,21914,1152,1262,1542,45401,24291,1500,6321,53.5,6.35,3.42,18018000
6750,エレコム,202503,20250515,118007,13531,13190,9300,114740,82549,12577,500,71.9,11.01,8.01,92221420
6776,天昇電気工業,202503,20250515,27885,914,1079,1264,22118,10624,1208,3987,48,12.72,5.05,17014000
6794,フォスター電機,202503,20250515,137607,6796,7726,3902,106826,60870,6770,7152,57,6.56,3.72,25000000
6800,ヨコオ,202503,20250515,82884,4226,3926,2227,76278,51939,7819,9547,68.1,4.36,2.92,23849878
6824,新コスモス電機,202503,20250515,42153,5155,5451,3376,67288,47653,1460,4889,70.8,7.34,5.03,12561000
6859,エスペック,202503,20250515,67288,7526,7793,6003,75847,56693,6895,126,74.7,10.97,7.79,23781394
6864,エヌエフホールディングス,202503,20250515,9083,547,587,450,17321,12563,3317,1411,72.5,3.57,2.5,7070000
6867,リーダー電子,202503,20250515,4117,-179,-223,-185,4531,3203,1342,229,70.7,-5.66,-4.04,4514301
6890,フェローテック,202503,20250515,274390,24089,25558,15692,600593,236831,29549,162296,39.4,7.11,2.83,47117949
6907,ジオマテック,202503,20250515,5280,323,366,360,16358,9104,4043,2030,55.7,4.05,2.28,9152400
6912,菊水ホールディングス,202503,20250515,13429,1997,2122,1439,17450,14062,2201,-,80.6,10.52,8.58,8800000
6942,ソフィアホールディングス,202503,20250515,8360,344,321,95,7457,3028,2065,1660,40.6,3.1,1.24,4677720
6951,日本電子,202503,20250515,196695,35501,34424,18688,222486,136653,21394,7583,61.4,14.26,8.26,51532800
6960,フクダ電子,202503,20250515,139007,25874,26633,18605,221321,181652,4621,1750,82.1,10.61,8.65,37747300
6982,リード,202503,20250515,4186,-90,-39,-104,7882,2600,658,3450,33,-3.79,-1.27,2632960
6993,大黒屋ホールディングス,202503,20250515,10232,-904,-1076,-968,6279,394,3722,4450,6.3,-166.98,-15.13,739896570
6994,指月電機製作所,202503,20250515,27346,1990,1797,1194,38344,23384,5001,8800,61,5.23,3.19,33061003
7042,アクセスグループ・ホールディングス,202503,20250515,3594,230,216,188,2328,1184,131,599,50.9,18.46,7.99,3468800
7057,エヌ・シー・エヌ,202503,20250515,8124,178,292,193,5781,2057,391,92,35.6,9.7,3.36,3223000
7058,共栄セキュリティーサービス,202503,20250515,10113,484,542,-38,6352,4532,100,479,71.3,-0.82,-0.58,1506500
7059,コプロ・ホールディングス,202503,20250515,30015,2763,2784,1820,13057,8252,30,-,63.2,22.32,14.44,40000000
7062,フレアス,202503,20250515,7582,-105,-165,-244,8700,1526,315,2193,17.5,-14.86,-3.28,2608600
7084,Smile_Holdings,202503,20250515,13656,410,413,151,15222,6497,606,4588,42.7,2.36,1.03,3259500
7091,リビングプラットフォーム,202503,20250515,19204,341,374,365,12115,2029,368,5952,16.7,19.86,3.13,4484742
7119,ハルメクホールディングス,202503,20250515,33930,1068,1020,623,20893,8195,2082,1900,39.2,7.91,3.04,11045488
7162,アストマックス,202503,20250515,20666,-176,-146,-146,14961,5042,2013,4250,33.7,-2.79,-1,13160300
7181,かんぽ生命保険,202503,20250515,6165335,-,170293,123472,59555692,3241426,500000,-,5.4,3.72,0.21,1115468100
7182,ゆうちょ銀行,202503,20250515,2522052,-,584533,414324,233601531,9040153,3500000,-,3.8,4.43,0.18,3575878720
7185,ヒロセ通商,202503,20250515,10203,3064,3070,2229,117622,19736,1094,7400,16.8,11.98,1.88,6883500
7187,ジェイリース,202503,20250515,17267,3102,3097,2089,15641,5916,720,2339,37.8,39.63,15.35,18032000
7199,プレミアグループ,202503,20250515,36409,6815,6851,4651,184988,18922,1700,51188,10.2,27.17,3,40710663
7214,GMB,202503,20250515,103712,1943,1767,592,88548,23113,887,32058,26.1,2.58,0.68,5328444
7217,テイン,202503,20250515,5316,317,391,247,8049,6201,217,448,77,3.93,2.99,9811308
7238,曙ブレーキ工業,202503,20250515,161672,3124,-2271,168,128326,49498,19939,34862,38.6,0.33,0.12,273755222
7273,イクヨ,202503,20250515,17736,39,33,44,16254,6893,2658,3020,42.4,0.68,0.28,29385000
7287,日本精機,202503,20250515,316397,9584,9344,6122,332095,216694,14494,32278,65.3,2.79,1.83,58471299
7294,ヨロズ,202503,20250515,178414,298,-2077,-13448,136601,52011,6200,38736,38.1,-22.78,-9.65,25055636
7297,カーメイト,202503,20250515,15523,300,377,-332,20332,14837,1637,1460,73,-2.25,-1.62,7928885
7317,松屋アールアンドディ,202503,20250515,9567,1953,2054,1560,10907,6932,36,2308,63.6,25.73,14.98,21427600
7345,アイ・パートナーズフィナンシャル,202503,20250515,3797,-1,-3,-9,1000,630,341,-,63,-1.42,-0.86,3534800
7368,表示灯,202503,20250515,10020,980,1027,725,14461,7864,923,-,54.4,9.49,5.1,4720245
7383,ネットプロテクションズホールディングス,202503,20250515,22438,2103,2139,1350,70848,19169,4213,9750,27.1,7.32,2.06,99480999
7384,プロクレアホールディングス,202503,20250515,84674,-,2432,1227,6061642,158303,20000,-,2.6,0.75,0.02,28658957
7389,あいちフィナンシャルグループ,202503,20250515,101036,-,10282,9097,6799701,353492,20026,-,5.2,2.48,0.13,245623355
7414,小野建,202503,20250515,271942,6810,6902,4885,203530,97387,6947,56735,47.8,5.09,2.37,25123913
7416,はるやまホールディングス,202503,20250515,36135,625,964,670,43449,24165,3991,8764,55.6,2.79,1.48,16485078
7477,ムラキ,202503,20250515,7543,143,168,90,3953,2691,100,-,68.1,3.38,2.28,1470000
7523,アールビバン,202503,20250515,10731,2113,2267,1266,34773,15315,1863,11641,44,8.11,3.67,9152316
7525,リックス,202503,20250515,54727,3882,4197,2841,43813,25498,827,1636,58.2,11.58,6.69,8640000
7571,ヤマノホールディングス,202503,20250515,13964,256,236,41,7956,1327,10,2684,16.7,3.22,0.49,35830058
7593,VTホールディングス,202503,20250515,351630,10859,9732,5302,277900,71244,5100,70884,25.6,7.36,1.93,122581034
7638,NEW_ARTホールディングス,202503,20250515,27644,3890,3580,1984,27328,9936,3301,8789,36.4,21.33,8.05,17386204
7677,ヤシマキザイ,202503,20250515,29046,-44,-511,-509,25394,9364,99,-,36.9,-5.32,-2.02,2880000
7686,ひとまいる,202503,20250515,134514,1781,1815,536,36059,4230,70,9102,11.7,12.84,1.53,29146200
7687,ミクリード,202503,20250515,6776,372,373,258,2325,1393,93,-,59.9,20.04,11.75,6614600
7709,クボテック,202503,20250515,1662,-125,-126,-200,1735,202,1951,235,11.6,-62.79,-9.78,13830000
7722,国際計測器,202503,20250515,13204,1211,1411,940,20840,11224,1023,3409,53.9,8.56,4.55,14200000
7727,オーバル,202503,20250515,15048,1422,1444,1029,24493,15865,2200,1618,64.8,6.69,4.29,21000000
7749,メディキット,202503,20250515,22553,4486,4658,3013,52470,45156,1241,-,86.1,6.75,5.82,15880000
7771,日本精密,202503,20250515,7158,275,2,-20,5639,1470,2018,2939,26.1,-1.36,-0.35,24180047
7775,大研医器,202503,20250515,9951,1512,1510,1097,11181,7484,495,2018,66.9,15.16,9.89,31840000
7779,CYBERDYNE,202503,20250515,4384,-926,-879,-577,48547,39575,10,37,81.5,-1.44,-1.17,137445809
7795,KYORITSU,202503,20250515,40353,1249,1145,715,42270,17643,3393,12158,41.7,4.13,1.68,49235000
7820,ニホンフラッシュ,202503,20250515,23976,774,1102,-2792,42309,30209,1117,2032,71.4,-9.04,-6.4,25060000
7823,アートネイチャー,202503,20250515,43340,2181,2249,821,49678,26727,3667,-,53.8,3.08,1.65,34393200
7837,アールシーコア,202503,20250515,10990,-491,-384,-530,6485,2396,671,636,36.9,-19.76,-7.38,4536400
7840,フランスベッドホールディングス,202503,20250515,60561,4696,4686,2946,70888,40607,3000,12889,57.3,7.48,4.22,34747500
7857,セキ,202503,20250515,12302,224,452,280,18738,15533,1201,216,82.9,1.83,1.5,4508000
7868,広済堂ホールディングス,202503,20250515,38302,8302,8032,4462,77257,46985,429,22491,60.8,9.6,5.77,164340045
7874,レック,202503,20250515,66304,2710,3004,1729,89421,34468,5491,44900,38.5,4.94,1.94,38165340
7887,南海プライウッド,202503,20250515,24921,961,1655,101,32485,24413,2121,4209,75.2,0.42,0.31,5047900
7914,共同印刷,202503,20250515,99977,2331,2746,3310,126168,62893,4510,11899,49.8,5.26,2.57,30000000
7922,三光産業,202503,20250515,9666,82,126,86,11846,8775,1948,1033,74.1,0.99,0.73,7878800
7932,ニッピ,202503,20250515,49141,3627,3615,2457,70172,39839,4404,10572,56.8,6.34,3.45,2889000
7952,河合楽器製作所,202503,20250515,72918,316,474,405,73991,44541,7122,8446,60.2,0.93,0.55,9011560
7985,ネポン,202503,20250515,7277,38,76,-280,6024,2332,601,1932,38.7,-11.29,-4.33,962948
8018,三共生興,202503,20250515,22594,1766,2639,2108,69823,50832,3000,4704,72.8,4.29,3.09,46000000
8023,DAIKO_XTECH,202503,20250515,42690,2410,2495,1683,26840,12666,1969,2070,47.2,13.82,6.16,13868408
8025,ツカモトコーポレーション,202503,20250515,9681,-332,-210,-380,28898,14054,2829,7931,48.6,-2.74,-1.33,4069747
8030,中央魚類,202503,20250515,149902,3229,3508,2901,74760,32037,2995,19236,42.9,9.46,3.79,4315300
8066,三谷商事,202503,20250515,339005,31508,33621,19022,298988,167157,5008,8310,55.9,11.56,6.36,91000000
8070,東京産業,202503,20250515,70716,2266,2696,2164,84593,20978,3443,13321,24.8,10.6,2.62,28678486
8101,GSIクレオス,202503,20250515,165541,2950,2548,2358,79965,30086,7186,13151,37.6,8.2,3.04,12629942
8104,クワザワホールディングス,202503,20250515,65406,1464,1661,747,41243,15977,417,2064,38.7,4.76,1.8,16694496
8105,Bitcoin_Japan,202503,20250515,3098,-355,-300,-407,3330,2675,100,-,80.3,-14.19,-11.41,67850648
8115,ムーンバット,202503,20250515,11946,702,665,583,9934,5460,1000,2346,55,11.09,5.89,4774719
8117,中央自動車工業,202503,20250515,41558,11040,12421,8681,63492,55701,1001,-,87.7,16.44,14.36,60060000
8135,ゼット,202503,20250515,55309,1072,1273,2992,32759,14553,1005,47,44.4,21.48,9.61,20102000
8141,新光商事,202503,20250515,116008,637,578,505,80051,51701,9501,10070,64.6,0.94,0.56,31010566
8152,ソマール,202503,20250515,30363,2570,2710,2586,30972,20173,5115,5000,65.1,13.82,8.94,1958734
8153,モスフードサービス,202503,20250515,96185,5223,5569,3150,80576,54047,11412,2455,67.1,5.95,3.93,32009910
8230,はせがわ,202503,20250515,21228,1204,1265,905,19916,12542,4037,3585,63,7.22,4.54,18646376
8253,クレディセゾン,202503,20250515,492238,78730,92786,66397,4671143,705678,75929,3404400,15.1,9.41,1.47,185444772
8291,日産東京販売ホールディングス,202503,20250515,141605,7412,7367,4312,97081,56644,13752,9609,58.3,7.56,4.51,59578916
8306,三菱UFJフィナンシャル・グループ,202503,20250515,13629997,1591197,2669483,1862946,413113501,20520375,2141513,-,5,9.29,0.46,11867710920
8411,みずほフィナンシャルグループ,202503,20250515,9030374,1098973,1168141,885433,283320404,10442212,2256767,-,3.6,8.57,0.32,2442831994
8511,日本証券金融,202503,20250515,59486,11329,12507,10375,13769589,134346,10000,847071,1,7.44,0.08,83000000
8518,日本アジア投資,202503,20250515,3092,105,141,400,15419,6817,100,7416,44.2,6.48,2.48,26004392
8584,ジャックス,202503,20250515,190978,25732,25765,18620,3806786,248274,16138,2946256,6.5,7.78,0.49,45059992
8593,三菱HCキャピタル,202503,20250515,2090808,187126,193594,135165,11762332,1789627,33196,8259999,15.2,7.78,1.18,1466912244
8713,フィデアホールディングス,202503,20250515,53138,3747,4209,2816,2921972,77234,18000,-,2.6,3.46,0.09,18142122
8737,あかつき本社,202503,20250515,56483,3725,3889,2631,92035,17865,5665,42571,19.4,15.48,2.86,34029544
8746,unbanked,202503,20250515,9489,187,308,236,7392,5533,100,-,74.9,4.25,3.57,15192682
8750,第一ライフグループ,202503,20250515,9873251,-,719072,429613,69592967,3469450,344353,-,5,11.69,0.63,3621895219
8769,アドバンテッジリスクマネジメント,202503,20250515,8554,1022,1023,744,8724,3908,365,1967,44.8,18.99,9.75,16280200
8795,T＆Dホールディングス,202503,20250515,3730479,-,198595,126411,16619009,1300804,207111,-,7.8,9.35,0.75,488000000
8818,京阪神ビルディング,202503,20250515,19584,4983,4829,4388,177104,76247,9827,84353,43.1,5.81,2.55,48811498
8938,グローム・ホールディングス,202503,20250515,2043,-46,-53,70,8645,7687,3049,45,88.9,0.92,0.82,9051000
9012,秩父鉄道,202503,20250515,5276,304,270,115,16899,5003,750,5525,29.6,2.32,0.69,1500000
9017,新潟交通,202503,20250515,19998,2016,1612,1086,56418,19030,4220,26140,33.7,5.85,1.92,3864000
9034,南総通運,202503,20250515,16106,2018,2026,1370,33466,21975,538,7777,65.7,6.28,3.99,10000000
9041,近鉄グループホールディングス,202503,20250515,1741787,84399,81538,46716,2507255,544126,126476,1256910,21.7,8.79,1.88,190662061
9051,センコン物流,202503,20250515,18824,813,935,506,18836,5888,1262,8008,31.3,8.89,2.75,5651000
9052,山陽電気鉄道,202503,20250515,38489,4065,4185,3031,122690,57572,10090,43175,46.9,5.41,2.56,22330598
9059,カンダホールディングス,202503,20250515,52009,3436,3499,2206,47484,25766,1772,6600,54.3,8.86,4.68,23308720
9060,日本ロジテム,202503,20250515,66001,1228,1156,461,48827,15537,3145,18515,31.8,3.03,0.95,1383310
9115,明海グループ,202503,20250515,67544,11014,9131,2812,293278,47756,1800,165702,16.3,6.21,0.99,36000000
9127,玉井商船,202503,20250515,5389,888,888,2095,12647,9263,702,1513,73.2,25.25,17.13,1932000
9193,東京汽船,202503,20250515,12041,-511,-259,2044,31261,23756,500,2095,76,9.01,6.77,10010000
9204,スカイマーク,202503,20250515,108893,1826,760,2146,103888,27119,100,29250,26.1,7.81,2,60329400
9220,エフビー介護サービス,202503,20250515,10967,659,678,406,8858,3641,496,2860,41.1,11.41,4.42,2436700
9229,サンウェルズ,202503,20250515,26496,1114,388,-925,38994,8589,35,7339,22,-13.5,-2.62,35220000
9247,TREホールディングス,202503,20250515,118678,22983,22487,12285,162047,73162,10000,60691,45.1,17.51,8.08,52610712
9268,オプティマスグループ,202503,20250515,268825,7048,1145,-483,159469,23833,4068,92320,14.9,-2.23,-0.33,77027180
9311,アサガミ,202503,20250515,38943,1928,2056,1174,44249,21183,2189,10410,47.9,5.69,2.61,1418000
9327,イー・ロジット,202503,20250515,10259,-78,-75,123,2844,494,939,526,17.4,-,3.61,15843000
9351,東洋埠頭,202503,20250515,35100,1155,1384,1124,50990,27351,8260,15972,53.6,4.18,2.26,7740000
9380,東海運,202503,20250515,39399,688,739,578,41162,17457,2294,9470,42.4,3.37,1.45,28923000
9467,アルファポリス,202503,20250515,13620,3222,3236,2019,16891,13708,863,69,81.2,15.9,13.09,29062200
9475,昭文社ホールディングス,202503,20250515,6256,189,298,541,18417,13021,5000,640,70.7,4.21,2.9,18178173
9537,北陸瓦斯,202503,20250515,61766,1410,1681,1952,65190,48832,2400,108,74.9,4.1,3.04,4800000
9616,共立メンテナンス,202503,20250515,228933,20491,21417,14562,301470,99360,7964,148624,33,15.66,5.09,91243720
9663,ナガワ,202503,20250515,35294,4299,4803,4213,69758,61672,2855,-,88.4,6.94,6.17,16357214
9763,丸建リース,202503,20250515,22807,1514,1721,1218,37963,16818,2651,8300,44.3,7.46,3.46,10288320
9767,日建工学,202503,20250515,5515,343,411,283,6533,4593,1004,218,70.3,6.3,4.12,1862254
9769,学究社,202503,20250515,13289,2621,2659,1862,12156,7336,1216,1309,60.3,26.94,16.15,10968356
9780,ハリマビステム,202503,20250515,28025,1136,1221,860,14791,9194,654,784,62.2,9.74,5.95,9624490
9782,ディーエムエス,202503,20250515,27555,1190,1246,841,20620,16726,1092,275,81.1,5.03,4.01,7262020
9788,ナック,202503,20250515,59791,3007,3019,1365,38191,22394,6729,6592,58.6,6.05,3.6,46613500
9791,ビケンテクノ,202503,20250515,34669,1424,1547,979,40351,21650,1808,10639,53.7,4.61,2.4,7718722
9816,ストライダーズ,202503,20250515,7788,47,85,43,5498,2462,1585,1958,44.8,1.73,0.85,9712089
9927,ワットマン,202503,20250515,8383,583,594,345,5087,3417,500,414,67.2,10.39,6.88,9094832
9930,北沢産業,202503,20250515,15561,841,908,648,18087,10783,3235,2100,59.6,6.14,3.51,23818257
9934,因幡電機産業,202503,20250515,384012,25556,26698,18783,278983,172430,14521,232,61.8,11.25,6.93,113659600
9936,王将フードサービス,202503,20250515,111033,10904,11312,8071,96632,74238,8166,5000,76.8,11.3,8.58,64858690
9960,東テク,202503,20250515,155958,14691,15574,11194,105229,61229,1857,3817,58.2,19.53,10.88,41964000
9980,MRKホールディングス,202503,20250515,21152,395,698,254,20202,14629,6491,1405,72.4,1.74,1.2,101295071
9989,サンドラッグ,202503,20250515,801811,44496,43835,30750,444007,269713,3931,38666,60.7,11.76,7.12,119331184
9994,やまや,202503,20250515,160164,5425,5566,3644,66942,35256,3247,6535,52.7,10.8,5.63,10847870
1332,ニッスイ,202503,20250514,886126,31779,35301,25381,634878,277039,30685,209936,43.6,9.65,4.09,312430277
1379,ホクト,202503,20250514,83104,6628,6953,4441,107620,56808,5500,33066,52.8,7.96,4.21,33359040
1380,秋川牧園,202503,20250514,7957,-3,51,28,7126,2182,714,3277,30.6,1.28,0.4,4179000
1384,ホクリヨウ,202503,20250514,19397,1925,2001,2181,19216,14153,1055,1428,73.7,16.48,11.8,8459000
147A,ソラコム,202503,20250514,8993,656,619,352,13403,10060,2746,936,75.1,3.85,2.89,45579505
150A,JSH,202503,20250514,3967,176,185,144,2982,2038,1193,289,68.3,7.07,4.83,5666100
160A,アズパートナーズ,202503,20250514,17917,1305,1350,956,21407,4162,593,9308,19.4,29.23,5.12,3587400
167A,リョーサン菱洋ホールディングス,202503,20250514,359811,8542,7133,9387,230502,131422,15000,37611,57,7.14,4.07,54000000
1717,明豊ファシリティワークス,202503,20250514,5716,1226,1230,910,8027,5576,543,-,69.5,17.1,11.86,12775900
1719,安藤・間,202503,20250514,425160,35243,34053,26444,371974,171207,17006,27898,46,16.28,7.49,181021197
1726,ビーアールホールディングス,202503,20250514,40770,1953,1880,1268,41933,14980,3114,19036,35.7,8.64,3.01,45795000
1762,高松コンストラクショングループ,202503,20250514,346685,11460,10619,6452,269725,137705,5000,30000,51.1,4.75,2.51,34818578
1776,三井住建道路,202503,20250514,30157,224,270,167,24555,13560,1329,-,55.2,1.23,0.64,9277500
177A,コージンバイオ,202503,20250514,5206,991,1065,794,9066,5781,1253,2025,63.8,17.41,10.14,5111600
1780,ヤマウラ,202503,20250514,35613,3891,3968,3002,30835,23268,2888,-,75.5,13.72,9.56,21103514
1803,清水建設,202503,20250514,1944360,71030,71664,66015,2523771,860077,74365,591350,34.1,7.55,2.61,716689413
1808,長谷工コーポレーション,202503,20250514,1177353,84701,83408,34450,1365203,532033,57500,420000,39,6.6,2.54,292479897
1811,錢高組,202503,20250514,120660,3712,5098,3504,206761,96867,3695,36850,46.8,3.69,1.71,7353140
1812,鹿島建設,202503,20250514,2911816,151882,160663,125817,3454592,1258127,81447,792013,36.4,10.19,3.82,528656011
1827,ナカノフドー建設,202503,20250514,110538,3280,3724,2904,80669,42836,5061,674,53.1,6.96,3.6,34498097
1833,奥村組,202503,20250514,298222,9731,8926,2722,393466,177284,19838,68979,45.1,1.49,0.7,38665226
1848,富士ピー・エス,202503,20250514,33771,885,851,2187,37756,12308,2379,10776,32.6,19.26,6.12,18602244
1852,淺沼組,202503,20250514,167005,6867,6545,4692,115240,45708,9614,21557,39.7,10.05,4.33,80786290
1853,森組,202503,20250514,29454,1081,1046,921,25301,14901,1640,800,58.9,6.29,3.5,32800000
1888,若築建設,202503,20250514,86462,5220,5228,3690,91890,48323,11374,12568,52.6,7.83,4.04,12964993
1905,テノックス,202503,20250514,23717,1115,1164,749,21073,12944,1710,-,61.4,5.93,3.73,7347680
1914,日本基礎技術,202503,20250514,30279,1891,1924,1439,31779,22953,5907,3800,72.2,6.41,4.45,29346400
1921,巴コーポレーション,202503,20250514,34670,3932,4716,14849,116489,62373,3000,17858,53.5,26.1,15.4,33800000
1926,ライト工業,202503,20250514,121457,12811,13169,9919,122209,87833,6119,1447,71.9,11.14,8.04,42970450
195A,MUSCAT_GROUP,202503,20250514,2986,88,95,112,3554,1164,249,1982,32.8,11.7,4.19,3418520
1963,日揮ホールディングス,202503,20250514,858082,-11474,11320,-398,784175,390656,23885,34889,49.8,-0.1,-0.05,244293008
1968,太平電業,202503,20250514,125670,13037,13808,9753,155076,113661,6657,13765,73.3,9.16,6.33,65195940
2108,日本甜菜製糖,202503,20250514,64796,535,1124,2703,101215,73829,8279,9048,72.9,3.69,2.65,12810089
2117,ウェルネオシュガー,202503,20250514,97069,8024,8377,5565,110352,72893,7000,15810,66.1,7.73,5.4,32800095
2121,MIXI,202503,20250514,154847,26600,26511,17601,225544,178981,9698,12452,79.4,9.99,8.13,71330850
2130,メンバーズ,202503,20250514,22329,493,472,349,11778,5808,1057,-,49.3,6.01,2.96,13423300
2138,クルーズ,202503,20250514,14191,-1025,-837,-530,29530,9193,460,17110,31.1,-5.34,-1.87,12957600
2146,UTグループ,202503,20250514,194748,8074,8268,8965,66346,29257,1402,7894,44.1,31.67,13.3,601193745
2156,セーラー広告,202503,20250514,2097,9,84,27,4238,2034,294,534,48,1.36,0.65,6078000
2221,岩塚製菓,202503,20250514,24954,815,3964,2909,91104,67952,1634,404,74.6,4.42,3.29,11990000
2270,雪印メグミルク,202503,20250514,615819,19125,20262,13904,431073,244681,20000,51624,56.8,5.83,3.22,63835455
2288,丸大食品,202503,20250514,234970,5469,6056,5488,120920,66202,6716,16282,54.7,8.56,4.52,26505581
2293,滝沢ハム,202503,20250514,28088,-432,-405,-495,12466,3480,1080,4208,27.9,-13.22,-3.8,2102000
2321,ソフトフロントホールディングス,202503,20250514,823,28,-58,-81,1707,1230,612,-,72.1,-11.9,-7.29,51987399
2332,クエスト,202503,20250514,14936,1055,1112,767,9818,7253,491,-,73.9,10.93,7.96,5487768
2334,イオレ,202503,20250514,3549,-20,-24,-493,1046,306,915,219,29.3,-89.23,-41.39,41023920
2349,エヌアイデイ,202503,20250514,24968,3077,3403,2367,28233,21529,653,-,76.3,11.48,8.69,13109490
2425,ケアサービス,202503,20250514,9862,520,581,374,4119,2923,205,-,71,13.44,9.38,4200000
2469,ヒビノ,202503,20250514,59473,4171,3924,1722,44112,11431,1748,18396,25.9,15.76,4.05,10265480
2475,WDBホールディングス,202503,20250514,51136,5068,5095,3051,41753,31894,1000,-,76.4,9.85,7.48,20060000
2479,ジェイテック,202503,20250514,3393,329,330,228,2217,1418,261,81,64,17.4,10.66,8572400
247A,Aiロボティクス,202503,20250514,14206,2480,2422,1703,6966,3309,815,1679,47.5,76.75,29.56,64900000
256A,飛島ホールディングス,202503,20250514,138259,6426,5730,3723,157166,50362,5500,36411,32,7.39,2.37,19225868
2654,アスモ,202503,20250514,20529,296,313,143,9325,6621,2323,22,71,2.16,1.5,15145175
2780,コメ兵ホールディングス,202503,20250514,158994,6176,6046,4777,88625,32775,1803,45605,37,15.62,6.26,11257000
2795,日本プリメックス,202503,20250514,7093,549,584,408,10367,7886,393,-,76.1,5.3,3.98,5523592
2819,エバラ食品工業,202503,20250514,47963,2031,2113,1399,47372,34217,1387,506,72.2,4.17,2.94,9868626
2877,日東ベスト,202503,20250514,55860,574,510,384,39886,16074,1474,10896,40.3,2.41,0.93,12102660
2907,あじかん,202503,20250514,51045,1964,2221,1548,26897,17388,1102,3085,64.6,9.32,5.68,7700000
291A,リスキル,202503,20250514,1958,683,671,473,1760,1411,50,-,80.2,45.68,35.73,2065900
297A,アルピコホールディングス,202503,20250514,103836,3412,3060,2292,58346,14518,1304,23863,24.9,18.3,3.95,71113460
2984,ヤマイチエステート,202503,20250514,20909,1753,1216,682,50695,13579,1426,31670,26.8,5.34,1.37,8672012
3002,グンゼ,202503,20250514,137117,7921,8180,6279,159677,119076,26071,8856,74.6,5.28,3.9,31587032
3004,神栄,202503,20250514,40158,1385,1431,1321,27562,8785,2065,13341,31.9,16.11,4.88,4168500
300A,MIC,202503,20250514,12275,998,1019,650,10683,8265,498,301,77.4,8.66,6.69,7103296
3010,ポラリス・ホールディングス,202503,20250514,27881,2804,1893,2610,67174,28329,10,18919,42.2,14.82,5.78,233914680
3020,アプライド,202503,20250514,47288,2667,2689,1767,20179,11842,381,397,58.7,15.95,9.24,2703200
3023,ラサ商事,202503,20250514,26568,2532,2842,2079,33259,21861,2076,4014,65.7,9.6,6.32,11383838
3024,クリエイト,202503,20250514,36550,758,744,486,17365,5325,646,892,30.7,9.49,2.83,3969000
3042,セキュアヴェイル,202503,20250514,1149,35,37,42,1552,1186,627,-,76.4,3.6,2.77,7690000
3059,ヒラキ,202503,20250514,12960,-3,-,-771,14988,6482,450,6635,43.2,-11.14,-4.93,5155600
3068,WDI,202503,20250514,31952,749,700,930,22549,6427,50,5055,28.5,15.56,4.08,6331920
3103,ユニチカ,202503,20250514,126411,5851,4693,-24283,149430,15569,100,92140,10.4,-92.8,-14.46,57752343
3106,倉敷紡績,202503,20250514,150660,10311,11784,9014,190529,119806,22040,10356,62.9,7.62,4.7,17000000
3107,ダイワボウホールディングス,202503,20250514,1136817,34899,35454,24751,440122,152088,21696,20703,34.6,16.84,5.86,88479028
3151,バイタルケーエスケー・ホールディングス,202503,20250514,600370,5706,6970,7308,299426,105913,5000,6720,35.4,6.94,2.37,51902976
3156,レスター,202503,20250514,561001,14174,9559,7473,310022,85793,4383,106590,27.7,8.79,2.48,30072643
3178,チムニー,202503,20250514,26219,923,1056,1076,16726,6069,100,6009,36.3,19.34,6.22,19340800
3237,イントランス,202503,20250514,825,-352,-429,-432,1059,705,1444,9,66.6,-56.66,-38.97,46552784
3284,フージャースホールディングス,202503,20250514,92153,9227,8604,5462,179858,42144,5000,106633,23.4,13.5,3.17,41766775
3306,日本製麻,202503,20250514,4422,257,262,101,5685,2478,301,1006,43.6,4.67,1.96,4413320
330A,TalentX,202503,20250514,1434,293,276,366,1162,461,77,4,39.7,140.5,40.85,5764200
336A,ダイナミックマッププラットフォーム,202503,20250514,7465,-1219,-1414,-1544,15975,8934,2755,4241,55.9,-22.44,-10.22,23642050
3372,関門海,202503,20250514,5264,327,300,378,3316,1289,10,1429,38.9,34.38,9.55,14000900
3374,内外テック,202503,20250514,35337,1552,1525,1049,24623,11940,1863,3293,48.5,8.97,4.05,3553098
3393,スターティアホールディングス,202503,20250514,22211,2737,2784,1960,14204,7595,824,3104,53.5,27.26,13.57,10240400
3402,東レ,202503,20250514,2563280,127453,114288,77911,3292597,1708984,147873,799557,51.9,4.52,2.31,1504481403
3409,北紡,202503,20250514,1631,-49,-50,-55,2154,1151,1379,532,53.4,-5.37,-2.74,31790394
341A,トヨコー,202503,20250514,2025,301,262,321,3889,2030,355,1459,52.2,27.23,11.05,13618090
3431,宮地エンジニアリンググループ,202503,20250514,74725,9168,9496,4863,90597,40481,3000,7800,44.7,12.13,5.9,27677816
3447,信和,202503,20250514,17503,1622,1498,975,29967,15841,153,10486,52.9,6.26,3.85,14103000
3559,ピーバンドットコム,202503,20250514,2180,157,159,112,1733,1378,181,-,79.5,8.37,6.7,4992406
3600,フジックス,202503,20250514,5646,-195,-104,-107,11862,9444,923,-,79.6,-1.14,-0.91,1468093
3648,AGS,202503,20250514,24862,1849,1900,1379,21576,14661,1431,-,68,9.67,6.51,17158732
3670,協立情報通信,202503,20250514,4476,298,301,171,3198,2119,204,-,66.3,8.27,5.28,1205600
3692,FFRIセキュリティ,202503,20250514,3039,817,880,687,4310,2788,286,-,64.7,27.65,17.87,8190000
3787,テクノマセマティカル,202503,20250514,416,-286,-282,-285,1843,1762,2032,-,95.6,-14.87,-14.14,2593100
3799,キーウェアソリューションズ,202503,20250514,21101,921,1224,1031,10779,7569,1737,-,70.2,12.72,8.85,9110000
3817,SRAホールディングス,202503,20250514,51617,7940,8126,3377,51448,30805,1000,70,59.9,11.26,6.84,15240000
3842,ネクストジェン,202503,20250514,3620,262,250,204,3536,2170,1145,474,61.4,9.88,5.99,3092900
3853,アステリア,202503,20250514,3171,781,765,588,7857,6105,2275,100,77.7,10.06,7.61,17491265
3864,三菱製紙,202503,20250514,175942,4567,4548,4343,208217,85256,36561,71878,40.9,4.93,1.96,44741433
3895,ハビックス,202503,20250514,13403,695,792,672,12309,7264,593,1300,59,9.6,5.29,8175280
3923,ラクス,202503,20250514,48904,10192,10218,8003,31654,21977,378,216,69.4,45.31,30.26,354391000
3945,スーパーバッグ,202503,20250514,27579,901,1022,976,14600,4719,1374,2873,32.3,22.03,6.46,1686154
3953,大村紙業,202503,20250514,5939,274,283,-109,6877,4880,554,-,71,-2.19,-1.49,3561676
3963,シンクロ・フード,202503,20250514,3951,1097,1086,659,6130,5326,882,-,86.9,13.7,11.77,29123000
3979,うるる,202503,20250514,6701,762,761,458,6240,3028,1037,158,48.5,15.69,7.45,27701600
4005,住友化学,202503,20250514,2606281,193033,58093,38591,3439784,900790,90059,1286128,26.2,4.14,1.05,1657914399
4022,ラサ工業,202503,20250514,45421,4736,4602,3131,45838,27877,8443,8338,60.8,11.85,6.95,39721015
4027,テイカ,202503,20250514,55737,3525,3747,2422,88345,58835,9855,12534,66.6,4.17,2.83,23914414
4041,日本曹達,202503,20250514,155199,16063,19529,15011,288097,186785,29166,50238,64.8,8.01,5.19,55294534
4044,セントラル硝子,202503,20250514,144233,10629,12164,5678,204834,116728,18168,42321,57,4.9,2.71,26000000
4078,堺化学工業,202503,20250514,84409,6093,6279,5013,123319,78256,21838,21918,63.5,6.57,4.03,16000000
4092,日本化学工業,202503,20250514,38843,3342,3199,2559,75105,46395,5757,15075,61.8,5.6,3.38,8922775
4093,東邦アセチレン,202503,20250514,34804,1914,2170,1287,33642,18304,2261,3347,54.4,7.19,3.82,35020000
4094,日本化学産業,202503,20250514,25441,2860,3212,2357,54303,46478,1034,263,85.6,5.12,4.4,20280000
4098,チタン工業,202503,20250514,7794,165,110,200,13992,5111,3443,6100,36.5,3.96,1.39,3027626
4118,カネカ,202503,20250514,807200,40050,32863,25309,920143,471279,33046,205483,51.2,5.47,2.83,63000000
4119,日本ピグメントホールディングス,202503,20250514,37921,176,402,5026,44406,19776,1481,6636,44.5,29.33,13.58,1575899
4167,ココペリ,202503,20250514,2007,197,199,125,2431,1863,812,175,76.6,6.96,5.38,7916230
4222,児玉化学工業,202503,20250514,15842,162,97,-132,14094,4059,100,3420,28.8,-3.26,-0.92,15637144
4224,ロンシール工業,202503,20250514,21433,870,950,13,25903,19015,5007,170,73.4,0.07,0.05,4625309
4231,タイガースポリマー,202503,20250514,49336,2833,3284,3383,61128,44183,4149,2800,72.3,8.04,5.71,20111598
4242,タカギセイコー,202503,20250514,44293,1163,1272,-2250,36674,11414,2163,7369,31.1,-18.29,-5.88,2822472
4247,ポバール興業,202503,20250514,3378,238,267,80,7152,5706,179,220,79.8,1.4,1.14,2634800
4249,森六,202503,20250514,146174,4135,2204,-7814,124634,63663,1640,19815,51.1,-11.26,-5.89,14410000
4259,エクサウィザーズ,202503,20250514,9811,23,2,-2576,7024,2410,2440,2550,34.3,-70.55,-30.39,96706500
4274,細谷火工,202503,20250514,2038,290,297,219,4482,3197,201,625,71.3,7.01,4.94,4032000
4288,アズジェント,202503,20250514,2971,-205,-218,-440,1570,336,771,400,21.4,-79.07,-27.25,3815734
4316,ビーマップ,202503,20250514,1494,-182,-190,-179,929,378,934,81,40.7,-37.64,-17.06,3561900
4323,日本システム技術,202503,20250514,29324,3188,3264,2443,22909,14763,1535,67,64.4,17.82,11.38,24836920
4341,西菱電機,202503,20250514,19296,279,276,81,12140,5434,523,900,44.8,1.48,0.68,3500000
4360,マナック・ケミカル・パートナーズ,202503,20250514,9304,-342,-275,-895,12646,10305,300,-,81.5,-8.31,-6.69,8625000
4388,エーアイ,202503,20250514,1486,109,130,-15,2960,2358,100,125,79.7,-0.64,-0.51,6304298
4389,プロパティデータバンク,202503,20250514,3320,936,938,634,4836,3849,332,-,79.6,17.74,14.52,11865000
4401,ADEKA,202503,20250514,407145,41010,39346,25019,543118,296691,23048,63422,54.6,8.6,4.61,103768142
4406,新日本理化,202503,20250514,32703,829,1195,522,37519,17786,5660,7130,47.4,2.98,1.34,37286906
4409,東邦化学工業,202503,20250514,53613,1815,1753,1543,67862,20990,1755,26782,30.9,7.7,2.24,21350000
4416,True_Data,202503,20250514,1554,48,49,13,1362,1080,1370,5,79.3,1.22,0.95,4841200
4436,ミンカブ・ジ・インフォノイド,202503,20250514,10548,-1911,-1993,-5525,9982,308,320,7917,3.1,-170.58,-44.52,15369700
4442,バルテス・ホールディングス,202503,20250514,10795,940,944,589,6508,3248,90,1605,49.9,19.41,9.9,21450000
4461,第一工業製薬,202503,20250514,73255,5351,5737,2585,97113,38729,8895,29414,39.9,6.85,2.7,10684321
4484,ランサーズ,202503,20250514,4589,109,115,176,3280,1358,55,592,41.4,13.86,5.18,16245228
4496,コマースOneホールディングス,202503,20250514,3693,638,423,91,3471,2523,210,53,72.7,3.39,2.48,7193400
4526,理研ビタミン,202503,20250514,95582,8724,9417,9388,112999,79163,2537,9914,70.1,12.05,8.1,30705100
4539,日本ケミファ,202503,20250514,32570,606,443,294,49851,19167,4304,16725,38.4,1.56,0.59,4261420
4543,テルモ,202503,20250514,1036171,157668,154574,116978,1828393,1368535,38716,174838,74.8,8.68,6.39,1480559680
4570,免疫生物研究所,202503,20250514,969,209,209,249,1845,1514,50,204,82.1,17.92,14.38,9314590
4571,NANOホールディングス,202503,20250514,108,-755,-687,-835,3996,2724,166,540,68.2,-27.24,-18.42,82100758
4615,神東塗料,202503,20250514,20758,230,471,-59,32010,13601,2449,5026,42.5,-0.44,-0.18,34060000
4623,アサヒペン,202503,20250514,17151,865,943,701,21531,14151,5869,3966,65.7,5.03,3.25,4500000
4625,アトミクス,202503,20250514,12348,350,365,228,15025,10351,1040,100,68.9,2.22,1.51,7242000
4629,大伸化学,202503,20250514,34711,799,874,588,25196,16520,729,-,65.6,3.61,2.38,4592000
4664,アール・エス・シー,202503,20250514,8845,301,310,186,4159,2177,302,379,52.3,8.79,4.45,3120000
4686,ジャストシステム,202503,20250514,44551,18034,18159,12327,121040,105025,10146,-,86.8,12.39,10.71,64224800
4691,ワシントンホテル,202503,20250514,21347,2240,1755,2015,33545,9446,100,15613,28.2,23.73,6.05,12170000
4705,クリップコーポレーション,202503,20250514,3038,1,42,-75,5479,4798,212,209,87.6,-1.52,-1.33,4536000
4771,エフアンドエム,202503,20250514,17066,2716,2741,1814,17305,13213,989,-,76.4,14.61,11.16,15714400
4838,スペースシャワーSKIYAKIホールディングス,202503,20250514,20637,877,889,287,15959,8020,100,66,50.3,4.8,2.38,17029205
4849,エン,202503,20250514,65678,5892,5943,7628,56942,37004,1194,-,65,22.19,14.4,49716000
4887,サワイグループホールディングス,202503,20250514,189024,4050,3161,11969,354623,173854,10053,91339,49,6.19,3.25,115487137
4889,レナサイエンス,202503,20250514,132,-178,-178,113,1871,1720,1036,-,91.9,6.79,5.71,13776900
4894,クオリプス,202503,20250514,175,-590,-642,-644,5741,5519,1667,-,96.1,-11.21,-10.8,8273376
4918,アイビー化粧品,202503,20250514,2929,422,420,43,3567,2468,1417,210,69.2,1.83,1.21,6414000
4968,荒川化学工業,202503,20250514,80236,1057,854,2644,122297,58474,3343,39380,47.8,4.61,2.13,20652400
4977,新田ゼラチン,202503,20250514,38745,3930,4145,3159,40413,20692,3144,7184,51.2,16.25,7.86,18373974
4978,リプロセル,202503,20250514,2978,-130,45,103,9670,8984,2688,-,92.9,1.19,1.1,95147891
4998,フマキラー,202503,20250514,73854,2646,2520,1462,64970,25256,3698,16367,38.9,6.04,2.3,16490000
5013,ユシロ,202503,20250514,55512,5068,6096,4315,63404,43434,4249,5532,68.5,10.32,6.87,13900065
5033,ヌーラボ,202503,20250514,4112,640,641,552,4244,1908,631,2,45,34.1,14.3,6484101
5071,ヴィス,202503,20250514,16253,1915,1910,1357,10796,6921,544,-,64.1,21.28,13.13,8435050
5076,インフロニア・ホールディングス,202503,20250514,847548,47148,49756,32416,1450738,519139,20000,395180,35.8,7.05,2.27,274845024
5138,Rebase,202503,20250514,1926,487,491,362,1962,1380,191,-,70.3,30.81,21.12,4916000
5161,西川ゴム工業,202503,20250514,120639,7324,7617,3957,138400,87936,3364,18425,63.5,4.59,2.87,37000000
5162,朝日ラバー,202503,20250514,7639,2,31,-236,9299,4880,516,1887,52.5,-4.76,-2.52,4618520
5192,三ツ星ベルト,202503,20250514,90510,8928,9154,9060,128161,95786,8150,5303,74.7,9.34,6.87,31104198
5210,日本山村硝子,202503,20250514,73337,3108,3215,2772,94853,54782,14074,23514,57.8,5.22,2.93,11145249
5244,jig.jp,202503,20250514,13796,2012,1858,1077,6754,4095,961,287,60.6,29.31,17.27,42568400
5258,トランザクション・メディア・ネットワークス,202503,20250514,12300,-504,-513,-682,26989,10061,6165,264,37.3,-6.54,-2.6,36996800
5273,三谷セキサン,202503,20250514,87765,13892,14948,10175,125234,88581,2146,186,70.7,11.86,8.29,83946396
5288,アジアパイルホールディングス,202503,20250514,100803,4333,3872,2346,97395,45731,6621,17078,47,5.17,2.44,38089792
5290,ベルテクスコーポレーション,202503,20250514,38918,6285,6449,4826,51866,36292,3000,3909,70,13.81,9.29,57706700
5304,SECカーボン,202503,20250514,31179,6823,7716,5750,81395,73788,5913,-,90.7,7.84,6.8,20694340
5484,東北特殊鋼,202503,20250514,21178,1249,1372,1008,34031,27920,827,-,82,3.63,2.93,7550000
5592,くすりの窓口,202503,20250514,11199,1953,1940,2034,12157,8452,1576,63,69.5,27.45,11.55,11458582
5599,S＆J,202503,20250514,1942,420,423,309,2705,2003,441,-,74,16.43,11.96,5627200
5602,栗本鐵工所,202503,20250514,126669,7930,8477,6905,151538,87692,31186,19310,57.9,8.15,4.56,63992450
5632,三菱製鋼,202503,20250514,159584,6564,4854,2363,138667,42644,10003,51011,30.8,5.64,1.65,15709968
5702,大紀アルミニウム工業所,202503,20250514,299795,4834,3749,699,163295,72926,6346,67080,44.7,0.97,0.46,43629235
5711,三菱マテリアル,202503,20250514,1962076,37118,60235,34076,2375345,677250,119457,593098,28.5,5.12,1.5,131489535
5721,エスクリプトエナジー,202503,20250514,634,-292,-295,-96,3006,2871,100,-,95.5,-3.29,-3.13,175145749
5856,エルアイイーエイチ,202503,20250514,10311,-1649,-1643,194,6206,2933,213,1343,47.3,8.51,3.17,108957800
5892,yutori,202503,20250514,8306,671,646,314,6565,967,198,3023,14.7,32.47,4.78,5417600
5901,東洋製罐グループホールディングス,202503,20250514,922516,34204,37566,22394,1201615,666969,11094,226292,55.5,3.36,1.88,153162162
5911,横河ブリッジホールディングス,202503,20250514,159368,16677,16295,12859,216179,129091,9435,34500,59.7,10.15,6.02,43164802
5922,那須電機鉄工,202503,20250514,22939,2784,2938,1885,43642,28832,600,3795,66.1,6.75,4.29,1200000
5928,アルメタックス,202503,20250514,8296,-214,-70,27,11237,9187,2160,-,81.8,0.29,0.23,11912515
5929,三和ホールディングス,202503,20250514,662380,80515,84015,57512,534609,322075,38413,45106,60.2,18.99,11.21,221000000
5930,文化シヤッター,202503,20250514,228419,14726,14777,13158,204982,113288,15051,14521,55.3,12.12,6.39,72196487
5936,東洋シヤッター,202503,20250514,20871,1301,1210,792,18719,9493,2024,3329,50.7,8.58,4.06,6387123
5940,不二サッシ,202503,20250514,104754,2475,2742,2225,84286,23370,1709,22944,27.7,10.09,2.56,12626782
5970,ジーテクト,202503,20250514,339233,16380,17529,12440,321386,197996,4656,49423,61.6,6.39,3.98,43931260
5975,東プレ,202503,20250514,373568,28648,27378,14143,371086,219651,5610,50387,59.2,6.53,3.84,54021824
5986,モリテックスチール,202503,20250514,50498,396,322,329,36525,14542,1848,6112,39.8,2.3,0.89,22558063
5991,日本発條,202503,20250514,801698,52160,57960,48167,696340,407680,17009,70214,58.5,11.85,6.95,231066144
5998,アドバネクス,202503,20250514,28532,1109,170,-628,28505,8085,100,12890,28.4,-7.67,-2.2,4153370
6005,三浦工業,202503,20250514,251341,25324,29629,23312,439572,204147,9544,-,46.4,12.12,6.85,125291112
6013,タクマ,202503,20250514,151161,13532,14095,10391,190919,108734,13367,12086,57,9.49,5.44,75689100
6027,弁護士ドットコム,202503,20250514,14072,1389,1405,1049,11296,5381,545,2487,47.6,22.14,9.78,22867600
6033,エクストリーム,202503,20250514,11336,1517,1664,1130,8580,5860,424,664,68.3,20.4,13.24,5508676
6069,トレンダーズ,202503,20250514,6191,988,991,600,8509,4363,647,2217,51.3,14.12,7.84,8101000
6070,キャリアリンク,202503,20250514,40397,2693,2700,1829,19878,14756,412,689,74.2,12.57,8.9,12605700
6072,地盤ネットホールディングス,202503,20250514,1877,109,110,74,1484,1193,491,45,80.4,6.04,4.8,23148000
6074,ジェイエスエス,202503,20250514,8381,252,253,192,7520,3011,330,2474,40,6.38,2.55,4026056
6195,ホープ,202503,20250514,3140,291,295,358,2145,1155,11,139,53.8,33.23,17.34,16465800
6231,木村工機,202503,20250514,16042,3675,3660,2496,22189,11763,744,4555,53,23.31,11.79,3849000
6237,イワキ,202503,20250514,45763,5845,6517,4468,54150,37885,1044,2099,70,12.56,8.65,22490910
6238,フリュー,202503,20250514,44305,2239,2280,1627,28110,22424,1639,-,79.8,7.35,5.76,28296000
6246,テクノスマート,202503,20250514,21578,3512,3555,2390,32618,19631,1953,1999,60.2,12.15,7.64,12401720
6272,レオン自動機,202503,20250514,39214,5298,5415,3889,49242,38668,7351,1397,78.5,10.44,8.29,28392000
6273,SMC,202503,20250514,792108,190244,209921,156344,2100767,1928281,61005,5041,91.8,8.21,7.45,63869359
6286,靜甲,202503,20250514,40099,1429,1576,1045,27680,15948,100,2832,57.6,6.7,3.73,6483323
6294,オカダアイヨン,202503,20250514,26582,2279,2238,1475,35994,17226,2221,12465,47.9,8.88,4.21,8378700
6298,ワイエイシイホールディングス,202503,20250514,23041,1354,1124,559,41086,16879,2801,16140,41.1,3.3,1.32,19517894
6306,日工,202503,20250514,49162,2766,3071,2009,63725,34552,9197,10250,54.2,5.95,3.19,40000000
6324,ハーモニック・ドライブ・システムズ,202503,20250514,55645,6,151,3473,113621,78943,7100,15606,69.5,4.39,2.98,96315400
6349,小森コーポレーション,202503,20250514,111050,7118,7617,7248,172915,115499,37714,10305,66.8,6.3,4.26,53478840
6358,酒井重工業,202503,20250514,27854,1583,1494,1435,42624,30051,3381,4921,70.5,4.85,3.3,8890434
6360,東京自働機械製作所,202503,20250514,12890,1564,1721,1222,15855,9439,954,886,59.5,13.96,7.52,1452000
6363,酉島製作所,202503,20250514,86501,5449,4540,4068,115621,55955,1592,22728,48.4,7.52,3.75,28542679
6369,トーヨーカネツ,202503,20250514,60474,4131,4403,3638,67436,38902,18580,13985,57.7,9.49,5.38,16046148
6371,椿本チエイン,202503,20250514,279193,22854,25332,22122,371510,259810,17076,25144,69.9,8.54,5.8,106213279
6379,レイズネクスト,202503,20250514,157371,10858,11094,8100,115196,85046,2754,1500,73.8,9.62,7.17,54168053
6390,加藤製作所,202503,20250514,52932,903,1401,-6033,102747,44603,2935,43778,43.4,-12.7,-5.8,11743587
6396,宇野澤組鐵工所,202503,20250514,4954,594,618,396,8424,3357,785,2291,39.9,12.31,4.6,1120000
6408,小倉クラッチ,202503,20250514,43907,464,749,1162,47013,17701,1858,18618,37.7,7.03,2.43,1553323
6412,平和,202503,20250514,145867,27690,21332,13064,1051598,244118,16755,628425,23.2,5.41,1.77,99809060
6419,マースグループホールディングス,202503,20250514,42250,12331,13086,8716,87000,78230,7934,-,89.9,11.66,10.2,22720000
6424,高見沢サイバネティックス,202503,20250514,15391,1374,1307,1001,16922,6038,700,4370,35.7,18.02,5.79,4525000
6428,オーイズミ,202503,20250514,20113,93,72,246,38958,18307,1006,15659,47,1.34,0.61,22500000
6472,NTN,202503,20250514,825587,22959,10475,-23801,856425,232887,54346,353992,27.2,-9.57,-2.69,597533017
6486,イーグル工業,202503,20250514,168172,8494,12024,4877,203484,113831,10490,39256,55.9,4.23,2.36,49757821
6490,PILLAR,202503,20250514,57988,11335,11474,8299,98055,73858,4966,11825,75.3,11.54,8.43,25042406
6493,NITTAN,202503,20250514,51446,1507,1896,630,66613,29028,4530,12010,43.6,2.19,0.97,28978860
6579,ログリー,202503,20250514,1605,-162,-164,-189,1116,478,407,263,42.8,-33.04,-14.55,3803000
6590,芝浦メカトロニクス,202503,20250514,80915,14135,13977,10328,95244,47317,6761,8650,49.7,24,11.08,69859500
6613,QDレーザ,202503,20250514,1308,-445,-443,-445,5505,5219,55,-,94.8,-8.18,-7.64,41840875
6616,トレックス・セミコンダクター,202503,20250514,23957,-632,-820,-2358,33607,17400,2967,12811,51.8,-12.43,-6.71,11554200
6658,シライ電子工業,202503,20250514,29337,2576,2594,2075,19454,9928,366,2815,51,23.36,10.6,15116000
6670,MCJ,202503,20250514,207171,19378,20018,14052,134182,89321,3868,13443,66.6,16.68,11.03,101774700
6707,サンケン電気,202503,20250514,121619,-3788,-14276,50934,259067,147433,20896,63044,56.9,38.18,15.85,20925360
6742,京三製作所,202503,20250514,85367,6112,6646,4783,126005,51711,6270,33000,41,9.44,3.74,62844251
6786,RVH,202503,20250514,1469,-50,-31,-230,1050,749,100,110,71.3,-26.59,-19.62,25321760
6803,ティアック,202503,20250514,15668,340,59,81,10815,3558,3500,3362,32.9,2.27,0.71,28931713
6819,伊豆シャボテンリゾート,202503,20250514,5489,1191,1245,906,7272,5745,132,367,79,17,12.95,18572768
6834,精工技研,202503,20250514,19982,2817,2979,2225,34383,27994,6791,-,81.4,8.07,6.68,9333654
6840,AKIBAホールディングス,202503,20250514,18272,716,662,112,13627,3532,100,7340,25.9,3.22,0.89,9192560
6844,新電元工業,202503,20250514,105830,128,-523,-2436,136496,66144,17823,39410,48.5,-3.55,-1.73,10338884
6855,日本電子材料,202503,20250514,23829,4585,4640,3454,39859,27914,3074,5880,70,13.14,9.26,14663510
6863,ニレコ,202503,20250514,10756,1907,2028,1562,19352,16581,3094,132,85.7,9.67,8.24,7350000
6869,シスメックス,202503,20250514,508643,87583,79221,53669,665268,463776,14887,32359,69.7,11.98,8.36,629480076
6875,メガチップス,202503,20250514,42326,2190,2608,5371,149940,117805,4840,-,78.6,4.88,3.88,19046900
6894,パルステック工業,202503,20250514,2486,336,353,355,5029,3863,1491,3,76.8,9.42,6.95,1393459
6899,ASTI,202503,20250514,65441,1517,1584,624,46049,24544,2476,13433,53.3,2.56,1.33,3417006
6918,アバールデータ,202503,20250514,10980,1420,1535,1137,22236,20059,2354,-,90.2,5.31,4.57,6367842
6926,岡谷電機産業,202503,20250514,9598,-1749,-1702,-1705,14045,7068,2295,3812,50.3,-21.17,-10.96,22921562
6969,松尾電機,202503,20250514,4545,491,460,449,6592,2759,2469,2248,41.9,17.72,6.8,3837000
6998,日本タングステン,202503,20250514,12392,689,952,676,17633,12553,2509,2430,71.2,5.48,3.89,5155520
7046,TDSE,202503,20250514,2699,198,201,136,2731,2209,833,-,80.9,6.35,5.26,2200000
7047,ポート,202503,20250514,21963,2987,2932,1887,22729,8511,2421,7128,37.4,24.73,9.69,14195990
7060,ギークス,202503,20250514,25162,495,494,49,7374,2767,1112,2049,37.5,1.76,0.67,10330709
7067,ブランディングテクノロジー,202503,20250514,5028,110,119,76,2081,1185,52,215,56.9,6.42,3.77,1602215
7075,QLSホールディングス,202503,20250514,10548,610,594,372,5056,1623,178,1815,32.1,27.15,7.96,7484980
7078,INCLUSIVE_Holdings,202503,20250514,4897,-366,-353,-1073,3763,1704,14,689,45.3,-47.89,-23.67,10053189
7079,WDBココ,202503,20250514,5326,1306,1309,912,5585,4296,279,-,76.9,23.21,17.81,2405000
7088,フォーラムエンジニアリング,202503,20250514,34688,4201,4284,2884,18778,12913,117,-,68.8,22.29,15.72,53419200
7114,フーディソン,202503,20250514,6866,167,169,142,3217,2291,877,184,71.2,6.33,4.29,4642240
7127,一家ホールディングス,202503,20250514,10089,-74,-100,-172,5709,866,42,3287,15.2,-18.11,-3.1,7345400
7129,ミアヘルサホールディングス,202503,20250514,23825,641,644,299,13277,3794,452,3091,28.6,8.42,2.21,2802300
7133,HYUGA_PRIMARY_CARE,202503,20250514,9984,1051,1022,719,7051,2371,200,2259,33.6,35.82,10.73,7279000
7138,TORICO,202503,20250514,3677,-260,-264,-445,1473,804,366,259,54.6,-52.41,-26.76,15821892
7140,ペットゴー,202503,20250514,9032,228,207,128,3310,1226,460,1110,37,10.9,3.87,1889200
7157,ライフネット生命保険,202503,20250514,30134,-,9179,5993,116178,92109,26652,-,79.3,6.55,5.24,80340768
7202,いすゞ自動車,202503,20250514,3208084,229109,248231,134363,3288944,1442824,40644,642377,43.9,9.26,4.1,688751769
7208,カネミツ,202503,20250514,11117,755,814,540,16101,11474,556,1086,71.3,4.85,3.35,5129577
7215,ファルテック,202503,20250514,79114,2359,2861,328,67564,18764,2291,22656,27.8,1.86,0.48,9378600
7220,武蔵精密工業,202503,20250514,347196,19720,17981,7782,285126,114761,5639,96788,40.2,6.75,2.7,65581861
7226,極東開発工業,202503,20250514,140449,6656,6890,5820,187748,116106,11899,29546,61.8,4.99,3.25,40150000
7239,タチエス,202503,20250514,285394,9625,10768,11310,171957,96274,9040,11113,56,12.16,6.41,35242846
7240,NOK,202503,20250514,766859,37264,48057,30320,898667,579006,23335,61690,64.4,5.2,3.28,160903090
7255,桜井製作所,202503,20250514,4964,163,225,211,7371,4860,100,1592,65.9,4.39,2.91,4000000
7264,ムロコーポレーション,202503,20250514,22590,755,1062,486,30492,22069,1095,2390,72.4,2.22,1.54,6546200
7266,今仙電機製作所,202503,20250514,94341,393,511,2084,78331,52704,7289,1273,67.3,4.02,2.61,22775352
7270,SUBARU,202503,20250514,4685763,405308,448507,338062,5088246,2714517,153795,399500,53.3,12.81,6.83,717335273
7271,安永,202503,20250514,31470,758,939,742,37142,11384,2142,17002,30.6,6.66,2.05,12938639
7277,TBK,202503,20250514,54415,941,309,-1204,53125,28250,4617,7871,53.2,-4.24,-2.2,32694135
7280,ミツバ,202503,20250514,349353,20930,19788,11864,333534,95698,5000,151550,28.7,12.02,3.43,46154016
7292,村上開明堂,202503,20250514,109205,8861,9906,5943,115526,88923,3165,-,77,6.91,5.35,12100000
7313,テイ・エステック,202503,20250514,460514,16428,20058,8630,432366,306303,4700,-,70.8,2.73,1.96,124000000
7343,ブロードマインド,202503,20250514,6021,519,555,231,5368,3953,648,1,73.6,5.88,4.45,5944616
7426,山大,202503,20250514,4138,-375,-361,-1436,5212,2156,1103,1555,41.4,-66.6,-27.55,1187368
7438,コンドーテック,202503,20250514,79175,4465,4679,3272,65247,36328,2666,5159,55.7,9.32,5.18,26344400
7444,ハリマ共和物産,202503,20250514,61824,1911,1929,1289,36296,24776,719,2460,68.3,5.27,3.71,5441568
7462,CAPITA,202503,20250514,3369,79,69,30,2888,1524,90,875,52.8,1.98,1.02,4111000
7476,アズワン,202503,20250514,103751,11593,12071,8229,100140,66598,5075,7187,66.5,12.55,8.4,75012540
7506,ハウスオブローゼ,202503,20250514,11594,122,148,79,8332,5652,934,-,67.8,1.39,0.93,4703063
7561,ハークスレイ,202503,20250514,45175,1931,2082,1204,73427,24652,4036,35304,33.6,4.93,1.75,19050064
7562,安楽亭,202503,20250514,30353,1459,1373,589,24253,7427,3790,10980,30.6,8.26,2.53,4622868
7567,栄電子,202503,20250514,6428,63,84,37,6692,4473,500,500,66.8,0.82,0.52,5090000
7602,レダックス,202503,20250514,20034,-199,-143,-187,7072,4609,2820,634,65.2,-3.97,-2.61,24106009
7637,白銅,202503,20250514,66410,2983,3214,2236,44745,23755,1000,-,53.1,9.67,5.15,11343300
7670,オーウエル,202503,20250514,69416,1239,1592,1779,45820,21368,857,3759,46.6,8.43,3.78,10500000
7694,いつも,202503,20250514,13940,74,43,-98,8609,2361,754,4120,27.4,-4.08,-1.22,5953358
7695,交換できるくん,202503,20250514,10292,163,174,90,3975,1683,425,590,42.3,6.08,2.51,7469100
7746,岡本硝子,202503,20250514,4686,126,84,89,8680,1803,1000,5829,20.8,5.09,1.07,29121543
7752,リコー,202503,20250514,2527876,63829,70067,45709,2357118,1030107,135364,440646,43.7,4.42,1.97,569733178
7769,リズム,202503,20250514,32666,817,1160,758,45093,31308,12372,7646,69.4,2.43,1.71,8385093
7780,メニコン,202503,20250514,121491,10051,9607,5621,187282,85238,5535,66549,45.5,6.83,3.06,76761888
7836,アビックス,202503,20250514,4347,268,244,181,3183,1735,1207,374,54.5,11.02,6.05,35129566
7851,カワセコンピュータサプライ,202503,20250514,2831,79,109,100,3421,2389,100,322,69.8,4.28,2.91,5160000
7859,アルメディオ,202503,20250514,5800,867,877,476,9689,8206,2111,545,84.7,6.04,4.9,20806316
7872,エステールホールディングス,202503,20250514,31271,188,316,-345,29873,11911,1571,9602,39.9,-2.84,-1.11,11459223
7875,竹田iPホールディングス,202503,20250514,34198,1375,1478,1248,31488,18205,1937,1786,57.8,7.04,3.96,17562000
7911,TOPPANホールディングス,202503,20250514,1717960,84086,88582,89348,2515087,1293555,104986,467596,51.4,6.59,3.61,294706240
7925,前澤化成工業,202503,20250514,24166,2164,2507,1714,49901,41408,3387,330,83,4.19,3.45,15732000
7953,菊水化学工業,202503,20250514,21390,264,341,165,16206,9518,1972,1743,58.7,1.73,0.96,12744054
7995,バルカー,202503,20250514,60113,5669,5999,4676,77823,50487,13957,13614,64.9,9.47,6.14,18688733
8006,ユアサ・フナショク,202503,20250514,123092,2730,3116,2050,64314,38886,5599,2053,60.5,5.35,3.19,19590892
8032,日本紙パルプ商事,202503,20250514,554524,15071,15822,7569,392234,133994,16649,99037,34.2,5.79,1.98,120215510
8046,丸藤シートパイル,202503,20250514,35585,1579,2077,1534,43969,30926,3626,500,70.3,5.05,3.51,20000000
8051,山善,202503,20250514,516126,9535,10018,7845,292265,126592,7909,10090,43.3,6.08,2.67,95305435
8088,岩谷産業,202503,20250514,883011,46228,61487,40448,872194,386036,35096,229004,44.3,10.81,4.74,234246596
8089,ナイス,202503,20250514,243054,4628,4305,2872,171037,56229,24433,41902,32.9,5.26,1.73,12247639
8093,極東貿易,202503,20250514,52982,2038,2525,3717,58010,29356,5496,7408,50.6,13.51,6.91,12152736
8107,キムラタン,202503,20250514,1758,134,10,-46,10091,1132,3296,8117,11.2,-4.49,-0.5,275393910
8111,ゴールドウイン,202503,20250514,132305,21905,30806,24444,150877,110383,7079,354,73.2,23.24,16.75,142344516
8119,三栄コーポレーション,202503,20250514,39861,2096,2149,974,23707,13379,1000,4121,56.4,7.86,4.34,10211784
8129,東邦ホールディングス,202503,20250514,1518495,18936,20716,19844,722805,256655,10649,19276,35.5,7.85,2.65,73025942
8130,サンゲツ,202503,20250514,200378,18174,18606,12567,183859,113032,13616,11098,61.5,11.44,7.09,59200000
8132,シナネンホールディングス,202503,20250514,317118,4009,4483,3153,105934,55210,15630,4042,52.1,5.81,2.94,11046591
8147,トミタ,202503,20250514,21676,771,972,629,18643,11898,397,165,63.8,5.36,3.39,6158000
8154,加賀電子,202503,20250514,547779,23601,22593,17083,305671,166219,12133,30390,54.4,10.78,5.77,52486836
8304,あおぞら銀行,202503,20250514,231460,-,17561,20518,7762434,450917,125966,-,5.8,4.92,0.27,139789418
8309,三井住友トラストグループ,202503,20250514,2922428,-,367694,257635,78247102,3096169,261608,-,4,8.31,0.33,698812980
8316,三井住友フィナンシャルグループ,202503,20250514,10174894,1719286,1719482,1177996,306282015,14703436,2345960,-,4.8,8.02,0.39,3827498140
8439,東京センチュリー,202503,20250514,1368635,117060,132272,85279,6862861,1029615,81129,4898109,15,8.97,1.28,492113280
8551,北日本銀行,202503,20250514,26396,-,5578,4011,1526336,86424,7761,-,5.7,4.65,0.26,8443776
8562,福島銀行,202503,20250514,13417,-,-1175,-1252,805096,23910,19638,-,2.9,-5.13,-0.15,34900000
8771,イー・ギャランティ,202503,20250514,10224,5103,5203,3491,33014,24207,3975,-,73.3,15.05,11.06,45335467
8871,ゴールドクレスト,202503,20250514,29294,7518,7044,5014,222689,133771,12499,76125,60.1,3.78,2.35,35784000
8891,AMGホールディングス,202503,20250514,30417,1551,1442,975,29325,10982,1168,13413,37.4,9.15,3.12,2906048
8999,グランディハウス,202503,20250514,53960,1212,918,486,68770,24866,2077,36552,36.2,1.95,0.68,30823200
9005,東急,202503,20250514,1054981,103485,107724,79677,2698981,827975,121724,1291723,30.7,9.85,2.98,624869876
9024,西武ホールディングス,202503,20250514,901131,292735,287639,258182,1834120,561578,50000,652379,30.6,52.25,14.88,305775520
9033,広島電鉄,202503,20250514,33709,-1419,-1243,1379,104082,41721,2335,26778,40.1,3.35,1.36,30445500
9036,東部ネットワーク,202503,20250514,10370,186,250,105,24676,20207,553,301,81.9,0.52,0.43,5749000
9042,阪急阪神ホールディングス,202503,20250514,1106854,110879,111242,67386,3283453,1035892,99474,1268392,31.5,6.69,2.13,251498234
9067,丸運,202503,20250514,46145,1266,1401,1116,36905,25416,3559,370,68.9,4.45,3.02,28965449
9073,京極運輸商事,202503,20250514,8422,16,103,103,8169,4220,50,844,51.7,2.41,1.27,2794662
9076,セイノーホールディングス,202503,20250514,737377,29883,28124,19253,770840,396996,42481,115386,51.5,4.65,2.64,187679783
9082,大和自動車交通,202503,20250514,19042,-21,-4,132,30031,9216,525,13515,30.7,1.44,0.44,5250000
9087,タカセ,202503,20250514,8345,79,117,155,9516,7349,2133,965,77.2,2.13,1.6,2109026
9223,ASNOVA,202503,20250514,4266,48,45,-24,12958,2979,247,9599,23,-0.8,-0.21,12438400
9272,ブティックス,202503,20250514,5171,1228,1227,250,5109,2003,50,1010,39.2,12.43,5.02,10160400
9274,KPPグループホールディングス,202503,20250514,670042,13544,9712,7986,352035,86122,4723,86787,24.5,9.51,2.29,67244284
9336,大栄環境,202503,20250514,80178,21548,21484,14364,184905,94269,5907,66490,51,15.8,8.03,99892900
9341,GENOVA,202503,20250514,10006,2026,2018,1413,8526,6555,774,20,76.9,22.91,16.9,17837600
9353,櫻島埠頭,202503,20250514,4338,203,299,232,11098,6970,770,1624,62.8,3.51,2.19,1540000
9355,リンコーコーポレーション,202503,20250514,13542,473,616,526,38500,17981,1950,9130,46.7,2.94,1.36,2700000
9360,鈴与シンワート,202503,20250514,19116,1395,1438,1106,12161,4510,802,1252,37.1,27.34,9.67,3000000
9363,大運,202503,20250514,8672,243,324,269,5431,3467,2394,649,63.8,7.46,4.74,6228039
9366,サンリツ,202503,20250514,20122,1034,802,468,24674,11634,2523,7468,47.2,4.21,2.03,6006373
9367,大東港運,202503,20250514,16761,660,817,617,15190,9399,856,2268,61.9,6.7,4.12,9389000
9385,ショーエイコーポレーション,202503,20250514,19031,747,747,467,10433,4276,715,3752,41,11.56,4.66,7850000
9401,TBSホールディングス,202503,20250514,406700,19465,31604,43914,1296125,935712,54986,13877,72.2,4.24,3.07,165591065
9408,BSNメディアホールディングス,202503,20250514,24375,1721,1897,1045,33314,24192,300,477,72.6,4.6,3.22,6000000
9423,フォーバル・リアルストレート,202503,20250514,3139,126,126,86,1318,639,107,-,48.5,13.9,6.57,24277800
9433,KDDI,202503,20250514,5835525,1087468,1073418,655416,16714708,5032495,141852,4032092,30.1,12.74,4.25,4187847474
9435,光通信,202503,20250514,686553,105036,150718,117523,2371026,914769,54259,934320,38.6,13.78,5.28,43989642
9605,東映,202503,20250514,179922,35155,39992,15722,463639,264641,11707,17410,57.1,6.28,3.59,73844545
9625,セレスポ,202503,20250514,13667,799,810,-764,13038,9154,1370,550,70.2,-7.97,-6.07,5703500
9633,東京テアトル,202503,20250514,18387,267,271,3039,28907,15528,4552,6180,53.7,21.54,11.37,8013000
9635,武蔵野興業,202503,20250514,1364,69,87,64,6071,3615,1004,311,59.5,1.78,1.06,1050000
9644,タナベコンサルティンググループ,202503,20250514,14543,1500,1589,1016,14328,10651,1772,256,74.3,9.43,7.14,34000000
9684,スクウェア・エニックス・ホールディングス,202503,20250514,324506,40580,40939,24414,416160,335711,24039,-,80.7,7.49,5.9,367594788
9686,東洋テック,202503,20250514,34925,1049,1063,692,38798,21738,4618,9075,56,3.21,1.86,11432460
9709,NCS＆A,202503,20250514,20493,1993,2109,2109,21320,14226,3775,-,66.7,15.93,10.41,18000000
9713,ロイヤルホテル,202503,20250514,25164,912,796,1737,38361,21475,100,442,56,8.4,4.97,15303369
9761,東海リース,202503,20250514,18397,1511,1525,1069,36659,16915,8032,13798,46.1,6.48,3,3494322
9818,大丸エナウィン,202503,20250514,33418,1266,1356,888,22130,14909,870,1153,67.4,6.12,4.04,8046500
9895,コンセック,202503,20250514,10297,-2,40,-208,11962,7928,4090,1458,66.3,-2.6,-1.7,1864011
9904,ベリテ,202503,20250514,7947,875,919,569,7552,4467,100,1500,59.1,12.78,7.48,27230825
9906,藤井産業,202503,20250514,96100,5360,6028,4123,66704,37655,1883,610,56.5,11.44,6.28,10010000
1417,ミライト・ワン,202503,20250513,578599,27985,27470,17179,537739,261502,7000,113091,48.6,6.69,3.25,91325329
1518,三井松島ホールディングス,202503,20250513,60574,7615,8448,8645,117627,65337,8571,31763,55.5,13.43,7.95,65322000
1662,石油資源開発,202503,20250513,389082,62012,64221,81153,681598,527745,14288,-,77.4,15.73,12.09,257000380
1711,SDSホールディングス,202503,20250513,4035,-14,-97,-151,4705,608,2165,3514,12.9,-23.69,-3.56,10432773
1770,藤田エンジニアリング,202503,20250513,32646,2951,3123,1787,30294,18984,1029,405,62.7,9.72,5.63,10200000
1786,オリエンタル白石,202503,20250513,64553,5434,5556,3715,77574,51268,5000,3216,66.1,7.34,4.94,138809400
1793,大本組,202503,20250513,70092,1814,2110,1788,90139,64862,5296,3000,72,2.71,1.89,26794280
1799,第一建設工業,202503,20250513,58005,7193,7604,5242,83941,71657,3302,-,85.4,7.44,6.36,20858491
1801,大成建設,202503,20250513,2154223,120160,134505,123824,2428837,866188,122742,315520,35.7,13.79,4.94,163185872
1802,大林組,202503,20250513,2620101,143442,153383,146052,3042778,1158245,57752,362764,38.1,12.65,4.82,691811346
1810,松井建設,202503,20250513,99253,3382,3843,2726,80887,50616,4000,3000,62.6,5.55,3.44,30580000
1814,大末建設,202503,20250513,89027,3695,3710,2060,55595,22993,4324,3203,41.4,9.05,3.59,10614225
1815,鉄建建設,202503,20250513,185114,3459,3026,3429,225102,69810,18293,55927,31,4.84,1.57,14973956
1828,田辺工業,202503,20250513,50832,3837,3906,2593,45976,24981,885,1375,54.3,10.89,5.62,10728000
1866,北野建設,202503,20250513,80853,3640,4070,3381,75589,46661,9116,-,61.7,7.53,4.41,25347412
1871,ピーエス・コンストラクション,202503,20250513,135627,12315,12252,8217,130836,57880,4218,18560,44.2,14.93,6.5,47486029
1879,新日本建設,202503,20250513,131662,18310,18369,12816,172954,122313,3665,-,70.7,10.89,7.51,61360720
1885,東亜建設工業,202503,20250513,330472,20621,20073,14908,298939,106546,18976,50470,35.6,14.75,5.21,87978516
1904,大成温調,202503,20250513,62502,3115,3483,2487,46411,27627,5195,2700,59.5,9.33,5.4,6882487
1909,日本ドライケミカル,202503,20250513,55727,6128,5817,3958,50939,25634,700,5357,50.3,16.53,7.54,28727248
1925,大和ハウス工業,202503,20250513,5434819,546279,515985,325058,7049323,2614238,162216,2309076,37.1,12.87,4.79,659636182
1952,新日本空調,202503,20250513,137684,11346,11976,9656,118166,69226,5158,3733,58.6,14.33,8.2,48564450
1960,サンテック,202503,20250513,67859,2123,2639,1748,59039,30467,1190,3051,51.6,5.9,3.24,16000000
1961,三機工業,202503,20250513,253136,21893,23071,17203,200839,106214,8105,7107,52.9,16.33,8.54,160983468
1965,テクノ菱和,202503,20250513,84190,9629,9935,7256,80163,52945,2746,65,66,14.21,9.28,21228604
1966,高田工業所,202503,20250513,58067,2933,2877,2309,45156,20276,3723,9372,44.9,12.53,5.58,7334350
1969,高砂熱学工業,202503,20250513,381661,32415,34970,27631,334949,180668,13134,37737,53.9,16.02,8.19,140478804
1982,日比谷総合設備,202503,20250513,89786,7456,8138,5906,99915,70502,5753,-,70.6,8.48,5.96,44000000
2001,ニップン,202503,20250513,410878,21486,24393,24757,399226,242142,12240,57028,60.7,10.62,6.3,84727163
2181,パーソルホールディングス,202503,20250513,1451238,57426,57156,35871,539746,189633,17479,30300,35.1,18.78,6.78,2278437810
2207,meito,202503,20250513,28071,1405,2671,4719,83325,54912,1335,9138,65.9,8.91,5.72,16651708
2220,亀田製菓,202503,20250513,103262,5500,6916,5417,123862,75594,1946,21818,61,7.44,4.43,66955950
2222,寿スピリッツ,202503,20250513,72349,17610,17686,12122,51980,40083,1263,300,77.1,32.19,24.62,155658402
2264,森永乳業,202503,20250513,561173,29658,29864,5459,520423,266218,21821,98706,51.2,2.01,1,86179786
2267,ヤクルト本社,202503,20250513,499683,55391,75860,45533,864317,574132,31117,92318,66.4,8.11,5.36,308285236
2291,福留ハム,202503,20250513,24621,-621,-614,-640,12521,1847,2691,5698,14.8,-30.36,-4.91,3400000
2307,クロスキャット,202503,20250513,16194,1836,1898,1316,10526,5853,1000,1500,55.6,24.07,13.17,17005674
2317,システナ,202503,20250513,83621,12067,11855,8480,51762,32465,1513,1550,62.7,24.03,16.03,425880000
2331,ALSOK,202503,20250513,551881,40201,43107,27105,572402,338434,18675,14744,59.1,7.94,4.74,510200210
2433,博報堂DYホールディングス,202503,20250513,953316,37581,42660,10768,1050191,390256,10790,121558,37.2,2.78,1.03,363902636
2445,タカミヤ,202503,20250513,43827,2061,1856,1230,75076,21919,1052,38845,29.2,5.67,1.71,46585600
2483,翻訳センター,202503,20250513,11210,890,905,723,8836,6760,588,-,76.5,11.11,8.43,3369000
2531,宝ホールディングス,202503,20250513,362693,20597,22180,16202,477587,245228,13226,58004,51.3,6.84,3.54,197252043
2540,養命酒製造,202503,20250513,10017,128,626,679,53518,46062,1650,-,86.1,1.46,1.26,16500000
2585,ライフドリンクカンパニー,202503,20250513,44537,4742,4712,3392,33207,14230,1114,12194,42.9,26.53,10.62,52328609
2588,プレミアムウォーターホールディングス,202503,20250513,76895,11482,9086,5631,112076,25058,4727,67770,22.4,23.55,5.33,21819399
2676,高千穂交易,202503,20250513,28098,2079,2004,1458,23459,16834,1209,-,71.8,8.66,6.28,20343600
2733,あらた,202503,20250513,986212,14989,15617,10358,311728,116525,8572,30548,37.4,9.16,3.3,36057424
2749,JPホールディングス,202503,20250513,41147,5809,5858,3920,37622,19508,1603,8760,51.9,22.01,10.52,87849400
2767,円谷フィールズホールディングス,202503,20250513,140581,15295,16462,11158,98953,51044,7948,11140,51.6,22.63,11.32,65429150
2805,ヱスビー食品,202503,20250513,123520,9442,9650,7565,137093,80267,1744,19909,58.5,9.89,5.46,27244468
2831,はごろもフーズ,202503,20250513,74650,2849,3399,2459,68733,41385,1441,3149,60.2,6.1,3.64,10325365
2871,ニチレイ,202503,20250513,702080,38315,39878,24731,499221,260041,30608,92730,52.1,9.63,5.02,256984963
288A,ラクサス・テクノロジーズ,202503,20250513,2564,590,569,435,4668,2969,1667,1295,63.6,22.83,10.45,25836783
2916,仙波糖化工業,202503,20250513,18701,755,816,319,20660,11845,1500,3470,57.3,2.69,1.46,11400000
2937,サンクゼール,202503,20250513,19467,835,845,350,9245,4958,1135,1657,53.6,7.22,3.75,9305000
2980,SREホールディングス,202503,20250513,26690,3107,2903,1697,30470,13653,4246,12133,44.8,13.15,6.23,16251235
2981,ランディックス,202503,20250513,20267,2258,2112,1404,21794,8345,492,12243,38.3,18.13,7.57,5695586
2993,長栄,202503,20250513,10018,1800,1457,2067,66685,11932,714,48757,17.9,18.63,3.25,4473400
3011,バナーズ,202503,20250513,5601,343,316,250,8870,2637,307,3101,29.7,9.79,2.85,20236086
3058,三洋堂ホールディングス,202503,20250513,16605,123,168,177,12410,2820,100,2728,22.7,6.51,1.42,7400000
3069,JFLAホールディングス,202503,20250513,65207,1310,909,638,39466,7132,3801,18476,18.1,9.3,1.58,48277135
3096,オーシャンシステム,202503,20250513,91061,1752,1847,1049,24082,11204,801,2543,46.5,9.73,4.4,10833000
3099,三越伊勢丹ホールディングス,202503,20250513,555517,76313,88123,52814,1205726,601549,51546,86329,49.9,8.84,4.35,367446554
3109,シキボウ,202503,20250513,39087,1346,1047,914,85611,35211,11820,25673,41.1,2.64,1.08,12810829
3111,オーミケンシ,202503,20250513,3407,235,6,300,15819,1919,100,7167,12.1,16.99,1.76,6602459
3205,ダイドーリミテッド,202503,20250513,28609,-64,-233,-2483,37395,11403,100,12479,30.5,-19.72,-6.34,30696897
331A,メディックス,202503,20250513,4161,802,951,803,6669,3268,259,111,49,29.6,12.77,8080000
3360,シップヘルスケアホールディングス,202503,20250513,678229,24779,26023,15128,381702,149077,15553,37340,39.1,10.48,3.94,94350134
3375,ZOA,202503,20250513,9274,428,435,297,5423,2933,331,1177,54.1,10.53,5.49,1454000
3395,サンマルクホールディングス,202503,20250513,70895,3644,3839,2540,71461,30856,4738,22999,43.2,8.33,4.22,22941111
3434,アルファ,202503,20250513,73511,913,609,-301,67781,35462,2760,15772,52.3,-0.86,-0.44,10200000
3435,サンコーテクノ,202503,20250513,21250,1282,1305,1122,26558,18394,768,3512,69.3,6.3,4.38,8745408
3443,川田テクノロジーズ,202503,20250513,132905,9684,12616,11107,165511,91063,5374,23328,55,12.84,6.82,52422630
3484,イノベーションホールディングス,202503,20250513,16659,1381,1431,1029,15652,4011,308,103,25.6,28.08,7.01,17674400
3521,テルマー湯ホールディングス,202503,20250513,1980,341,339,191,6090,4919,100,600,80.8,3.96,3.16,26466366
3611,マツオカコーポレーション,202503,20250513,70579,433,4199,2600,72453,37556,603,15743,51.8,7.34,3.76,10593600
3646,駅探,202503,20250513,3499,116,161,57,2460,1649,291,282,67,3.4,2.19,6018800
3652,ディジタルメディアプロフェッショナル,202503,20250513,3077,265,271,157,4092,3611,1838,-,88.2,4.44,3.92,3152400
3676,デジタルハーツホールディングス,202503,20250513,39748,2430,2278,629,19949,8954,300,5200,44.9,7.24,3.06,23890800
3679,じげん,202503,20250513,25450,5657,5657,3872,37573,19980,125,3274,53.2,19.64,10.74,110000000
3682,エンカレッジ・テクノロジ,202503,20250513,2501,297,303,220,4659,3513,507,-,75.4,6.34,4.61,6924200
3772,ウェルス・マネジメント,202503,20250513,18310,2520,1048,1102,62102,19397,2356,30331,31.2,5.81,1.88,19179800
3774,インターネットイニシアティブ,202503,20250513,316831,30104,29184,19933,312435,140683,25577,33616,45,14.96,6.8,183448852
3779,ジェイ・エスコムホールディングス,202503,20250513,1318,-108,-222,370,3191,616,50,519,19.3,86.85,12.74,11567990
3800,ユニリタ,202503,20250513,11687,840,1001,716,15366,11971,1330,-,77.9,6.04,4.6,8000000
3840,パス,202503,20250513,2253,-208,-228,-276,3252,2456,1851,292,75.5,-15.12,-11.2,82680236
3861,王子ホールディングス,202503,20250513,1849264,67686,68568,46171,2635030,1101756,103880,903388,41.8,4.26,1.82,1014381817
3896,阿波製紙,202503,20250513,17124,432,279,35,27188,5322,1385,12533,19.6,0.67,0.14,10172676
3918,PCIホールディングス,202503,20250513,13278,679,697,489,15900,8983,2091,510,56.5,-,-,10122400
3925,ダブルスタンダード,202503,20250513,8000,2606,2608,1782,7526,6382,263,-,84.8,30.11,25.26,13580000
3929,ソーシャルワイヤー,202503,20250513,2905,136,72,170,2521,1543,1017,193,61.2,20.97,8.82,11844800
4040,南海化学,202503,20250513,20900,1306,1456,1015,22471,8399,454,5230,37.4,12.83,4.75,2330330
4042,東ソー,202503,20250513,1063382,98906,103005,58002,1327298,827070,55173,179104,62.3,7.15,4.43,325080956
4061,デンカ,202503,20250513,400251,14413,7623,-12300,655524,296182,36998,217679,45.2,-4.07,-1.93,88555840
4064,日本カーバイド工業,202503,20250513,48727,3493,3761,2211,63360,35722,7797,9605,56.4,6.47,3.56,9419659
4069,BlueMeme,202503,20250513,2349,31,20,-17,3899,2518,973,64,64.6,-0.66,-0.45,3617946
4082,第一稀元素化学工業,202503,20250513,33641,2282,632,792,64754,37919,787,21263,58.6,2.15,1.22,24400000
4088,エア・ウォーター,202503,20250513,1075929,75246,73975,49074,1250149,517139,55855,418228,41.4,9.76,3.97,229755057
4095,日本パーカライジング,202503,20250513,132281,14998,19936,13112,267250,195218,4560,450,73,6.86,4.88,132604524
4114,日本触媒,202503,20250513,409346,19062,23203,17394,543659,383028,25038,41391,70.5,4.54,3.2,150000000
4125,三和油化工業,202503,20250513,16040,836,897,591,20636,12326,1588,5052,59.7,4.85,2.83,4320420
4179,ジーネクスト,202503,20250513,691,-174,-189,-218,529,148,833,135,28,-286.84,-45.75,5433066
4183,三井化学,202503,20250513,1809164,78336,71647,32242,2153953,848284,125738,737977,39.4,3.77,1.48,401687630
4188,三菱ケミカルグループ,202503,20250513,4407405,196694,150695,45020,5894619,1740570,50000,2040987,29.5,2.57,0.75,1441467207
4202,ダイセル,202503,20250513,586531,61011,62320,49480,813831,359985,36275,280919,44.2,13.77,5.99,266942682
4212,積水樹脂,202503,20250513,74231,5011,5447,3544,139345,95670,12334,14237,68.7,3.68,2.6,31813598
4246,ダイキョーニシカワ,202503,20250513,168561,10004,9688,6498,154554,87338,5426,24708,56.5,7.73,4.12,70997800
4272,日本化薬,202503,20250513,222584,20401,22266,17508,373708,267528,14932,42096,71.6,6.52,4.75,160000000
4299,ハイマックス,202503,20250513,18066,1807,1821,1293,14430,11782,689,-,81.6,11.38,9.23,11000000
4367,広栄化学,202503,20250513,20018,566,356,288,35218,21616,2343,6484,61.4,1.33,0.77,4900000
4381,ビープラッツ,202503,20250513,706,-207,-217,-298,1087,284,550,695,26.1,-70.45,-24.29,2911799
4386,SIGグループ,202503,20250513,8769,583,653,480,5815,2451,507,1606,42.1,21.28,9.23,5941140
4419,Finatextホールディングス,202503,20250513,7702,950,943,659,19026,8948,158,1599,47,7.69,3.36,51898340
4464,ソフト99コーポレーション,202503,20250513,29742,4033,4229,2913,64635,56572,2310,85,87.5,5.24,4.58,22274688
4488,AI_inside,202503,20250513,4399,385,405,-497,6943,4523,1234,1600,65.1,-10.49,-7.03,3999950
4506,住友ファーマ,202503,20250513,398832,28804,17611,23634,742604,169479,22400,305422,22.8,14.52,2.86,449204554
4524,森下仁丹,202503,20250513,12766,804,870,547,17896,12152,3537,1356,67.9,4.5,3.12,4150000
4527,ロート製薬,202503,20250513,308625,38939,40430,31006,421875,259713,6504,50223,61.6,12.26,8.07,236178310
4536,参天製薬,202503,20250513,300004,46880,47481,36256,409277,286242,8806,26757,69.9,12.24,8.58,322281654
4548,生化学工業,202503,20250513,39374,1333,1933,1214,83872,73187,3840,300,87.3,1.67,1.47,56814093
4549,栄研化学,202503,20250513,40539,2999,3198,2228,62372,43240,6897,3000,69.3,5.02,3.59,34541438
4552,JCRファーマ,202503,20250513,33072,-6650,-7477,-4759,104855,46968,9061,38105,44.8,-9.3,-4.6,129686308
4558,中京医薬品,202503,20250513,6306,106,117,45,5065,2526,681,1274,49.9,1.78,0.89,11660734
4584,キッズウェル・バイオ,202503,20250513,5082,27,5,-21,7008,1338,2317,1837,19.1,-1.57,-0.3,49623419
4591,リボミック,202503,20250513,2,-1050,-1014,-1018,3185,3043,401,-,95.5,-31.66,-30.24,54332640
4620,藤倉化成,202503,20250513,55528,1305,2032,510,59048,40895,5352,2435,69.3,1.27,0.87,30850000
4628,エスケー化研,202503,20250513,106142,12444,14874,10729,191106,163520,2662,3000,85.6,6.79,5.73,15673885
4635,東京インキ,202503,20250513,46806,1309,705,1180,50832,29631,3246,6731,58.3,4.01,2.28,13628790
4658,日本空調サービス,202503,20250513,64438,4191,4373,3102,48568,25807,1139,3605,53.1,12.5,6.78,35784000
4671,ファルコホールディングス,202503,20250513,43313,2335,2499,1920,36019,25181,3371,1244,69.9,7.51,5.3,10680177
4732,ユー・エス・エス,202503,20250513,104021,54206,54883,37636,267348,203762,18881,2177,76.2,18.85,13.97,474000000
4743,アイティフォー,202503,20250513,20552,3532,3668,2914,23952,19044,1124,-,79.5,15.39,12.15,27911900
4752,昭和システムエンジニアリング,202503,20250513,8317,948,962,714,8676,5342,630,10,61.6,13.9,8.42,4810000
4761,さくらケーシーエス,202503,20250513,22537,1377,1493,1145,25556,19866,2054,-,77.7,5.86,4.6,11200000
4783,NCD,202503,20250513,30106,2809,2852,1905,16095,7786,438,799,48.4,26.96,12.29,8300000
4801,セントラルスポーツ,202503,20250513,46595,1946,1524,1359,41153,25840,2261,701,62.8,5.36,3.28,11466300
4819,デジタルガレージ,202503,20250513,32201,-5611,-10216,-7190,226344,75417,7888,61632,33.3,-8.73,-3.14,47714532
4828,ビジネスエンジニアリング,202503,20250513,20776,4676,4679,3330,18451,13384,697,100,72.5,27.37,19.49,60000000
4917,マンダム,202503,20250513,76183,1028,2180,1859,97492,69887,11394,95,71.7,2.73,1.95,48269212
4926,シーボン,202503,20250513,8838,171,172,136,8522,5700,483,-,66.9,2.39,1.57,4281200
4974,タカラバイオ,202503,20250513,45039,2263,2592,1041,125334,115501,14965,-,92.2,0.92,0.84,120415600
4975,JCU,202503,20250513,28356,10513,10920,7497,54841,47812,1281,421,87.2,16.65,14.35,26219049
4997,日本農薬,202503,20250513,99966,8576,7086,2356,152216,77289,14939,33508,50.8,3.03,1.52,81967082
5019,出光興産,202503,20250513,9190225,162185,214764,104055,4775586,1720369,168351,1196374,36,5.91,2.13,1223217590
5021,コスモエネルギーホールディングス,202503,20250513,2799947,128249,150758,57671,2156605,584783,46435,619906,27.1,9.73,2.64,165041722
5029,サークレイス,202503,20250513,3804,203,204,184,1822,992,408,210,54.4,20.7,10.94,4377916
5122,オカモト,202503,20250513,109107,8701,9764,6674,146134,94357,13047,3338,64.6,7.29,4.6,17699367
5189,櫻護謨,202503,20250513,12188,643,653,425,16589,9059,506,3002,54.6,4.78,2.49,2024000
5232,住友大阪セメント,202503,20250513,219465,9351,9367,9008,353029,191098,41654,83333,54.1,4.67,2.54,32068117
5233,太平洋セメント,202503,20250513,896295,77750,75374,57428,1423695,641669,86174,389688,45.1,9.53,4.16,118191578
5237,ノザワ,202503,20250513,21954,1680,1838,1156,30239,20665,2449,-,68.3,5.71,3.87,12075000
5253,カバー,202503,20250513,43401,8001,7962,5559,33060,16947,1096,-,51.3,39.58,19.93,65650100
5268,旭コンクリート工業,202503,20250513,7221,555,610,411,15907,12126,1204,670,76.2,3.58,2.71,13233000
5368,日本インシュレーション,202503,20250513,12222,1027,1030,776,17809,13697,1200,966,76.9,5.74,4.32,8707200
5384,フジミインコーポレーテッド,202503,20250513,62503,11780,12251,9428,90908,76119,4753,-,83.7,12.68,10.84,80098500
5458,高砂鐵工,202503,20250513,12100,512,521,333,9046,4736,1504,-,52.4,7.29,3.56,3008000
5491,日本金属,202503,20250513,51298,-189,-474,703,69897,27856,6857,21080,39.9,2.57,0.97,6700000
5631,日本製鋼所,202503,20250513,248556,22824,23495,17961,398122,193220,19837,42212,48.5,9.7,4.7,74415909
5644,メタルアート,202503,20250513,43954,2995,3253,1998,44261,23463,2143,4519,53,8.71,4.53,3157382
5658,日亜鋼業,202503,20250513,34126,1349,2140,1065,72339,51807,10720,3260,71.6,2.06,1.46,51755478
5697,サンユウ,202503,20250513,24444,668,725,450,19296,9855,1513,1830,51.1,4.67,2.32,6091000
5706,三井金属,202503,20250513,712344,74743,76410,64662,657944,331546,42289,166060,50.4,21.2,9.96,57415430
5714,DOWAホールディングス,202503,20250513,678672,32226,43598,27128,673537,398401,36437,81266,59.2,7.03,4.15,61989206
5715,古河機械金属,202503,20250513,201216,9763,9705,18619,257107,130809,28208,56034,50.9,14.28,7.2,32545568
5729,日本精鉱,202503,20250513,25179,3598,3531,2456,20937,11932,1018,3691,57,22.71,13.34,10423600
5741,UACJ,202503,20250513,998781,57361,43028,27979,970006,290622,52277,340735,30,9.86,2.97,185312772
5801,古河電気工業,202503,20250513,1201762,47097,48571,33366,987016,341440,69395,306150,34.6,9.97,3.38,70666917
5802,住友電気工業,202503,20250513,4679789,320663,309496,193771,4441629,2290394,99737,687991,51.6,8.62,4.4,793940571
5803,フジクラ,202503,20250513,979375,135519,137240,91123,830307,407493,53076,147136,49.1,24.35,11.73,1775180526
5805,SWCC,202503,20250513,237862,20935,11272,11400,197707,83659,24221,54164,42.3,14.29,6.35,30826861
5820,三ッ星,202503,20250513,10875,140,154,215,12728,6663,1136,3221,52.3,3.24,1.69,4279965
5858,STG,202503,20250513,6426,485,513,389,6652,2422,369,2797,36.4,18.85,6.2,2146000
5915,駒井ハルテック,202503,20250513,40553,288,638,1274,69324,31826,6619,18666,45.9,3.96,1.74,4972709
5939,大谷工業,202503,20250513,7899,473,477,369,7564,4077,655,473,53.9,9.46,5,780000
5945,天龍製鋸,202503,20250513,13131,1826,2099,1506,40006,36767,581,-,91.9,4.24,3.88,11147634
5949,ユニプレス,202503,20250513,330045,12198,13657,-21053,297286,133230,10168,57148,44.8,-14.67,-6.64,45004973
5951,ダイニチ工業,202503,20250513,19902,1381,1572,1161,31910,27939,4058,-,87.6,4.22,3.68,19058587
5956,トーソー,202503,20250513,22789,746,773,500,22205,14699,1170,1854,66.2,3.44,2.28,10000000
5973,トーアミ,202503,20250513,18104,-111,-30,-6,19094,10777,1290,4716,56.4,-0.06,-0.03,6400000
5974,中国工業,202503,20250513,13843,415,497,376,12449,5383,1710,1393,43.2,7.19,2.91,3420000
5981,東京製綱,202503,20250513,62867,3585,3875,3247,87369,36685,1000,23669,42,9.11,3.75,16268242
5989,エイチワン,202503,20250513,228145,11860,10827,10728,178534,64000,4366,65344,35.8,18,5.96,28392830
5994,ファインシンター,202503,20250513,42720,683,472,-206,47835,14097,2203,17546,29.5,-1.39,-0.42,4420000
6016,ジャパンエンジンコーポレーション,202503,20250513,28862,5090,5421,4326,32960,13880,2215,4500,42.1,36.62,14.93,8400000
6035,アイ・アールジャパンホールディングス,202503,20250513,5783,1005,1017,698,6900,5614,865,200,81.4,12.71,10.29,17839710
6055,ジャパンマテリアル,202503,20250513,52678,11188,11340,7872,65702,54130,1317,-,82.4,15.48,12.89,105149520
6059,ウチヤマホールディングス,202503,20250513,29105,208,565,2051,31060,14241,2222,12617,45.8,15.42,6.6,21618800
6101,ツガミ,202503,20250513,107411,23309,23709,10901,127306,62897,12345,11524,49.4,18.24,8.9,48000000
6125,岡本工作機械製作所,202503,20250513,43734,3015,2916,2024,66804,40563,9783,11017,60.7,5.74,3.19,6703795
6134,FUJI,202503,20250513,127387,13781,15328,10906,244289,218562,5878,-,89.5,4.88,4.4,97823748
6138,ダイジェット工業,202503,20250513,8793,219,195,205,15955,7939,3099,4307,49.8,2.6,1.26,2992999
6165,パンチ工業,202503,20250513,40822,1685,1613,868,32970,22006,4040,3101,66.7,4.26,2.77,27622400
6186,一蔵,202503,20250513,19932,123,105,-96,20000,4376,50,5972,21.9,-2.16,-0.48,5531006
6193,バーチャレクス・ホールディングス,202503,20250513,6488,279,185,111,3786,1725,610,1036,45.6,6.45,3.04,3009553
6262,PEGASUS,202503,20250513,22040,1573,1555,964,46391,32478,2255,6446,70,3.11,2.16,24828600
6317,北川鉄工所,202503,20250513,57280,1872,2315,1246,82000,41735,8640,13860,50.9,3.05,1.54,9650803
6334,明治機械,202503,20250513,6511,267,314,120,6833,3038,100,2000,44.5,3.86,1.75,11402636
6337,テセック,202503,20250513,5892,434,674,427,15474,14164,2521,363,91.5,2.98,2.7,5578695
6346,キクカワエンタープライズ,202503,20250513,5533,1024,1086,743,14518,12286,660,-,84.6,6.19,5.12,1320000
6351,鶴見製作所,202503,20250513,68058,10251,10492,8783,131509,94400,5188,15679,71.8,9.59,7.12,50826972
6356,日本ギア工業,202503,20250513,9555,2105,2152,1550,15233,12561,1388,109,82.5,13.1,10.36,14280000
6368,オルガノ,202503,20250513,163269,31120,31639,24150,194396,120948,8225,22557,62.2,21.67,12.81,46359700
6405,鈴茂器工,202503,20250513,15568,1890,1947,1462,19471,15930,1154,152,81.8,9.59,7.76,12960000
6407,CKD,202503,20250513,155634,19018,19167,13520,210867,136521,11016,34788,64.7,10.18,6.45,67909449
6457,グローリー,202503,20250513,369017,35173,28414,16053,441655,235303,12892,79241,53.3,6.93,3.53,58938210
6485,前澤給装工業,202503,20250513,31957,3046,3184,2379,45998,39754,3358,-,86.4,6.04,5.17,21500000
6495,宮入バルブ製作所,202503,20250513,6785,81,73,-74,8897,3975,1993,2257,44.7,-1.82,-0.84,48849935
6507,シンフォニアテクノロジー,202503,20250513,119150,15734,15941,12097,136467,80129,10156,14935,58.7,15.65,8.85,29789122
6508,明電舎,202503,20250513,301101,21512,21192,18487,341347,138777,17070,44565,40.7,13.94,5.47,45527540
6513,オリジン,202503,20250513,28803,-246,208,-83,44673,23476,6103,2540,52.6,-0.35,-0.18,6699986
6523,PHCホールディングス,202503,20250513,361593,22580,18823,10485,532482,141639,48623,255260,26.6,7.46,1.91,126724020
6525,KOKUSAI_ELECTRIC,202503,20250513,238933,51320,50789,36004,341512,196168,14086,58212,57.4,18.77,10.04,238115614
6544,ジャパンエレベーターサービスホールディングス,202503,20250513,49375,8624,8621,5530,35407,19960,2493,5003,56.4,30.31,16.28,178784000
6549,ディーエムソリューションズ,202503,20250513,21155,678,685,496,8189,3298,376,2308,40.3,16.13,6.47,2851000
6562,ジーニー,202503,20250513,11321,2520,2267,1954,23883,7887,100,8938,33,25.82,9.07,18056400
6568,神戸天然物化学,202503,20250513,8178,771,929,737,20152,13520,1995,3118,67.1,5.54,3.8,7779900
6570,共和コーポレーション,202503,20250513,16705,1294,1288,917,15397,4871,709,5908,31.6,20.7,6.19,6080130
6599,エブレン,202503,20250513,4025,464,475,313,5904,4786,143,-,81.1,6.74,5.41,1536000
6614,シキノハイテック,202503,20250513,6516,56,54,-14,5412,2471,421,654,45.7,-0.56,-0.25,4426000
6620,宮越ホールディングス,202503,20250513,1030,284,552,365,28863,26324,9217,-,91.2,1.42,1.29,40014943
6626,SEMITEC,202503,20250513,25334,3915,4059,3113,31195,23224,773,1253,74.4,13.95,10.47,11371600
6638,ミマキエンジニアリング,202503,20250513,83963,9111,8441,6156,76174,32217,4357,20529,42.3,20.71,8.11,32040000
6674,ジーエス・ユアサコーポレーション,202503,20250513,580340,50028,46345,30416,693738,347047,52841,105655,50,8.99,4.5,100446442
6741,日本信号,202503,20250513,106859,9906,10789,8503,166240,102623,10000,19200,61.7,8.53,5.13,68339704
6763,帝国通信工業,202503,20250513,16790,1663,2127,2009,33460,27789,3453,46,83.1,7.36,6.13,9856107
6779,日本電波工業,202503,20250513,53064,4622,2955,1792,71522,29170,5596,26611,40.8,6.34,2.6,23128605
6787,メイコー,202503,20250513,206806,19083,18763,14924,256366,108238,12888,86765,42.2,14.46,6.14,26803320
6788,日本トリム,202503,20250513,22463,3285,3535,2241,35353,23967,992,1193,67.8,9.68,6.7,8656780
6797,名古屋電機工業,202503,20250513,17262,2752,2782,2206,27537,22399,1184,-,81.3,10.22,8.05,12844000
6820,アイコム,202503,20250513,37468,3721,3902,2951,73888,67359,7081,-,91.2,4.43,4.01,14850000
6822,大井電気,202503,20250513,29046,1484,1429,1049,23649,7054,2708,5277,29.8,15.67,4.41,1470000
6845,アズビル,202503,20250513,300378,41486,42170,40955,315072,237206,10522,5482,75.3,17.86,13.03,541372736
6848,東亜ディーケーケー,202503,20250513,18058,1338,1474,1113,28653,21919,1842,1057,76.5,5.03,3.86,19880620
6849,日本光電工業,202503,20250513,225424,20713,20373,14098,258276,179552,7544,26030,69.5,7.82,5.74,170961960
6850,チノー,202503,20250513,29329,2879,3034,1991,37765,21978,4292,2607,58.2,9.43,5.36,18520232
6904,原田工業,202503,20250513,44817,1729,1328,166,38932,13381,2019,16534,34.4,1.31,0.43,21758000
6925,ウシオ電機,202503,20250513,177616,8825,12451,6797,297304,200499,19556,38027,67.4,3.11,2.14,83500000
6941,山一電機,202503,20250513,45298,8225,7689,5240,53389,39534,10084,3621,74,13.5,10.03,21829775
6946,日本アビオニクス,202503,20250513,20122,2796,2711,1964,26913,13958,5895,4790,51.9,13.9,7.22,16764810
6952,カシオ計算機,202503,20250513,261757,14236,14131,8064,331644,218876,48592,42349,66,3.58,2.37,234461814
6958,日本シイエムケイ,202503,20250513,95486,3807,5533,3789,148540,79112,24102,44117,53.3,5.05,2.71,71298100
6962,大真空,202503,20250513,38620,915,412,285,89890,37054,19344,33275,41.2,0.75,0.31,32138881
6963,ローム,202503,20250513,448466,-40061,-29698,-50065,1440765,889034,86969,400000,61.7,-5.39,-3.43,403760000
6997,日本ケミコン,202503,20250513,122684,3740,1568,37,162702,56119,5452,74836,34.5,0.07,0.02,24698450
7003,三井E＆S,202503,20250513,315112,23130,27756,39074,449212,169793,8846,97849,37.8,25.06,8.53,103098717
7014,名村造船所,202503,20250513,159227,29466,29504,26245,209037,104432,8200,17726,50,28.55,13.68,69475551
7031,インバウンドテック,202503,20250513,2544,21,15,-414,2843,1635,548,652,57.5,-22.12,-12.51,2523475
7087,ウイルテック,202503,20250513,44578,1048,1213,710,18123,8076,155,1074,44.6,9.01,3.88,6477200
7090,リグア,202503,20250513,2872,-154,-186,-301,3142,319,551,2100,10.2,-65.22,-8.59,1611800
7094,NexTone,202503,20250513,19412,1005,1028,692,14831,4759,1218,-,32.1,15.71,4.94,9940800
7096,ステムセル研究所,202503,20250513,2679,418,428,385,7500,2627,704,499,35,14.48,5.48,10246600
7122,近畿車輛,202503,20250513,30257,232,339,560,58835,33611,5252,3900,57.1,1.69,0.95,6908359
7150,島根銀行,202503,20250513,10346,-,858,609,568783,14921,7886,-,2.6,3.63,0.11,8416000
7161,じもとホールディングス,202503,20250513,38274,-,2130,1563,2476647,82467,28733,-,3.3,1.88,0.06,26840263
7184,富山第一銀行,202503,20250513,48513,8470,18959,13354,1594249,152519,10182,-,9.6,8.87,0.84,64309700
7201,日産自動車,202503,20250513,12633214,69798,210168,-670898,19024060,4958244,605814,7985631,26.1,-12.27,-3.45,3713998612
7212,エフテック,202503,20250513,300831,5481,3047,-6925,177555,51513,6790,70254,29,-12.9,-3.75,18712244
7218,田中精密工業,202503,20250513,40474,2704,3135,1788,43717,24055,500,3895,55,7.64,4.14,9763600
7222,日産車体,202503,20250513,350508,5147,5847,3033,269913,176561,7904,-,65.4,1.73,1.15,135452804
7229,ユタカ技研,202503,20250513,179213,6347,6789,4548,168408,102159,1754,-,60.7,4.49,2.57,14820000
7235,東京ラヂエーター製造,202503,20250513,34060,1714,1920,1422,32918,21960,1317,-,66.7,6.79,4.41,10400000
7245,大同メタル工業,202503,20250513,136303,7091,6820,2720,196656,72751,8413,64257,37,3.84,1.41,47520253
7246,プレス工業,202503,20250513,189883,9646,10279,6080,197764,113992,8070,9766,57.6,5.48,3.12,98066400
7267,本田技研工業,202503,20250513,21688767,1213486,1317640,835837,30775867,12326529,86067,11451267,40.1,6.68,2.76,4533000000
7284,盟和産業,202503,20250513,23250,505,435,452,24975,12003,2167,6035,48.1,3.93,1.82,3502859
7305,新家工業,202503,20250513,42845,1641,1905,2128,52060,31115,3940,5670,59.8,6.38,3.86,10400000
7367,セルム,202503,20250513,8184,1074,960,552,7283,2689,1027,2728,36.9,19.27,9.08,23138000
7459,メディパルホールディングス,202503,20250513,3671328,55609,65255,40279,1824984,619565,22398,-,33.9,6.6,2.22,215975042
7481,尾家産業,202503,20250513,119256,3565,3610,2812,37597,14476,1305,165,38.5,20.7,7.7,9255000
7508,G-7ホールディングス,202503,20250513,214129,7122,7466,4939,70693,32574,1791,14010,46.1,15.79,7.45,44071454
7522,ワタミ,202503,20250513,88713,4568,5246,3522,71491,26796,4910,27560,37.5,14.47,5.19,42684880
7550,ゼンショーホールディングス,202503,20250513,1136684,75128,71890,39290,813109,240062,47497,299705,29.5,17.29,5.03,160733225
7551,ウェッズ,202503,20250513,35138,2246,2304,1430,25871,17110,852,1321,66.1,8.6,5.63,16118166
7552,ハピネット,202503,20250513,364418,11677,11963,6764,121452,55270,2751,-,45.5,12.74,5.76,48100000
7615,京都きもの友禅ホールディングス,202503,20250513,5161,-734,-747,-923,7276,1979,196,580,27.2,-39.37,-11.4,21614700
7628,オーハシテクニカ,202503,20250513,40017,1782,2362,1522,48683,39145,1825,-,80.4,4.01,3.2,25781920
7698,アイスコ,202503,20250513,54717,627,691,481,17357,3838,377,2474,22.1,13.24,2.82,3930500
7717,ブイ・テクノロジー,202503,20250513,46182,1821,1891,800,73201,33500,2847,21240,45.8,2.36,1.08,10057600
7726,黒田精工,202503,20250513,17284,311,419,172,26159,11386,1941,6286,43.5,1.5,0.66,5743286
7733,オリンパス,202503,20250513,997332,162462,159070,117855,1432826,751733,124643,229102,52.5,15.62,7.94,1114485700
7734,理研計器,202503,20250513,49038,10642,10830,8007,92763,77500,2565,1845,83.5,10.68,8.83,47322000
7745,A＆Dホロンホールディングス,202503,20250513,67083,8813,8954,6468,69005,42711,6388,12809,61.9,16.09,9.18,27845208
7762,シチズン時計,202503,20250513,316885,20592,23024,23876,415552,255919,32648,62207,61.6,9.48,5.75,246000000
7794,イーディーピー,202503,20250513,902,-976,-989,-2306,4377,3414,1936,625,78,-67.55,-52.68,15474600
7822,永大産業,202503,20250513,71202,-293,-398,-29,88714,44249,3285,21498,49.9,-0.07,-0.03,46783800
7864,フジシールインターナショナル,202503,20250513,212345,18844,18323,12199,209822,145269,5990,9532,69.2,8.79,6.06,60161956
7867,タカラトミー,202503,20250513,250235,24870,24033,16350,165770,106365,3459,4172,64.2,15.85,9.85,93616650
7871,フクビ化学工業,202503,20250513,39973,1550,1882,1466,53237,36596,2194,132,68.7,4.02,2.73,20688425
7912,大日本印刷,202503,20250513,1457609,93612,115920,110682,1917838,1135848,114464,162007,59.2,9.62,5.71,439480692
7916,光村印刷,202503,20250513,14756,-158,-49,70,27715,17594,100,2610,63.5,0.38,0.24,3103420
7918,ヴィア・ホールディングス,202503,20250513,17373,198,122,-19,6365,1154,164,2582,18.1,-1.55,-0.28,45628213
7927,ムトー精工,202503,20250513,27574,2047,2579,1510,31027,18374,2188,6652,59.2,8.31,4.99,7739548
7943,ニチハ,202503,20250513,148478,6951,7254,2706,177455,124518,8136,15860,70.2,2.16,1.53,34487164
7990,グローブライド,202503,20250513,123983,6508,6492,4783,113957,61020,4184,27783,53.5,8.3,4.3,22800000
8007,高島,202503,20250513,94503,2129,2024,1566,60044,23924,3801,12093,39.8,6.59,2.6,34377984
8022,美津濃,202503,20250513,240335,20777,21352,15243,218479,156349,26137,13492,71.6,10.24,7.18,79734729
8037,カメイ,202503,20250513,575787,15912,17746,10690,320710,158119,8132,43189,49.3,6.92,3.31,32991969
8039,築地魚市場,202503,20250513,62414,302,330,287,16602,6537,2045,4919,39.4,4.43,1.7,2253520
8041,OUGホールディングス,202503,20250513,350092,5100,5891,4527,90270,35555,6495,24520,39.4,13.61,4.99,5562292
8045,横浜丸魚,202503,20250513,39841,354,710,508,25279,17376,1541,601,68.7,3.08,2.11,7261706
8050,セイコーグループ,202503,20250513,304744,21240,20769,13316,369236,155972,10000,107608,42.2,8.73,3.57,82808522
8085,ナラサキ産業,202503,20250513,112512,3062,3131,2241,56479,26138,2354,1609,46.3,8.93,3.83,5325600
8097,三愛オブリ,202503,20250513,654404,11808,12860,8656,207110,113538,10127,2173,54.8,7.49,4.07,63000000
8136,サンリオ,202503,20250513,144904,51806,53453,41731,202406,107032,10261,40290,52.9,48.63,23.28,1277041515
8144,デンキョーグループホールディングス,202503,20250513,54326,108,288,420,35726,26415,2644,1364,73.9,1.58,1.11,6665021
8150,三信電気,202503,20250513,157342,5791,4934,3522,84049,40486,14811,24121,48.2,8.94,4.32,16281373
8219,青山商事,202503,20250513,194790,12573,12628,9397,318404,177779,62504,77224,55.8,5.3,2.87,151182048
8225,タカチホ,202503,20250513,8536,437,436,308,4288,2253,1000,974,52.5,15.12,7.2,727500
8242,エイチ・ツー・オーリテイリング,202503,20250513,681759,34830,35909,34842,730499,299258,17796,154611,41,12.29,4.84,125201396
8252,丸井グループ,202503,20250513,254392,44515,39916,26588,1053352,246140,35920,636479,23.4,10.65,2.59,183660417
8275,フォーバル,202503,20250513,72629,3740,3975,2168,42130,17543,4150,2260,41.6,12.74,5.23,27732622
8308,りそなホールディングス,202503,20250513,1117491,-,292160,213324,77370816,2729157,50552,-,3.5,7.77,0.28,2307136666
8337,千葉興業銀行,202503,20250513,56910,-,10682,7459,3246846,169981,62120,-,5.2,4.23,0.23,62222045
8344,山形銀行,202503,20250513,52861,1219,6505,4412,3164251,135822,12008,-,4.3,3.16,0.14,32216115
8345,岩手銀行,202503,20250513,49178,10819,9780,6976,3802787,184591,12089,-,4.8,3.64,0.18,73991144
8360,山梨中央銀行,202503,20250513,60481,-,10620,7669,4527011,212736,15400,-,4.6,3.57,0.17,32783000
8381,山陰合同銀行,202503,20250513,135314,-,26716,18737,8549438,312388,20705,-,3.6,5.88,0.24,156977472
8399,琉球銀行,202503,20250513,69193,-,8328,5751,2977518,139796,56967,-,4.7,4.07,0.19,43108470
8425,みずほリース,202503,20250513,695423,48966,66219,42038,3898061,382877,46925,3180107,9.8,12.15,1.16,282666300
8522,名古屋銀行,202503,20250513,102788,11886,20899,14730,5770358,276531,25090,-,4.8,5.08,0.26,49366461
8524,北洋銀行,202503,20250513,150637,27019,28070,20608,13446736,380466,121101,-,2.8,5.01,0.15,378060179
8544,京葉銀行,202503,20250513,80370,-,18214,12756,6561710,303982,49759,-,4.6,4.07,0.19,126427858
8563,大東銀行,202503,20250513,13233,-,2017,1330,851063,31839,14743,-,3.7,3.83,0.15,12701462
8585,オリエントコーポレーション,202503,20250513,245270,12344,12344,13943,2881698,239329,150075,2131983,8.3,5.84,0.46,171888020
8600,トモニホールディングス,202503,20250513,95107,-,23376,15832,5034627,280501,30228,-,5.5,5.71,0.32,193533011
8705,日産証券グループ,202503,20250513,7373,712,815,351,136699,12004,1701,3100,8.8,2.66,0.28,55025703
8830,住友不動産,202503,20250513,1014239,271516,268323,191681,6722422,2168107,122805,3891925,32.3,9.09,2.86,936000000
8841,テーオーシー,202503,20250513,13152,1418,1918,1787,114896,100230,11768,1122,87.2,1.77,1.53,93849352
8920,東祥,202503,20250513,35619,5884,5936,1228,72177,36244,1580,18376,50.2,3.44,1.68,38315000
8935,FJネクストホールディングス,202503,20250513,112429,9488,9459,6483,105477,72922,2774,18230,69.1,9.2,6.46,34646500
8995,誠建設工業,202503,20250513,3274,20,15,46,6947,3983,578,2570,57.3,1.16,0.71,2012000
9007,小田急電鉄,202503,20250513,422700,51431,50474,51958,1299991,478277,60359,609051,36.8,11.08,3.99,368497717
9046,神戸電鉄,202503,20250513,22131,2006,1589,1150,90680,23539,11710,54435,26,4.95,1.27,8061566
9074,日本石油輸送,202503,20250513,37090,1554,1757,1262,43279,25947,1661,316,60,4.95,2.99,3322935
9075,福山通運,202503,20250513,302495,7363,9917,8748,500674,285949,30310,109896,57.1,3.01,1.74,39194163
9221,フルハシEPO,202503,20250513,9383,1152,1432,1033,12169,5591,1507,3170,45.9,19.46,8.79,11779600
9256,サクシード,202503,20250513,3469,380,380,259,3001,2418,337,-,80.6,11.2,8.99,3579950
9305,ヤマタネ,202503,20250513,80922,3780,3650,3091,167044,58384,10555,76905,35,5.61,1.93,22688362
9308,乾汽船,202503,20250513,31770,3656,3836,5021,74903,36875,2767,30147,49.2,14.66,7.1,26072960
9310,日本トランスシティ,202503,20250513,124765,7805,8806,6041,165411,91192,8428,37291,55.1,6.84,3.71,66405517
9322,川西倉庫,202503,20250513,25542,1027,1179,746,38380,21309,2108,8122,55.5,3.56,1.95,8258322
9365,トレーディア,202503,20250513,16646,253,398,267,10792,4650,735,3661,43.1,5.9,2.52,1470000
9409,テレビ朝日ホールディングス,202503,20250513,324056,19704,28533,25816,559558,445648,36710,-,79.6,5.95,4.78,108529000
9428,クロップス,202503,20250513,61568,2416,2634,991,36107,12235,255,2783,33.9,8.38,2.85,9597400
9445,フォーバルテレコム,202503,20250513,25684,1142,1153,732,10362,3320,553,-,32,23.51,7.09,16757700
9639,三協フロンテア,202503,20250513,56092,8021,8168,5502,65331,48797,1545,2357,74.7,11.75,8.22,23356800
9640,セゾンテクノロジー,202503,20250513,24383,2141,2160,1506,21179,14235,1367,-,67.2,10.59,6.86,16200000
9658,ビジネスブレイン太田昭和,202503,20250513,38804,2872,3351,2469,45323,29139,2233,-,64.3,8.5,5.48,34845600
9685,KYCOMホールディングス,202503,20250513,6770,590,639,468,7963,4489,1612,2140,56.4,10.9,5.97,5115492
9691,両毛システムズ,202503,20250513,22486,2179,2145,1569,24735,13630,1966,2000,55.1,12.11,6.74,3510000
9697,カプコン,202503,20250513,169604,65777,65635,48453,312982,226148,33239,6591,72.3,23.01,17.41,533011246
9708,帝国ホテル,202503,20250513,52610,1590,2062,2585,69034,45347,1485,-,65.7,5.85,3.84,118800000
9723,京都ホテル,202503,20250513,9358,916,676,771,16627,2660,100,12100,16,33.17,4.66,12065400
9726,KNT-CTホールディングス,202503,20250513,274516,6040,6776,7680,136734,51259,100,-,37.5,16.1,5.71,27331013
9843,ニトリホールディングス,202503,20250513,928950,120372,126218,76891,1350631,965352,13370,193138,71.5,8.26,5.94,572217480
9850,グルメ杵屋,202503,20250513,42072,947,937,649,31457,9246,100,13945,29.4,7.21,1.88,22910275
9856,ケーユーホールディングス,202503,20250513,159964,9184,9479,6529,92743,67289,100,9178,72.6,10.07,7.32,44126024
9880,イノテック,202503,20250513,41977,1887,1754,1200,47008,25424,10517,9616,54.1,4.79,2.53,13700000
9888,UEX,202503,20250513,50281,1771,1714,927,51932,17482,1512,12115,33.7,5.32,1.78,12000000
9890,マキヤ,202503,20250513,89447,2266,2366,1497,39827,20795,1198,4992,52.2,7.45,3.84,10540200
9896,JKホールディングス,202503,20250513,393258,7358,7797,4283,222968,63611,3195,31182,28.5,6.87,1.87,31040016
9900,サガミホールディングス,202503,20250513,35034,2058,2134,1356,25297,17824,9090,1908,70.5,7.83,5.4,30301784
9913,日邦産業,202503,20250513,44890,1970,2105,1396,32475,16529,3137,2401,50.9,8.91,4.42,9127338
9928,ミロク情報サービス,202503,20250513,46160,6287,6390,4381,45331,29281,3198,6360,64.6,15.65,9.59,32306286
9929,平和紙業,202503,20250513,16032,142,206,117,17971,9916,2107,2243,55.2,1.17,0.64,10116917
9956,バローホールディングス,202503,20250513,854435,23191,26179,13654,460068,171193,13609,116843,37.2,8.15,3.02,53987499
9959,アシードホールディングス,202503,20250513,23969,765,1093,748,19655,7223,798,6944,36.7,10.8,3.88,13495248
9969,ショクブン,202503,20250513,6060,16,2,-69,5209,2430,100,1665,46.7,-2.75,-1.28,17691669
9984,ソフトバンクグループ,202503,20250513,7243752,4430901,1704721,1153332,45013756,11561541,238772,18006330,25.7,10.15,2.51,5711848120
9987,スズケン,202503,20250513,2399952,37125,38830,34496,1113831,407292,13546,-,36.6,8.38,2.95,72167204
9996,サトー商会,202503,20250513,49137,1667,1945,1315,35597,26268,1405,683,73.8,5.1,3.62,9152640
9997,ベルーナ,202503,20250513,210856,11887,13255,8797,312462,141314,10612,127707,45.2,6.36,2.87,97244472
1301,極洋,202503,20250512,302681,11079,10857,6740,182125,66515,7527,79374,36.5,10.74,3.93,12078283
1333,Umios,202503,20250512,1078631,30381,32254,23264,681211,229569,20000,270911,33.7,10.65,3.44,151736511
1420,サンヨーホームズ,202503,20250512,45518,956,1167,673,50553,15321,5945,18407,30.3,4.45,1.39,13490000
1515,日鉄鉱業,202503,20250512,196766,10257,11437,9019,240179,141488,4176,22386,58.9,6.39,3.84,80000000
1736,オーテック,202503,20250512,31424,4024,4222,2874,34671,22379,599,1635,64.5,13.63,8.65,17100000
1798,守谷商会,202503,20250512,50266,2293,2373,1651,34143,15940,1712,836,46.7,10.87,5.1,11300000
1807,佐藤渡辺,202503,20250512,40422,1177,1328,891,35432,21342,1751,2800,60.2,4.2,2.53,6391400
1820,西松建設,202503,20250512,366811,21098,20225,17543,592046,172143,23513,214212,29.1,10.29,2.99,41791502
1826,佐田建設,202503,20250512,32264,960,968,611,27489,15522,1886,1328,56.5,3.97,2.27,13386233
1867,植木組,202503,20250512,50703,2853,2950,1934,50897,28999,5315,3721,57,6.88,3.83,6873528
1938,日本リーテック,202503,20250512,68669,5199,5955,4733,94625,63728,1430,500,67.3,7.66,5.2,25117717
1945,東京エネシス,202503,20250512,67722,2665,3342,2900,108081,68427,2881,19602,63.3,4.23,2.69,33223752
1981,協和日成,202503,20250512,37416,1483,1674,1133,28357,18869,590,-,66.5,6.02,3.98,10746300
1992,神田通信機,202503,20250512,7179,625,712,431,9485,6115,1310,200,64.5,7.25,4.55,2623227
2004,昭和産業,202503,20250512,334425,11126,13591,11599,255504,134978,14293,49982,52.8,8.77,4.48,32995420
2055,日和産業,202503,20250512,48577,906,1143,310,29706,18237,2011,3969,61.4,1.7,0.99,20830825
2152,幼児活動研究会,202503,20250512,7073,1164,1240,872,13491,10278,513,-,76.2,8.77,6.65,11784000
2224,コモ,202503,20250512,7111,66,71,42,4726,2039,222,1559,43.1,2.07,0.84,3630000
2229,カルビー,202503,20250512,322564,29066,29844,20874,319169,205180,12046,35883,64.3,10.52,6.83,133929800
2454,オールアバウト,202503,20250512,15954,10,10,-39,8410,4049,1318,-,48.1,-0.96,-0.47,14223916
2497,ユナイテッド,202503,20250512,12035,2646,2577,1480,24842,21047,2923,257,84.7,6.67,5.74,40412690
250A,シマダヤ,202503,20250512,39625,3372,3449,2554,24824,18058,1000,-,72.7,15.07,10.49,15205697
255A,ジーエルテクノホールディングス,202503,20250512,43261,6344,6626,4064,58375,44406,300,5132,76.1,9.15,6.96,13681230
2602,日清オイリオグループ,202503,20250512,530878,19278,18089,12850,388242,187147,16332,90760,48.2,6.95,3.29,95288271
2607,不二製油,202503,20250512,671211,9895,5304,2230,596564,210499,13208,283975,35.3,1.01,0.42,87569383
2612,かどや製油,202503,20250512,39450,3166,3394,2357,43536,35265,2160,-,81,6.77,5.47,28200000
2674,ハードオフコーポレーション,202503,20250512,33531,3218,3403,2314,25617,18271,1676,2950,71.3,13.16,9.5,13954000
2763,エフティグループ,202503,20250512,34625,9282,9325,6613,40592,29842,1344,3643,73.5,24.71,17.95,30342268
2806,ユタカフーズ,202503,20250512,14455,681,800,553,25755,22504,1160,-,87.4,2.48,2.18,8832311
2875,東洋水産,202503,20250512,507600,75488,83919,62867,594978,481192,18969,442,80.9,13.33,10.78,110881044
2915,ケンコーマヨネーズ,202503,20250512,91703,4845,4999,3503,64080,39963,5424,3815,62.4,8.87,5.33,16476000
3101,東洋紡,202503,20250512,422032,16653,10591,2003,617799,195312,51730,261070,31.6,1.02,0.33,89048792
3131,シンデン・ハイテックス,202503,20250512,43745,1400,929,642,16636,7404,1438,5966,44.5,8.86,3.65,2110200
3143,オーウイル,202503,20250512,39156,1162,1151,915,16231,5123,363,4725,31.6,19.21,6.13,9450000
3199,綿半ホールディングス,202503,20250512,133594,3501,3812,2077,79434,23240,1101,26470,29.3,9.02,2.62,19958940
3294,イーグランド,202503,20250512,30502,1487,1239,880,31285,11456,836,18668,36.6,7.82,3.03,6379100
3401,帝人,202503,20250512,1005471,-71828,-78038,28347,1061272,431377,71833,362479,40.6,6.4,2.45,197953707
3467,アグレ都市デザイン,202503,20250512,30743,2548,2247,1580,33288,7228,390,22873,21.7,23.9,5.42,5754000
3537,昭栄薬品,202503,20250512,25012,559,757,527,17098,8935,248,600,52.3,6.17,3.11,3579105
3583,オーベクス,202503,20250512,6035,841,814,580,9842,6707,1939,1446,68.1,8.95,5.93,3092623
3634,ソケッツ,202503,20250512,1039,-76,-80,-139,814,521,505,-,64,-23.38,-15.58,2477400
3741,セック,202503,20250512,10295,1793,1893,1344,11775,9330,477,36,79.2,15.16,12.28,10240000
3793,ドリコム,202503,20250512,12655,112,53,-1035,13506,4670,1880,4726,34.6,-20.12,-7.49,29446212
3802,エコミック,202503,20250512,2121,46,61,43,1969,1801,564,-,91.5,2.38,2.11,4693200
3848,データ・アプリケーション,202503,20250512,2607,329,360,268,6179,4775,430,94,77.3,5.61,4.34,7414000
3951,朝日印刷,202503,20250512,43945,2076,2165,1704,70462,34275,2228,18674,48.6,5.06,2.45,22890829
3954,昭和パックス,202503,20250512,23316,1377,1626,1320,33384,23451,640,1210,70.2,5.68,3.96,4450000
3970,イノベーション,202503,20250512,5343,351,340,67,8321,3385,1241,2600,40.7,1.94,1.03,2762100
4008,住友精化,202503,20250512,147571,10712,11106,5961,141532,94312,9732,18328,66.6,6.3,4.29,69958980
4023,クレハ,202503,20250512,162015,9428,10218,7800,345298,209372,18169,80531,60.6,3.62,2.31,49942221
4091,日本酸素ホールディングス,202503,20250512,1308024,165906,145272,98779,2418197,980452,37344,850566,40.5,10.43,4.09,433092837
4102,丸尾カルシウム,202503,20250512,12843,5,197,148,16869,9752,876,2300,57.8,1.53,0.87,2355200
4113,田岡化学工業,202503,20250512,29930,1887,1964,1478,30407,18499,1572,1490,60.8,8.28,4.92,14440000
4182,三菱瓦斯化学,202503,20250512,773591,50851,60316,45544,1119688,668222,41970,200058,59.7,6.87,4.16,211686599
4203,住友ベークライト,202503,20250512,304773,24792,28614,19281,417778,290672,37143,30680,69.6,6.52,4.49,88249856
4208,UBE,202503,20250512,486802,18045,22372,-4816,865669,395078,58435,325480,45.6,-1.2,-0.58,106200107
4368,扶桑化学工業,202503,20250512,69501,16230,16561,11622,141502,104048,4334,20000,73.5,11.68,8.44,106533000
4507,塩野義製薬,202503,20250512,438268,156603,200750,170435,1535349,1361925,21279,-,88.7,13.12,11.55,889632195
4521,科研製薬,202503,20250512,94035,21034,21279,13945,190422,152634,23853,3850,80.2,9.41,7.7,44139730
4534,持田製薬,202503,20250512,105159,8126,8067,5685,160121,130694,7229,-,81.6,4.4,3.57,36390000
4540,ツムラ,202503,20250512,181093,40125,42446,32428,464380,300531,30142,70336,64.7,11.35,7.27,76758362
4569,杏林製薬,202503,20250512,130087,12567,13219,9086,193618,136285,700,27835,70.4,6.8,4.89,59945641
4613,関西ペイント,202503,20250512,588825,52050,49103,38306,750699,269190,25658,212151,35.9,13.23,5.32,177976280
4687,TDCソフト,202503,20250512,44417,4772,4876,3433,28286,20881,970,531,73.8,17.44,12.76,50227200
4719,アルファシステムズ,202503,20250512,38484,4422,4540,3211,52016,43472,8500,-,83.6,7.53,6.25,14052400
4736,日本ラッド,202503,20250512,4356,318,390,417,4938,3388,1239,-,68.6,13.21,9.03,5355390
4886,あすか製薬ホールディングス,202503,20250512,64139,5331,5107,5101,100534,65310,1197,10902,65,8.02,5.33,28763199
4890,坪田ラボ,202503,20250512,1357,235,281,205,2503,1587,825,90,63.4,13.88,8.55,25794300
4966,上村工業,202503,20250512,83845,18829,20041,14078,130589,106119,1336,400,81.3,14.16,11.32,18099000
4980,デクセリアルズ,202503,20250512,110390,39735,39359,27737,151821,95915,16262,21078,63.2,30.67,19.14,174741400
4994,大成ラミックグループ,202503,20250512,30849,2372,2396,1690,34221,25157,3426,-,73.5,6.88,5.05,7047500
5011,ニチレキグループ,202503,20250512,75745,6268,7047,4848,112368,77320,2919,19737,68.8,6.37,4.67,31685955
5020,ENEOSホールディングス,202503,20250512,12322494,106093,88219,226071,8789377,3100660,100000,2336783,35.3,7.15,2.39,2706766549
5121,藤倉コンポジット,202503,20250512,41325,4807,5050,3888,47827,34433,3804,3600,72,10.96,8.46,20074968
5142,アキレス,202503,20250512,79093,-436,-220,427,79504,39336,14640,14650,49.5,1.08,0.53,14562714
5393,ニチアス,202503,20250512,256512,39732,41693,32073,289044,215421,12128,9870,74.5,15.45,11.06,190985751
5406,神戸製鋼所,202503,20250512,2555031,158721,157192,120180,2891053,1161797,250930,834519,40.2,10.84,4.14,396345963
5535,ミガロホールディングス,202503,20250512,51709,2713,2121,1390,54506,11131,79,38380,20.4,12.94,2.7,64635100
5660,神鋼鋼線工業,202503,20250512,34293,1167,1235,1034,44081,24022,8062,10370,54.5,4.41,2.37,5912999
5753,日本伸銅,202503,20250512,26122,1835,1413,964,16474,11909,1595,1500,72.3,8.44,6.13,2370000
5757,CKサンエツ,202503,20250512,125108,10263,8383,5207,86975,52265,2756,8502,60.1,10.45,6.35,8867000
5838,楽天銀行,202503,20250512,184534,-,71524,50779,14748639,301838,32616,-,2,18.06,0.36,174499180
5952,アマテイ,202503,20250512,5583,239,218,142,5231,1484,615,2078,28.4,9.94,2.68,12317000
5962,浅香工業,202503,20250512,8448,304,336,227,6844,4222,829,1065,61.7,5.51,3.2,1037080
5976,高周波熱錬,202503,20250512,57563,1617,2321,1815,83760,59541,6418,6793,71.1,3.04,2.21,32805400
5988,パイオラックス,202503,20250512,63351,2382,3402,1792,105464,90446,2960,-,85.8,1.82,1.58,37054100
6018,阪神内燃機工業,202503,20250512,13337,611,682,536,25000,14772,829,-,59.1,3.68,2.24,3248548
6022,赤阪鐵工所,202503,20250512,7845,19,58,38,14035,8959,1510,1187,63.8,0.42,0.27,1540000
6089,ウィルグループ,202503,20250512,139705,2338,2177,1155,49923,17391,2217,6605,34.8,6.62,2.28,23118900
6104,芝浦機械,202503,20250512,168191,14095,14085,12597,199607,117171,12484,10135,58.7,11.01,5.56,24820406
6137,小池酸素工業,202503,20250512,55206,5448,6046,3633,74735,42557,4028,5853,56.9,8.87,4.9,22614665
6166,中村超硬,202503,20250512,2640,7,-21,-32,5355,810,349,2831,15.1,-3.87,-0.56,11020900
6197,ソラスト,202503,20250512,137435,7017,6726,3960,70097,22679,686,19942,32.4,18.35,5.45,94741793
6226,守谷輸送機工業,202503,20250512,19435,4092,4198,2840,17190,11487,1105,-,66.8,27.56,17.61,35371600
6292,カワタ,202503,20250512,20766,984,1033,576,25304,13217,977,6010,52.2,4.49,2.21,7210000
6333,TEIKOKU,202503,20250512,30546,6055,6296,3811,42396,32739,3143,-,77.2,11.8,9.03,15780038
6335,東京機械製作所,202503,20250512,7401,641,751,345,14511,8162,4435,-,56.2,4.25,2.32,8728920
6339,新東工業,202503,20250512,150224,3004,3226,2757,236764,119619,5752,49128,50.5,2.3,1.3,54580928
6380,オリエンタルチエン工業,202503,20250512,4055,142,145,100,5130,1855,1066,2098,36.2,5.39,1.95,1602233
6384,昭和真空,202503,20250512,8480,792,837,561,15451,11590,2177,550,75,4.88,3.77,6499000
6392,ヤマダコーポレーション,202503,20250512,14628,1962,2188,1607,19302,16410,600,928,85,10.07,8.38,2400000
6402,兼松エンジニアリング,202503,20250512,13300,954,973,700,12079,7140,313,1481,59.1,10.16,5.5,5564000
6417,SANKYO,202503,20250512,191821,73605,74587,53992,336709,283414,14840,-,84.2,20.25,17.17,230000000
6460,セガサミーホールディングス,202503,20250512,428948,48124,53114,45051,644777,381166,29953,149500,59.1,12.21,6.94,213545376
6471,日本精工,202503,20250512,796667,28457,25100,10647,1219543,651462,67176,323624,53.4,1.62,0.85,500000000
6480,日本トムソン,202503,20250512,54384,1592,1841,978,120666,75532,9533,33605,62.6,1.29,0.82,73501425
6484,KVK,202503,20250512,29648,2660,3072,2110,36276,28325,2854,-,78.1,7.63,5.97,8322178
6584,三櫻工業,202503,20250512,159538,4860,4600,737,117138,44271,3481,39140,37.8,1.66,0.65,37112000
6588,東芝テック,202503,20250512,577023,20251,18344,29937,346371,108078,39970,19633,31.2,30.53,8.76,57629140
6625,JALCOホールディングス,202503,20250512,6859,2528,622,65,77651,19003,7331,50874,24.5,0.34,0.09,117416118
6644,大崎電気工業,202503,20250512,97102,5701,5386,3504,100513,52153,7965,6926,51.9,6.89,3.57,46917180
6753,シャープ,202503,20250512,2160146,27338,17653,36095,1453730,153368,5000,517657,10.5,24.41,2.37,650414638
6768,タムラ製作所,202503,20250512,114051,5195,5061,2782,124348,63810,11829,28652,51.3,4.59,2.33,82771473
6772,東京コスモス電機,202503,20250512,10506,1040,1028,709,12014,7575,1277,1367,63.1,9.73,5.8,6825860
6862,ミナトホールディングス,202503,20250512,24540,767,582,373,17553,5909,1086,9070,33.7,6.4,2.17,7925714
6928,エノモト,202503,20250512,26880,618,669,447,32834,21890,4749,4036,66.7,2.09,1.37,6865360
6947,図研,202503,20250512,40736,5392,5936,5226,63274,39948,10117,-,63.1,13,8.22,22249804
6986,双葉電子工業,202503,20250512,48116,-1292,-206,-281,101090,77168,22558,94,76.3,-0.36,-0.27,42426739
7004,カナデビア,202503,20250512,610523,26946,24329,22103,609666,189365,45442,126528,31.1,12.56,3.87,170214843
7018,内海造船,202503,20250512,44648,1415,1177,1017,42486,10857,1200,5680,25.6,9.87,2.36,2253000
7021,ニッチツ,202503,20250512,9850,270,216,241,16137,11232,1100,1262,69.6,2.19,1.53,2130000
7022,サノヤスホールディングス,202503,20250512,25006,1065,1073,1182,27675,10130,69,7727,36.6,12.42,4.3,33977282
7167,めぶきフィナンシャルグループ,202503,20250512,360163,64036,82801,58228,21408384,965943,117495,-,4.5,5.96,0.27,947055218
7180,九州フィナンシャルグループ,202503,20250512,251292,26491,42991,30368,13277647,703743,36000,-,5.3,4.28,0.23,463375978
7186,横浜フィナンシャルグループ,202503,20250512,399103,125652,122764,82805,24793138,1287706,150078,-,5.1,6.45,0.34,1144616065
7242,カヤバ,202503,20250512,438316,22671,21989,14899,463112,225537,27648,98968,48.7,6.73,3.17,50468662
7247,ミクニ,202503,20250512,101428,3031,2845,1995,109950,37930,2215,39994,34.5,5.14,1.8,34049423
7254,ユニバンス,202503,20250512,53915,4031,4391,2948,44892,26638,3500,521,59.3,11.49,6.46,23396787
7261,マツダ,202503,20250512,5018893,186125,188996,114079,4090081,1792282,283957,686767,43.8,6.46,2.89,631803979
7269,スズキ,202503,20250512,5825161,642851,730220,416050,5993657,2970660,138370,725299,49.6,15.24,7.31,1964586400
7318,セレンディップ・ホールディングス,202503,20250512,25124,734,735,2088,32241,7991,1142,13208,24.8,29.55,7.95,19062316
7337,ひろぎんホールディングス,202503,20250512,201368,-,52176,35835,12131905,504410,60000,-,4.2,6.9,0.29,305327921
7374,コンフィデンス・インターワークス,202503,20250512,8392,1303,1311,1039,6614,5777,534,5,87.3,17.73,15.06,6713177
7417,南陽,202503,20250512,36535,2851,3114,2038,41201,25663,1181,950,62.3,8.09,4.85,13230140
7458,第一興商,202503,20250512,153020,17945,18396,18178,209316,116333,12350,53571,55.6,16.24,8.64,103968400
7460,ヤギ,202503,20250512,83376,3572,3766,2625,79196,43176,1088,13340,54.5,6.31,3.43,9140000
7461,キムラ,202503,20250512,36249,1948,2070,1184,31388,16261,793,6540,51.8,7.5,4.06,15180000
7482,シモジマ,202503,20250512,60680,2986,3303,2088,41843,35109,1405,122,83.9,5.98,4.9,23647826
7490,日新商事,202503,20250512,39034,384,556,615,40373,23322,3624,9817,57.8,2.73,1.56,7600000
7502,プラザホールディングス,202503,20250512,18644,336,388,275,11624,2220,100,6447,19.1,12.32,2.43,2439433
7524,マルシェ,202503,20250512,4581,44,32,34,3426,410,100,2013,12,8.46,0.94,10550400
7538,大水,202503,20250512,99302,680,824,1189,24840,11457,100,3000,46.1,11.06,4.8,13774819
7554,幸楽苑,202503,20250512,18843,443,413,799,12494,5968,4988,1407,47.8,20.45,7.41,20832441
7564,ワークマン,202503,20250512,136933,24394,24904,16892,162231,135302,1622,1350,83.4,12.96,10.88,81846816
7634,星医療酸器,202503,20250512,15102,1982,2052,1463,24590,18429,436,-,74.9,8.24,6.14,3420000
7701,島津製作所,202503,20250512,539047,71720,72018,53776,672177,498059,26648,1372,74.1,10.86,7.99,296070227
7715,長野計器,202503,20250512,69544,7653,7575,6054,74406,43782,4380,10210,58.8,14.49,8.25,18892484
7721,東京計器,202503,20250512,57650,4856,5001,3797,76497,40418,7218,19479,52.8,9.83,5.29,17076439
7743,シード,202503,20250512,33231,1562,1333,1092,51760,18063,3532,19087,34.9,6.17,2.16,30265922
7877,永大化工,202503,20250512,8857,290,281,185,9851,7204,1241,1123,73.1,2.61,1.9,1460000
7885,タカノ,202503,20250512,23969,451,528,520,38470,31906,2015,82,82.9,1.64,1.33,15721000
7902,ソノコム,202503,20250512,2423,201,328,210,9525,8910,925,-,93.5,2.37,2.19,5000000
7938,リーガルコーポレーション,202503,20250512,23558,397,497,700,26258,12728,5355,9093,48.5,5.58,2.59,3250000
7988,ニフコ,202503,20250512,353038,49200,52147,44767,379816,274968,7290,35484,72.4,17.26,11.78,100232614
8061,西華産業,202503,20250512,93734,6487,8299,7799,129533,46987,6728,32,36.3,17.48,6.29,36961950
8086,ニプロ,202503,20250512,644586,26598,10817,5113,1170564,252442,84397,600251,21.6,2.11,0.45,171459479
8123,川辺,202503,20250512,12769,307,417,411,12407,7087,100,2273,57.1,5.89,3.27,1861000
8157,都築電気,202503,20250512,98263,6481,6596,4764,80063,44156,9812,8710,55.2,11.27,5.91,18977894
8159,立花エレテック,202503,20250512,220112,8222,8690,7046,165416,94992,5874,10517,57.4,7.51,4.1,25025242
8226,理経,202503,20250512,18725,1114,1019,661,11084,5358,3426,3070,48.3,13,6.18,15514721
8283,PALTAC,202503,20250512,1188097,28008,31684,22864,507048,287669,15869,-,56.7,8.08,4.56,62000000
8343,秋田銀行,202503,20250512,52214,4551,9121,5662,3460341,156357,14100,-,4.5,3.45,0.16,18093643
8349,東北銀行,202503,20250512,15028,2938,1974,1069,1009613,35376,13233,-,3.5,2.86,0.11,9509963
8354,ふくおかフィナンシャルグループ,202503,20250512,455711,99587,103594,72136,32262623,929183,124799,-,2.8,7.4,0.22,191138265
8358,スルガ銀行,202503,20250512,91092,25035,26159,20177,3462268,295707,30043,-,8.5,6.83,0.57,197139248
8370,紀陽銀行,202503,20250512,98720,-,23308,17618,5926341,235124,80096,-,4,7.46,0.3,67300000
8377,ほくほくフィナンシャルグループ,202503,20250512,210180,-,51621,39072,16441220,653820,70895,-,4,5.95,0.24,121120114
8383,鳥取銀行,202503,20250512,16324,-,1901,1313,1106482,47989,9061,-,4.3,2.68,0.12,9619938
8386,百十四銀行,202503,20250512,90007,-,19910,13700,5753583,328265,37322,-,5.7,4.17,0.24,114520000
8392,大分銀行,202503,20250512,77922,-,11088,7555,4506698,208220,19598,-,4.6,3.55,0.17,78468170
8395,佐賀銀行,202503,20250512,55231,7132,11001,7496,3177787,116199,16062,-,3.6,6.29,0.24,16935909
8541,愛媛銀行,202503,20250512,66146,-,7835,5715,2962667,135456,21367,-,4.6,4.19,0.2,39426777
8542,トマト銀行,202503,20250512,25661,-,2603,1817,1364026,55860,14310,-,4,3.22,0.13,11679030
8558,東和銀行,202503,20250512,37815,-,6389,4520,2382753,90384,38653,-,3.7,4.34,0.19,35775873
8572,アコム,202503,20250512,317742,58561,58919,32124,1486409,653562,63832,687125,44,5.01,2.21,1566614098
8591,オリックス,202503,20250512,2874821,331826,480463,351630,16866251,4089782,221111,6282798,24.2,8.76,2.12,1124106624
8714,池田泉州ホールディングス,202503,20250512,93074,-,19549,13246,6431321,237185,102999,-,3.6,5.53,0.21,281008632
8802,三菱地所,202503,20250512,1579812,309232,262960,189356,7996591,2563581,142414,3336986,32.1,7.63,2.43,1217233706
8844,コスモスイニシア,202503,20250512,129528,9452,7943,5323,176849,49314,5000,100338,27.9,11.33,3.04,33911219
8850,スターツコーポレーション,202503,20250512,232978,32622,33404,24274,333647,174750,11039,69646,52.4,14.41,7.38,53998205
8869,明和地所,202503,20250512,79902,5240,3769,2897,152097,33979,3537,86811,22.3,8.79,2.1,23447684
8897,MIRARTHホールディングス,202503,20250512,196523,14364,12427,8207,372508,82955,9056,226778,22.3,11.04,2.31,140300000
9006,京浜急行電鉄,202503,20250512,293860,35642,34971,24301,1039708,371562,43738,474298,35.7,6.69,2.29,275760547
9008,京王電鉄,202503,20250512,452916,54148,53253,42857,1122589,414640,59023,446935,36.9,10.61,3.89,586018150
9039,サカイ引越センター,202503,20250512,121023,12925,13143,8765,127234,95947,4731,3489,75.4,9.46,7.07,42324000
9065,山九,202503,20250512,606791,43945,44679,30747,545189,293212,28619,81229,53.8,10.69,5.86,52901749
9068,丸全昭和運輸,202503,20250512,144572,14648,15769,9804,192088,130054,10127,26271,67.7,7.66,5.11,20618244
9069,センコーグループホールディングス,202503,20250512,854550,34946,33767,18610,718739,217054,39483,276756,30.2,9.39,2.65,175692457
9090,AZ-COM丸和ホールディングス,202503,20250512,208370,10969,11645,7284,138440,57777,9117,42471,41.7,12.9,5.34,137984520
9304,澁澤倉庫,202503,20250512,78620,4668,5583,4908,117446,64375,7847,30013,54.8,7.78,4.26,60870988
9306,東陽倉庫,202503,20250512,29186,1241,1857,1495,48587,26645,3412,14730,54.8,5.77,3.11,7864990
9312,ケイヒン,202503,20250512,50452,2898,3101,2188,51106,30256,5376,7778,59.2,7.48,4.35,6536445
9319,中央倉庫,202503,20250512,27840,2189,2433,1588,58928,45791,2734,5301,77.7,3.49,2.72,19064897
9332,NISSOホールディングス,202503,20250512,101560,3555,3563,1935,31276,16500,2016,1528,52.8,12.26,6.18,34024720
9364,上組,202503,20250512,279182,33095,36655,26935,491092,382889,31642,40486,78,7.01,5.53,106576837
9405,朝日放送グループホールディングス,202503,20250512,91923,2591,2506,2502,128538,76564,5299,15219,59.6,3.35,1.99,41833000
9466,アイドママーケティングコミュニケーション,202503,20250512,5586,359,382,473,4546,3298,513,499,72.5,15.12,10.36,13520000
9517,イーレックス,202503,20250512,171217,7137,6330,2118,153382,64145,18346,43339,41.8,3.79,1.42,78161608
9519,レノバ,202503,20250512,70246,4066,3900,2687,530051,89106,11329,323571,16.8,3.42,0.54,91252300
9535,広島ガス,202503,20250512,91595,1252,1909,1687,129593,68256,5291,43993,52.7,2.49,1.26,68737429
9735,セコム,202503,20250512,1199942,144297,175123,108109,2145576,1270348,66427,44397,59.2,8.67,5.12,466599796
9739,NSW,202503,20250512,50028,6116,6168,3662,47149,35414,5500,-,75.1,10.68,8.02,14900000
9820,エムティジェネックス,202503,20250512,3950,410,431,264,5121,4128,1072,101,80.6,6.57,5.22,1079600
9845,パーカーコーポレーション,202503,20250512,70014,4910,4462,2812,70853,45505,2201,4314,64.2,6.46,4.01,26801452
9854,愛眼,202503,20250512,14863,-128,-47,3,13854,12011,5478,-,86.7,0.02,0.02,21076154
9857,英和,202503,20250512,47136,2786,2853,1954,33123,16956,1533,166,51.2,11.94,6.01,6470000
9887,松屋フーズホールディングス,202503,20250512,154223,4406,5149,2185,104155,45615,6655,32018,43.8,4.88,2.24,20595468
9889,JBCCホールディングス,202503,20250512,69868,6155,6314,4603,44466,24182,4713,2588,54.4,20.3,11.27,71094972
9986,蔵王産業,202503,20250512,8449,911,929,616,14757,12876,2077,-,87.3,4.8,4.17,6266000
9990,サックスバーホールディングス,202503,20250512,52289,4044,4130,2545,40313,29541,2986,1000,73.3,8.87,6.39,29859900
1375,ユキグニファクトリー,202503,20250509,53139,2419,2175,1502,37868,12366,100,16857,32.7,12.61,3.96,39910700
143A,イシン,202503,20250509,1393,245,211,177,2177,1201,164,-,55.2,16.49,8.48,1932700
1721,コムシスホールディングス,202503,20250509,614631,45998,46650,30076,539730,373994,10000,3009,69.3,8.17,5.7,118000000
1813,不動テトラ,202503,20250509,69557,3177,3366,2202,64148,34220,5000,11350,53.3,6.57,3.69,16489522
1822,大豊建設,202503,20250509,143394,5533,5204,3691,149842,71473,10000,6868,47.7,5.31,2.34,90415815
1882,東亜道路工業,202503,20250509,126575,5015,5206,4127,90721,55412,7584,5900,61.1,7.5,4.5,50394730
1929,日特建設,202503,20250509,67216,3679,3764,2408,56946,34371,6076,696,60.4,7.06,4.32,41774899
1948,弘電社,202503,20250509,39264,3081,3169,2737,33375,21811,1520,500,65.4,12.98,8.32,8970000
1951,エクシオグループ,202503,20250509,670822,42465,43508,26855,642505,321043,6888,129189,50,8.47,4.35,205624838
1980,ダイダン,202503,20250509,262732,23037,23479,17443,215309,107020,4479,23602,49.7,17.38,9.28,137891406
2201,森永製菓,202503,20250509,228957,21266,22304,17710,209986,130866,18612,19000,62.3,13.52,8.17,86111638
2209,井村屋グループ,202503,20250509,51121,3005,3169,2198,36677,22122,2576,900,60.3,10.2,5.88,13086200
2269,明治ホールディングス,202503,20250509,1154074,84702,82013,50800,1184472,748289,30000,47799,63.2,6.8,4.25,282200000
2376,サイネックス,202503,20250509,16491,478,492,274,14810,8044,750,3002,54.3,3.45,1.84,6470660
2432,ディー・エヌ・エー,202503,20250509,163997,28973,31817,24193,394188,241733,10397,36149,61.3,10.73,6.63,122145545
2435,シダー,202503,20250509,17829,892,668,444,20003,1485,432,9589,7.4,34.55,2.2,11476000
2440,ぐるなび,202503,20250509,13458,262,261,211,11128,4928,100,3400,44.3,3.82,1.87,56903800
2730,エディオン,202503,20250509,768129,23394,24350,14118,434830,222519,11940,77902,51.2,6.46,3.26,112005636
2815,アリアケジャパン,202503,20250509,65400,11117,12001,8206,145734,127100,7095,-,87.2,6.66,5.81,32808683
2816,ダイショー,202503,20250509,26241,656,673,458,18705,9799,870,2760,52.4,4.74,2.61,9868800
2903,シノブフーズ,202503,20250509,57651,2332,2367,996,29684,14992,4693,5820,50.5,6.67,3.31,12500000
2922,なとり,202503,20250509,48892,1968,2025,1352,41572,26212,1975,4204,63.1,5.27,3.18,15032209
3034,クオールホールディングス,202503,20250509,263972,13465,13831,5164,159669,57124,5786,41071,35.8,9.4,3.72,38902785
3088,マツキヨココカラ＆カンパニー,202503,20250509,1061626,82082,86271,54675,712780,520755,22051,1187,73.1,10.56,7.61,410275830
3110,日東紡績,202503,20250509,109035,16445,17568,12837,223105,129734,19699,51569,58.1,10.36,5.9,37723012
3113,UNIVA・Oakホールディングス,202503,20250509,2882,-722,-986,-740,5007,1782,100,1918,35.6,-33.18,-13.39,93281713
3179,シュッピン,202503,20250509,52658,3396,3368,2020,18088,10168,541,4493,56.2,21.92,11.83,21354291
3289,東急不動産ホールディングス,202503,20250509,1150301,140763,129152,77562,3259928,822522,77562,1747845,25.2,9.86,2.47,719830974
3315,日本コークス工業,202503,20250509,99045,-8562,-10269,-13908,130630,41600,7000,65816,31.8,-28.4,-10.25,302349449
3371,ソフトクリエイトホールディングス,202503,20250509,30951,5497,5764,3547,35592,20832,854,-,58.5,17.99,10.61,27550278
3392,デリカフーズホールディングス,202503,20250509,58762,805,884,542,26640,9030,1772,10353,33.9,6.1,1.95,16372000
3407,旭化成,202503,20250509,3037312,211921,193459,134996,4015214,1859421,103389,1157458,46.3,7.35,3.52,1365751932
3422,J-MAX,202503,20250509,47102,19,-535,-3282,55724,17944,1950,23846,32.2,-17.34,-6.11,11857200
3423,エスイー,202503,20250509,25887,849,885,543,25470,11197,1228,5218,44,4.9,2.09,31256600
3433,トーカロ,202503,20250509,54231,12271,12561,8052,81676,60647,2658,3795,74.3,13.87,10.09,61200000
3571,ソトー,202503,20250509,10043,-146,31,406,19915,14826,100,685,74.4,2.79,2.1,13533757
3577,東海染工,202503,20250509,14347,419,569,311,14892,7166,4300,2095,48.1,4.44,2.11,3614252
3628,データホライゾン,202503,20250509,3853,-516,-503,-2964,6095,153,2156,4810,2.5,-,-,12711780
3763,プロシップ,202503,20250509,7564,2309,2431,1930,11380,8737,770,-,76.8,24.06,18.29,31943000
3768,リスクモンスター,202503,20250509,3728,263,289,-49,7139,5883,1188,350,82.4,-0.83,-0.7,7636922
3773,アドバンスト・メディア,202503,20250509,6665,1442,1539,1408,15970,12307,6930,1770,77.1,11.96,8.86,18392724
3798,ULSグループ,202503,20250509,13203,2623,2638,1635,13570,9793,877,-,72.2,17.97,13.3,63853000
3834,朝日ネット,202503,20250509,13078,2345,2364,1752,14787,13091,630,-,88.5,13.69,12.06,32000000
3841,ジーダット,202503,20250509,2062,256,290,213,4273,3594,762,-,84.1,5.98,4.85,3909800
3851,日本一ソフトウェア,202503,20250509,5299,-274,-75,-157,11154,7760,568,1667,69.6,-2,-1.43,5151100
3932,アカツキ,202503,20250509,23652,3915,4233,1646,54632,41112,2780,6100,75.3,4.06,3.09,14519800
3941,レンゴー,202503,20250509,993251,37408,39178,28979,1243116,463968,31066,427494,37.3,6.52,2.4,271056029
3943,大石産業,202503,20250509,23485,904,1130,944,26692,18660,466,525,69.9,5.19,3.58,9328000
4046,大阪ソーダ,202503,20250509,96434,13246,14154,10332,153935,115592,15871,7635,75.1,9.17,6.79,133660085
4109,ステラケミファ,202503,20250509,36288,4338,4161,2892,60725,44752,4829,5373,73.7,6.5,4.85,12973248
4218,ニチバン,202503,20250509,49457,2586,2681,1959,67603,43187,5451,2000,63.9,4.62,2.89,20738006
4290,プレステージ・インターナショナル,202503,20250509,63719,7961,8416,4870,71590,46029,1601,125,64.3,10.82,6.99,127176300
4366,ダイトーケミックス,202503,20250509,18644,848,819,820,24330,14855,2901,5402,61.1,5.58,3.33,33600000
4403,日油,202503,20250509,238310,45308,46572,36497,357196,278528,17742,4314,78,13.43,10.45,236524128
4538,扶桑薬品工業,202503,20250509,60563,4131,3780,-3288,81729,33043,10758,21289,40.4,-9.43,-4.17,9451169
4594,ブライトパス・バイオ,202503,20250509,1,-1160,-1147,-1151,1120,903,1199,25,80.6,-123.83,-97.96,138891300
4617,中国塗料,202503,20250509,131152,15381,16481,13721,144777,83532,11626,19786,57.7,17.81,9.9,55000000
4619,日本特殊塗料,202503,20250509,66060,4456,6709,4942,85243,57458,4753,3510,67.4,8.92,5.72,23611200
4624,イサム塗料,202503,20250509,8157,627,766,548,20887,17222,1290,-,82.5,3.22,2.63,2000000
4662,フォーカスシステムズ,202503,20250509,32555,2171,2164,1566,20893,14047,2905,1865,67.2,11.4,7.48,16292942
4667,アイサンテクノロジー,202503,20250509,6220,449,445,286,8671,6224,1922,51,71.8,4.6,3.31,5548979
4680,ラウンドワン,202503,20250509,177057,27006,27227,16032,213655,72050,25665,40695,33.7,22.53,8.03,289161942
4694,ビー・エム・エル,202503,20250509,143191,9364,9970,6263,182873,129379,6045,-,70.7,4.91,3.54,40749426
4718,早稲田アカデミー,202503,20250509,35069,3549,3600,2338,24485,15184,2014,-,62,15.88,9.84,19012452
4888,ステラファーマ,202503,20250509,961,-90,-137,-140,5417,3207,2859,766,59.2,-5.02,-3.03,35034100
4925,ハーバー研究所,202503,20250509,12061,589,608,576,12344,8927,696,1816,72.3,6.61,4.65,3935000
4951,エステー,202503,20250509,48114,1658,2084,2834,45843,32567,7065,513,71,8.62,6.26,23000000
4960,ケミプロ化成,202503,20250509,9710,402,173,128,13297,4777,2155,5184,35.9,2.71,0.95,16623613
5016,JX金属,202503,20250509,714940,112484,107476,68271,1283002,615297,75000,301259,48,10.99,5.23,928463102
5202,日本板硝子,202503,20250509,840401,11242,-8525,-13831,1032931,108065,116892,522725,10.5,-11.91,-1.36,142319262
5287,イトーヨーギョー,202503,20250509,3402,201,198,349,5859,3696,500,985,63.1,9.86,5.84,3568000
5331,ノリタケ,202503,20250509,138182,10213,14028,12939,198312,149977,15632,6089,75.6,8.71,6.46,56206996
5357,ヨータイ,202503,20250509,29305,3484,3640,2623,41379,32948,2654,170,79.6,8.01,6.25,19594000
5401,日本製鉄,202503,20250509,8695526,547960,524377,350227,10942458,5383311,569519,2507492,49.2,6.89,3.23,5373633760
5446,北越メタル,202503,20250509,28729,668,796,572,26688,17793,1969,2709,66.7,3.29,2.06,3994000
5451,ヨドコウ,202503,20250509,208460,13889,21551,13499,264256,194721,23220,840,73.7,7.03,5.09,156272250
5463,丸一鋼管,202503,20250509,261649,22918,26646,27033,425634,344258,9595,3688,80.9,7.82,6.32,252000000
5541,大平洋金属,202503,20250509,13175,-7368,-1622,-1667,71795,67389,13922,-,93.9,-2.45,-2.29,19577071
5713,住友金属鉱山,202503,20250509,1593348,-15364,31383,16487,3068622,1845737,93242,560303,60.1,0.91,0.54,290814015
5821,平河ヒューテック,202503,20250509,30802,2267,2557,2026,47106,38719,1555,2949,82.2,5.32,4.33,17627800
5831,しずおかフィナンシャルグループ,202503,20250509,341277,91365,102073,74618,15714861,1166859,90000,-,7.4,6.3,0.47,580129069
5902,ホッカンホールディングス,202503,20250509,92419,4503,5196,3262,132323,57489,11086,41592,43.4,5.75,2.45,13469387
5909,コロナ,202503,20250509,85214,1343,1704,1103,102226,76282,7449,-,74.6,1.46,1.07,29342454
5923,高田機工,202503,20250509,18455,235,360,343,31129,20481,5178,6400,65.8,1.66,1.12,6712758
5947,リンナイ,202503,20250509,460319,46005,50323,29691,606586,405846,6484,-,66.9,7.48,5.02,141126771
5958,三洋工業,202503,20250509,29516,2061,2286,1588,29895,20970,1760,665,70.1,7.72,5.22,2960000
5969,ロブテックス,202503,20250509,5708,205,222,77,8611,4841,960,2848,56.2,1.59,0.86,2000000
5984,兼房,202503,20250509,20231,747,707,984,38469,30556,2142,3195,79.4,3.34,2.69,14310000
6073,アサンテ,202503,20250509,14024,1226,1161,687,14346,9730,1161,2355,67.8,6.4,4.51,12348500
6098,リクルートホールディングス,202503,20250509,3557478,490542,527143,408504,2772252,1617583,40000,1011,58.3,22.58,13.81,1472504149
6103,オークマ,202503,20250509,206822,14651,15528,9590,298168,227500,18000,10000,76.3,4.21,3.22,67510308
6145,NITTOKU,202503,20250509,33268,1119,1225,1307,60415,36391,6884,8033,60.2,3.45,2.23,18098923
6245,ヒラノテクシード,202503,20250509,48355,1681,1894,905,61693,38240,1847,6757,62,2.36,1.45,15394379
6249,ゲームカードホールディングス,202503,20250509,37946,9016,9388,6586,67014,58600,5956,-,87.4,11.66,9.93,14681400
6257,藤商事,202503,20250509,34597,3192,3406,2568,53170,46778,3281,-,88,5.73,4.91,22895500
6258,平田機工,202503,20250509,88483,6898,6889,4778,130278,68612,2633,34166,52.7,7.15,3.66,32268270
6282,オイレス工業,202503,20250509,67604,6942,7381,6308,93361,76183,8585,1095,81.6,8.39,6.7,33300505
6315,TOWA,202503,20250509,53479,8880,9400,8121,83228,61386,8969,9490,73.8,13.56,9.49,75157367
6332,月島ホールディングス,202503,20250509,139235,8915,10254,6669,192248,93061,6646,20664,48.4,7.39,3.33,40125800
6342,太平製作所,202503,20250509,7855,907,957,576,10394,6895,750,753,66.3,8.38,5.14,1500000
6357,三精テクノロジーズ,202503,20250509,61861,4797,5293,2995,87807,44918,3251,16745,51.2,6.94,3.55,19332057
6364,AIRMAN,202503,20250509,54827,6918,6888,4812,64204,40867,3416,7914,63.7,12.29,7.98,30165418
6378,木村化工機,202503,20250509,26431,3012,3084,2309,33909,19133,1030,1505,56.4,12.62,6.74,20600000
6381,アネスト岩田,202503,20250509,54411,5903,7139,4276,69202,46854,3354,1004,67.7,9.4,6.32,41745505
6418,日本金銭機械,202503,20250509,37815,4910,4676,3810,49385,32031,2220,10620,64.9,12.56,7.85,29672651
6445,ジャノメ,202503,20250509,36340,2224,2261,1794,49629,34560,11372,1786,69.6,5.22,3.57,18108605
6479,ミネベアミツミ,202503,20250509,1522703,94482,82609,59457,1584814,743452,68259,463597,46.9,8.21,3.96,427080606
6518,三相電機,202503,20250509,16029,69,136,118,18508,11898,915,1366,64.3,1,0.62,4678500
6648,かわでん,202503,20250509,24218,2589,2664,1963,25429,17744,2124,1119,69.8,11.62,8.21,20960000
6666,リバーエレテック,202503,20250509,5698,-75,-60,-79,10789,4497,1681,4729,41.7,-1.77,-0.75,8692652
6675,サクサ,202503,20250509,43971,3243,3404,3502,45203,30764,10836,2744,68.1,11.84,8.08,18734886
6678,テクノメディカ,202503,20250509,9905,1300,1303,1004,17938,14389,1069,-,80.2,7.12,5.68,8760000
6727,ワコム,202503,20250509,115681,10209,10394,5224,70771,30859,4203,12000,43.6,15.63,6.95,135000000
6730,アクセル,202503,20250509,15244,1461,1542,978,15042,12879,1028,-,85.6,7.63,6.39,11211989
6744,能美防災,202503,20250509,133696,15677,16217,11098,166877,128835,13302,150,77.2,8.79,6.84,60832771
6752,パナソニックホールディングス,202503,20250509,8458185,426490,486289,366205,9343191,4694421,259566,1279820,50.2,7.93,3.91,2454530697
6775,TBグループ,202503,20250509,2329,-196,-186,-193,1562,604,1057,545,38.7,-27.53,-12.32,13996942
6777,santec_Holdings,202503,20250509,24026,7429,7887,5067,29527,21428,4978,2717,72.6,25.88,18.31,11961100
6806,ヒロセ電機,202503,20250509,189420,42672,46218,33033,416866,370147,9404,-,88.8,9,8.05,35693969
6836,ぷらっとホーム,202503,20250509,1167,-46,14,12,725,415,100,-,57.2,3.11,1.75,4785000
6919,ケル,202503,20250509,11871,596,585,401,18605,15224,1617,450,81.8,2.62,2.14,7743000
6927,ヘリオステクノホールディング,202503,20250509,9869,900,944,728,21169,16106,2133,50,76.1,4.51,3.46,22806900
6964,サンコー,202503,20250509,16838,546,815,569,22040,15614,3779,-,70.8,3.69,2.6,9000000
6989,北陸電気工業,202503,20250509,43185,2600,2849,2194,43195,22713,5200,8735,52.6,10.25,5.17,8450099
7011,三菱重工業,202503,20250509,5027176,383198,374531,245447,6658924,2346702,265608,1131274,35.2,10.69,3.8,3373647810
7012,川崎重工業,202503,20250509,2129321,143123,107518,88001,3016951,702916,104484,889510,23.3,13.16,3.09,839609000
7183,あんしん保証,202503,20250509,5376,58,173,89,12857,2358,680,600,18.3,3.81,0.74,17976600
7189,西日本フィナンシャルホールディングス,202503,20250509,196415,38294,45537,30982,13582451,547569,50000,-,4,5.52,0.23,146391055
7191,イントラスト,202503,20250509,10572,2329,2345,1360,11261,6956,1049,-,61.8,20.85,13.01,22373222
7213,レシップホールディングス,202503,20250509,25931,3531,3483,2255,20403,10100,1718,1533,49.5,26.56,11.18,15891500
7231,トピー工業,202503,20250509,300610,5300,6246,6387,281751,135278,20983,68171,48,4.65,2.2,24077510
7296,エフ・シー・シー,202503,20250509,256619,17329,20052,15859,246208,184222,4175,3000,74.8,8.58,6.46,52056530
7322,三十三フィナンシャルグループ,202503,20250509,74913,-,11751,8653,4510814,205972,10000,-,4.5,4.13,0.19,104670340
7327,第四北越フィナンシャルグループ,202503,20250509,194646,39850,41112,29349,10977796,478864,30000,-,4.3,6,0.27,275657868
7350,おきなわフィナンシャルグループ,202503,20250509,58756,10479,10486,7941,2979042,153472,20000,-,5.1,5.12,0.27,23016564
7380,十六フィナンシャルグループ,202503,20250509,136301,-,31238,20840,7595477,419129,36000,-,5.5,4.81,0.28,189620670
7443,横浜魚類,202503,20250509,20204,157,181,181,5408,2515,829,500,46.5,7.43,3.29,6290000
7456,松田産業,202503,20250509,468841,12676,13523,9456,168900,99743,3559,32797,59.1,9.91,5.95,26908581
7483,ドウシシャ,202503,20250509,113939,8995,9348,6409,102066,87542,4993,-,85.8,7.55,6.26,37375636
7486,サンリン,202503,20250509,30826,652,1278,821,29069,20898,1512,2954,71.9,4.05,2.89,12300000
7537,丸文,202503,20250509,210837,8958,6344,4272,144765,54523,6214,50360,37.7,8.12,2.68,28051200
7555,大田花き,202503,20250509,3857,276,330,221,8386,5201,551,387,62,4.32,2.51,5500000
7570,橋本総業ホールディングス,202503,20250509,165339,2444,3472,2890,85500,32273,542,15021,37.7,9.11,3.49,21293052
7595,アルゴグラフィックス,202503,20250509,69541,10199,10919,7447,86490,57188,1873,-,66.1,13.88,9.22,80000000
7619,田中商事,202503,20250509,41452,1220,1231,878,29472,14890,1073,4036,50.5,6.04,2.9,8832000
7702,JMS,202503,20250509,69749,872,514,89,81432,40836,7411,22867,50.1,0.22,0.11,24733466
7729,東京精密,202503,20250509,150534,29703,29939,25637,237952,174223,11573,19300,73.2,15.5,11.06,42282881
7735,SCREENホールディングス,202503,20250509,625269,135683,138265,99467,671287,420641,54044,1770,62.7,25.1,14.76,190759972
7844,マーベラス,202503,20250509,27963,1817,1800,818,32903,26144,3611,-,79.5,3.06,2.43,62216400
7863,平賀,202503,20250509,9792,365,437,311,7200,4142,434,591,57.5,7.51,4.1,4015585
7883,サンメッセ,202503,20250509,16436,135,350,332,19711,11829,1236,1580,60,2.78,1.65,17825050
7893,プロネクサス,202503,20250509,30996,208,1681,450,38660,24966,3058,350,64.6,1.78,1.17,27716688
7898,ウッドワン,202503,20250509,65157,1310,537,1777,102106,44637,7324,39929,43.7,4.02,1.74,9841969
7906,ヨネックス,202503,20250509,138276,14176,13964,10591,109551,69202,4706,9101,63.2,16.31,10.55,92870800
7937,ツツミ,202503,20250509,24835,2410,2509,1986,69637,67800,13098,-,97.4,2.95,2.86,15630000
7939,研創,202503,20250509,5868,264,257,175,5554,3266,664,1397,58.8,5.46,3.09,4022774
7940,ウェーブロックホールディングス,202503,20250509,25566,405,697,520,29186,16618,2185,5398,56.9,3.18,1.8,11120538
7979,松風,202503,20250509,38698,5392,5523,4317,49994,42597,5968,-,85.2,10.27,8.63,35788178
8043,スターゼン,202503,20250509,436112,9046,10661,12197,171916,88744,11658,41911,51.6,14.63,7.32,58567656
8059,第一実業,202503,20250509,221755,13103,13597,8841,171373,79688,5105,2220,46.5,11.56,4.84,32759200
8078,阪和興業,202503,20250509,2554514,61532,59746,45482,1165805,383056,45651,377640,32.9,12.39,3.9,211663200
8091,ニチモウ,202503,20250509,133900,3002,3601,2666,83098,30212,6354,31257,36.4,9.11,3.25,9008800
8098,稲畑産業,202503,20250509,837838,25824,26134,19833,441972,208155,9364,73632,47.1,9.71,4.56,53714127
8138,三京化成,202503,20250509,27117,464,587,629,16178,8712,1716,720,53.9,6.67,3.7,1145500
8139,ナガホリ,202503,20250509,22891,723,650,406,26243,12999,5323,10401,49.5,3.16,1.57,16773376
8160,木曽路,202503,20250509,53229,2708,2754,3166,46781,30341,12648,7478,64.9,10.92,6.83,28543889
8163,SRSホールディングス,202503,20250509,67478,2678,2539,925,45944,16495,11077,16659,35.9,5.74,2.27,41470184
8207,テンアライド,202503,20250509,11887,232,229,145,7541,2889,50,2152,38.3,5.16,1.84,40460727
8214,AOKIホールディングス,202503,20250509,192688,15646,14782,9574,232976,141842,23282,35989,60.9,6.87,4.08,86649504
8281,ゼビオホールディングス,202503,20250509,250603,7006,7618,971,203959,121325,15935,3449,59.5,0.79,0.47,47911023
8336,武蔵野銀行,202503,20250509,84084,-,18100,13146,5474957,267919,45743,-,4.8,4.85,0.24,100216368
8338,筑波銀行,202503,20250509,41126,-,4476,4103,2889878,91745,48868,-,3.1,4.34,0.14,82553721
8341,七十七銀行,202503,20250509,171553,38680,56273,39270,10422756,573945,24658,-,5.5,6.68,0.38,229967238
8346,東邦銀行,202503,20250509,70443,11450,11197,7445,6653240,197234,23519,-,2.9,3.69,0.11,252500000
8359,八十二長野銀行,202503,20250509,254193,-,63838,47982,13515316,963361,52243,-,7.1,4.62,0.34,493767424
8361,大垣共立銀行,202503,20250509,131360,14729,20792,14718,6541899,318403,46773,-,4.8,4.48,0.22,41281897
8362,福井銀行,202503,20250509,64366,9807,8701,7166,4286795,136379,17965,-,3.1,5.27,0.17,24144669
8364,清水銀行,202503,20250509,29143,1414,2300,1861,1807263,71536,10816,-,4,2.48,0.1,11641318
8365,富山銀行,202503,20250509,9675,777,1291,954,548418,28447,6730,-,5.1,3.24,0.17,5444400
8366,滋賀銀行,202503,20250509,133109,15067,18949,18720,7528217,444811,33076,-,5.9,4,0.24,240450405
8368,百五銀行,202503,20250509,124491,22779,25704,18042,7433220,435312,20000,-,5.9,3.87,0.23,254119000
8387,四国銀行,202503,20250509,53833,-,10281,6813,3375148,160030,25000,-,4.7,4.15,0.2,42400000
8388,阿波銀行,202503,20250509,78964,17339,17861,13202,4024901,334216,23452,-,8.3,3.96,0.33,40000000
8393,宮崎銀行,202503,20250509,80192,14091,13947,9784,4071776,189449,14697,-,4.6,5.16,0.24,85667000
8416,高知銀行,202503,20250509,23479,-,1224,860,1153492,50674,15444,-,4.3,1.57,0.07,10244800
8424,芙蓉総合リース,202503,20250509,678395,64760,69036,45277,3567110,475366,10532,2799398,13.3,9.98,1.3,90863430
8537,大光銀行,202503,20250509,22436,5545,3891,2495,1678812,74808,10000,-,4.4,3.28,0.15,9671400
8550,栃木銀行,202503,20250509,45087,-,-23641,-22328,3333907,151489,27408,-,4.5,-14.8,-0.67,109608000
8698,マネックスグループ,202503,20250509,73814,-5631,-4626,-5067,709641,123984,13144,43821,17.5,-3.96,-0.69,251647100
8715,アニコムホールディングス,202503,20250509,67683,-,4941,3246,72494,28215,8202,-,38.9,11.17,4.68,74939160
8742,小林洋行,202503,20250509,4680,181,255,239,20878,9767,2000,70,46.8,2.48,1.21,12554379
8801,三井不動産,202503,20250509,2625363,372732,290262,248799,9859856,3146837,341800,4416084,31.9,7.95,2.57,2755914511
8835,太平洋興発,202503,20250509,42076,857,566,382,47742,15662,4244,17309,32.8,2.43,0.83,7783448
8848,レオパレス21,202503,20250509,431831,29231,26936,17861,216625,81270,100,30000,37.5,24.61,8.47,334415678
8877,エスリード,202503,20250509,94765,14548,13748,9330,227029,73460,1983,139646,32.4,13.3,4.71,15465600
8881,日神グループホールディングス,202503,20250509,76235,3447,3069,2057,133300,68265,10111,44013,51.2,3.04,1.61,46951260
8934,サンフロンティア不動産,202503,20250509,103174,21279,20446,14163,218190,102160,11965,92458,46.8,14.7,6.96,57407314
9025,鴻池運輸,202503,20250509,344987,21385,21295,14050,289702,146776,1723,57398,50.7,10.03,4.96,56952442
9031,西日本鉄道,202503,20250509,443495,26655,28739,20810,782126,249033,26157,366160,31.8,8.71,2.76,79360186
9037,ハマキョウレックス,202503,20250509,146668,13213,14279,8931,159446,89559,6547,24340,56.2,10.3,5.68,76048000
9045,京阪ホールディングス,202503,20250509,313546,42071,40905,28266,859860,307233,51466,371199,35.7,9.33,3.36,106816403
9049,京福電気鉄道,202503,20250509,14459,2302,2325,1736,25253,12429,1000,6276,49.2,15,7.2,2000000
9057,遠州トラック,202503,20250509,48631,3239,3312,2390,40078,23204,1284,9384,57.9,10.68,6.02,7546000
9083,神姫バス,202503,20250509,52954,3474,3729,2471,67073,49463,3140,2933,73.7,5.1,3.8,12344000
9130,共栄タンカー,202503,20250509,15160,1372,1030,5111,77291,25059,2850,45543,32.4,23.01,6.92,7650000
9142,九州旅客鉄道,202503,20250509,454393,58976,59571,43657,1140509,456507,16000,423320,40,9.72,3.92,154649000
9171,栗林商船,202503,20250509,53071,2705,3302,2013,80273,29992,1215,15446,37.4,7.13,2.54,12739696
9227,マイクロ波化学,202503,20250509,1608,187,182,161,2124,1064,2871,381,50.1,16.77,8.01,15904500
9302,三井倉庫ホールディングス,202503,20250509,280742,17831,18037,10040,280374,117179,11282,81606,41.8,8.84,3.69,77991106
9303,住友倉庫,202503,20250509,193398,13275,17497,20065,439847,263759,14922,79410,60,7.73,4.58,76614215
9348,ispace,202503,20250509,4743,-9795,-11334,-11945,27189,6898,11542,16096,25.4,-143.54,-44.06,146209683
9513,電源開発,202503,20250509,1316674,138310,140095,92469,3668740,1336035,180502,1879000,36.4,7.25,2.59,183051100
9729,トーカイ,202503,20250509,149542,8205,8838,4733,113951,85189,8108,1932,74.8,5.52,4.14,33092146
9760,進学会ホールディングス,202503,20250509,6245,-434,-473,-562,23632,9320,3984,7035,39.4,-5.83,-2.4,20031000
9828,Genki_Global_Dining_Concepts,202503,20250509,67472,6792,6941,4960,34814,17060,100,2011,49,32.42,14.68,17765816
9832,オートバックスセブン,202503,20250509,249525,12126,12516,8132,228170,131808,33998,34977,57.8,6.24,3.84,82050105
9853,銀座ルノアール,202503,20250509,7799,82,128,-76,5893,3061,100,1883,51.9,-2.44,-1.25,6252004
9885,シャルレ,202503,20250509,11548,-961,-934,-1012,19260,16852,100,11,87.5,-5.75,-4.98,16086250
9908,日本電計,202503,20250509,121235,4738,4734,2973,73996,29846,1159,14866,40.3,10.39,4.25,11818507
1787,ナカボーテック,202503,20250508,14725,1457,1502,1047,12146,8730,866,-,71.9,12.3,8.92,2602500
2136,ヒップ,202503,20250508,5969,565,564,413,5904,3979,377,400,67.4,10.6,6.86,3975300
2226,湖池屋,202503,20250508,59383,4019,4017,2590,39055,19075,2269,5211,48.8,14.32,6.87,10670000
2393,日本ケアサプライ,202503,20250508,32006,2459,2485,1792,26712,17509,2897,2256,65.5,10.53,6.88,16237693
2395,新日本科学,202503,20250508,32413,2985,6450,4924,92416,40023,9679,34048,43.3,13.28,5.84,41632400
2613,J-オイルミルズ,202503,20250508,230783,8572,10031,6996,170164,105814,10000,24240,62.2,6.75,4.02,33508446
2810,ハウス食品グループ本社,202503,20250508,315418,20004,21388,12493,435074,292823,9948,14408,67.3,4.27,2.88,98498416
2897,日清食品ホールディングス,202503,20250508,776594,74369,76798,55019,848461,475529,25122,115559,56,11.36,6.63,297584500
3157,ジオリーブグループ,202503,20250508,176115,1921,2779,1601,89473,23228,850,13647,26,7.01,1.93,13767052
3232,三重交通グループホールディングス,202503,20250508,103849,8415,8514,6058,181613,62833,3000,79108,34.6,9.94,3.34,107301583
3580,小松マテーレ,202503,20250508,39526,2181,2838,2934,53026,39559,4680,-,74.6,7.58,5.7,39240999
3771,システムリサーチ,202503,20250508,25931,2997,3066,2194,17526,11811,550,1296,67.4,19.66,13.03,16720000
3837,アドソル日進,202503,20250508,15463,1710,1766,1209,9885,6900,575,-,69.8,17.21,12.04,17289930
3937,Ubicomホールディングス,202503,20250508,6340,1315,1341,858,7870,5537,922,100,70.4,16.77,11.63,12249920
4028,石原産業,202503,20250508,145196,10482,11392,8410,225097,114273,43420,67481,50.8,7.63,3.74,40383943
4062,イビデン,202503,20250508,369436,47621,47890,33704,1081684,490495,64152,342976,45.3,6.84,3.05,281721114
4414,フレクト,202503,20250508,7949,1085,1081,720,4198,2722,753,517,64.8,30.57,17.54,6197920
4471,三洋化成工業,202503,20250508,142258,8439,9670,4151,176366,135385,13051,3418,76.8,3.03,2.17,23534752
4491,コンピューターマネージメント,202503,20250508,7902,514,530,397,5136,3580,404,-,69.7,11.72,8.03,2038000
4502,武田薬品工業,202503,20250508,4581551,342586,175084,107928,14248344,6935084,1694685,4515265,48.7,1.52,0.74,1591229109
4516,日本新薬,202503,20250508,160232,35450,36135,32558,283637,247028,5174,-,87.1,13.94,11.9,70251484
4901,富士フイルムホールディングス,202503,20250508,3195828,330155,340594,260951,5249908,3348480,40363,685908,63.8,8.01,5.2,1243877184
4923,コタ,202503,20250508,9376,1831,1834,1304,14877,11207,387,-,75.3,11.72,8.79,32373036
5285,ヤマックス,202503,20250508,23469,2738,2733,1969,17939,8628,1752,1909,48.1,25.21,10.77,11580000
5355,日本坩堝,202503,20250508,9784,473,492,350,11216,5581,704,1881,49.8,6.44,3.2,7045200
5461,中部鋼鈑,202503,20250508,51047,2704,2599,1731,84565,75279,5907,-,89,2.28,1.94,28000000
5471,大同特殊鋼,202503,20250508,574945,39408,42653,28314,782974,429279,37172,170836,54.8,6.68,3.6,217243845
5603,虹技,202503,20250508,26317,1116,1132,798,33714,14359,2002,8832,42.6,5.72,2.31,3362163
6208,石川製作所,202503,20250508,16203,692,646,423,20839,5385,2000,8988,25.8,8.22,2.25,6385972
6248,横田製作所,202503,20250508,2276,455,461,319,3626,2918,130,-,80.5,11.37,9.24,1873500
6322,タクミナ,202503,20250508,11119,1603,1645,1217,14730,10298,892,388,69.9,11.98,8.21,7728540
6366,千代田化工建設,202503,20250508,456969,24421,32196,26987,461034,23706,15014,23599,5.1,188.95,6.08,260324529
6367,ダイキン工業,202503,20250508,4752335,401669,366446,264757,5133416,2801282,85032,812293,54.6,9.74,5.29,293113973
6370,栗田工業,202503,20250508,408888,31275,31821,20305,548949,336027,13450,70219,61.2,6.09,3.67,116200694
6517,デンヨー,202503,20250508,70753,7393,8002,5647,103103,77283,1954,4071,75,7.52,5.55,21859660
6622,ダイヘン,202503,20250508,226375,16174,17182,11961,290234,138372,10596,68590,47.7,8.78,4.22,24903291
6645,オムロン,202503,20250508,801753,54038,29001,16271,1361790,771885,64100,139460,56.7,2.09,1.2,206244872
6703,沖電気工業,202503,20250508,452457,18627,16808,12479,410965,145623,44000,98163,35.4,8.7,2.99,87217602
6718,アイホン,202503,20250508,63316,3814,4162,3619,77037,66763,5388,-,86.7,5.5,4.66,17640000
6737,EIZO,202503,20250508,80493,3706,4555,4148,157759,124355,4425,5591,78.8,3.27,2.57,42330820
6771,池上通信機,202503,20250508,20734,254,290,235,28841,13657,7000,9262,47.4,1.72,0.79,7285746
6798,SMK,202503,20250508,48051,-220,549,-1884,57684,29221,7996,14322,50.7,-6.14,-3.24,7200000
6943,NKKスイッチズ,202503,20250508,7564,-452,-394,-404,14974,12701,951,-,84.8,-3.11,-2.65,842520
7192,日本モーゲージサービス,202503,20250508,7565,1400,1402,982,22097,8777,1061,7344,39.7,11.65,4.53,14704000
7198,SBIアルヒ,202503,20250508,22292,2449,2427,1904,205679,42003,3471,109273,20.4,4.53,0.96,44712170
7326,SBIインシュアランスグループ,202503,20250508,118463,-,9474,1988,217714,42405,8375,-,19.5,4.83,0.93,24820530
7596,魚力,202503,20250508,36629,1493,2051,1428,22963,17514,1563,34,76.3,8.22,6.44,14620000
7606,ユナイテッドアローズ,202503,20250508,150910,7984,8539,4282,70142,37821,3030,1028,53.9,11.76,6.57,30213676
7832,バンダイナムコホールディングス,202503,20250508,1241513,180229,186470,129301,1102636,792854,10000,-,71.9,17.33,12.47,645000000
7860,エイベックス,202503,20250508,131691,-1819,-1703,1138,105960,50109,4755,3,47.3,2.16,1.05,45919300
7951,ヤマハ,202503,20250508,462080,20695,22462,13351,591278,448835,28534,5552,75.9,2.78,2.12,463000000
7955,クリナップ,202503,20250508,129987,2070,2621,1719,90485,57097,13267,6019,63.1,3.02,1.89,36442374
7991,マミヤ・オーピー,202503,20250508,33707,6399,6790,4718,40626,25063,4804,7892,61.7,20.69,11.93,10508670
8075,神鋼商事,202503,20250508,617177,13223,11763,8563,386870,91438,5650,61255,23.6,9.65,2.19,26581686
8331,千葉銀行,202503,20250508,362179,102469,107506,74259,21631292,1145190,145069,-,5.2,6.38,0.35,775521087
8334,群馬銀行,202503,20250508,220435,-,62029,43900,10557174,562937,48652,-,5.3,7.73,0.41,395888177
8876,リログループ,202503,20250508,142908,30437,52863,43317,303176,68198,2667,55235,22.5,81.1,14.6,153016200
9010,富士急行,202503,20250508,52230,8313,8125,5107,101101,35688,9126,48140,35.3,15.24,5.07,54884738
9048,名古屋鉄道,202503,20250508,690720,42076,47671,37733,1448908,461711,101158,574995,31.9,8.39,2.74,196700692
9101,日本郵船,202503,20250508,2588700,210820,490866,477707,4320269,2918876,144319,619175,67.6,17.16,11.14,408780000
9347,日本管財ホールディングス,202503,20250508,139868,8678,9094,5829,100803,66686,3000,4085,66.2,8.65,6.03,41180306
9404,日本テレビホールディングス,202503,20250508,461915,54917,65724,46000,1232117,959683,18600,3823,77.9,4.9,3.81,261220180
9434,ソフトバンク,202503,20250508,6544349,989016,880057,526133,16102195,2743630,228162,5962152,17,20.55,3.33,47971989700
9468,KADOKAWA,202503,20250508,277915,16651,17742,7392,410029,249790,65613,26689,60.9,3.36,1.97,148990296
9628,燦ホールディングス,202503,20250508,31984,4521,4363,4721,63053,37172,2568,16619,59,13.48,9.38,24200000
9744,メイテックグループホールディングス,202503,20250508,133068,18830,18911,12740,93605,48776,5000,-,52.1,26.41,13.82,78000000
1870,矢作建設工業,202503,20250507,140699,8654,8616,5643,144220,68827,6808,38600,47.7,8.34,4.18,44607457
3132,マクニカホールディングス,202503,20250507,1034180,39649,37318,25279,556438,252414,14040,74728,45.4,10.18,4.56,179072146
3317,フライングガーデン,202503,20250507,8265,558,589,352,4813,3259,50,-,67.7,11.34,7.6,2898336
4547,キッセイ薬品工業,202503,20250507,88330,5773,6974,11961,244059,209004,24356,1280,85.6,5.58,4.74,46541985
6676,バッファロー,202503,20250507,143170,8899,9030,6006,76786,45037,1000,-,58.7,11.02,6.95,24000000
6908,イリソ電子工業,202503,20250507,56332,5307,5504,2662,91370,70621,5640,9321,77.3,3.63,2.83,24460879
7299,フジオーゼックス,202503,20250507,25544,2616,2340,1546,37037,30444,3018,1914,82.2,5.15,4.2,10279750
7366,LITALICO,202503,20250507,33214,3477,3208,2402,32724,12469,528,10223,38.1,20.98,8.28,35712312
7565,萬世電機,202503,20250507,24422,1134,1177,873,20402,11730,1005,300,57.5,6.91,3.94,1636200
8118,キング,202503,20250507,8157,864,955,733,25717,22475,2346,380,87.4,3.3,2.86,24771561
2908,フジッコ,202503,20250502,57077,1131,1554,951,79429,68596,6566,-,86.4,1.38,1.19,30050759
4347,ブロードメディア,202503,20250501,15533,707,719,335,11300,4631,600,993,41,7.12,2.89,7500000
8772,アサックス,202503,20250501,7519,5214,5174,3386,118272,49054,2307,66385,41.5,7.1,2.97,32980500
7433,伯東,202503,20250430,183133,7913,7321,5131,130376,65546,8100,34816,50.3,7.81,3.83,21137213
5449,大阪製鐵,202503,20250428,116424,5328,4911,3227,203485,155998,8769,18269,76.7,2.09,1.58,42279982
4205,日本ゼオン,202503,20250425,420647,29321,33051,26199,533786,357252,24211,25960,66.9,7.28,4.92,209251256
4568,第一三共,202503,20250425,1886256,331925,355631,295756,3456119,1623416,50000,101332,47,17.86,8.55,1894350529
7897,ホクシン,202503,20250425,10224,-68,-64,20,13730,5823,2343,5015,42.4,0.34,0.14,28373005
3593,ホギメディカル,202503,20250424,39138,3810,3645,1520,97895,74324,7123,13669,75.9,1.89,1.54,22535463
6594,ニデック,202503,20250424,2607813,238116,233309,164365,3315293,1717149,87784,636046,51.8,9.81,5.08,1192568936
6923,スタンレー電気,202503,20250424,509565,49002,55454,32058,749605,485500,30514,40000,64.8,6.35,4.4,126000000
6995,東海理化電機製作所,202503,20250424,617660,35439,34479,27808,510942,316076,22856,10000,61.9,8.77,5.4,89234171
7276,小糸製作所,202503,20250424,916709,44873,49147,46240,889952,627105,14270,5728,70.5,7.12,4.98,307833172
9991,ジェコス,202503,20250424,111550,6851,6794,4543,107073,66282,4398,632,61.9,7.03,4.24,33795746
9238,バリュークリエーション,202502,20250414,3431,121,131,86,4304,581,157,689,13.5,15.78,2.17,2350680
2502,アサヒグループホールディングス,202412,20250214,2939422,269052,266990,192080,5403405,2668801,220044,1279176,49.4,7.49,3.59,1521010086
3909,ショーケース,202412,20250214,6211,-165,-243,-742,3486,796,389,1858,22.8,-88.49,-21.36,10185600
7363,ベビーカレンダー,202412,20250214,1528,50,47,17,1558,704,285,483,45.2,2.41,1.32,941700
4933,I-ne,202412,20250212,45006,4583,4621,2938,35123,16444,50,10020,46.8,19.12,10.13,17791270
6228,ジェイ・イー・ティ,202412,20250207,17880,789,662,318,25491,12469,1848,7534,48.9,2.56,1.17,13470000
1773,ワイ・ティー・エル・コーポレーション・バーハッド（外国株）,-,-,-,-,-,-,-,-,-,-,-,-,-,-
366A,ウェルネス・コミュニケーションズ,-,-,-,-,-,-,-,-,-,-,-,-,-,12463400
402A,アクセルスペースホールディングス,-,-,-,-,-,-,-,-,-,-,-,-,-,66390000
407A,UNICONホールディングス,-,-,-,-,-,-,-,-,-,-,-,-,-,9894900
409A,オリオンビール,-,-,-,-,-,-,-,-,-,-,-,-,-,42253200
416A,富士ユナイトホールディングス,-,-,-,-,-,-,-,-,-,-,-,-,-,6620259
417A,ブルーゾーンホールディングス,-,-,-,-,-,-,-,-,-,-,-,-,-,209470885
429A,テクセンドフォトマスク,-,-,-,-,-,-,-,-,-,-,-,-,-,99329195
436A,サイバーソリューションズ,-,-,-,-,-,-,-,-,-,-,-,-,-,15782050
438A,インフキュリオン,-,-,-,-,-,-,-,-,-,-,-,-,-,20727600
441A,NE,-,-,-,-,-,-,-,-,-,-,-,-,-,33054002
463A,インテリックスホールディングス,-,-,-,-,-,-,-,-,-,-,-,-,-,10182100
464A,QPSホールディングス,-,-,-,-,-,-,-,-,-,-,-,-,-,55745000
475A,ギミック,-,-,-,-,-,-,-,-,-,-,-,-,-,5235200
476A,辻・本郷ITコンサルティング,-,-,-,-,-,-,-,-,-,-,-,-,-,2037488
477A,スタートライン,-,-,-,-,-,-,-,-,-,-,-,-,-,4131000
483A,テラテクノロジー,-,-,-,-,-,-,-,-,-,-,-,-,-,1801000
4875,メディシノバ・インク（外国株）,-,-,-,-,-,-,-,-,-,-,-,-,-,49221246
500A,TOブックス,-,-,-,-,-,-,-,-,-,-,-,-,-,3486700
505A,ギークリー,-,-,-,-,-,-,-,-,-,-,-,-,-,12805000
519A,ベーシック,-,-,-,-,-,-,-,-,-,-,-,-,-,5903895
520A,ジェイファーマ,-,-,-,-,-,-,-,-,-,-,-,-,-,17983145
523A,セイワホールディングス,-,-,-,-,-,-,-,-,-,-,-,-,-,18805000
543A,ARCHION,-,-,-,-,-,-,-,-,-,-,-,-,-,2581069854
544A,GMSグループ,-,-,-,-,-,-,-,-,-,-,-,-,-,70934220
545A,トランヴィア,-,-,-,-,-,-,-,-,-,-,-,-,-,39940609
546A,MIRAINIホールディングス,-,-,-,-,-,-,-,-,-,-,-,-,-,35481762
547A,ムニノバホールディングス,-,-,-,-,-,-,-,-,-,-,-,-,-,484620134
548A,システムエグゼ,-,-,-,-,-,-,-,-,-,-,-,-,-,5234000
549A,ヒトトヒトホールディングス,-,-,-,-,-,-,-,-,-,-,-,-,-,14000000
550A,ソフトテックス,-,-,-,-,-,-,-,-,-,-,-,-,-,912200
554A,バトンズ,-,-,-,-,-,-,-,-,-,-,-,-,-,4622300
556A,犬猫生活,-,-,-,-,-,-,-,-,-,-,-,-,-,2616000
558A,SQUEEZE,-,-,-,-,-,-,-,-,-,-,-,-,-,3095800
559A,梅乃宿酒造,-,-,-,-,-,-,-,-,-,-,-,-,-,6023920
7699,オムニ・プラス・システム・リミテッド（外国株）,-,-,-,-,-,-,-,-,-,-,-,-,-,-
8301,日本銀行（優先出資証券）,-,-,-,-,-,-,-,-,-,-,-,-,-,1000000
8421,信金中央金庫（優先出資証券）,-,-,-,-,-,-,-,-,-,-,-,-,-,708222
8729,ソニーフィナンシャルグループ,-,-,-,-,-,-,-,-,-,-,-,-,-,6770358214
9257,YCPホールディングス（グローバル）リミテッド（外国株）,-,-,-,-,-,-,-,-,-,-,-,-,-,-
9399,ビート・ホールディングス・リミテッド（外国株）,-,-,-,-,-,-,-,-,-,-,-,-,-,183335567
1301,極洋,202403,20240510,261604,8806,8856,5936,160720,58975,7527,74315,36.7,11.15,3.87,12078283
130A,Veritas_In_Silico,202412,20250213,194,-212,-233,-236,2248,2209,77,-,98.3,-12.47,-12.09,6487114
1332,ニッスイ,202403,20240514,831375,29663,31963,23850,606384,249194,30685,206409,41.1,10.24,4.13,312430277
1333,マルハニチロ,202403,20240507,1030674,26534,31106,20853,671801,207129,20000,284350,30.8,10.82,3.19,50578837
135A,VRAIN_Solution,202502,20250414,2144,594,595,425,1873,1422,10,5,75.9,35.14,25.59,10110000
1375,ユキグニファクトリー,202403,20240509,47476,2811,2240,1358,38004,11454,100,18279,30.1,12.42,3.81,39910700
1376,カネコ種苗,202405,20240710,61598,1478,1570,1177,48682,24441,1491,-,50.2,4.91,2.47,11772626
1377,サカタのタネ,202405,20240712,88677,10495,11124,16162,192717,160082,13500,3636,83.1,10.86,9.15,46410750
1379,ホクト,202403,20240510,79426,3180,4715,3525,103505,54824,5500,32285,53,6.66,3.38,33359040
137A,Cocolive,202405,20240712,1027,215,203,149,792,662,222,-,83.6,32.08,25.6,2965200
1380,秋川牧園,202403,20240515,7392,11,153,98,7050,2183,714,3223,31,4.54,1.49,4179000
1381,アクシーズ,202406,20240809,25836,1570,1780,1239,24451,20723,452,35,84.8,6.12,5.26,5617500
1382,ホーブ,202406,20240808,2519,32,38,20,1123,769,421,7,68.5,2.57,1.79,762000
1383,ベルグアース,202410,20241213,7094,22,-16,39,5677,2067,724,2154,36.4,1.9,0.69,1613580
1384,ホクリヨウ,202403,20240514,18901,2245,2316,1656,17764,12318,1055,1730,69.3,14.36,9.57,8459000
138A,光フードサービス,202411,20250114,2566,217,191,100,2408,1247,411,748,51.8,12.42,4.79,992000
1401,エムビーエス,202405,20240712,4356,495,527,403,4408,3472,391,-,78.8,12.04,9.44,7732000
1407,ウエストホールディングス,202408,20241015,50390,10597,9956,6757,125897,33231,2020,75335,26.4,20.91,5.41,46027488
1414,ショーボンドホールディングス,202406,20240809,85419,19666,20436,14321,130141,103095,5000,-,79.2,14.24,11.35,54745180
1417,ミライト・ワン,202403,20240513,518384,17830,18690,12535,519960,251979,7000,106151,48.5,5.03,2.62,91325329
1418,インターライフホールディングス,202502,20250414,16940,875,875,705,9438,4214,2979,1748,44.6,17.96,8.02,17010529
1419,タマホーム,202405,20240711,247733,12586,12877,8752,89587,38296,4310,9137,42.7,23.92,8.7,29455800
141A,トライアルホールディングス,202406,20240813,720441,19161,19789,11439,283627,115684,19777,16144,40.8,12.6,4.72,122356500
1420,サンヨーホームズ,202403,20240510,45860,952,935,648,46406,14905,5945,16899,32.1,4.4,1.35,12620000
1429,日本アクア,202412,20250207,30265,2575,2604,1839,24071,10545,1903,4500,43.8,18.53,8.27,34760000
142A,ジンジブ,202403,20240514,2082,272,253,141,2179,486,259,361,22.3,55.51,7.4,2902600
1430,ファーストコーポレーション,202405,20240712,28485,1453,1422,944,23717,8465,730,5095,35.7,11.52,4.18,13363540
1431,Lib_Work,202406,20240809,15435,495,598,387,11741,4570,1321,4305,38.9,9.82,3.76,24151540
1433,ベステラ,202501,20250312,10897,373,592,409,11046,4846,843,3751,43.9,9.16,3.73,10227199
1434,JESCOホールディングス,202408,20241015,14804,1143,1213,1012,17734,6633,1045,5505,37.4,16.53,5.87,6954000
1435,robot_home,202412,20250214,13157,1043,1018,912,13233,9309,10,1320,70.3,10.19,7.22,91127000
1436,グリーンエナジー＆カンパニー,202404,20240610,9676,512,502,330,12122,5033,20,4717,41.5,6.75,2.94,4284800
1438,岐阜造園,202409,20241114,5198,447,455,340,5294,3820,412,226,72.2,9.26,6.81,3242600
143A,イシン,202403,20240510,1280,200,188,126,1999,946,127,-,47.3,16.59,6.98,1916700
1443,技研ホールディングス,202403,20240520,5169,529,640,444,17228,11064,1120,3814,64.2,4.31,2.69,16237977
1444,ニッソウ,202407,20240913,4678,56,63,25,2767,1501,349,773,54.2,1.68,0.95,1088700
1446,キャンディル,202409,20241114,13224,359,350,137,6134,2799,561,1499,45.6,4.98,2.22,10734200
1447,SAAFホールディングス,202403,20240515,29270,713,767,183,18051,2896,1909,9602,16,6.63,1.05,24446958
1450,TANAKEN,202403,20240510,10676,1608,1640,1090,9119,6990,297,-,76.7,16.51,12.72,8699600
145A,L_is_B,202412,20250214,1594,47,18,13,2708,1709,629,758,63.1,0.76,0.48,5124800
146A,コロンビア・ワークス,202412,20250213,20981,3892,3519,2238,52186,12101,1576,37648,23.2,23.26,5.32,3471400
147A,ソラコム,202403,20240510,7928,727,638,485,10917,8245,2004,-,75.5,8.04,5.85,45153515
148A,ハッチ・ワーク,202412,20250212,2367,183,155,130,2430,777,56,521,32,25.29,6.09,1912200
1491,中外鉱業,202403,20240514,113758,363,251,218,12135,7107,100,2054,58.6,3.05,1.9,289747982
149A,シンカ,202412,20250214,1232,78,48,16,1228,978,383,90,79.6,2.34,1.81,3184720
150A,JSH,202403,20240515,3482,208,194,145,2539,1834,1163,76,72.2,9.16,6.4,5624100
1514,住石ホールディングス,202403,20240515,22599,8009,8106,7530,31137,26989,2501,43,86.7,31.81,26.29,67222853
1515,日鉄鉱業,202403,20240513,166884,11177,12056,6602,229577,140754,4176,19590,61.3,4.83,3.02,16704638
1518,三井松島ホールディングス,202403,20240513,77472,25170,26004,15117,99740,63449,8571,7554,63.6,25.36,15.52,13064400
151A,ダイブ,202406,20240809,12363,542,546,320,4314,1895,315,358,43.9,22.39,8.58,8473875
153A,カウリス,202412,20250214,1225,412,388,276,2024,1315,348,250,65,31.26,17.24,6390300
155A,情報戦略テクノロジー,202412,20250213,5847,413,396,273,2815,1752,432,323,62.2,22.15,11.74,10368500
156A,マテリアルグループ,202408,20241011,5281,810,763,709,3260,2024,117,274,62.1,41.04,24.05,9877197
157A,グリーンモンスター,202406,20240814,1957,231,231,156,1850,1472,31,60,79.6,14.78,10.7,3191200
1605,INPEX,202412,20250213,2265837,1271789,1298811,427344,7380863,4821806,290809,1063911,65.3,9.46,6.05,1259136067
160A,アズパートナーズ,202403,20240514,17150,805,865,563,15952,2380,122,5655,14.9,26.53,3.67,3576000
165A,SBIレオスひふみ,-,-,-,-,-,-,-,-,-,-,-,-,-,103416800
1662,石油資源開発,202403,20240514,325863,55247,68808,53661,660928,503903,14288,250,76.2,11.55,8.73,257000380
1663,K＆Oエナジーグループ,202412,20250214,92421,8820,9830,6167,119447,96292,8000,913,80.6,6.61,5.34,28336061
166A,タスキホールディングス,202409,20241112,47455,4065,3560,2217,59415,21301,3024,33219,35.9,10.41,3.73,53836723
167A,リョーサン菱洋ホールディングス,-,-,-,-,-,-,-,-,-,-,-,-,-,54000000
168A,イタミアート,202501,20250314,3605,271,244,165,3645,1204,459,2039,33,20.31,5.35,1470000
1711,SDSホールディングス,202403,20240515,4135,25,-51,-105,3790,667,2119,2596,17.6,-17.68,-2.55,10232773
1712,ダイセキ環境ソリューション,202502,20250408,19944,2253,2256,1234,29031,17502,2287,6387,60.3,7.28,4.38,16827120
1716,第一カッター興業,202406,20240814,20918,2455,2829,1973,21858,18164,470,225,83.1,11.34,9.09,12000000
1717,明豊ファシリティワークス,202403,20240514,5266,1068,1070,790,7323,5066,543,-,69.2,16.33,11.33,12775900
1718,美樹工業,202412,20250214,27292,1134,1155,658,32571,15740,764,7107,48.3,4.24,2.1,1153263
1719,安藤・間,202403,20240514,394128,18591,18545,13878,334145,153570,17006,23632,46,9.44,4.26,181021197
1720,東急建設,202403,20240509,285681,8155,9736,7266,264525,99966,16354,54728,37.8,7.44,2.83,106761205
1721,コムシスホールディングス,202403,20240510,571186,39221,40396,27453,514647,361945,10000,4054,70.3,7.81,5.4,133000000
1723,日本電技,202403,20240507,38894,6248,6324,4672,46021,34460,470,-,74.9,14.26,10.46,16395000
1724,シンクレイヤ,202412,20250214,11711,653,741,547,11352,6146,835,2616,54.1,9.25,4.96,4943780
1726,ビーアールホールディングス,202403,20240510,40259,2062,2036,1353,42351,14361,3114,17065,33.9,9.63,3.27,45795000
1736,オーテック,202403,20240513,29374,2026,2173,1386,31797,19784,599,1508,62.2,7.33,4.61,17100000
173A,ハンモック,202403,20240515,4282,670,778,648,5570,2160,36,-,38.8,35.36,12.76,4360000
1743,コーアツ工業,202409,20241111,12061,530,552,593,14980,8954,1319,-,59.8,6.83,4.41,2280000
1757,創建エース,202403,20240515,1580,-1491,-1514,-1509,1265,206,10966,853,16.3,-237.26,-109.15,297651756
1758,太洋基礎工業,202501,20250314,13482,170,244,229,11530,8842,456,111,76.7,2.61,1.98,2458800
175A,Will_Smart,202412,20250214,512,-227,-223,-223,656,410,630,155,62.5,-,-,1469700
1762,高松コンストラクショングループ,202403,20240515,312680,11651,11310,9165,245149,134026,5000,21000,54.7,7,3.83,34818578
1764,工藤建設,202406,20240809,20510,427,397,175,15517,4825,867,3251,31.1,3.67,1.16,1331220
1766,東建コーポレーション,202404,20240613,340835,13037,13410,8943,210001,121611,4800,-,57.9,7.55,4.38,13472000
1768,ソネック,202403,20240508,16179,249,317,144,11617,8709,723,-,75,1.66,1.24,7500000
176A,レジル,202406,20240814,38709,2793,2769,1986,17519,8302,358,3794,47.4,27.39,12.23,18932050
1770,藤田エンジニアリング,202403,20240510,32273,2182,2346,1591,33218,17778,1029,855,53.5,9.3,5.1,10200000
1773,ワイ・ティー・エル・コーポレーション・バーハッド（外国株）,-,-,-,-,-,-,-,-,-,-,-,-,-,-
1776,三井住建道路,202403,20240510,30913,994,1027,587,27694,13653,1329,-,49.3,4.35,2.1,9277500
177A,コージンバイオ,202403,20240515,4770,596,635,384,6589,3342,426,2175,50.7,12.08,6.04,5111600
1780,ヤマウラ,202403,20240515,37546,4327,4150,2976,31981,20477,2888,-,64,15.78,10.29,21103514
1783,fantasista,202409,20241114,8806,701,664,290,14215,6614,6633,5148,46.5,4.48,2.67,170042851
1786,オリエンタル白石,202403,20240513,67382,6533,6580,4632,72923,49962,5000,3511,68.5,10.12,6.63,138809400
1787,ナカボーテック,202403,20240508,13780,1176,1204,834,11328,8297,866,-,73.2,10.23,7.33,2602500
1788,三東工業社,202406,20240809,7400,199,208,132,4516,3172,849,-,70.2,4.23,2.81,686000
1793,大本組,202403,20240514,83060,1686,1927,1021,99374,67260,5296,8100,67.7,1.54,1.01,26794280
1795,マサル,202409,20241114,8947,407,421,277,8394,4940,885,1127,58.9,5.71,3.48,901151
1798,守谷商会,202403,20240513,43344,2223,2273,1606,30588,14447,1712,800,47.2,11.76,5.1,2260000
1799,第一建設工業,202403,20240509,53993,3772,4096,2791,80943,69339,3302,-,85.7,4.11,3.57,20858491
1801,大成建設,202403,20240513,1765023,26480,38910,40272,2583641,929334,122742,376264,36,4.58,1.75,183166472
1802,大林組,202403,20240513,2325162,79381,91515,75059,3017047,1151630,57752,323883,38.2,6.99,2.67,721509646
1803,清水建設,202403,20240513,2005518,-24685,-19834,17163,2538769,888539,74365,603187,35,1.97,0.69,716689413
1807,佐藤渡辺,202403,20240510,38400,1650,1764,1202,35132,21060,1751,40,59.9,5.96,3.57,6391400
1808,長谷工コーポレーション,202403,20240510,1094421,85747,83334,56038,1351231,511246,57500,415000,37.8,11.61,4.4,300794397
1810,松井建設,202403,20240514,96969,264,767,1161,77564,47619,4000,5000,61.4,2.53,1.56,30580000
1811,錢高組,202403,20240514,120977,3321,4986,2737,203611,92929,3695,33450,45.6,3.18,1.52,7353140
1812,鹿島建設,202403,20240514,2665175,136226,150112,115033,3135149,1210139,81447,612658,38.6,10.17,3.9,528656011
1813,不動テトラ,202403,20240510,67947,2656,2947,2009,55247,32822,5000,4559,59.4,6.25,3.61,16489522
1814,大末建設,202403,20240508,77815,1590,1602,1235,59107,22551,4324,4673,38.2,5.6,2.36,10614225
1815,鉄建建設,202403,20240514,183586,958,2278,4260,211271,71829,18293,34254,34,6.22,2.16,14973956
1820,西松建設,202403,20240513,401633,18827,19578,12388,579624,168819,23513,186150,29.1,7.8,2.27,41791502
1821,三井住友建設,202403,20240510,479488,8500,6291,4006,411601,69788,12003,80216,17,6.01,0.97,162673321
1822,大豊建設,202403,20240513,163222,466,1259,-2072,165081,67535,10000,12973,40.9,-2.97,-1.24,90415815
1826,佐田建設,202403,20240510,26083,200,210,75,26297,15245,1886,1290,58,0.49,0.28,15521233
1827,ナカノフドー建設,202403,20240514,107415,3185,3835,2645,80616,40657,5061,822,50.4,6.85,3.3,34498097
1828,田辺工業,202403,20240513,51842,2677,2726,1895,46239,22626,885,4975,48.9,8.69,4.52,10728000
1833,奥村組,202403,20240513,288146,13708,14878,12493,384750,188691,19838,44142,49,6.93,3.43,38665226
1835,東鉄工業,202403,20240515,141845,11751,12106,8296,168117,110430,2810,10000,65.7,7.8,5.22,36100000
1840,土屋ホールディングス,202410,20241213,33278,152,186,758,27190,12926,7114,3900,47.5,6,2.91,25775118
1841,サンユー建設,202403,20240517,11546,524,565,371,14726,11242,310,322,76.3,3.31,2.53,4000000
1844,大盛工業,202407,20240913,5981,621,595,414,11931,5539,3101,3999,46.4,7.81,3.55,18672849
1847,イチケン,202403,20240517,96373,4100,4020,2938,63920,30058,4329,5618,47,10.21,4.91,7284400
1848,富士ピー・エス,202403,20240515,28566,564,550,415,33669,10407,2379,9021,30.9,4.08,1.33,18602244
184A,学びエイド,202404,20240614,628,146,142,118,452,289,120,61,63.9,51.3,28.75,2264900
1850,南海辰村建設,202503,20250428,52945,2381,2388,1714,42867,17290,2000,5980,40.3,10.37,4.68,28835730
1852,淺沼組,202403,20240514,152676,4057,4306,4670,101251,47622,9614,14984,47,10.19,4.81,80786290
1853,森組,202403,20240514,27582,1072,1033,685,27393,14361,1640,800,52.4,4.82,2.68,32800000
1860,戸田建設,202403,20240515,522434,17908,25483,16101,872060,348520,23001,226570,40,4.84,1.91,322656796
1861,熊谷組,202403,20240514,443193,12649,13040,8316,467232,180014,30108,52379,38.5,4.75,1.97,43285560
1866,北野建設,202403,20240514,84964,4804,5073,3902,77829,43135,9116,-,55.4,9.58,5.11,6336853
1867,植木組,202403,20240510,55910,2595,2654,1877,50044,27238,5315,2424,54.4,7.18,3.87,6873528
186A,アストロスケールホールディングス,202404,20240613,2852,-11555,-9219,-9181,24990,5401,100,9862,21.6,-90.49,-33.13,117247200
1870,矢作建設工業,202403,20240509,119824,9514,9588,6462,126000,66530,6808,22400,52.8,10.18,5.05,44607457
1871,ピーエス・コンストラクション,202403,20240513,129294,7827,7743,5054,122118,52170,4218,20238,42.7,10.1,4.24,47486029
1873,日本ハウスホールディングス,202404,20240614,12890,-1274,-1455,-1244,43222,20897,3873,10792,48.3,-,-,40000000
1878,大東建託,202503,20250502,1842357,118875,129455,93858,1222783,466391,29060,123622,38.1,21.6,8.15,68918979
1879,新日本建設,202403,20240513,133517,17577,17671,12286,168154,113095,3665,-,67.3,11.4,7.58,61360720
1882,東亜道路工業,202403,20240510,118060,5473,5707,3793,92895,54647,7584,1500,58.8,7.16,4.21,50394730
1884,日本道路,202403,20240513,160519,7833,7994,5053,149926,100052,12290,9700,66.7,5.13,3.35,43946340
1885,東亜建設工業,202403,20240513,283852,17231,16630,10517,272936,95635,18976,47702,35,11.42,4.21,87978516
1887,日本国土開発,202405,20240716,135701,-9404,-9343,-7191,145677,68443,5012,28413,47,-9.83,-4.67,89255000
1888,若築建設,202403,20240514,94917,6976,7699,5092,90775,45931,11374,4347,50.6,11.67,5.69,12964993
1890,東洋建設,202403,20240510,186781,10887,10057,7016,164160,78142,14049,8149,47.6,9.36,4.41,94371183
1893,五洋建設,202403,20240510,617708,29152,27221,17875,566028,173009,30449,110316,30.6,10.84,3.33,286013910
1897,金下建設,202412,20250207,9743,273,479,321,21844,18462,1000,-,84.5,1.77,1.46,3806660
1898,世紀東急工業,202403,20240508,88037,4091,4078,2740,76042,40533,2000,6806,53.3,6.83,3.54,37424507
1899,福田組,202412,20250214,166589,7665,7957,5309,142814,84661,5158,1203,59.3,6.46,3.8,8988111
189A,D＆Mカンパニー,202405,20240712,1189,281,274,177,8792,1271,153,7231,14.5,14.92,2.1,2268000
1904,大成温調,202403,20240514,61056,3014,3085,1962,45770,25709,5195,-,56.2,7.7,4.51,6882487
1905,テノックス,202403,20240510,20207,520,557,388,19066,12303,1710,9,64.5,3.18,2.05,7347680
1909,日本ドライケミカル,202403,20240513,55878,4775,5180,3287,54029,22250,700,8292,41.2,15.91,6.45,7181812
190A,Chordia_Therapeutics,202408,20241011,-,-1801,-1824,-1827,4632,4159,845,-,89.8,-42.32,-38.3,68988800
1911,住友林業,202412,20250213,2053650,194588,197955,116528,2261128,920347,55101,587718,40.7,13.92,5.72,206070868
1914,日本基礎技術,202403,20240514,23575,1012,1401,932,32839,21940,5907,3100,66.8,4.38,2.96,29346400
1921,巴コーポレーション,202403,20240514,33342,3178,3817,2782,76310,51395,3000,11224,67.4,5.96,4.19,40763046
1925,大和ハウス工業,202403,20240510,5202919,440210,427548,298752,6533721,2437862,161957,2087837,37.3,12.65,4.71,659478962
1926,ライト工業,202403,20240510,117324,11245,11609,8181,124447,90189,6119,1500,72.5,9.37,6.61,45467550
1928,積水ハウス,202501,20250306,4058583,331366,301627,217705,4808848,1962201,203094,1847083,40.8,11.71,5.33,662996866
1929,日特建設,202403,20240509,71880,4356,4397,3066,54425,33858,6064,-,62.2,9.33,5.72,41753765
192A,インテグループ,202405,20240628,2197,983,983,672,2121,1362,100,-,64.2,65.5,41.78,2116100
1930,北陸電気工事,202503,20250428,57406,4351,4611,3187,60707,43893,3328,131,72.3,7.43,5.16,29963991
1934,ユアテック,202503,20250428,257204,16185,17302,11982,233554,147650,7803,8236,63.2,8.26,5.15,69191462
1938,日本リーテック,202403,20240514,58542,3432,3910,2770,87315,59775,1430,500,68.5,4.75,3.26,25617717
1939,四電工,202503,20250430,105877,8073,8536,5173,99630,64813,3451,8462,65.1,8.18,5.1,48766410
1941,中電工,202503,20250428,221885,21698,23434,19895,293900,226524,3481,-,77.1,9.09,6.93,58138117
1942,関電工,202503,20250428,671888,58326,59498,42380,603220,367862,10264,20965,61,12.08,7.24,205288338
1944,きんでん,202503,20250425,705058,60979,64546,47250,821693,599044,26411,14936,72.9,8.06,5.77,199954180
1945,東京エネシス,202403,20240508,88467,3959,5212,2960,107471,68548,2881,6944,63.8,4.39,2.74,34973752
1946,トーエネック,202503,20250428,270966,16041,15360,10765,310561,136630,7680,44944,44,8.04,3.5,96649950
1948,弘電社,202403,20240509,34868,1156,1292,899,32424,20355,1520,560,62.8,4.61,2.81,8970000
1949,住友電設,202403,20240509,185524,12548,13502,10060,181664,105834,6440,2376,58.3,10.02,5.84,35635879
194A,WOLVES_HAND,202406,20240809,4990,827,800,558,5784,2113,107,2980,36.5,30.73,9.93,7974000
1950,日本電設工業,202503,20250430,216922,17934,19400,13192,296388,195716,8494,4100,66,6.92,4.56,61537219
1951,エクシオグループ,202403,20240510,614095,34121,36922,20058,591637,313064,6888,102385,52.9,6.51,3.43,208624838
1952,新日本空調,202403,20240510,127978,9235,9725,7168,117351,65526,5158,9899,55.8,11.6,6.33,48564450
1959,九電工,202503,20250428,473954,41388,44434,28883,488472,310104,12561,18699,63.5,9.65,5.82,70864961
195A,ライスカレー,-,-,-,-,-,-,-,-,-,-,-,-,-,2968690
1960,サンテック,202403,20240527,50731,-1276,-800,-771,48800,28778,1190,1541,59,-2.62,-1.63,16000000
1961,三機工業,202403,20240510,221920,11586,12750,8951,202161,104431,8105,8760,51.7,9.17,4.78,54661156
1963,日揮ホールディングス,202403,20240514,832595,-18995,358,-7830,792296,386155,23798,39275,48.7,-2,-1.04,259618792
1964,中外炉工業,202503,20250428,36247,2735,3003,2998,48736,28329,6176,5507,58.1,10.73,6.14,7800000
1965,テクノ菱和,202403,20240514,73688,5792,6374,4506,76228,49185,2746,125,64.5,9.74,6.45,21228604
1966,高田工業所,202403,20240513,52257,2400,2385,1668,37630,16566,3642,6138,44,10.31,4.31,7334350
1967,ヤマト,202403,20240507,48296,1807,2331,1479,52888,37276,5000,1181,70.5,4.13,2.94,26927652
1968,太平電業,202403,20240510,129363,10049,11512,8395,153023,99214,4000,14579,64.8,8.96,5.6,21541980
1969,高砂熱学工業,202403,20240514,363366,24192,26150,19612,340106,164356,13134,39133,48.3,12.78,6,70239402
196A,MFS,202406,20240814,1889,-110,-144,-121,2421,2060,596,108,85.1,-7.45,-5.54,9089200
1972,三晃金属工業,202503,20250425,45362,4112,4139,2941,41429,27103,1980,-,65.4,11.3,7.21,3960000
1975,朝日工業社,202403,20240515,91676,4568,4896,3712,84012,38756,3857,3300,46.1,10.01,4.56,27200000
1976,明星工業,202403,20240510,60377,8061,8548,6243,84432,63388,6889,800,75.1,10.2,7.71,55117218
1979,大氣社,202403,20240515,293556,18270,19852,15602,266494,144030,6455,3890,54,11.56,6.2,67164018
197A,タウンズ,202406,20240813,18434,8030,7840,5774,29261,13659,200,9539,46.7,52.16,24.26,102391025
1980,ダイダン,202403,20240509,197431,10877,11918,9087,160553,93755,4479,3157,58.4,10.33,5.88,45963802
1981,協和日成,202403,20240513,35889,1247,1461,1062,28645,18797,590,-,65.6,5.83,3.86,11166300
1982,日比谷総合設備,202403,20240514,83762,5737,6446,4800,98226,68772,5753,-,70,7.25,4.98,23756321
198A,PostPrime,202405,20240712,945,351,383,263,1279,865,1,-,67.6,35.86,23.94,10101100
1992,神田通信機,202403,20240513,7152,721,804,545,9463,5769,1310,200,61,9.86,6.03,2623227
1994,高橋カーテンウォール工業,202412,20250212,9383,593,671,372,13876,10772,100,1329,77.6,3.46,2.8,9553011
1997,暁飯島工業,202408,20241011,8825,751,783,559,10310,6810,1408,620,66.1,8.5,5.63,2200000
2001,ニップン,202403,20240514,400514,20340,23280,26367,386692,224116,12240,61228,58,12.77,7.21,78824009
2002,日清製粉グループ本社,202403,20240515,858248,47791,49992,31743,826702,500303,17117,47115,60.5,6.87,4.12,290657891
2003,日東富士製粉,202403,20240507,72598,5237,5816,4238,64240,49619,2500,400,77.2,8.91,6.77,9384728
2004,昭和産業,202403,20240513,346358,13146,16558,12358,262238,129611,14293,53351,49.4,10.19,4.85,32995420
2009,鳥越製粉,202412,20250212,26168,1063,1401,950,45396,35906,2805,3285,79.1,2.7,2.17,26036374
202A,豆蔵デジタルホールディングス,-,-,-,-,-,-,-,-,-,-,-,-,-,16050000
2053,中部飼料,202403,20240507,234227,3932,4464,3327,103824,65569,4736,7620,63.2,5.25,3.3,30371908
2055,日和産業,202403,20240513,52887,905,915,541,32633,18164,2011,3969,55.7,3.04,1.74,20830825
205A,ロゴスホールディングス,202405,20240712,31714,1391,1358,890,13390,3092,39,4824,23.1,28.33,6.34,3913348
2060,フィード・ワン,202403,20240510,313875,7748,7737,5084,131038,50280,10000,31758,38.4,10.7,3.93,38477128
206A,PRISM_BioLab,202409,20241114,305,-782,-831,-1049,4528,3502,1714,-,77.3,-45.12,-36.56,36671600
208A,構造計画研究所ホールディングス,-,-,-,-,-,-,-,-,-,-,-,-,-,11000000
2107,東洋精糖,202403,20240509,17407,1018,1970,1513,13696,11152,2904,-,81.4,14.31,11.84,5456000
2108,日本甜菜製糖,202403,20240514,69297,910,1802,1811,103022,72535,8279,10949,70.4,2.57,1.76,15325642
2109,DM三井製糖,202403,20240515,170774,4251,9778,8445,191428,112165,7083,43700,58.6,7.7,4.36,32639780
2112,塩水港精糖,202403,20240510,31550,1495,2127,1475,27507,13711,1750,10173,49.8,11.92,5.53,35000000
2114,フジ日本,202503,20250430,28209,3232,3651,2845,33761,23828,1524,4818,70.6,11.94,8.6,25718700
2117,ウェルネオシュガー,202403,20240514,92192,5802,7627,5524,95918,71107,7000,8000,74.1,7.93,5.83,32800095
211A,カドス・コーポレーション,202407,20240912,6475,637,601,405,8403,4100,119,2091,48.8,11.34,5.04,1012500
2120,LIFULL,202409,20241113,34466,-6443,-7076,-8463,41191,24105,9716,3825,58.5,-29.87,-18.34,134380704
2121,MIXI,202403,20240510,146868,19177,15669,7082,207342,173412,9698,7431,83.6,4,3.3,73730850
2122,インタースペース,202409,20241112,7909,555,490,59,11232,5641,984,-,50.2,1.03,0.53,6967200
2124,ジェイエイシーリクルートメント,202412,20250212,39156,9090,9122,5611,26013,18095,672,-,69.6,31.78,22.66,165557200
2127,日本M＆Aセンターホールディングス,202503,20250430,44077,16715,16918,10955,61786,47174,4045,5400,76.4,24.06,18.19,336934800
212A,フィットイージー,202410,20241213,6673,1631,1600,1082,5866,2975,509,655,50.7,53.45,21.7,15890250
2130,メンバーズ,202403,20240510,20467,41,136,126,11527,5934,1057,-,51.5,2.05,1.1,13421700
2134,北浜キャピタルパートナーズ,202403,20240515,234,-330,-412,-489,1216,163,4421,557,13.4,-120.15,-38.5,298626993
2136,ヒップ,202403,20240508,5660,554,550,388,6144,3810,377,600,62,10.42,6.51,3975300
2138,クルーズ,202403,20240514,14270,161,1226,1008,27084,10646,460,11658,39.3,9.87,3.84,12957600
2139,中広,202403,20240510,10237,304,307,192,5185,1941,404,1148,37.4,10.2,3.93,7044000
2146,UTグループ,202403,20240514,167030,9344,9397,6361,68456,27366,1190,12267,40,25.38,9.08,39860383
2148,アイティメディア,202503,20250501,8100,2028,2087,1496,10998,9379,1891,-,85.3,15.6,13.37,21061000
2150,ケアネット,202412,20250212,11182,2361,2367,1139,14113,11143,2405,130,79,10.18,8.05,46872000
2152,幼児活動研究会,202403,20240513,6951,1336,1387,965,12754,9601,513,-,75.3,10.52,7.77,11784000
2153,E・Jホールディングス,202405,20240712,37207,4348,4597,3032,41423,32584,2803,128,78.7,9.7,7.52,16078920
2154,オープンアップグループ,202406,20240809,173225,14293,14555,11768,116566,73199,4795,1636,62.8,17.04,10.79,91811787
2156,セーラー広告,202403,20240724,2050,37,62,-74,4086,1930,294,471,47.2,-3.89,-1.78,6078000
2157,コシダカホールディングス,202408,20241010,63263,10164,10934,6735,61714,30346,2070,11436,49.2,24.17,11.35,83781480
2158,FRONTEO,202403,20240515,7375,-185,-168,-2843,7522,2612,3048,2844,34.7,-76.12,-34.12,39356862
215A,タイミー,202410,20241212,26880,4247,3924,2797,26575,9078,149,11408,34.2,36.66,12.61,99366000
2160,ジーエヌアイグループ,202412,20250214,23611,1402,238,1098,71942,36446,13276,6175,50.7,3.13,1.63,50226943
2162,nmsホールディングス,202403,20240515,72874,1888,1570,737,35976,3334,500,20162,9.3,25.24,1.97,21611000
2163,アルトナー,202501,20250314,11125,1810,1821,1260,6687,4708,238,-,70.4,28.07,19.69,10627920
2164,地域新聞社,202408,20241011,2977,34,16,3,1246,302,360,365,24.2,1.32,0.25,3740414
2168,パソナグループ,202405,20240712,356733,6794,7152,95891,301090,148488,5000,41320,49.3,94.71,33.26,40190300
2169,CDS,202412,20250213,10492,1506,1505,1056,11386,8898,940,600,78.1,12.29,9.53,6924400
2170,リンクアンドモチベーション,202412,20250213,37458,5485,5420,3691,33178,11285,1380,8554,34,34.41,11.53,109000000
2173,博展,202412,20250214,18845,1393,1381,999,7901,3355,239,1720,42.5,33.32,12.83,16248520
2175,エス・エム・エス,202503,20250428,60952,6335,8357,6054,76540,47090,2551,7751,61.5,13.29,8.13,87561600
2179,成学社,202403,20240515,13102,702,711,433,8863,3474,235,2312,39.2,13.07,4.98,5876000
2180,サニーサイドアップグループ,202406,20240813,17908,1465,1501,795,8472,3972,550,956,46.9,21.1,9.32,15197600
2181,パーソルホールディングス,202403,20240513,1327123,52065,48926,29971,518730,192349,17479,34144,37.1,15.86,6.24,2278437810
2183,リニカル,202403,20240515,12307,725,790,338,18539,8235,214,2592,44.4,4.27,1.88,24740000
2185,シイエム・シイ,202409,20241111,19523,2975,3182,2078,26408,20630,657,297,78.1,10.5,8.12,14364000
2186,ソーバル,202502,20250411,8682,612,645,432,5681,4322,214,-,76.1,10.2,8.02,8167498
218A,Liberaware,202407,20240913,815,-440,-434,-437,1517,860,462,369,56.7,-61.42,-33.73,18878600
2193,クックパッド,202412,20250207,5876,673,1109,1332,15017,13619,50,-,90.7,9.74,9,107429400
2195,アミタホールディングス,202412,20250213,4931,473,557,423,6594,2668,483,1987,40.5,17.17,6.63,17556360
2196,エスクリ,202403,20240514,26639,929,837,619,23199,6241,50,8966,26.9,10.22,2.68,13786500
2198,アイ・ケイ・ケイホールディングス,202410,20241212,23263,2490,2525,1702,20698,10572,351,3596,51.1,16.53,8.36,29956800
219A,Heartseed,202410,20241212,873,-1038,-818,-812,7067,6611,1133,-,93.5,-13.68,-12.7,22513400
2201,森永製菓,202403,20240510,213368,20273,21039,15154,223644,131203,18612,19000,58.7,11.85,7.07,88011638
2204,中村屋,202403,20240515,37770,830,995,405,43517,26605,7469,2500,61.1,1.55,0.94,5976205
2206,江崎グリコ,202412,20250213,331129,11065,13348,8113,377771,272005,7773,165,72,3.04,2.1,68468569
2207,名糖産業,202403,20240513,24392,232,1430,-703,81726,51068,1323,12914,62.5,-1.47,-0.92,17289308
2208,ブルボン,202503,20250425,113475,7470,7585,5566,95839,61492,1036,3165,64.2,9.44,5.86,27700000
2209,井村屋グループ,202403,20240509,48222,2537,2904,1930,38090,20985,2576,3700,55.1,9.74,5.35,13086200
220A,Faber_Company,202409,20241113,2317,334,310,219,2567,2106,100,-,82,11.84,9.43,3000000
2211,不二家,202412,20250212,109984,2298,3130,1672,90466,57914,18280,3960,64,2.94,1.93,25784659
2212,山崎製パン,202412,20250214,1244488,51873,56305,36015,865105,412150,11014,92675,47.6,8.87,4.32,220282860
2215,第一屋製パン,202412,20250214,27183,604,598,2055,15781,8054,3305,14,51,28.81,12.26,6929900
2216,カンロ,202412,20250206,31778,4284,4315,3260,29105,16831,2864,-,57.8,20.79,11.87,15315604
2217,モロゾフ,202501,20250314,36017,2058,2098,1414,25591,19483,3737,1510,76.1,7.21,5.28,21265356
2220,亀田製菓,202403,20240515,95534,4467,6798,2257,120510,69938,1946,20841,58,3.35,1.95,22318650
2221,岩塚製菓,202403,20240514,22000,603,2808,1957,85753,63806,1634,805,74.4,3.11,2.31,11990000
2222,寿スピリッツ,202403,20240514,64035,15780,15867,10831,46510,35223,1217,300,75.7,35.09,25.95,155658402
2224,コモ,202403,20240513,7309,81,89,42,5314,2020,222,1603,38,2.1,0.83,3630000
2226,湖池屋,202403,20240513,54829,3598,3490,2208,36399,17107,2269,822,47,13.73,6.69,10670000
2229,カルビー,202403,20240509,303027,27304,31155,19886,292158,191751,12046,26433,65.6,10.87,7.49,133929800
2264,森永乳業,202403,20240514,547059,27839,28104,61307,565998,277068,21821,81311,49,24.52,11.67,89045086
2266,六甲バター,202412,20250210,42924,1865,1957,1041,51403,30863,2843,7000,60,3.42,2.03,21452125
2267,ヤクルト本社,202403,20240514,503079,63399,79300,51006,833286,549285,31117,77734,65.9,9.73,6.45,342090836
2268,B-Rサーティワンアイスクリーム,202412,20250210,30688,2363,2387,1543,26314,13634,735,2464,51.8,11.87,6.47,9644554
2269,明治ホールディングス,202403,20240510,1105494,84322,76020,50675,1205288,746532,30000,49926,61.9,6.95,4.33,282200000
2270,雪印メグミルク,202403,20240514,605424,18460,19888,19430,431222,232086,20000,54259,53.8,8.73,4.62,70751855
2281,プリマハム,202403,20240507,448429,11820,12884,7489,244793,119314,7908,20145,48.7,6.44,3.16,50524399
2282,日本ハム,202403,20240510,1303432,40232,40599,28078,958237,527503,36294,214852,55,5.5,2.96,99095004
2286,林兼産業,202403,20240515,47376,698,913,749,29043,11093,3415,7503,38.2,7.12,2.68,8910000
2288,丸大食品,202403,20240513,228808,3117,3639,-9414,121819,62010,6716,17409,50.9,-14.45,-7.59,26505581
228A,オプロ,202411,20250114,2104,214,210,150,2294,1079,483,-,47,24.27,8.85,2286800
2291,福留ハム,202403,20240514,25193,-419,-404,150,13567,2369,2691,5879,17.5,6.53,1.1,3400000
2292,S　Foods,202502,20250414,444546,5143,6388,2667,230595,121772,4298,55592,52.8,2.22,1.17,32267721
2293,滝沢ハム,202403,20240514,28211,144,173,123,13600,4011,1080,4038,29.5,3.21,0.93,2102000
2294,柿安本店,202404,20240611,37052,2200,2233,1400,21687,17657,1269,-,81.4,8.08,6.45,12446700
2296,伊藤ハム米久ホールディングス,202503,20250502,988771,19576,20750,13097,467009,285544,30003,59433,61.1,4.59,2.82,57471011
2300,きょくとう,202502,20250415,5380,96,182,83,4396,2141,555,1110,48.7,3.9,1.9,5551230
2301,学情,202410,20241209,10730,2656,3053,2229,16739,14459,1500,-,86.4,16.09,13.78,15560000
2303,ドーン,202405,20240711,1500,533,547,388,2815,2480,363,-,88.1,16.49,14.61,3300000
2304,CSSホールディングス,202409,20241112,17631,595,630,429,5931,2674,393,450,45.1,17.09,7.38,5285600
2305,スタジオアリス,202502,20250414,35598,3021,3051,1365,41223,29779,1885,-,72.2,4.59,3.27,17185650
2307,クロスキャット,202403,20240515,14931,1521,1570,1311,9466,5083,1000,1200,53.7,25.81,14.52,17005674
2311,エプコ,202412,20250213,5607,334,441,327,5822,4645,87,500,79.8,7.02,5.72,9316000
2315,CAICA_DIGITAL,202410,20241220,5606,-159,-263,-359,2425,1659,50,169,68.4,-18.72,-13.31,136560794
2317,システナ,202403,20240513,76940,9713,9942,7232,54038,38100,1513,1550,70.5,20.01,14.05,425880000
2321,ソフトフロントホールディングス,202403,20240514,889,-164,-168,-317,515,131,22,9,25.4,-114.23,-49.26,51970899
2323,fonfun,202403,20240515,699,74,92,68,1008,618,100,248,61.3,11.64,6.99,7098040
2325,NJS,202412,20250214,22594,2993,3140,2115,31122,26125,520,3,83.9,8.36,6.98,10048000
2326,デジタルアーツ,202403,20240508,11512,4427,4443,4377,22518,15987,713,-,71,29.06,20.05,14133000
2327,日鉄ソリューションズ,202503,20250428,338301,38497,39076,27049,421302,261174,12952,-,62,10.86,6.8,183002000
2329,東北新社,202403,20240517,52819,2678,2214,4021,97871,81572,2487,283,83.3,5.06,4.12,140206002
2330,フォーサイド,202412,20250213,5340,50,47,64,3565,2499,10,244,70.1,3.14,1.6,43687704
2331,綜合警備保障,202403,20240514,521400,39082,42173,27327,567561,352927,18675,9391,62.2,8.18,5.04,510200210
2332,クエスト,202403,20240513,14224,997,1061,696,9460,6787,491,-,71.7,10.67,7.52,5487768
2334,イオレ,202403,20240514,3817,41,43,36,1336,799,915,-,59.8,4.85,2.59,3148992
2335,キューブシステム,202403,20240508,18021,1536,1590,1067,13487,10133,1400,230,75.1,10.81,8.2,15750000
2337,いちご,202502,20250414,83576,16309,13764,15187,406715,110990,26946,262112,27.3,14.09,3.93,445665118
2338,クオンタムソリューションズ,202502,20250414,698,-477,-464,-317,324,113,3557,-,34.9,-,-43.04,45770493
2340,極楽湯ホールディングス,202403,20240520,14082,748,720,697,11345,2730,5202,4215,24.1,-,5.26,31414600
2341,アルバイトタイムス,202502,20250410,4160,68,88,-467,3317,2769,455,-,83.5,-15.31,-12.79,29437249
2342,トランスジェニックグループ,202403,20240510,13083,89,108,4,9810,5894,50,2221,60.1,0.07,0.04,16999141
2344,平安レイサービス,202403,20240507,10081,1631,1762,888,34017,20668,785,-,60.8,4.34,2.61,12306795
2345,クシム,202410,20250428,1613,-1133,-1151,-1960,86538,1397,10,1369,1.6,-72.77,-2.65,17746733
2349,エヌアイデイ,202403,20240514,22571,2809,3126,2108,26228,19709,653,-,75.1,11.21,8.39,13109490
2351,ASJ,202403,20240514,2846,102,110,112,4237,2655,1375,213,62.7,4.31,2.7,7951100
2353,日本駐車場開発,202407,20240906,32693,6461,6511,5104,42136,15470,699,15858,36.7,38,14.35,348398600
2354,YE_DIGITAL,202502,20250331,19944,1408,1529,1038,13228,6791,749,-,51.3,16.53,8.12,18319400
2359,コア,202503,20250428,24599,3175,3267,2242,25157,18519,440,1412,73.6,12.63,9.14,14834580
2370,メディネット,202409,20241113,768,-1384,-1261,-1276,5700,5190,6486,-,91.1,-24.99,-22.52,264729198
2371,カカクコム,202403,20240509,66928,25819,26122,18095,83308,51380,916,255,61.7,36.47,22.36,198218300
2372,アイロムグループ,202403,20240513,17740,1134,1769,1415,37148,12772,3899,18462,34.4,11.36,3.92,12338365
2373,ケア21,202410,20241213,45396,-460,-239,278,31668,4711,100,9444,14.9,5.45,0.88,14844000
2374,セントケア・ホールディング,202403,20240515,54057,3034,3155,2005,30987,15988,1772,2245,51.6,13.12,6.63,25003233
2375,ギグワークス,202410,20241210,25369,-404,-427,-725,8271,2449,1073,2394,29.6,-26.67,-8.3,22105485
2376,サイネックス,202403,20240510,15390,504,603,377,14942,7859,750,3241,52.6,4.91,2.57,6470660
2378,ルネサンス,202403,20240510,43627,1261,524,632,53194,11414,3210,10950,21.5,5.64,1.32,21379000
2379,ディップ,202502,20250414,56386,13405,13257,8951,50506,35837,1085,-,71,23.84,17.68,60140000
2384,SBSホールディングス,202412,20250214,448145,17704,18463,9619,317287,88220,3920,100650,27.8,11.46,3.11,39718200
2385,総医研ホールディングス,202406,20240815,5158,-610,-565,-662,6946,6233,1836,-,89.7,-10.03,-8.72,26158200
2388,ウェッジホールディングス,202409,20241114,860,-14,-895,-942,3790,3009,4378,450,79.4,-29.49,-24.07,42494478
2389,デジタルホールディングス,202412,20250213,16155,984,1734,1341,48217,30686,8212,4084,63.6,4.47,2.72,17459907
2391,プラネット,202407,20240913,3172,642,691,458,6556,5426,436,-,82.8,8.5,7.09,6632800
2393,日本ケアサプライ,202403,20240508,28592,2173,2200,1578,25401,16537,2897,1357,65.1,9.68,6.5,16237693
2395,新日本科学,202403,20240508,26450,4162,7015,5531,76302,34114,9679,25973,44.7,18.34,8.28,41632400
2397,DNAチップ研究所,202403,20240510,490,-258,-245,-248,982,732,927,-,74.5,-34.4,-26.77,6767174
2404,鉄人化ホールディングス,202408,20241015,7069,69,36,4,4326,211,50,2624,4.9,1.92,0.09,13647362
2408,KG情報,202412,20250124,2467,304,319,241,6728,5907,1010,-,87.8,4.07,3.4,7398000
2410,キャリアデザインセンター,202409,20241113,17734,1432,1438,984,6506,3939,558,-,60.5,25,13.57,5497921
2411,ゲンダイエージェンシー,202503,20250418,7679,418,416,358,5746,4201,100,674,73.1,8.64,6.41,12300000
2413,エムスリー,202503,20250502,284900,62971,64785,40484,581741,378436,29351,24420,65.1,11.09,7.55,679077900
2415,ヒューマンホールディングス,202403,20240515,95895,3149,3294,2157,51183,16132,1299,10619,31.5,13.98,4.32,10377999
2418,ツカダ・グローバルホールディング,202412,20250212,63545,7408,7726,5147,111711,32232,472,59404,28.9,17.32,5.02,48960000
241A,ROXX,202409,20241113,3476,-470,-497,-499,3696,903,644,1556,24.4,-82.14,-19.27,7273170
2424,ブラス,202407,20240913,12726,454,488,275,10814,3788,100,4251,35,7.42,2.51,5709300
2425,ケアサービス,202403,20240514,9637,518,556,377,3857,2642,205,-,68.5,15.21,10.23,4200000
2428,ウェルネット,202406,20240814,10132,1222,1223,836,27141,8276,667,1725,30.5,10.44,3.21,19400000
2429,ワールドホールディングス,202412,20250212,242226,8593,8551,4981,174370,44504,1924,85892,25.5,11.75,2.99,18006800
2432,ディー・エヌ・エー,202403,20240508,136733,-28270,-28130,-28682,335708,209204,10397,37764,62.3,-13.31,-8.38,122145545
2433,博報堂DYホールディングス,202403,20240604,946776,34288,37815,24923,1035014,384952,10790,151151,37.2,6.66,2.42,389559436
2435,シダー,202403,20240514,17304,767,646,203,20330,1085,432,10124,5.3,20.55,1,11476000
2436,共同ピーアール,202412,20250213,7323,1074,1082,526,5810,3418,553,538,58.8,16.46,9.36,8809992
2437,Shinwa_Wise_Holdings,202405,20241105,2035,-242,-222,-1010,4238,2398,165,327,56.6,-34.01,-21.74,10736118
2438,アスカネット,202404,20240610,7038,447,473,214,7090,6156,490,-,86.8,3.48,3.02,17464000
2440,ぐるなび,202403,20240514,12982,-339,-277,-363,11411,6119,100,2200,53.6,-5.61,-2.97,56903800
2445,タカミヤ,202403,20240510,44127,3404,3580,1887,68945,21471,1052,31263,31.1,9.12,2.87,46585600
2449,プラップジャパン,202408,20241015,6885,572,577,226,6995,5161,470,-,73.8,4.44,3.26,4679010
244A,グロースエクスパートナーズ,202408,20241015,4422,602,611,417,3536,1911,105,830,54,24.78,12.85,3346180
2454,オールアバウト,202403,20240510,15703,-461,-438,-456,8175,4087,1318,-,50,-10.65,-5.61,14103600
2459,アウンコンサルティング,202405,20240712,441,-92,-85,-138,953,453,100,245,47.5,-26.95,-14.18,7502800
245A,INGS,202408,20241015,6418,450,425,285,3451,770,10,1719,22.3,45.45,8.99,2512500
2461,ファンコミュニケーションズ,202412,20250210,6961,1595,1670,1419,23356,18004,1173,-,77.1,7.93,6.07,66248429
2462,ライク,202405,20240712,60469,3333,3953,2447,38503,16815,1548,9732,43.7,15.16,6.28,20464800
2464,Aoba-BBT,202403,20240515,7474,383,388,242,7491,4745,1818,137,63.3,4.98,3,14264100
2469,ヒビノ,202403,20240513,50491,2814,2951,1627,40829,10427,1748,16588,25.5,16.65,4.19,10265480
246A,アスア,-,-,-,-,-,-,-,-,-,-,-,-,-,2684200
2471,エスプール,202411,20250114,25554,2783,2569,2099,39714,9836,372,9251,24.8,22.89,5.74,79007500
2475,WDBホールディングス,202403,20240514,49297,5468,5505,3548,39827,30044,1000,-,75.4,12.31,9.33,20060000
2477,手間いらず,202406,20240731,2023,1476,1479,976,6977,6557,717,-,94,15.82,14.84,6480961
2479,ジェイテック,202403,20240510,3242,229,226,163,2060,1202,261,160,58.3,14.36,8.01,8572400
247A,Aiロボティクス,-,-,-,-,-,-,-,-,-,-,-,-,-,11678000
2480,システム・ロケーション,202503,20250502,1666,536,589,330,4382,3701,100,-,84.5,9.1,7.54,3570000
2481,タウンニュース社,202406,20240809,3736,576,686,492,5440,4800,501,-,88.2,10.75,9.45,5575320
2483,翻訳センター,202403,20240513,11303,902,938,711,8326,6250,588,-,75.1,11.93,8.99,3369000
2484,出前館,202408,20241011,50411,-5991,-5853,-3705,47943,36548,100,-,76.2,-9.39,-7.22,112380430
2485,ティア,202409,20241114,18839,1438,1243,752,27326,8186,1895,11906,30,9.36,3.52,22510100
2488,JTP,202403,20240513,8119,631,665,482,5365,3304,795,-,61.6,15.45,9.49,6015600
2489,アドウェイズ,202412,20250210,12684,166,503,-473,22884,13482,1717,-,58.9,-3.41,-1.97,42006000
248A,キッズスター,202412,20250214,908,169,168,104,2607,2175,917,-,83.4,8.03,6.16,2549000
2491,バリューコマース,202412,20250131,30410,4160,4121,2855,19592,12860,1728,-,65.6,16.17,11.91,34471000
2492,インフォマート,202412,20250214,15630,1200,1187,655,14842,10915,3212,1270,73.5,6.1,4.61,259431200
2493,イーサポートリンク,202411,20250114,5406,163,182,135,5444,3529,2721,489,64.8,3.89,2.45,4424800
2497,ユナイテッド,202403,20240509,12573,4859,4829,2366,26745,23311,2923,157,87.2,9.52,8.01,40412690
2498,オリエンタルコンサルタンツホールディングス,202409,20241114,86282,4664,4022,2597,65195,24379,833,14027,37.4,11.16,4.06,6169420
2499,日本和装ホールディングス,202412,20250214,4704,480,432,296,9341,3632,478,4578,38.9,8.35,3.19,9134000
2501,サッポロホールディングス,202412,20250214,530783,10416,11576,7714,664963,196030,53887,205113,29.5,4.08,1.16,78794298
2502,アサヒグループホールディングス,202412,20250214,2939422,269052,266990,192080,5403405,2668801,220044,1279176,49.4,7.49,3.59,1521010086
2503,キリンホールディングス,202412,20250214,2338385,125340,139721,58214,3354159,1181525,102046,857569,35.2,5.03,1.87,914000000
250A,シマダヤ,-,-,-,-,-,-,-,-,-,-,-,-,-,15205697
2531,宝ホールディングス,202403,20240510,339372,22242,23336,16176,437468,228666,13226,40430,52.3,7.48,3.87,197252043
2533,オエノンホールディングス,202412,20250212,84104,3448,3629,2729,55739,23638,6946,3050,42.4,12.12,4.91,65586196
253A,ETSグループ,-,-,-,-,-,-,-,-,-,-,-,-,-,6368903
2540,養命酒製造,202403,20240510,10242,473,949,952,54417,46642,1650,-,85.7,2.13,1.83,16500000
254A,AIフュージョンキャピタルグループ,-,-,-,-,-,-,-,-,-,-,-,-,-,8902600
255A,ジーエルテクノホールディングス,-,-,-,-,-,-,-,-,-,-,-,-,-,13681230
256A,飛島ホールディングス,-,-,-,-,-,-,-,-,-,-,-,-,-,19225868
2573,北海道コカ・コーラボトリング,202412,20250207,56860,2204,2209,1545,51913,42116,2935,-,81.1,3.72,3,13607996
2579,コカ・コーラボトラーズジャパンホールディングス,202412,20250213,892681,13390,12896,7309,804153,466203,15232,114852,58,1.56,0.89,183268593
2585,ライフドリンクカンパニー,202403,20240514,38236,4712,4606,3155,30646,11342,1095,13274,37,32.36,11.95,52264664
2586,フルッタフルッタ,202403,20240515,1136,-263,-306,-306,1644,973,1047,300,59.2,-32.71,-21.51,79639569
2587,サントリー食品インターナショナル,202412,20250213,1696765,160249,161047,93495,2058032,1209588,168384,27216,58.8,8.14,4.71,309000000
2588,プレミアムウォーターホールディングス,202403,20240509,80578,9436,8028,5777,99406,22754,4698,59494,22.9,27.26,6.2,29855619
2590,ダイドーグループホールディングス,202501,20250304,237189,4789,3023,3804,185247,91915,1924,31021,49.6,4.19,2.1,33137000
2593,伊藤園,202404,20240603,453899,25023,26681,15650,353892,181485,19912,71748,51.3,8.89,4.52,85212380
2594,キーコーヒー,202403,20240513,73800,764,867,180,54832,30671,4628,5343,55.9,0.59,0.34,22689000
2597,ユニカフェ,202412,20250214,12935,538,536,457,14169,6520,2520,1830,46,7.21,3.25,13869200
2602,日清オイリオグループ,202403,20240510,513541,20840,20033,15148,393382,182622,16332,96945,46.4,8.78,3.95,33716257
2607,不二製油,202403,20240509,564087,18213,16791,6524,470221,232186,13208,130286,49.4,3,1.39,87569383
260A,オルツ,202412,20250214,6057,-2324,-2413,-2694,6765,4006,2298,1570,59.2,-67.25,-39.82,36294700
2612,かどや製油,202403,20240514,35680,3117,3409,2255,42671,34354,2160,-,80.5,6.71,5.36,9400000
2613,J-オイルミルズ,202403,20240510,244319,7243,9043,6792,178093,101606,10000,28840,57.1,6.95,3.81,33508446
261A,日水コン,202412,20250214,23533,2176,2175,1491,22948,14218,100,-,62,10.88,6.71,11866000
262A,インターメスティック,202412,20250214,44845,5012,4878,3515,34842,23058,220,2900,66.2,23.89,12.8,30600000
264A,Schoo,202409,20241114,2852,116,87,184,2415,649,100,880,26.9,45.21,8.15,12426180
2652,まんだらけ,202409,20241114,14455,2078,2055,1376,18092,10864,837,5060,60,13.44,7.64,36180000
2653,イオン九州,202502,20250411,531619,10537,11022,6035,180254,55106,4915,36292,30.6,11.47,3.43,34833558
2654,アスモ,202403,20240514,20533,606,666,469,9727,6619,2323,44,68,7.28,5.03,15145175
2656,ベクターホールディングス,202403,20240515,158,-763,-815,-894,1087,917,1795,-,84.4,-97.49,-82.24,20047000
2659,サンエー,202502,20250407,237156,16923,17468,11469,191224,150508,3723,-,78.7,7.83,6.07,63963308
265A,Hmcomm,202412,20250214,946,94,72,96,1905,1726,221,-,90.6,6.21,5.59,4093400
2664,カワチ薬品,202503,20250424,287816,7461,8340,4884,199601,114358,13001,16599,57.3,4.33,2.47,24583420
2666,オートウェーブ,202403,20240510,8422,333,426,263,7402,3914,100,1780,52.9,6.93,3.54,14451000
2667,イメージワン,202409,20241114,1563,-844,-865,-889,1569,735,2777,16,46.8,-70.44,-40.4,10803600
2668,タビオ,202502,20250408,16852,739,754,520,8522,4831,414,533,56.7,11.18,6.42,6813880
2669,カネ美食品,202502,20250411,90481,3077,3108,1948,37408,29083,2002,-,77.7,6.88,5.31,10000000
2670,エービーシー・マート,202502,20250409,372202,62550,64618,45358,418725,367327,19972,2020,87.7,12.84,11.25,247618938
2673,夢みつけ隊,202403,20240520,541,63,158,140,3343,2474,534,705,74,6.14,4.26,10458000
2674,ハードオフコーポレーション,202403,20240509,30105,2803,2990,2093,23099,16904,1676,2120,73.2,13.01,9.55,13954000
2676,高千穂交易,202403,20240510,25224,1465,1835,1437,22963,16831,1209,-,73.3,8.64,6.37,10171800
2678,アスクル,202405,20240703,471682,16953,16677,19139,243062,78263,21233,17720,32.2,26.88,8.13,94771300
2681,ゲオホールディングス,202403,20240510,433848,16814,18749,10902,231125,87131,9251,81662,37.7,13.29,5.04,39718052
2683,魚喜,202502,20250411,9934,89,105,31,2302,871,100,610,37.8,3.59,1.39,2555856
2685,アダストリア,202502,20250404,293110,15510,15964,9614,133108,77103,2660,-,57.9,13.06,7.37,48800000
2686,ジーフット,202502,20250411,59975,-805,-1273,-1060,29725,904,3764,13149,3,-,-3.4,42580900
2687,シー・ヴイ・エス・ベイエリア,202502,20250411,7822,421,385,1123,11265,4379,1200,5290,38.9,29.03,10.42,5064000
2689,オルバヘルスケアホールディングス,202406,20240809,118564,2226,2244,1500,43237,11373,607,600,26.3,13.82,3.57,6250000
268A,リガク・ホールディングス,202412,20250214,90652,18367,17977,13615,177547,81769,473,55388,46.1,18.51,7.99,225268600
2692,伊藤忠食品,202503,20250430,699369,8505,11283,8204,271551,115571,4923,-,42.6,7.3,3,12720000
2693,YKT,202412,20250213,11930,-10,143,-1,11721,8073,1389,2209,68.9,-0.01,-0.01,11906880
2694,焼肉坂井ホールディングス,202403,20240515,22817,529,606,235,16066,7460,100,4882,46.4,3.18,1.49,239866162
2695,くら寿司,202410,20241211,234950,5699,6224,3226,139446,56425,2005,1130,40.5,5.83,2.39,41399600
2698,キャンドゥ,202502,20250410,83380,849,910,-163,29376,10419,3028,3900,35.5,-1.55,-0.56,16770200
269A,Sapeet,202409,20241114,634,-19,-28,-29,452,167,232,200,36.9,-,-8.09,1577100
2700,木徳神糧,202412,20250214,118998,2377,2485,1723,40169,15003,529,13076,37.3,12.3,4.77,1706000
2702,日本マクドナルドホールディングス,202412,20250206,405477,48021,47389,31961,337094,253044,24113,-,75.1,13.32,9.86,132960000
2705,大戸屋ホールディングス,202403,20240509,27894,1646,1699,1402,10849,4783,3029,1000,44.1,33.47,13.71,7257300
2708,久世,202403,20240515,64474,1861,1939,2008,24863,6668,100,4561,26.8,36.13,8.8,4626327
2721,ジェイホールディングス,202412,20250214,179,-267,-271,-387,248,-33,199,70,-,-,-133.68,8128500
2722,IKホールディングス,202405,20240712,14049,341,340,229,6007,2149,620,1749,35.8,11.26,3.58,8308000
2726,パルグループホールディングス,202502,20250408,207825,23656,23929,11848,147929,70893,3181,13230,47.9,17.64,8.62,92544000
2730,エディオン,202403,20240510,721085,16929,17339,9021,431694,214607,11940,86473,49.7,4.33,2.25,112005636
2733,あらた,202403,20240509,944149,14508,15341,10322,316976,109704,8572,32470,34.6,9.75,3.4,36057424
2734,サーラコーポレーション,202411,20250114,240498,6308,8193,5249,202281,83985,8025,54610,41.5,6.51,2.68,66041147
2735,ワッツ,202408,20241010,61257,1246,1228,904,30280,12500,440,3281,41.3,7.39,3.24,13458800
2736,フェスタリアホールディングス,202408,20241011,9305,270,226,139,7349,1499,811,3412,20.4,9.69,1.98,3628200
2737,トーメンデバイス,202503,20250424,421671,10169,7377,5588,113970,49621,2054,14054,43.5,11.75,4.58,6802000
2742,ハローズ,202502,20250414,210752,12270,12301,8913,112869,70194,5491,10273,62.2,13.45,8.21,21458100
2743,ピクセルカンパニーズ,202412,20250214,887,-633,-638,-2306,1034,-286,4972,-,-,-167.88,-293.38,97054600
2747,北雄ラッキー,202502,20250411,37156,243,205,142,18175,5715,641,6509,31.4,2.51,0.79,1264640
2749,JPホールディングス,202403,20240513,37856,4584,4523,2929,36889,16108,1603,12418,43.7,19.73,8.07,87849400
274A,ガーデン,202502,20250414,17159,1849,1722,1207,15867,7953,2378,5594,50.1,23.53,8.94,6879525
2750,石光商事,202403,20240510,62025,1654,1741,1049,36682,11623,623,10088,31.7,9.47,2.88,8000000
2751,テンポスホールディングス,202404,20240612,37074,2824,3069,1972,24218,13762,499,2469,56.8,14.79,9.05,14314800
2752,フジオフードグループ本社,202412,20250214,31324,1217,1030,459,26310,8572,5956,10651,32.6,9.19,1.97,51241921
2753,あみやき亭,202503,20250404,35332,2638,2726,1736,27810,21939,2473,705,78.9,8.11,6.31,20546400
2760,東京エレクトロンデバイス,202503,20250428,216379,12457,11415,8874,156841,47861,2495,42560,30.5,19.1,5.56,31336500
2762,SANKO_MARKETING_FOODS,202406,20240813,9328,-683,-683,-711,2383,325,10,428,13.6,-203.43,-29.28,32102949
2763,エフティグループ,202403,20240514,36480,7694,7705,5284,33082,23677,1344,3771,71.6,23.9,16.06,30342268
2764,ひらまつ,202403,20240514,13859,266,175,-153,21872,4326,100,14523,19.8,-3.47,-0.7,74740400
2767,円谷フィールズホールディングス,202403,20240514,141923,11827,12947,11551,98139,47587,7948,13903,48.5,26.64,12.9,65429150
2768,双日,202503,20250501,2509714,89196,135297,110633,3087252,968957,160339,1086473,31.4,11.69,3.7,225000000
2769,ヴィレッジヴァンガードコーポレーション,202405,20240712,24799,-915,-934,-1144,22913,6207,2330,9766,27.1,-16.72,-4.93,7861700
276A,ククレブ・アドバイザーズ,-,-,-,-,-,-,-,-,-,-,-,-,-,4285237
2776,新都ホールディングス,202501,20250314,12296,42,49,16,6041,1427,2548,2796,23.6,1.42,0.43,39066100
2778,パレモ・ホールディングス,202502,20250328,15040,214,162,-47,6988,1567,100,1927,22.4,-2.94,-0.61,12051384
277A,グロービング,-,-,-,-,-,-,-,-,-,-,-,-,-,28728000
2780,コメ兵ホールディングス,202403,20240513,119459,7452,7479,5025,64039,28406,1803,26907,44.4,19.2,9.07,11257000
2782,セリア,202403,20240510,223202,15121,15315,9823,132705,102038,1278,-,76.9,9.85,7.57,75840000
2784,アルフレッサホールディングス,202403,20240514,2858500,38460,39997,29558,1447625,479600,18454,30000,33.1,6.11,2.12,191300000
2788,アップルインターナショナル,202412,20250214,43795,1374,1535,1198,19762,9588,4325,7909,48.5,13.29,6.54,13861400
2789,カルラ,202502,20250407,7263,365,359,363,5021,1976,50,2175,39.4,20.06,6.85,6021112
278A,Terra_Drone,202501,20250314,4435,-627,-606,-474,8930,6735,1348,569,75.4,-8.41,-5.9,9319700
2790,ナフコ,202403,20240426,192447,5164,5552,3107,232246,159361,3538,18828,68.6,1.93,1.32,29784400
2791,大黒天物産,202405,20240711,270077,9352,9543,6306,104352,55353,1716,11956,53,12.04,6.26,14502400
2792,ハニーズホールディングス,202405,20240709,56571,6970,7281,4876,52839,44799,3566,-,84.8,11.4,9.47,27900000
2795,日本プリメックス,202403,20240514,6940,576,760,504,10120,7520,393,-,74.3,7.01,5.22,5523592
2796,ファーマライズホールディングス,202405,20240628,54466,916,833,-351,29486,7154,1961,12309,24.3,-5.08,-1.33,12060381
2798,ワイズテーブルコーポレーション,202502,20250414,12120,118,248,260,4824,678,50,1688,14.1,47.49,5.45,3298400
2801,キッコーマン,202503,20250428,708979,73698,83754,61695,679414,508539,11599,18242,74.8,12.34,9.16,969416010
2802,味の素,202403,20240509,1439231,146682,142043,87121,1774495,814691,79863,442494,45.9,11,5.3,1005637616
2804,ブルドックソース,202403,20240515,14482,163,674,145,33747,21460,1044,6293,63.6,0.7,0.41,13954880
2805,ヱスビー食品,202403,20240510,126443,7778,8079,6717,140231,72692,1744,27582,51.8,9.91,4.96,27244468
2806,ユタカフーズ,202403,20240510,13804,586,697,459,24871,22157,1160,-,89.1,2.1,1.86,8832311
2809,キユーピー,202411,20250109,483985,34329,36874,21419,462372,302292,24104,17771,65.4,7.33,4.82,141500000
280A,TMH,202411,20250114,6017,323,306,272,3817,781,100,296,20.5,42.17,9.87,3690350
2810,ハウス食品グループ本社,202403,20240509,299600,19470,21085,17580,431601,292209,9948,7716,67.7,6.23,4.24,98498416
2811,カゴメ,202412,20250203,306869,36221,33665,25015,362415,185740,19985,72719,51.3,15.73,7.97,93886944
2813,和弘食品,202403,20240515,15416,1489,1540,1090,13566,7606,1413,2261,56.1,16.5,9.21,2847957
2814,佐藤食品工業,202403,20240510,6101,663,789,773,21846,19708,3672,670,90.2,3.99,3.65,9027460
2815,アリアケジャパン,202403,20240510,59981,8662,10712,7353,136597,119176,7095,-,87.2,6.4,5.59,32808683
2816,ダイショー,202403,20240513,25351,890,901,599,16393,9538,870,-,58.2,6.43,3.77,9868800
2818,ピエトロ,202403,20240515,10096,218,201,109,10583,6429,1719,1492,60.7,1.9,1.12,7062230
2819,エバラ食品工業,202403,20240515,45216,2400,2628,1802,47947,32818,1387,602,68.4,5.65,3.96,9868626
281A,インフォメティス,202412,20250213,982,49,55,56,1994,1273,308,516,63.8,5.94,3.37,4863357
2820,やまみ,202406,20240808,19001,2079,2076,1476,15517,9508,1245,1855,61.3,16.59,10.06,6967500
2830,アヲハタ,202411,20250109,20513,386,400,289,17189,13614,915,784,79.2,2.14,1.69,8292000
2831,はごろもフーズ,202403,20240513,73501,1834,2269,1749,66366,39258,1441,3715,59.2,4.77,2.75,10325365
285A,キオクシアホールディングス,-,-,-,-,-,-,-,-,-,-,-,-,-,539355180
286A,ユカリア,202412,20250214,19833,2292,2801,2025,60148,17960,2022,20192,29.9,14.07,3.65,37982900
2871,ニチレイ,202403,20240514,680091,36911,38255,24495,485157,253405,30563,83890,52.2,10.25,5.2,256929738
2872,セイヒョー,202502,20250411,4484,96,123,119,3289,1395,417,950,42.4,8.9,3.83,1620993
2874,横浜冷凍,202409,20241114,122282,4647,4808,3933,203026,78248,14303,100825,38.5,4.79,1.96,59266684
2875,東洋水産,202403,20240510,489013,66696,74889,55653,570994,462317,18969,390,81,13.03,10.42,110881044
2876,デルソーレ,202403,20240515,17784,1220,1267,599,10737,6632,922,210,61.8,9.42,5.5,9105290
2877,日東ベスト,202403,20240509,54271,504,546,411,42612,15758,1474,11291,37,2.66,0.99,12102660
287A,黒田グループ,-,-,-,-,-,-,-,-,-,-,-,-,-,44683980
2882,イートアンドホールディングス,202502,20250411,37335,1090,987,888,29151,10941,3173,7485,37.5,8.43,3.24,11344970
2883,大冷,202403,20240510,27416,1066,1104,766,14040,9725,1909,300,69.3,8.05,5.7,6008300
2884,ヨシムラ・フード・ホールディングス,202502,20250414,58542,4161,4251,1861,56069,11043,1157,28910,19.7,18.85,3.44,24045155
288A,ラクサス・テクノロジーズ,-,-,-,-,-,-,-,-,-,-,-,-,-,25654383
2892,日本食品化工,202503,20250430,62697,1200,1914,1527,50121,28424,1600,10735,56.7,5.37,3.05,6400000
2894,石井食品,202403,20240514,10492,413,457,471,8095,3421,919,1900,42.3,14.96,6.36,18392000
2897,日清食品ホールディングス,202403,20240513,732933,73361,76915,54170,812382,493186,25122,34852,60.7,11.73,7.12,302584500
2901,ウェルディッシュ,202403,20240515,2015,-121,-169,-351,880,-76,989,664,-,-169.73,-39.66,20557400
2903,シノブフーズ,202403,20240510,54825,2369,2409,1167,30435,14864,4693,7262,48.8,8.1,3.84,13000000
2904,一正蒲鉾,202406,20240807,34487,1271,1247,957,31392,14504,940,8591,46.2,6.82,3.08,18590000
2907,あじかん,202403,20240514,50240,1710,2266,1509,27640,15844,1102,5308,57.3,10.06,5.72,7700000
2908,フジッコ,202503,20250502,57077,1131,1554,951,79429,68596,6566,-,86.4,1.38,1.19,30050759
290A,Synspective,202412,20250214,2316,-3070,-3594,-3592,28195,19434,7679,7288,68.9,-26.31,-18.18,111444750
2910,ロック・フィールド,202404,20240611,51357,1738,1785,1252,36022,29139,5544,675,80.9,4.3,3.47,26788748
2911,旭松食品,202403,20240515,8098,205,287,232,9939,7907,1617,613,79.6,3.02,2.39,1876588
2914,日本たばこ産業,202412,20250213,3149759,323461,233766,179240,8370732,3766623,100000,1726788,45,4.72,2.29,2000000000
2915,ケンコーマヨネーズ,202403,20240513,88724,2949,3099,2735,67370,38978,5424,4321,57.9,7.22,4.22,16476000
2916,仙波糖化工業,202403,20240510,19137,690,755,495,23006,11897,1500,4380,51.7,4.36,2.22,11400000
2917,大森屋,202409,20241113,16305,269,273,179,15706,11658,814,1469,74.2,1.54,1.17,5098096
2918,わらべや日洋ホールディングス,202502,20250410,222467,4515,4898,2679,120924,56671,8049,22595,46.9,4.87,2.4,17625660
291A,リスキル,-,-,-,-,-,-,-,-,-,-,-,-,-,2080900
2922,なとり,202403,20240510,47578,2125,2162,1400,43438,25074,1975,5295,57.7,5.75,3.35,15032209
2923,サトウ食品,202404,20240613,42581,2656,3009,2295,43737,20586,543,15683,47.1,11.82,5.53,5075500
2924,イフジ産業,202403,20240507,24503,1766,1809,1597,14636,9693,455,2526,66.2,17.62,11.28,8345370
2926,篠崎屋,202409,20241108,2785,-9,-6,-28,1285,1010,1000,-,78.6,-2.73,-2.06,14436600
2927,AFC-HDアムスライフサイエンス,202408,20241015,30185,1916,1921,1252,47030,13925,2131,22890,29.6,9.26,2.84,14387699
2929,ファーマフーズ,202407,20240912,62147,5113,5249,3205,36573,11585,2043,16891,31.7,30.21,8.8,29079000
2930,北の達人コーポレーション,202502,20250414,11826,1675,1704,1205,9157,7866,273,-,85.9,16.22,13.53,141072000
2931,ユーグレナ,202412,20250214,47618,300,431,-650,73256,31703,16331,25908,43.3,-2.5,-0.98,136411986
2932,STIフードホールディングス,202412,20250213,35580,2901,2917,1685,19284,8385,1048,2235,43.5,21.29,9.8,17778900
2933,紀文食品,202403,20240514,106684,4641,4404,2836,70992,18747,6368,24992,26.4,17.59,4.21,22829781
2934,ジェイフロンティア,202405,20241211,17714,-553,-642,-2086,10713,1153,516,5142,10.8,-115.25,-23.24,5220195
2935,ピックルスホールディングス,202502,20250414,41518,1279,1345,958,30242,18437,100,4818,61,5.27,3.31,12858430
2936,ベースフード,202502,20250414,15241,136,123,108,3851,1036,1174,802,26.9,11.5,3.03,54499800
2937,サンクゼール,202403,20240507,19162,1289,1401,818,9422,4740,1134,1555,50.3,18.25,8.8,9264200
2938,オカムラ食品工業,202406,20240809,32665,2548,2932,1968,39170,14151,1093,17607,36.1,16.32,5.68,16351168
2961,日本調理機,202409,20241113,18443,1058,1069,700,14579,7036,799,230,48.3,10.33,4.9,1135572
2962,テクニスコ,202406,20240814,4683,-476,-318,-603,9509,4688,781,3908,49.3,-14.31,-6.78,9174714
296A,令和アカウンティング・ホールディングス,202503,20250423,4979,1494,1478,1014,4706,3092,182,-,65.7,37.31,19.5,38000000
2970,グッドライフカンパニー,202412,20250214,17126,1543,1511,1000,19019,4280,71,10411,22.5,26.53,7.05,4306200
2975,スター・マイカ・ホールディングス,202411,20250114,55849,5524,4607,3106,102760,25441,481,73294,24.8,12.78,3.14,34000000
2978,ツクルバ,202407,20240912,5483,155,114,215,4221,1661,60,2120,39.4,12.94,5.09,11708000
297A,アルピコホールディングス,-,-,-,-,-,-,-,-,-,-,-,-,-,71113460
2980,SREホールディングス,202403,20240514,24218,2212,2058,1388,24017,12148,4185,8420,50.6,11.99,6.04,16233785
2981,ランディックス,202403,20240510,17041,1279,1185,790,15285,7146,491,7482,46.8,11.54,5.41,2834793
2982,ADワークスグループ,202412,20250213,49910,3216,2515,1610,59809,18717,6283,35660,31.3,8.99,2.71,49677764
2983,アールプランナー,202501,20250314,40185,2163,2002,1436,28856,5664,397,16642,19.6,28.67,5.29,5387480
2984,ヤマイチ・ユニハイムエステート,202403,20240510,20083,2343,1935,1255,49113,11962,838,29012,24.4,10.99,2.77,8544400
2986,LAホールディングス,202412,20250214,44707,7700,6848,4713,71247,17956,1505,47955,25.2,28.56,7.12,6308875
298A,GVA_TECH,202412,20250214,1165,-523,-531,-532,1301,568,407,333,43.7,-123.43,-45.88,4628798
2991,ランドネット,202407,20240909,77790,2785,2518,1840,27156,8862,706,13026,32.6,23.03,7.81,11962400
2993,長栄,202403,20240513,9368,1824,1504,1256,60651,10259,714,44180,16.9,12.72,2.14,4473400
2997,ストレージ王,202501,20250314,4262,171,170,75,3631,1119,261,1923,30.8,6.97,2.32,1847500
2998,クリアル,202403,20240515,21044,980,941,647,35749,3758,1245,5925,10.5,18.87,2.26,6023000
2999,ホームポジション,202408,20241010,19730,-570,-754,-691,11632,3441,395,7288,29.6,-18.21,-5.17,9360198
299A,dely,202503,20250501,13101,2662,2607,1691,13155,10587,100,-,80.5,17.36,14.28,41316100
3001,片倉工業,202412,20250214,39424,4124,5483,3524,140786,86038,1817,9752,61.1,4.38,2.51,35215000
3002,グンゼ,202403,20240514,132885,6777,6774,5109,161971,118643,26071,8944,73.2,4.36,3.12,34587032
3003,ヒューリック,202412,20250130,591615,163360,154329,102341,3048935,832991,111609,1870997,27.3,12.8,3.7,767907735
3004,神栄,202403,20240510,40204,1793,1909,1655,26574,7614,2065,13663,28.7,26.99,6.52,4168500
300A,MIC,-,-,-,-,-,-,-,-,-,-,-,-,-,7100000
3010,ポラリス・ホールディングス,202403,20240514,22545,3382,2608,3297,23208,6884,65,8799,29.7,67.36,13.78,233754680
3011,バナーズ,202403,20240514,4684,272,242,184,8702,2470,307,3276,28.4,7.51,2.07,20236086
3020,アプライド,202403,20240514,42819,2124,2142,1210,18070,10317,381,652,57.1,12.32,6.91,2703200
3021,パシフィックネット,202405,20240716,6921,658,636,432,10493,3062,532,6379,29.2,14.89,4.67,5392500
3023,ラサ商事,202403,20240514,27916,2497,2816,1997,32568,21450,2076,4213,65.9,9.61,6.19,11383838
3024,クリエイト,202403,20240514,35860,413,410,143,16981,4915,646,1482,28.9,2.93,0.84,3969000
3028,アルペン,202406,20240808,252936,3330,5307,1733,201884,117240,15163,11000,58.1,1.49,0.89,38888000
302A,ビースタイルホールディングス,-,-,-,-,-,-,-,-,-,-,-,-,-,1449600
3030,ハブ,202502,20250414,10715,453,441,446,6184,2887,100,1383,46.7,16.51,6.8,12830200
3031,ラクーンホールディングス,202404,20240613,5808,566,535,325,15382,4778,1864,971,31.1,6.44,2.13,22258943
3034,クオールホールディングス,202403,20240510,180052,8324,9256,4880,117779,52789,5786,31632,44.8,9.61,4.44,38902785
3035,ケイティケイ,202408,20241004,18109,383,488,345,8866,4210,294,896,47.5,8.53,3.98,5725000
3036,アルコニックス,202403,20240515,174901,5463,5447,1598,182890,65703,5830,55199,35.9,2.49,0.85,31070000
3038,神戸物産,202410,20241213,507883,34350,31576,21443,233392,129376,500,37000,55.4,17.79,9.63,273600000
303A,visumo,-,-,-,-,-,-,-,-,-,-,-,-,-,1637000
3040,ソリトンシステムズ,202412,20250214,18606,2043,2156,1725,23286,12272,1326,63,52.7,14.75,7.51,19738888
3041,ビューティカダンホールディングス,202406,20240814,6982,84,99,28,2717,544,213,1438,20,5.14,1.08,5076000
3042,セキュアヴェイル,202403,20240515,1098,-32,-38,228,1482,1145,627,-,77.3,20.68,16.27,7690000
3045,カワサキ,202408,20241011,2182,402,408,293,8122,5554,4,1296,68.4,5.37,3.74,2901000
3046,ジンズホールディングス,202408,20241011,82999,7836,7735,4671,54045,25593,3202,11958,47.4,19.72,9.45,23980000
3048,ビックカメラ,202408,20241011,922572,24388,26674,13908,478248,152281,25929,103737,31.8,9.61,3,188146304
304A,フォルシア,202502,20250414,2310,215,198,131,2191,1939,236,-,88.5,7.77,6.86,1231900
3050,DCMホールディングス,202502,20250411,544602,33230,30997,17144,647936,264299,19973,276240,40.8,6.65,2.7,146500000
3053,ペッパーフードサービス,202412,20250214,13988,76,103,28,5642,3147,10,-,55.8,0.99,0.5,59706000
3054,ハイパー,202412,20250214,12409,262,239,218,7463,2875,573,774,38.5,7.8,2.96,9860500
3058,三洋堂ホールディングス,202403,20240514,17297,84,136,-46,12485,2619,100,2662,21,-1.76,-0.36,7400000
3059,ヒラキ,202403,20240510,13313,-46,-,-15,16263,7355,450,6830,45.2,-0.2,-0.09,5155600
3063,ジェイグループホールディングス,202502,20250411,10742,377,352,458,9813,1908,45,5799,19.4,26.5,4.83,12397400
3064,MonotaRO,202412,20250131,288119,37066,37320,26338,145028,103674,2042,430,71.5,27.71,19.27,501351000
3065,ライフフーズ,202502,20250414,9783,347,414,402,4070,1682,100,556,41.3,27.36,9.23,3660400
3067,東京一番フーズ,202409,20241114,7452,217,246,39,4271,1525,530,1804,35.7,2.55,0.88,9030100
3068,WDI,202403,20240514,30950,1403,1594,1053,23048,5530,50,5633,24,20.58,4.77,6331920
3069,JFLAホールディングス,202403,20240513,67902,814,366,-618,41404,6587,3801,18913,15.9,-10.86,-1.49,48277135
3070,ジェリービーンズグループ,202501,20250313,831,-519,-532,-519,628,170,1926,181,27.1,-376.09,-84.8,33450000
3071,ストリーム,202501,20250314,30296,260,240,4,6305,2877,924,842,45.6,0.14,0.06,28525000
3073,DDグループ,202502,20250414,38578,3738,3581,2397,31307,8092,40,16534,25.8,27.92,7.31,18455019
3075,銚子丸,202502,20250414,17388,1052,1070,582,10798,7842,100,480,72.6,-,-,14518000
3076,あいホールディングス,202406,20240819,49812,9853,19856,15681,93901,80032,5000,-,85.2,21.33,17.98,56590410
3077,ホリイフードサービス,202403,20240516,4656,69,80,89,2577,229,100,1500,8.9,52.2,3.48,5880000
3079,ディーブイエックス,202403,20240515,45851,653,662,172,22678,9198,344,-,40.6,1.86,0.74,10780000
3080,ジェーソン,202502,20250414,28297,538,573,345,10859,6300,320,704,58,5.56,3.19,12812000
3082,きちりホールディングス,202406,20240813,13747,784,445,256,7541,1759,714,3766,23.3,22.46,3.57,11324600
3083,スターシーズ,202502,20250418,5110,-282,-360,-530,2263,509,325,724,22.5,-106.85,-25.47,4210800
3086,J.フロントリテイリング,202502,20250414,441877,58199,55785,41424,1164147,409647,31974,190058,35.2,10.47,3.64,270565764
3087,ドトール・日レスホールディングス,202502,20250414,148822,9597,9615,6880,134232,104002,1000,678,77.5,6.77,5.25,45609761
3088,マツキヨココカラ＆カンパニー,202403,20240510,1022531,75705,80499,52347,724747,514686,22051,19370,71,10.5,7.41,415675630
3089,テクノアルファ,202411,20250110,3969,276,316,212,3014,1955,100,510,64.9,11.29,7.09,2316000
3091,ブロンコビリー,202412,20250121,26617,2531,2600,1715,24520,19997,2210,55,81.6,8.9,7.25,15079000
3092,ZOZO,202503,20250430,213131,64756,64888,45346,187810,98719,1359,20000,52.6,49.43,25.94,901422543
3093,トレジャー・ファクトリー,202502,20250409,42207,4035,4082,2709,20830,10416,906,5621,50,28.68,14.05,24347800
3094,スーパーバリュー,202502,20250414,66487,-2756,-2687,-2790,15343,1609,3513,5199,10.5,-92.88,-16.29,12673750
3096,オーシャンシステム,202403,20240514,85899,1919,2022,1337,23648,10356,801,3273,43.8,13.76,5.86,10833000
3097,物語コーポレーション,202406,20240809,107156,8165,8582,5639,61530,29104,2883,14926,47.3,21.05,10.11,39202981
3099,三越伊勢丹ホールディングス,202403,20240514,536441,54369,59877,55580,1225103,593920,51470,120754,48.5,9.75,4.55,380262554
3101,東洋紡,202403,20240513,414265,8995,6962,2455,606990,197033,51730,242091,32.5,1.27,0.41,89048792
3103,ユニチカ,202403,20240514,118341,-2475,-1014,-5443,186333,36764,100,92148,19.7,-13.8,-2.89,57752343
3104,富士紡ホールディングス,202403,20240515,36108,2818,3276,2117,62512,43973,6673,1433,70.3,4.87,3.42,11354000
3105,日清紡ホールディングス,202412,20250212,494746,16581,24403,10277,679956,269453,27807,217185,39.6,3.95,1.52,169246174
3106,倉敷紡績,202403,20240513,151314,9186,10191,6738,192789,116849,22040,11644,60.6,6.18,3.67,18000000
3107,ダイワボウホールディングス,202403,20240509,967760,30963,31431,4283,405256,141934,21696,20900,35,3.01,1.05,96356460
3109,シキボウ,202403,20240514,38681,1428,1322,800,83299,34051,11336,24370,40.9,2.37,0.97,12810829
3110,日東紡績,202403,20240509,93253,8387,9752,7296,212112,118191,19699,51840,55.7,6.57,3.67,37723012
3111,オーミケンシ,202403,20240510,3027,-67,-44,-2417,18225,1613,100,9681,8.9,-116.01,-12.74,6602459
3113,UNIVA・Oakホールディングス,202403,20240510,5035,-1250,-932,-1428,6044,2679,100,1895,44.3,-41.32,-20.99,80676080
3116,トヨタ紡織,202503,20250425,1954218,42399,47096,16719,1094831,447420,8400,167318,40.9,3.73,1.5,187665738
3121,マーチャント・バンカーズ,202410,20241213,4446,326,99,182,16375,4177,3190,11830,25.5,4.44,1.2,29489890
3123,サイボー,202403,20240515,11422,987,1421,945,43533,17197,1402,13997,39.5,5.7,2.21,13600000
3131,シンデン・ハイテックス,202403,20240510,42285,1184,499,292,18579,7082,1438,8089,38.1,4.17,1.65,2110200
3132,マクニカホールディングス,202403,20240507,1028718,63733,61966,48069,552244,244314,14040,63587,44.2,21.65,8.99,179072146
3133,海帆,202403,20240515,2442,-587,-568,-712,3616,890,1684,1723,24.6,-124.37,-22.69,55108883
3134,Hamee,202404,20240614,17612,1917,2018,1121,14512,10064,598,2184,69.3,11.84,8.36,16296400
3135,マーケットエンタープライズ,202406,20240814,19008,298,40,-476,5345,881,332,2233,16.5,-42.63,-9.34,5348200
3137,ファンデリー,202503,20250430,2464,-133,-182,-183,4179,221,280,3715,5.3,-58.47,-4.16,6470100
3138,富士山マガジンサービス,202412,20250214,5618,308,298,171,5878,2385,265,550,40.6,7.38,2.92,3315620
3139,ラクト・ジャパン,202411,20250114,170907,4455,4320,3146,81435,27548,1209,32918,33.8,12.05,4.1,10021600
3140,BRUNO,202406,20240814,12940,146,11,-334,10336,5088,1509,1768,49.2,-6.56,-3.23,14717350
3141,ウエルシアホールディングス,202502,20250411,1285005,36409,40837,14958,579985,248501,7792,39019,42.8,6.15,2.64,209713800
3143,オーウイル,202403,20240513,31775,958,909,681,13629,4401,363,2193,32.3,16.11,5.43,3150000
3148,クリエイトSDホールディングス,202405,20240708,422330,20227,20882,13691,216481,130225,1000,-,60.2,11.1,6.66,66819342
3150,グリムス,202403,20240515,29908,5217,5268,3540,21612,12904,708,3764,59.7,30.97,18.23,23814800
3151,バイタルケーエスケー・ホールディングス,202403,20240513,587481,5556,6557,5843,317258,104664,5000,7680,33,5.74,1.9,51902976
3153,八洲電機,202403,20240515,64862,3894,4019,2657,60430,27280,1585,900,45.1,10.32,4.46,21782500
3154,メディアスホールディングス,202406,20240808,259789,1327,1750,1124,114826,19737,1344,24173,17.2,5.87,1.06,22238217
3156,レスター,202403,20240513,512484,15930,9690,7004,292003,84202,4383,109474,28.8,8.49,2.5,30072643
3157,ジオリーブグループ,202403,20240508,166321,2230,3932,2489,76178,22422,850,4733,29.4,11.57,3.22,13767052
3159,丸善CHIホールディングス,202501,20250314,165557,3395,3454,3908,132733,51009,3000,37625,38.4,7.97,2.99,92554085
3160,大光,202405,20240711,70505,1084,1145,760,23788,6069,1482,7017,25.5,13.25,3.43,14883300
3161,アゼアス,202404,20240613,8242,291,308,187,8512,6724,887,206,79,2.81,2.13,6085401
3166,OCHIホールディングス,202403,20240508,113366,2155,2731,2093,66337,23316,400,6134,35.1,9.33,3.2,13610970
3167,TOKAIホールディングス,202403,20240509,231513,15511,15531,8481,205301,89034,14000,46295,43.4,10.02,4.25,139679977
3168,MERF,202408,20241011,82070,1450,1037,532,26611,9482,1000,12788,35.6,5.73,2.06,14337200
3169,ミサワ,202501,20250317,12637,325,323,187,5082,3171,380,53,62.4,6.02,3.65,7112400
3172,ティーライフ,202407,20240904,13001,551,564,319,8985,6286,364,1018,70,5.12,3.63,4267900
3173,Cominix,202403,20240509,28644,752,840,539,18456,7819,350,4690,42.4,7.14,2.91,6868840
3174,ハピネス・アンド・ディ,202408,20241015,10780,-158,-186,-459,7052,971,348,3964,13.8,-37.84,-5.69,2591600
3175,エー・ピーホールディングス,202403,20240515,20598,-111,-74,-452,8276,105,50,6002,1.3,-655.07,-5.19,12883150
3176,三洋貿易,202409,20241107,129263,7072,7905,5207,75390,47718,1006,4508,63.3,11.42,7.24,29007708
3177,ありがとうサービス,202502,20250414,10608,880,953,503,6223,3007,547,1481,48.3,18.02,8.64,953600
3178,チムニー,202403,20240514,25725,1300,1446,938,17893,5060,100,7111,28.3,20.2,5.22,19340800
3179,シュッピン,202403,20240509,48841,3343,3344,2322,16063,8265,541,4303,51.5,31.5,14.92,23207991
3180,ビューティガレージ,202404,20240610,29840,1700,1719,1084,13624,6950,768,1637,51,16.69,8.44,12752000
3181,買取王国,202502,20250414,7822,422,465,328,5227,3062,58,1342,58.6,11.29,6.78,3664050
3182,オイシックス・ラ・大地,202403,20240514,148408,5125,4420,4108,143709,29057,3995,31859,20.2,15.31,3.95,38028092
3183,ウイン・パートナーズ,202403,20240514,77064,2626,2649,1835,47729,23385,550,-,49,7.95,4.01,30503310
3184,ICDAホールディングス,202403,20240514,33101,1797,1830,930,19829,9208,1161,3310,46.4,10.64,5.25,2100000
3185,夢展望,202403,20240515,4656,-278,-354,-352,2655,282,767,1537,10.6,-127.31,-12.27,18337400
3186,ネクステージ,202411,20250106,552778,12943,12144,8006,222266,72727,8133,109659,32.7,11.5,4.01,80877900
3187,ミラタップ,202409,20241114,16123,830,796,635,9357,3439,817,3128,36.8,19.81,6.88,19263300
3189,ANAPホールディングス,202408,20241015,2709,-996,-1076,-1187,822,-2077,522,2550,-,-,-95.34,19167300
3190,ホットマン,202403,20240510,20997,287,352,204,15886,7109,1910,4257,44.8,2.89,1.28,7275500
3191,ジョイフル本田,202406,20240802,133325,10568,11645,9091,159689,120979,12000,9120,75.8,7.57,5.67,65412971
3192,白鳩,202502,20250411,6274,35,2,123,5959,2205,1196,3088,37,5.74,2.1,6669700
3193,エターナルホスピタリティグループ,202407,20240913,41914,3248,3261,2127,20654,8692,1491,3409,42.1,27.3,10.64,11622300
3195,ジェネレーションパス,202410,20241213,16235,81,22,-138,4520,1760,627,905,38.9,-7.59,-3.09,8277240
3196,ホットランドホールディングス,202412,20250214,46126,2545,3444,1849,28519,11838,3313,6767,41.5,16.72,7.08,21655600
3197,すかいらーくホールディングス,202412,20250213,401130,24184,21470,13965,470866,173372,25134,106331,36.8,8.32,3.11,227502200
3198,SFPホールディングス,202502,20250414,30389,2186,2281,1485,13963,8732,49,816,62.5,18.03,10.89,22813689
3199,綿半ホールディングス,202403,20240510,128072,2822,3237,1854,79270,22789,1076,20015,28.7,8.42,2.27,19958940
319A,技術承継機構,202412,20250214,11051,1517,1548,901,15416,3902,55,8558,25.3,26.06,5.97,8845978
3201,日本毛織,202411,20250110,115438,11640,12098,8970,179935,122800,6465,13098,68.2,7.6,5.18,76278858
3202,ダイトウボウ,202403,20240509,4033,318,139,153,20349,4926,100,9918,24.2,3.15,0.75,30360000
3204,トーア紡コーポレーション,202412,20250213,18419,687,857,799,34842,13419,3940,12775,38.5,6.16,2.31,8940448
3205,ダイドーリミテッド,202403,20240514,28697,-442,-336,291,40882,13783,6891,13144,33.7,2.12,0.72,30696897
3221,ヨシックスホールディングス,202403,20240510,21117,2322,2538,1809,14572,9902,361,10,68,19.36,13.59,10361000
3222,ユナイテッド・スーパーマーケット・ホールディングス,202502,20250410,811273,5978,6142,810,382604,203081,10000,59085,53.1,0.46,0.24,199100691
3223,エスエルディー,202502,20250414,3661,144,142,143,1074,496,48,100,46.2,32.5,13.48,1560864
3224,ゼネラル・オイスター,202403,20240515,3790,16,29,-95,2235,927,1318,454,41.5,-9.76,-4.11,4772800
3231,野村不動産ホールディングス,202503,20250424,757638,118958,106740,74835,2686569,750049,119706,1545304,27.9,10.39,3.03,917388185
3232,三重交通グループホールディングス,202403,20240509,98218,7368,7537,4750,181293,59006,3000,80583,32.5,8.52,2.72,107301583
3236,プロパスト,202405,20240708,23301,3056,2595,1820,31888,10376,1750,20328,32.5,19.1,5.79,35147915
3237,イントランス,202403,20240513,1292,-154,-162,-139,1158,820,1283,41,70.8,-18.75,-11.89,46552784
3238,セントラル総合開発,202403,20240510,31925,1706,1356,904,36590,9943,1352,22380,27.2,9.5,2.76,9681600
323A,フライヤー,202502,20250414,948,8,2,11,591,226,583,176,38.2,8.18,2.15,3417260
3241,ウィル,202412,20250213,13213,1120,1019,710,15335,4964,322,8637,32.4,15.11,4.78,11548000
3242,アーバネットコーポレーション,202406,20240808,27965,2726,2426,1701,46972,15062,2956,29167,32.1,11.89,3.73,33824100
3245,ディア・ライフ,202409,20241114,46880,4619,4656,3170,47063,24692,4125,18850,52.5,13.08,7.14,44896800
3246,コーセーアールイー,202501,20250313,7648,321,501,341,17021,10208,1562,5124,60,3.34,2.15,10368000
3248,アールエイジ,202410,20241213,4725,890,814,529,14398,4561,167,8786,31.7,12.17,3.79,3181000
324A,ブッキングリゾート,-,-,-,-,-,-,-,-,-,-,-,-,-,5914800
3252,地主,202412,20250213,57068,8677,8265,6087,115417,44567,6461,62818,38.6,16.03,5.61,21569700
325A,TENTIAL,202501,20250317,12837,1452,1438,1061,6262,2291,107,1271,36.6,60.52,24.25,7473300
3261,グランディーズ,202412,20250210,4226,482,466,251,4525,2771,462,1038,61.2,10.39,5.83,4100874
3266,ファンドクリエーショングループ,202411,20250114,5669,434,341,200,5806,3054,1180,2145,52.6,6.78,3.49,37686371
3267,フィル・カンパニー,202411,20250110,7184,424,408,261,7496,2962,789,1480,39.5,9.18,4.03,5778000
3271,THEグローバル社,202406,20240809,27037,1757,3079,2714,49002,7957,1924,36815,16.2,40.97,6.6,28306000
3276,JPMC,202412,20250212,58987,2722,2727,1831,18735,9334,465,1705,49.8,20.37,9.93,19025600
3277,サンセイランディック,202412,20250214,25620,1882,1585,1050,33107,12758,860,18504,38.5,8.46,3.28,8584900
3280,エストラスト,202502,20250411,19218,1998,1931,1339,43917,9536,736,20978,21.7,15,3.37,6167000
3284,フージャースホールディングス,202403,20240514,86418,8943,7599,4806,164399,38795,5000,90662,23.6,13.06,3.08,36916775
3286,トラストホールディングス,202406,20240809,13694,675,607,338,8837,915,422,4854,10.4,43.98,3.7,5204500
3288,オープンハウスグループ,202409,20241114,1295862,119088,120283,92921,1282090,463948,20149,611770,36.2,21.12,7.49,120689300
3289,東急不動産ホールディングス,202403,20240510,1103047,120238,110391,68545,3030751,750144,77562,1590123,24.8,9.55,2.38,719830974
3291,飯田グループホールディングス,202403,20240514,1439180,59174,55653,37204,1811179,971819,10000,593671,53.7,3.84,2.08,280379057
3293,アズマハウス,202403,20240515,13087,1012,961,797,32436,16586,596,13612,51.1,4.87,2.52,8063400
3294,イーグランド,202403,20240510,27321,2013,1845,1264,26851,11045,836,14632,41.1,11.86,4.66,6379100
3297,東武住販,202405,20240711,7263,311,309,212,6291,4191,302,1532,66.6,5.13,3.55,2712400
3299,ムゲンエステート,202412,20250214,62187,9623,8858,6086,87503,31984,2552,48816,36.6,20.38,7.25,24361000
3300,アンビション_DX_ホールディングス,202406,20240813,42065,2726,2507,1638,26892,6132,427,16078,22.8,30.57,6.91,7008600
3302,帝国繊維,202412,20250214,31481,3459,4553,3253,82850,66270,1635,100,80,4.97,4.01,27584400
3306,日本製麻,202403,20240513,4334,305,321,127,4623,1849,100,732,40,7.27,2.93,4413320
330A,TalentX,-,-,-,-,-,-,-,-,-,-,-,-,-,5764200
3315,日本コークス工業,202403,20240510,135152,4390,3640,1898,140713,56355,7000,45932,40,3.43,1.35,302349449
3317,フライングガーデン,202403,20240507,7785,550,576,396,4454,2950,50,-,66.2,14.3,9.39,1449168
3319,ゴルフダイジェスト・オンライン,202412,20250214,57006,-823,-862,-1698,47152,-13,1458,21316,-,9.04,-3.62,18274000
331A,メディックス,-,-,-,-,-,-,-,-,-,-,-,-,-,8080000
3320,クロスプラス,202501,20250314,62004,1029,1275,1289,27658,16905,1944,2918,61.1,7.96,4.6,7718800
3321,ミタチ産業,202405,20240705,38899,1591,1706,1222,20129,14471,843,297,71.9,8.87,5.97,7969594
3323,レカム,202409,20241114,11687,269,307,83,12645,4963,2447,4424,39.2,1.72,0.71,82630255
3326,ランシステム,202403,20240509,7366,127,96,99,3944,176,100,2409,4.5,78.57,2.69,4380900
3328,BEENOS,202409,20241107,25428,2401,2221,1351,31529,14256,3175,4450,45.2,9.99,4.55,13608995
3329,東和フードサービス,202404,20240530,12382,997,1049,704,8720,6616,50,-,75.9,11.15,8.2,8186400
332A,ミーク,-,-,-,-,-,-,-,-,-,-,-,-,-,11450900
3333,あさひ,202502,20250404,81593,5485,5626,3555,54452,39116,2061,-,71.8,9.35,6.64,26240800
3341,日本調剤,202503,20250430,360512,6239,6915,1391,197105,59097,3953,57058,30,2.37,0.71,31048000
3347,トラスト,202403,20240514,41090,2814,2806,1114,50134,9632,1349,6900,19.2,12.22,2.49,26950000
3349,コスモス薬品,202405,20240712,964989,31501,34299,24454,476546,231442,4178,27966,48.6,11.05,5.45,80001600
334A,ビジュアル・プロセッシング・ジャパン,-,-,-,-,-,-,-,-,-,-,-,-,-,1661900
3350,メタプラネット,202412,20250210,1062,350,5993,4439,30325,16939,-,11250,55.9,49.13,27.75,459906340
3352,バッファロー,202403,20240509,11216,413,459,114,8493,5994,653,14,70.6,1.9,1.36,2345874
3353,メディカル一光グループ,202502,20250404,48393,1692,1816,1133,34231,14098,917,9841,41.2,8.29,3.44,3770000
3355,クリヤマホールディングス,202412,20250214,77895,4539,5250,3545,70781,45122,783,5939,63.7,8.37,5.24,22300200
3358,ワイエスフード,202403,20240515,1422,36,71,37,1991,1497,1363,-,75.2,2.53,1.62,32302500
3359,cotta,202409,20241114,8951,477,534,341,6394,4160,665,1123,65.1,8.46,5.32,11223513
335A,ミライロ,-,-,-,-,-,-,-,-,-,-,-,-,-,10820100
3360,シップヘルスケアホールディングス,202403,20240510,630988,24535,25215,13789,386819,139517,15553,57930,36.1,10.31,3.59,101669400
3361,トーエル,202404,20240613,27102,2284,2865,2178,27986,21390,886,184,76.4,10.71,7.93,20805640
336A,ダイナミックマッププラットフォーム,-,-,-,-,-,-,-,-,-,-,-,-,-,23624850
3370,フジタコーポレーション,202403,20240515,4588,93,127,52,2848,139,889,2176,4.9,37.41,1.83,3413300
3371,ソフトクリエイトホールディングス,202403,20240509,27912,5169,5355,3257,31298,18605,854,-,59.4,19.36,11.53,27550278
3372,関門海,202403,20240515,5015,249,205,330,4604,910,10,2986,19.8,44.5,6.97,14000900
3374,内外テック,202403,20240515,39013,1218,1189,848,27147,11438,1863,4379,42.1,7.65,2.97,3553098
3375,ZOA,202403,20240510,8598,419,425,293,5404,2706,331,1277,50.1,11.31,5.55,1454000
3377,バイク王＆カンパニー,202411,20250110,33965,286,584,187,12457,6491,590,1798,52.1,2.88,1.5,15315600
3382,セブン＆アイ・ホールディングス,202502,20250409,11972762,420991,374586,173068,11386111,4030211,50000,2694729,35.4,4.47,1.57,2604555849
3386,コスモ・バイオ,202412,20250214,10037,318,364,262,11723,8968,918,20,76.5,3.01,2.32,6048000
3387,クリエイト・レストランツ・ホールディングス,202502,20250414,156354,8504,7659,5590,137168,40168,50,26216,29.3,14.68,4.17,212814284
3388,明治電機工業,202403,20240514,74580,2914,3332,2426,52148,32778,1658,25,62.9,7.83,4.69,12765820
338A,ZenmuTech,-,-,-,-,-,-,-,-,-,-,-,-,-,1356000
3391,ツルハホールディングス,202502,20250411,845603,37894,37840,17207,583362,281238,11626,37875,48.2,-,-,49558368
3392,デリカフーズホールディングス,202403,20240510,52823,1134,1258,1013,28848,8750,1772,13405,30.3,12.3,3.77,16372000
3393,スターティアホールディングス,202403,20240515,19571,2282,2253,1546,14689,6787,824,4151,46.2,24.78,11.2,10240400
3395,サンマルクホールディングス,202403,20240513,64556,2620,2753,969,49016,30133,1731,6024,61.5,3.21,1.98,22941111
3396,フェリシモ,202502,20250408,29449,70,227,136,28889,19271,1868,-,66.7,0.71,0.47,10043500
3397,トリドールホールディングス,202403,20240514,231952,11647,10839,5675,322357,80826,4834,77185,25.1,7.55,1.93,88434952
3399,丸千代山岡家,202501,20250314,34585,3708,3833,2832,14452,6668,325,2425,46.1,53.77,22.11,10056400
339A,プログレス・テクノロジーズ_グループ,202502,20250414,5649,914,856,584,8819,3657,10,2777,41.5,17.39,7.08,7779400
3401,帝人,202403,20240513,1032773,13542,15564,10599,1251021,454111,71833,478196,36.3,2.41,0.85,197953707
3402,東レ,202403,20240513,2464596,57651,59567,21897,3466518,1736034,147873,910404,50.1,1.34,0.66,1631481403
3405,クラレ,202412,20250212,826895,85081,81480,31724,1291238,764013,88955,244282,59.2,4.29,2.49,324863603
3407,旭化成,202403,20240509,2784878,140746,90118,43806,3662730,1813391,103389,917017,49.5,2.52,1.23,1365751932
3409,北日本紡績,202403,20240514,1307,-61,-42,-115,1857,899,1223,540,48.4,-12.39,-5.86,25481494
340A,ジグザグ,-,-,-,-,-,-,-,-,-,-,-,-,-,2407440
3415,TOKYO_BASE,202501,20250317,20207,1472,1475,776,11454,5097,623,3885,44.5,14.61,6.65,43459482
3416,ピクスタ,202412,20250214,2882,574,566,393,2609,1125,332,19,43.1,37.7,16,2296640
3417,大木ヘルスケアホールディングス,202403,20240517,334661,2042,3259,2210,138576,27838,2486,6945,20.1,8.51,1.69,14072100
3418,バルニバービ,202407,20240913,13452,647,646,538,10171,3303,466,4193,32.5,17.48,5.66,10962380
341A,トヨコー,-,-,-,-,-,-,-,-,-,-,-,-,-,13581600
3420,ケー・エフ・シー,202403,20240515,25070,1621,1720,1177,29618,20616,565,490,69.6,5.86,4.22,7378050
3421,稲葉製作所,202407,20240913,42414,3064,3402,2441,60542,43570,1132,-,72,5.68,4.08,17022429
3422,J-MAX,202403,20240510,54347,1041,731,-1026,51738,19907,1950,16857,38.5,-5.09,-2.04,11857200
3423,エスイー,202403,20240510,26474,1364,1373,969,26432,10985,1228,5774,41.6,9.07,3.73,31256600
3426,アトムリビンテック,202406,20240805,10162,333,371,254,13187,10150,300,-,77,2.52,1.95,4105000
3431,宮地エンジニアリンググループ,202403,20240514,69365,7904,7908,4354,74146,39696,3000,300,53.5,11.58,6.35,27677816
3433,トーカロ,202403,20240509,46735,9197,9662,6326,77940,55460,2658,5001,71.2,11.58,8.31,61200000
3434,アルファ,202403,20240510,74544,2438,3088,1802,67948,34231,2760,16232,50.4,5.65,2.78,10200000
3435,サンコーテクノ,202403,20240510,21142,2066,2042,1740,24629,17243,768,2588,70,10.61,7.64,8745408
3436,SUMCO,202412,20250207,396619,36924,37457,19877,1172683,592115,199034,353671,50.5,3.41,1.77,350175139
3437,特殊電極,202403,20240515,9587,495,518,379,11575,7202,484,884,62.2,5.38,3.37,1602000
3439,三ツ知,202406,20240731,13147,466,637,419,16450,9982,405,3367,60.7,4.36,2.53,5304040
343A,IACEトラベル,-,-,-,-,-,-,-,-,-,-,-,-,-,4760000
3440,日創プロニティ,202408,20241015,17694,1275,1362,1094,22405,12058,1176,7151,53.8,9.42,4.94,6832500
3441,山王,202407,20240913,8802,232,363,312,12054,6419,962,3985,53.3,5.05,2.64,5000000
3443,川田テクノロジーズ,202403,20240514,129127,8734,10538,7541,160216,81878,5311,27139,51.1,9.58,4.68,17474210
3444,菊池製作所,202404,20240614,5209,-649,-977,-818,8819,4387,1303,1762,49.7,-18.22,-9.14,12337700
3445,RSTechnologies,202412,20250214,59200,13108,15668,9446,182146,68394,5701,9497,37.5,15.18,5.85,26422770
3446,ジェイテックコーポレーション,202406,20240809,2010,285,310,199,3567,2696,837,521,75.6,7.69,5.66,5890600
3447,信和,202403,20240510,12678,700,652,409,20675,15310,153,3453,74.1,2.65,1.95,14103000
3449,テクノフレックス,202412,20250210,22041,2196,2135,1313,35891,23358,1000,8021,65.1,5.73,3.84,21360000
3452,ビーロット,202412,20250214,30933,6340,5810,3941,56900,17641,1992,34350,31,24.41,6.91,20032400
3454,ファーストブラザーズ,202411,20250110,16865,2838,2193,1416,89141,24800,100,58173,27.8,5.77,1.58,14445000
3457,And_Doホールディングス,202406,20240814,67579,3587,3457,2476,79568,17220,3457,54915,21.6,15.2,3.05,19913600
3458,シーアールイー,202407,20240913,66901,8045,6816,4341,142557,41105,5365,77837,28.8,10.91,3.09,29400700
3461,パルマ,202409,20241111,2810,123,141,80,3544,2338,600,715,66,3.46,2.23,6765489
3465,ケイアイスター不動産,202403,20240513,283084,11362,10130,6856,246050,54490,4816,154314,22.1,13,3.08,15863800
3467,アグレ都市デザイン,202403,20240513,27605,1610,1292,873,25037,5993,390,17061,23.9,14.57,3.49,5754000
3469,デュアルタップ,202406,20240814,5172,-255,-331,-386,5996,1780,223,3707,29.7,-19.42,-6.85,3541900
3474,G-FACTORY,202412,20250214,6348,-20,17,-332,4365,1375,53,936,31.5,-21.77,-7.44,6816500
3475,グッドコムアセット,202410,20241213,59753,5451,4938,3320,39460,13937,1595,19827,35.3,25.99,7.14,30530400
3477,フォーライフ,202403,20240513,13987,261,211,151,7885,3473,154,3622,44,4.42,1.85,4000000
3479,ティーケーピー,202502,20250414,59208,5915,5825,3789,121394,41341,16388,50834,34.1,9.34,3.78,42414085
3480,ジェイ・エス・ビー,202410,20250123,69529,8106,7886,7452,79973,37897,4301,26033,47.4,21.63,10.17,21923600
3482,ロードスターキャピタル,202412,20250214,34421,11447,10699,6871,107403,25087,1402,62759,23.4,31.2,7.51,21444000
3484,イノベーションホールディングス,202403,20240513,14263,974,1011,666,13697,3318,308,-,24.2,20.45,5.01,17674400
3486,グローバル・リンク・マネジメント,202412,20250214,64482,5732,5138,3413,36414,11570,582,21297,31.8,33.3,9.97,16012016
3489,フェイスネットワーク,202403,20240515,22284,2090,1784,943,26609,7431,681,15859,27.9,12.69,3.54,9960000
3490,アズ企画設計,202502,20250410,12430,975,740,461,13239,2958,385,9254,22.3,16.91,3.98,1208000
3491,GA_technologies,202410,20241211,189883,3878,3143,1841,77130,22843,7372,23372,29.6,8.48,2.66,41011615
3494,マリオン,202409,20241113,2876,695,522,342,18822,4318,1387,8733,22.9,8.23,1.82,8011000
3495,香陵住販,202409,20241114,10035,1001,979,722,16414,5259,386,7170,32,14.59,4.73,2759400
3496,アズーム,202409,20241113,10541,1828,1827,1288,5554,3728,66,110,67.1,41.01,27.01,6030400
3497,LeTech,202407,20240917,14795,1530,1109,1079,24530,5217,52,16210,21.3,22.83,4.67,4874138
3498,霞ヶ関キャピタル,202408,20241002,65685,8537,7860,5020,77549,26851,9287,41775,34.6,26.49,8.28,9880780
3501,SUMINOE,202405,20240712,103478,3300,3668,874,92199,32038,9554,18089,34.7,2.87,0.97,15364324
350A,デジタルグリッド,-,-,-,-,-,-,-,-,-,-,-,-,-,6183300
3512,日本フエルト,202403,20240515,10082,468,663,487,25070,19928,2435,800,79.5,2.58,2,18342089
3513,イチカワ,202403,20240515,13603,1115,1168,1018,29242,21351,3594,860,73,4.98,3.64,4967151
3521,エコナックホールディングス,202403,20240514,1892,188,183,96,6008,4728,100,793,78.7,2.05,1.58,26466366
3524,日東製網,202404,20240613,20899,431,836,546,29522,6775,1378,16454,22.9,8.36,1.89,2605000
3526,芦森工業,202403,20240510,68389,3753,4202,3217,53861,22518,8388,12936,41.8,15.72,6.1,6056939
3529,アツギ,202403,20240515,21209,-425,-51,1331,42014,33441,20000,909,79.6,4.14,3.22,17319568
352A,LIFE_CREATE,-,-,-,-,-,-,-,-,-,-,-,-,-,12629871
3536,アクサスホールディングス,202408,20241015,11718,14,-102,31,16607,2026,50,13072,12.2,1.51,0.18,30325252
3537,昭栄薬品,202403,20240513,22595,440,651,491,16815,8137,248,600,48.4,6.33,3.11,3579105
3538,ウイルプラスホールディングス,202406,20240814,47745,1494,1559,1124,32155,9805,388,13175,30.5,11.5,4.03,10402220
3539,JMホールディングス,202407,20240912,172331,9149,9318,5465,71359,43583,2229,8073,61.1,13.23,7.98,25479500
3540,歯愛メディカル,202412,20250212,67493,2493,2621,6266,63166,26095,10,21209,41.3,27.15,11.97,50000000
3541,農業総合研究所,202408,20241015,7223,93,101,108,2665,1032,50,358,38.7,11.05,4.25,22025900
3542,ベガコーポレーション,202403,20240515,16063,771,790,394,7209,5566,1037,-,77.2,7.25,5.49,10692600
3543,コメダホールディングス,202502,20250409,47057,8820,8612,5814,105739,45618,672,9111,43.1,13.11,5.58,46267500
3544,サツドラホールディングス,202405,20240620,95520,1384,1336,470,44905,9128,1003,16139,20.3,5.26,1.07,14236564
3546,アレンザホールディングス,202502,20250410,153345,3509,3953,2088,87431,30603,2011,24866,35,6.91,2.38,30193386
3547,串カツ田中ホールディングス,202411,20250114,16864,847,846,380,7345,2468,306,2141,33.6,16.26,5.29,9428280
3548,バロックジャパンリミテッド,202502,20250414,58180,812,-1683,-2575,34051,15630,8258,8000,45.9,-14.74,-7.22,36676300
3549,クスリのアオキホールディングス,202405,20240704,436875,18569,20101,12307,303453,110558,1167,90014,36.4,11.77,4.26,105097680
3550,スタジオアタオ,202502,20250411,3696,182,182,68,3171,2501,398,198,78.9,2.72,2.03,14037000
3551,ダイニック,202403,20240515,42101,1237,1488,847,59971,24388,5795,19312,40.7,3.58,1.44,8504747
3553,共和レザー,202403,20240508,52037,2567,2704,1958,60653,36333,1810,358,59.9,5.61,3.45,24500000
3556,リネットジャパングループ,202409,20241114,11676,-1263,-1184,-1882,8449,256,1249,2868,3,-166.55,-16.2,14602600
3557,ユナイテッド＆コレクティブ,202502,20250411,6492,115,87,59,3974,314,642,2748,7.9,-,1.49,4532300
3558,ジェイドグループ,202502,20250414,19231,1535,1551,509,12066,5421,50,705,44.9,8.74,4.27,11487360
3559,ピーバンドットコム,202403,20240514,2015,132,132,93,1609,1299,181,-,80.7,7.35,5.93,4987606
3560,ほぼ日,202408,20241011,7534,547,543,399,6492,4523,350,-,69.7,9.15,6.47,2321800
3561,力の源ホールディングス,202403,20240515,31776,3296,3489,2186,17229,9269,3141,2711,53.8,25.86,12.6,30308000
3562,No.1,202502,20250411,14209,1039,1036,574,8706,4459,650,1501,51.2,13.98,6.83,7018620
3563,FOOD＆LIFE_COMPANIES,202409,20241108,361129,23384,21653,14633,365154,76568,100,84523,21,19.78,4.09,116069184
3565,アセンテック,202501,20250317,14586,868,1218,859,9309,4197,435,-,45.1,23.5,12.33,14580000
3566,ユニフォームネクスト,202412,20250206,8393,447,467,325,4946,3358,368,408,67.9,10.14,7.21,10112598
3569,セーレン,202403,20240513,141915,14068,16214,12156,187458,123643,17520,18900,66,10.66,6.84,64633646
3571,ソトー,202403,20240509,10709,341,464,2704,18808,14266,100,508,75.9,21.78,16.28,13933757
3577,東海染工,202403,20240509,13215,42,135,129,14553,6836,4300,2465,47,1.97,0.91,3614252
3580,小松マテーレ,202403,20240508,36670,1856,2643,1843,49998,37807,4680,-,75.6,5.01,3.78,43140999
3583,オーベクス,202403,20240510,5387,560,600,436,9721,6256,1939,1786,64.4,7.21,4.58,3092623
3591,ワコールホールディングス,202403,20240515,187208,-9503,-8290,-8632,294029,211829,13260,9146,72,-4.09,-2.98,55500000
3593,ホギメディカル,202503,20250424,39138,3810,3645,1520,97895,74324,7123,13669,75.9,1.89,1.54,22535463
3597,自重堂,202406,20240808,16863,2610,2947,2015,41614,38326,2982,-,92.1,5.34,4.8,2882848
3598,山喜,202403,20240515,11448,221,262,214,11183,4199,3355,4373,37.5,5.3,1.82,14950074
3600,フジックス,202403,20240514,5805,-115,-6,90,11572,9283,923,-,80.2,1,0.8,1468093
3604,川本産業,202403,20240508,29631,410,563,401,19549,7084,883,5956,36.2,5.84,2.05,6000000
3607,クラウディアホールディングス,202408,20241001,13219,341,388,192,12813,3829,50,5806,29.9,5.1,1.55,9689200
3608,TSIホールディングス,202502,20250411,156606,1636,2076,15230,141159,107905,15000,1654,76.4,14.86,11.09,74105793
3611,マツオカコーポレーション,202403,20240514,60176,792,4493,2457,65697,33264,586,14348,50.6,7.83,3.93,10532600
3612,ワールド,202502,20250403,225658,16796,15506,11105,273880,81254,511,86779,29.7,13.6,4.32,34390965
3622,ネットイヤーグループ,202503,20250430,3377,82,83,-33,3135,2641,570,-,84.2,-1.23,-1.04,6999000
3623,ビリングシステム,202412,20250214,4218,626,623,406,25954,2832,1237,-,10.9,15.23,1.72,6564400
3624,アクセルマーク,202409,20241114,1584,-305,-250,-388,925,459,61,356,49.6,-59.37,-33.06,15945000
3625,テックファームホールディングス,202406,20240809,5072,239,261,155,4065,2275,1000,1101,56,6.98,3.83,7515000
3626,TIS,202403,20240508,549004,64568,68553,48873,525456,312410,10001,37907,59.5,16.04,9.9,236233411
3627,テクミラホールディングス,202502,20250411,11165,91,102,-140,10572,6056,2420,2752,57.3,-2.27,-1.35,12599800
3628,データホライゾン,202406,20240808,5007,-789,-773,-807,6660,3111,2156,2460,46.7,-23.07,-12.37,12711780
3632,グリーホールディングス,202406,20240801,61309,5981,7123,4630,128788,94947,100,16700,73.7,4.95,3.65,179749700
3633,GMOペパボ,202412,20250205,10922,829,937,591,11418,2389,262,700,20.9,28.14,5.3,5468700
3634,ソケッツ,202403,20240510,1018,-79,-78,-100,970,668,505,-,68.9,-13.85,-9.97,2477400
3635,コーエーテクモホールディングス,202503,20250430,83150,32119,49988,37628,209828,188548,15000,-,89.9,20.71,16.52,336096924
3636,三菱総合研究所,202409,20241030,115362,7060,8147,5003,119732,67631,6336,-,56.5,7.5,4.21,16044000
3639,ボルテージ,202406,20240808,3456,-94,15,5,2836,2169,1250,104,76.5,0.23,0.17,6518975
3640,電算,202403,20240515,15974,1290,1233,898,19547,10817,1395,3466,55.3,9.11,4.52,5837200
3641,パピレス,202403,20240515,17175,255,544,217,14532,10270,414,-,70.7,2.21,1.55,10326880
3645,メディカルネット,202405,20240712,5252,298,322,5,3989,1907,286,1029,47.8,0.26,0.13,10773000
3646,駅探,202403,20240509,4038,23,27,-736,2735,1700,291,367,62.2,-35.16,-25,6018800
3647,ジー・スリーホールディングス,202408,20241011,259,-666,-680,-742,1550,1007,1171,53,65,-58.47,-40.22,19372720
3648,AGS,202403,20240513,22092,1272,1286,936,20820,13852,1431,-,66.5,6.86,4.57,17327932
3649,ファインデックス,202412,20250213,5841,1525,1544,1162,6684,5603,254,-,83.8,22.26,18.42,26608800
3652,ディジタルメディアプロフェッショナル,202403,20240514,3016,328,330,331,3919,3457,1838,-,88.2,10.06,8.53,3152400
3653,モルフォ,202410,20241213,3300,257,298,301,4262,3640,1858,-,85.4,8.87,7.55,5508500
3655,ブレインパッド,202406,20240809,10561,1348,1357,909,7257,5534,597,-,76.3,17.43,13.2,22300596
3656,KLab,202412,20250213,8306,-1342,-1280,-2782,15784,10360,6220,2220,65.6,-25.55,-16.59,51882400
3657,ポールトゥウィンホールディングス,202501,20250314,52225,786,756,-692,28441,12438,1239,7095,43.7,-5.35,-2.62,38156000
3659,ネクソン,202412,20250213,446211,124176,195987,134848,1256771,1019013,50797,-,81.1,14.08,11.45,822970201
3660,アイスタイル,202406,20240814,56085,1940,1721,1214,28141,10978,5719,8393,39,11.52,4.63,81995593
3661,エムアップホールディングス,202403,20240515,18574,2825,2867,1481,19549,6351,317,-,32.5,23.66,8.23,36496388
3662,エイチームホールディングス,202407,20240906,23917,562,609,953,16291,10252,838,2535,62.9,9.55,6.32,19789200
3663,セルシス,202412,20250214,8204,2146,2279,1399,8431,5349,10,-,63.4,23.6,16.48,36271180
3664,モブキャストホールディングス,202412,20250214,3071,-157,-189,-169,2247,316,179,1299,14.1,-50.37,-7.13,56701408
3665,エニグモ,202501,20250317,5928,739,693,433,14444,11391,381,208,78.9,3.8,3,42642000
3667,enish,202412,20250214,3317,-815,-862,-882,1760,886,4389,300,50.3,-126.82,-48.29,29083560
3668,コロプラ,202409,20241106,25975,-1208,-947,-1866,79805,71380,6635,999,89.4,-2.53,-2.31,130230769
3670,協立情報通信,202403,20240509,5469,283,285,258,3278,2014,204,-,61.4,12.81,7.87,1205600
3671,ソフトマックス,202412,20250213,5428,662,700,480,7535,3517,442,1411,46.7,14.25,6.74,5999364
3672,オルトプラス,202409,20241107,3516,-452,-416,-452,1541,773,67,-,50.2,-52.53,-26.29,39402033
3673,ブロードリーフ,202412,20250207,18045,674,544,343,39894,23142,7147,6134,58,1.5,0.9,97896800
3674,オークファン,202409,20241114,4840,356,353,187,7692,4408,973,1657,57.3,4.14,2.53,10813700
3675,クロス・マーケティンググループ,202406,20240809,26185,1844,1912,1192,16629,7081,646,4977,42.6,18.22,7.71,19970464
3676,デジタルハーツホールディングス,202403,20240509,38790,2039,2059,176,21103,8416,300,7095,39.9,2.04,0.87,23890800
3678,メディアドゥ,202502,20250414,101914,2475,2360,1363,53160,17600,5990,3865,33.1,8.07,2.6,15172972
3679,じげん,202403,20240509,23249,5394,5430,3800,34535,19449,125,3554,56.3,21.4,11.71,111700000
3680,ホットリンク,202412,20250213,4268,-705,-487,-564,7871,5856,2438,639,74.4,-9.41,-6.89,15965800
3681,ブイキューブ,202412,20250221,10463,-236,-320,-1417,10481,-138,10,7434,-,-243.83,-12.42,26343900
3682,エンカレッジ・テクノロジ,202403,20240510,2498,318,321,218,4882,3425,507,-,70.2,6.44,4.8,6924200
3683,サイバーリンクス,202412,20250214,15870,1255,1266,814,13551,8044,883,2802,59.4,10.57,6.12,11393015
3686,ディー・エル・イー,202403,20240513,1705,-658,-659,-562,3617,2798,2933,1,77.4,-20.58,-16.53,42514200
3687,フィックスターズ,202409,20241107,7995,2304,2305,1494,8729,6727,554,493,77.1,24.16,17.67,33635000
3688,CARTAホールディングス,202412,20250213,24275,2139,2384,1688,48344,24179,1614,-,50,7.08,3.44,25300971
3690,イルグルム,202409,20241106,3636,164,162,68,3524,1877,318,844,53.3,3.56,2.03,6372415
3691,デジタルプラス,202409,20241114,838,56,83,21,2335,721,125,745,30.9,3.46,1.05,4446867
3692,FFRIセキュリティ,202403,20240514,2446,497,540,432,3381,2181,286,-,64.5,21.98,14.38,8190000
3694,オプティム,202403,20240515,10243,1940,1844,1171,9562,7250,444,314,75.8,17.55,13.17,55198528
3695,GMOリサーチ＆AI,202412,20250212,5025,235,248,183,2996,2099,299,-,70.1,8.83,6.11,4446357
3696,セレス,202412,20250214,27706,2228,2677,1480,32976,11149,2125,9513,33.8,14.56,5.03,12084600
3697,SHIFT,202408,20241010,110627,10537,10753,5127,62717,33687,21,9577,53.7,16.37,9.14,267500670
3698,CRI・ミドルウェア,202409,20241107,3167,368,383,304,5360,3733,784,1000,69.6,8.39,5.78,5578150
3708,特種東海製紙,202403,20240515,86517,2296,6188,4590,132978,76867,11485,26914,57.8,6.16,3.58,13000000
3710,ジョルダン,202409,20241115,2928,-189,-166,-118,5296,4404,277,10,83.2,-2.61,-2.15,5255000
3712,情報企画,202409,20241107,3612,1428,1447,1012,7521,6207,326,-,82.5,17.29,14.21,4090000
3719,AIストーム,202412,20250213,1422,131,116,147,2336,1169,95,404,50,12.98,8.32,24291132
3723,日本ファルコム,202409,20241113,2524,1240,1244,852,10703,10179,164,-,95.1,8.64,8.18,10280000
3726,フォーシーズHD,202409,20241114,2257,-126,-129,-273,2293,1171,1586,544,51.1,-32.37,-13.87,10077670
3727,アプリックス,202412,20250214,3707,218,212,157,3885,2594,62,518,66.8,6.11,4.39,21886130
3733,ソフトウェア・サービス,202410,20241206,38425,7274,7336,5328,44893,36431,847,-,81.2,15.65,12.56,5488000
3741,セック,202403,20240513,8534,1467,1547,1105,10108,8398,477,36,83.1,13.81,11.45,5120000
3744,サイオス,202412,20250214,20561,35,189,351,8085,1435,1481,49,17.7,27.7,4.75,8874400
3747,インタートレード,202409,20241114,1849,80,-159,-97,1645,1221,1478,266,74.2,-7.63,-5.76,7444800
3750,サイトリ細胞研究所,202403,20240514,1560,-772,-906,138,5816,2580,100,2471,44.4,5.5,1.39,8929419
3753,フライトソリューションズ,202403,20240515,3208,-103,-94,-105,1657,452,1205,781,27.3,-20.57,-6.34,11756500
3758,アエリア,202412,20250214,19155,-42,-52,-739,20263,8377,100,7446,41.3,-8.27,-3.57,23649428
3760,ケイブ,202405,20240712,12274,1870,1943,1475,14357,5007,182,983,34.9,35.9,10.59,6693500
3762,テクマトリックス,202403,20240509,53303,5850,5854,3540,85756,21744,1298,670,25.4,17.39,4.67,44518400
3763,プロシップ,202403,20240510,6812,1632,1877,1349,9729,7306,722,-,75.1,19.59,14.7,15670700
3765,ガンホー・オンライン・エンターテイメント,202412,20250214,103600,17491,20013,11171,175464,127312,5338,-,72.6,8.77,6.5,69161416
3766,システムズ・デザイン,202403,20240510,9458,524,562,341,6328,4459,333,-,70.5,7.88,5.57,3500000
3768,リスクモンスター,202403,20240510,3666,300,290,160,6786,5946,1188,35,87.6,2.73,2.38,7636922
3769,GMOペイメントゲートウェイ,202409,20241112,73785,25187,27504,18705,344702,102895,13323,53104,29.9,19.17,5.87,76557545
3770,ザッパラス,202404,20240614,4373,280,350,162,6202,5677,1476,-,91.5,2.84,2.6,10739000
3771,システムリサーチ,202403,20240508,23320,2703,2768,1969,16145,10509,550,1441,65.1,20.06,12.99,16720000
3772,ウェルス・マネジメント,202403,20240510,28625,3028,2638,1824,55230,18544,2295,29793,33.6,10.63,3.47,19179800
3773,アドバンスト・メディア,202403,20240510,6001,1367,1414,1005,15825,11232,6930,2679,71,9.62,6.56,18392724
3774,インターネットイニシアティブ,202403,20240510,276080,29029,28934,19831,273713,125751,25562,30180,45.9,16.26,7.63,183184884
3776,ブロードバンドタワー,202412,20250207,13423,668,889,404,19791,8645,3470,2934,43.7,4.77,2.06,61773500
3777,環境フレンドリーホールディングス,202412,20250214,17237,-53,-69,-154,3508,3169,30,31,90.3,-4.9,-4.47,289756980
3778,さくらインターネット,202503,20250428,31412,4145,4060,2937,81419,30055,11283,15064,36.9,14.99,5.26,41890700
3779,ジェイ・エスコムホールディングス,202403,20240510,1587,-248,-237,-295,2618,236,50,422,9,-77.53,-10.85,11567990
3787,テクノマセマティカル,202403,20240514,527,-157,-141,-144,2187,2070,2032,-,94.7,-6.74,-6.42,2593100
3788,GMOグローバルサイン・ホールディングス,202412,20250212,19166,1246,1297,854,18027,9461,916,2612,52.5,9.44,5.07,11693000
3791,IGポート,202405,20240712,11841,1225,1380,1158,14001,7291,781,200,52.1,17.26,8.73,20221600
3793,ドリコム,202403,20240513,9779,903,793,104,14148,5616,1842,6470,39.7,1.86,0.79,29340212
3796,いい生活,202403,20240514,2808,176,208,146,2540,1946,628,-,76.6,7.72,5.96,7280700
3798,ULSグループ,202403,20240510,10382,1757,1758,1131,11010,8400,877,-,76.3,14.23,10.99,6228800
3799,キーウェアソリューションズ,202403,20240514,20511,873,1090,729,12525,8639,1737,-,69,8.87,6.16,9110000
3800,ユニリタ,202403,20240514,11982,1023,1164,815,15763,11725,1330,-,74.4,7.07,5.28,8000000
3802,エコミック,202403,20240510,2156,172,183,127,2110,1819,564,114,86.2,8.15,6.64,4693200
3803,イメージ情報開発,202403,20240515,527,-13,-7,-20,627,336,301,-,53.6,-5.76,-3,2080000
3804,システムディ,202410,20241216,4631,828,830,555,6963,4505,484,312,64.7,12.91,8.4,6498000
3807,フィスコ,202412,20250219,867,-327,-325,-530,1784,235,14,8,13.2,-203.07,-27.34,45908222
3810,サイバーステップ,202405,20240716,2986,-1455,-1520,-1458,2045,1117,3632,208,54.6,-89.23,-54.17,17446382
3814,アルファクス・フード・システム,202409,20241113,1659,72,80,63,1444,74,905,1124,5.1,148.24,4.17,3979100
3815,メディア工房,202408,20241011,2012,-141,-148,-270,2651,1045,451,1286,39.4,-22.59,-10.07,11300000
3816,大和コンピューター,202407,20240906,3291,565,600,342,6121,5101,382,79,83.3,6.92,5.76,3949762
3817,SRAホールディングス,202403,20240514,47125,6907,8575,4584,47329,29178,1000,90,61.6,16.64,10.22,15240000
3823,THE_WHY_HOW_DO_COMPANY,202408,20241018,747,-247,-290,-961,1534,749,1617,460,48.8,-132.01,-66.57,104020693
3825,リミックスポイント,202403,20240514,20487,1743,1758,1070,19714,17962,10,615,91.1,6.15,5.49,125350800
3826,システムインテグレータ,202502,20250414,4768,271,302,583,4981,4111,367,-,82.5,14.18,11.7,11078400
3834,朝日ネット,202403,20240509,12217,1965,1986,1289,14279,12506,630,-,87.6,10.54,9.23,32000000
3835,eBASE,202403,20240515,5192,1651,1662,1144,7809,6934,190,-,88.8,17.31,15.43,47164800
3836,アバントグループ,202406,20240802,24419,4099,4121,2850,21896,13293,345,-,60.7,22.25,14.04,37645851
3837,アドソル日進,202403,20240509,14078,1437,1485,979,10201,7147,575,-,70.1,14.29,10.02,17889930
3839,ODKソリューションズ,202503,20250430,6472,516,576,263,9253,6304,637,1095,68.1,4.26,2.93,8200000
3840,パス,202403,20240515,2320,-172,-168,-175,1677,1194,1134,-,71.2,-15.41,-11.19,73377036
3841,ジーダット,202403,20240510,2060,302,374,328,4516,3534,762,-,78.3,9.6,7.28,3909800
3842,ネクストジェン,202403,20240510,3522,181,173,166,3277,1958,1127,473,59.7,8.84,5.29,3091800
3843,フリービット,202404,20240614,53037,5887,5756,3566,38183,11630,4514,12877,30.5,35.89,9.62,23414000
3844,コムチュア,202403,20240510,34185,4600,4597,3135,23442,16805,1022,200,71.7,19.65,13.88,32241600
3845,アイフリークモバイル,202403,20240515,2571,-95,-76,-99,1286,667,10,254,51.9,-13.31,-7.98,21339641
3847,パシフィックシステム,202403,20240514,10925,852,866,580,9244,6185,777,-,66.9,9.78,6.64,1480000
3848,データ・アプリケーション,202403,20240513,2919,549,570,493,6007,4569,430,59,76.1,11.53,8.78,7414000
3850,エヌ・ティ・ティ・データ・イントラマート,202403,20240510,9257,376,402,350,8530,4922,738,45,57.7,7.26,4.37,4955000
3851,日本一ソフトウェア,202403,20240510,5339,401,842,593,10818,7957,557,1173,73.6,8.03,5.87,5151100
3853,アステリア,202403,20240514,2909,-3641,-3241,-1811,7587,5582,2275,456,73.6,-28.49,-19.9,17491265
3854,アイル,202407,20240906,17508,4263,4285,2887,14153,9680,354,-,68.4,33.15,21.98,25042528
3856,Abalance,202406,20240814,208972,23349,24894,9530,150173,23800,2518,44441,15.8,52.37,6.49,19033193
3858,ユビキタスAI,202403,20240515,3478,71,87,32,3732,2333,1483,285,62.5,1.38,0.98,10459000
3861,王子ホールディングス,202403,20240514,1696268,72600,85987,50812,2442482,1066381,103880,736716,43.7,5.07,2.14,1014381817
3863,日本製紙,202403,20240515,1167314,17266,14550,22747,1731245,468789,104873,864259,27.1,5.27,1.34,116254892
3864,三菱製紙,202403,20240513,193462,5410,7098,4170,235380,90932,36561,84307,38.6,5.12,1.8,44741433
3865,北越コーポレーション,202403,20240515,297056,15267,17766,8396,415629,251647,42020,102607,60.5,3.52,2.09,188053114
3877,中越パルプ工業,202403,20240514,107826,6172,6820,3701,128923,55601,18864,41636,43.1,6.9,2.94,13354688
3878,巴川コーポレーション,202403,20240514,33692,1331,1643,594,45713,14701,2122,12317,32.2,4.14,1.34,10389406
3880,大王製紙,202403,20240515,671688,14367,9622,4507,939490,247409,53884,474829,26.3,1.87,0.48,169012926
3891,ニッポン高度紙工業,202503,20250424,16033,2460,2445,1781,35269,23903,2241,8286,67.8,7.7,5.14,10698482
3892,岡山製紙,202405,20240712,11511,1681,1779,1157,17822,12236,821,-,68.7,10.16,7.05,5500000
3895,ハビックス,202403,20240513,13204,755,882,674,13095,6731,593,1841,51.4,10.49,5.25,8175280
3896,阿波製紙,202403,20240513,16115,354,257,52,21246,5076,1385,7661,23.9,1.04,0.28,10172676
3900,クラウドワークス,202409,20241105,17113,1340,1386,910,13537,6880,2784,2033,50.8,14.37,7.73,15792759
3901,マークラインズ,202412,20250213,5562,2216,2227,1577,8753,6617,372,-,75.6,26.02,19.42,13228800
3902,メディカル・データ・ビジョン,202412,20250210,5906,3,-509,-791,4749,3094,992,-,65.2,-21.54,-14.42,40027526
3903,gumi,202404,20240607,12066,-5040,-4514,-5934,19332,11948,13119,4239,61.8,-39.45,-25.87,49491234
3904,カヤック,202412,20250213,16727,358,388,149,12875,5519,900,3267,42.9,2.73,1.21,16108800
3905,データセクション,202403,20240515,2229,-216,-235,-1261,3786,1914,1868,1237,50.6,-57.57,-30.86,17795951
3907,シリコンスタジオ,202411,20250114,4414,143,123,87,2945,1738,466,265,59,4.98,2.85,2973900
3908,コラボス,202403,20240508,2153,-294,-276,-798,1752,1074,325,260,61.3,-54.18,-40.09,4977000
3909,ショーケース,202412,20250214,6211,-165,-243,-742,3486,796,389,1858,22.8,-88.49,-21.36,10185600
3910,エムケイシステム,202403,20240507,2639,-348,-345,-668,2558,808,219,1326,31.6,-57.39,-26.11,5428000
3911,Aiming,202412,20250214,17086,-552,-150,-341,8154,5790,3407,-,71,-6.64,-4.39,46705300
3912,モバイルファクトリー,202412,20250130,3317,1058,1057,699,4218,3406,504,-,80.7,21.81,17.28,8925495
3913,GreenBee,202412,20250214,806,50,60,63,1304,1191,10,-,91.3,5.59,5.05,2348521
3914,JIG-SAW,202412,20250203,3472,556,615,478,4855,3054,351,449,62.9,17.16,11.45,6751000
3915,テラスカイ,202502,20250414,24709,1452,1603,1018,19470,11076,1256,205,56.9,9.18,5.37,12918380
3916,デジタル・インフォメーション・テクノロジー,202406,20240809,19888,2424,2409,1686,10217,6959,453,242,68.1,26.01,18.33,15501820
3917,アイリッジ,202403,20240510,5712,-91,-87,-1156,5501,2145,1207,1415,39,-42.75,-20.76,7796454
3918,PCIホールディングス,202409,20241114,25084,1054,978,817,15503,8772,2091,755,56.6,9.41,4.93,10122400
3920,アイビーシー,202409,20241114,2184,382,411,251,3329,1991,443,850,59.8,13.15,7.61,5747600
3921,ネオジャパン,202501,20250313,7263,1951,2049,1414,9240,6306,297,-,68.2,22.38,15.83,14073200
3922,PR_TIMES,202502,20250411,8003,1877,1873,1118,8241,6831,446,-,82.9,17.9,14.6,13503226
3923,ラクス,202403,20240514,38408,5559,5610,4185,21234,13347,378,970,62.9,36.56,23.71,181216000
3924,ランドコンピュータ,202403,20240514,13732,1729,1743,1233,8712,5754,460,-,66,23.26,15.21,17967900
3925,ダブルスタンダード,202403,20240513,7147,2309,2296,1654,6584,5455,263,-,82.9,32.99,27.12,13580000
3926,オープンドア,202403,20240510,2561,-181,-164,-170,5663,5097,648,-,90,-3.16,-2.82,31260000
3927,フーバーブレイン,202403,20240515,3075,22,35,27,4352,1329,796,67,30.5,1.98,0.71,5604200
3928,マイネット,202412,20250214,8846,428,375,245,4840,1395,49,2390,28.8,19.24,5.71,8710334
3929,ソーシャルワイヤー,202403,20240513,3669,-2,-27,-146,1336,78,354,372,5.8,-106.18,-4.82,11844800
3930,はてな,202407,20240913,3309,68,91,62,2909,2559,249,-,88,2.46,2.14,3071200
3931,バリューゴルフ,202501,20250314,4127,90,74,5,2647,1123,382,943,42.4,0.44,0.19,1807000
3932,アカツキ,202403,20240509,23972,2676,2834,1288,52043,39984,2779,7100,76.8,3.28,2.45,14517100
3933,チエル,202403,20240515,4621,591,662,349,6119,2698,336,59,44.1,13.41,5.44,7872000
3934,ベネフィットジャパン,202403,20240510,13065,887,900,734,11202,7245,656,1752,64.7,10.55,6.86,6004448
3935,エディア,202502,20250414,3607,262,237,234,2997,1370,23,922,45.7,18.63,8.67,6198000
3936,グローバルウェイ,202403,20240515,2456,-380,-335,-199,1948,1042,50,50,53.5,-18.44,-10.9,36431650
3937,Ubicomホールディングス,202403,20240509,5942,1072,935,526,6883,4696,840,100,68.2,11.97,8.3,12249920
3939,カナミックネットワーク,202409,20241114,5007,1439,1447,919,6175,3834,192,925,62.1,26.23,15.54,48132000
3940,ノムラシステムコーポレーション,202412,20250214,3275,514,514,366,3698,3248,327,-,87.8,11.64,10.25,46692000
3941,レンゴー,202403,20240510,900791,48855,47984,33025,1172515,425294,31066,419946,36.3,8.28,2.97,271056029
3943,大石産業,202403,20240510,21964,1086,1347,1065,26072,17684,466,580,67.8,6.23,4.13,9328000
3944,古林紙工,202412,20250207,18102,189,386,248,20652,9380,2151,3605,45.4,2.75,1.25,1776820
3945,スーパーバッグ,202403,20240510,26837,1034,1076,866,15597,4140,1374,3427,26.5,24.35,5.83,1686154
3946,トーモク,202403,20240508,211526,8057,8614,5308,213366,88624,13669,72976,41.5,6.29,2.6,19341568
3947,ダイナパック,202412,20250207,62530,1734,2489,2987,76537,45855,4000,3565,59.9,6.74,3.99,10322591
3948,光ビジネスフォーム,202412,20250213,7915,178,221,161,11099,9335,798,-,84.1,1.72,1.43,5815294
3950,ザ・パック,202412,20250212,101461,8009,8285,6316,103292,74460,2553,82,72.1,8.68,6.25,19900000
3951,朝日印刷,202403,20240510,41871,2030,2323,1627,68698,33052,2228,17365,48.1,4.96,2.43,22890829
3953,大村紙業,202403,20240514,5736,341,358,248,7749,5091,554,-,65.7,4.99,3.3,3561676
3954,昭和パックス,202403,20240510,21651,1021,1248,962,33316,23045,640,1241,69.2,4.42,3.02,4450000
3955,イムラ,202501,20250313,20904,1307,1342,771,23351,16559,1197,2190,70.9,4.71,3.51,10729370
3958,笹徳印刷,202406,20240809,12953,378,535,396,15414,9465,309,697,61.4,4.48,2.62,6185000
3961,シルバーエッグ・テクノロジー,202412,20250214,1229,65,66,30,1521,1413,287,-,92.9,2.15,1.98,2976942
3962,チェンジホールディングス,202403,20240515,37015,7562,7429,4325,89325,39550,1006,22938,44.3,11.38,6.08,73852362
3963,シンクロ・フード,202403,20240515,3602,1038,1036,704,5070,4292,535,-,84.7,17.99,15.07,29123000
3964,オークネット,202412,20250214,55910,7005,7207,4485,44040,25899,1807,-,58.8,18.66,10.98,49526400
3965,キャピタル・アセット・プランニング,202409,20241112,8178,297,308,156,5660,3219,944,1438,56.9,4.96,2.78,5747616
3967,エルテス,202502,20250414,7317,93,68,-860,7383,1821,1223,4211,24.7,-39.32,-12.04,6070880
3968,セグエグループ,202412,20250213,18717,720,1060,507,13633,2983,533,2283,21.9,14.65,3.98,32560086
3969,エイトレッド,202503,20250430,2766,1058,1060,728,6267,5065,621,-,80.8,15.14,12.14,7487400
3970,イノベーション,202403,20240510,4813,399,404,244,4678,3525,1211,299,75.4,7.3,5.76,2727700
3974,SCAT,202410,20241213,2594,147,156,100,2938,1946,200,177,66.2,5.28,3.38,5240000
3976,シャノン,202410,20241213,3206,-51,-53,-101,2169,-57,550,1388,-,-,-4.82,5926200
3978,マクロミル,202406,20240814,43861,4470,4746,2293,89205,40741,1090,30498,45.7,5.85,2.5,40630500
3979,うるる,202403,20240514,5937,1324,1289,720,6051,2811,1037,198,46.5,29.39,13.49,6925400
3981,ビーグリー,202412,20250214,18446,1786,1726,1303,17294,7481,1906,4805,43.3,18.05,7.3,6301986
3983,オロ,202412,20250214,7899,2720,2856,2072,13590,10283,1193,-,75.7,21.62,15.96,15949053
3984,ユーザーローカル,202406,20240808,3907,1728,1720,1185,8835,7724,1212,-,87.4,16.85,14.77,16215600
3985,テモナ,202409,20241112,1825,-56,-58,-393,1541,664,386,624,43.1,-45.75,-20.71,11425592
3986,ビーブレイクシステムズ,202406,20240813,1392,152,152,136,2228,1645,232,-,73.8,8.58,6.4,1536960
3987,エコモット,202408,20241015,2692,7,23,-69,2584,863,617,865,33.4,-7.69,-2.86,5280400
3988,SYSホールディングス,202407,20240913,12397,684,747,471,6610,3363,401,1224,50.9,15.03,7.3,10582939
3989,シェアリングテクノロジー,202409,20241114,7502,1790,1791,1467,6319,3890,190,-,61.6,48.31,28.09,23243800
3991,ウォンテッドリー,202408,20241011,4722,1594,1579,1036,5268,3995,304,-,75.8,29.01,21.21,9501500
3992,ニーズウェル,202409,20241111,9549,1185,1208,809,5653,4220,908,37,74.7,20.42,13.95,40699200
3993,PKSHA_Technology,202409,20241114,16893,3235,3343,2100,41696,32246,10,3714,77.3,6.89,5.34,31948000
3994,マネーフォワード,202411,20250114,40363,-4735,-5353,-6330,106191,35382,27290,35443,33.3,-20.03,-6.51,55508179
3996,サインポスト,202502,20250414,3023,200,197,257,2897,1803,60,510,62.2,15.35,9.35,12792995
3997,トレードワークス,202412,20250214,4591,-55,-53,-151,2904,1278,312,848,44,-11.34,-5.08,3901800
3998,すららネット,202412,20250207,1947,211,221,72,2637,2243,298,-,85.1,3.23,2.69,6694764
4004,レゾナック・ホールディングス,202412,20250213,1389277,78750,69692,55422,2124966,631474,182146,1003831,29.7,9.36,2.67,184901292
4005,住友化学,202403,20240515,2446893,-488826,-462792,-311838,3934818,965753,89938,1563486,24.5,-29.19,-7.7,1657217608
4008,住友精化,202403,20240513,142986,9529,10247,6166,136305,95051,9714,11216,69.7,6.79,4.69,13987220
4011,ヘッドウォータース,202412,20250214,2905,307,362,272,1800,1267,378,-,70.4,24.45,17.58,3796740
4012,アクシス,202412,20250206,7434,790,848,597,4772,3563,64,-,74.7,18.18,13.51,4335000
4013,勤次郎,202412,20250212,4376,729,733,461,12814,9370,4099,2175,73.1,5.02,3.6,20840000
4014,カラダノート,202407,20240913,2193,100,106,114,1035,352,58,300,34,39.79,10.74,6396900
4015,ペイクラウドホールディングス,202408,20241015,6853,337,320,74,8262,4148,1021,1835,50.2,2.36,1.17,15892608
4016,MITホールディングス,202411,20250114,5240,197,187,124,2442,663,292,1113,27.1,20.43,5.26,2118200
4017,クリーマ,202502,20250410,2507,103,104,103,3366,1105,541,325,32.8,9.79,2.96,6740100
4019,スタメン,202412,20250214,2692,224,224,137,2165,1302,78,6,60.1,11.02,6.84,8765000
4020,ビートレンド,202412,20250214,1155,80,79,60,995,880,316,-,88.4,6.99,6.18,2200400
4021,日産化学,202403,20240513,226705,48201,51629,38033,323458,227471,18942,40980,70.3,17.06,12.23,136800000
4022,ラサ工業,202403,20240515,42788,3591,3396,2382,44323,24966,8443,8912,56.3,9.91,5.19,7944203
4023,クレハ,202403,20240513,177973,12800,13913,9734,330630,221377,18169,51021,67,4.46,3.1,55433221
4025,多木化学,202412,20250210,38916,2668,3161,2299,58402,37882,2147,874,64.9,6.41,4.19,9458768
4026,神島化学工業,202404,20240612,25974,2117,2073,1620,29747,11850,1320,9943,39.8,14.5,5.48,9240000
4027,テイカ,202403,20240510,52993,2325,2802,1866,82709,57286,9855,9529,69.3,3.38,2.36,23914414
4028,石原産業,202403,20240510,138456,11491,14850,7988,224324,106068,43420,66078,47.3,7.85,3.75,40383943
4031,片倉コープアグリ,202403,20240515,41233,-852,-786,-630,48646,23504,4214,12090,48.3,-2.61,-1.29,10161686
4040,南海化学,202403,20240514,19987,1564,1780,1158,20258,7424,454,4734,36.6,18.44,6,2330330
4041,日本曹達,202403,20240514,154429,13872,23297,16612,290492,188049,29166,48913,64.7,9.3,6.13,56787734
4042,東ソー,202403,20240513,1005640,79845,95920,57324,1289949,794517,55173,176335,61.6,7.48,4.62,325080956
4043,トクヤマ,202503,20250428,343073,29968,29588,23388,476207,261563,10000,104118,54.9,9.16,5.01,72088327
4044,セントラル硝子,202403,20240510,160339,14526,16269,12478,214404,114916,18168,53005,53.6,11.43,5.73,26000000
4045,東亞合成,202412,20250213,167594,14233,15993,11877,278020,212586,20886,11043,76.5,5.6,4.32,113000000
4046,大阪ソーダ,202403,20240510,94557,10492,12008,7650,150541,109761,15871,7630,72.9,7.31,5.3,133660085
4047,関東電化工業,202403,20240515,64768,-1968,-1304,-4610,125302,64006,2877,40922,51.1,-7.01,-3.6,57546050
4051,GMOフィナンシャルゲート,202409,20241112,18705,1514,1497,986,13955,5535,1638,2000,39.7,18.87,8.49,8339480
4052,フィーチャ,202406,20240814,494,-3,-2,-7,768,729,383,-,94.9,-1.1,-1.03,5856107
4053,Sun_Asterisk,202412,20250212,13568,1444,1454,1023,13976,10294,1731,1250,73.7,10.34,7.92,38446040
4054,日本情報クリエイト,202406,20240806,4436,709,740,428,5569,3466,729,-,62.2,13,8.02,14355440
4055,ティアンドエスグループ,202409,20241114,2980,519,520,321,2921,2435,40,-,83.4,-,-,7633200
4056,ニューラルグループ,202412,20250214,3564,35,11,-60,2976,595,12,1875,20,-11.47,-1.91,15370031
4057,インターファクトリー,202405,20240711,2595,-24,-28,-31,1799,1035,435,400,57.5,-2.89,-1.77,4124400
4058,トヨクモ,202412,20250213,3146,1162,1162,841,4663,3044,394,-,65.3,27.63,18.04,11008000
4059,まぐまぐ,202409,20241113,454,5,5,-84,964,809,319,-,83.9,-9.86,-8.41,2822800
4060,rakumo,202412,20250214,1443,383,375,253,3035,1628,396,500,53.6,16.94,8.87,5817500
4061,デンカ,202403,20240510,389263,13376,5474,11947,616244,307538,36998,174368,49.9,3.96,1.98,88555840
4062,イビデン,202403,20240501,370511,47568,51140,31490,1129991,494944,64152,343476,43.8,6.89,3.17,140860557
4063,信越化学工業,202503,20250425,2561249,742105,820543,534021,5636601,4656236,119419,16841,82.6,11.98,9.9,1984995865
4064,日本カーバイド工業,202403,20240513,43231,849,1573,999,61020,32631,7797,11157,53.5,3.13,1.63,9419659
4068,ベイシス,202406,20240814,6822,79,76,13,3935,1966,334,988,50,0.66,0.33,1873319
4069,BlueMeme,202403,20240529,2506,253,254,174,3733,2609,971,-,69.9,6.7,5.16,3603946
4071,プラスアルファ・コンサルティング,202409,20241108,13914,4540,4540,3093,15267,12079,495,-,79.1,28.74,22.67,42515800
4072,電算システムホールディングス,202412,20250210,61256,2311,2534,1850,61747,22083,2496,1074,35.8,8.67,3.11,10798341
4073,ジィ・シィ企画,202406,20240814,1740,58,44,72,1764,415,433,955,23.5,19.07,4.32,2507760
4074,ラキール,202412,20250213,7968,560,543,362,6000,3574,1016,1000,59.6,9.81,5.83,7672500
4075,ブレインズテクノロジー,202407,20240913,1004,73,73,48,1860,1556,599,6,83.7,3.15,2.6,5675600
4076,シイエヌエス,202405,20240711,6657,619,650,461,4933,3671,478,-,74.4,13.15,9.73,2906000
4078,堺化学工業,202403,20240513,82105,2942,3066,-7092,125445,74357,21838,27038,59.3,-9.16,-5.6,17000000
4080,田中化学研究所,202403,20240509,47987,2771,2782,2555,38134,17234,9155,10800,45.2,16.02,6.53,32533000
4082,第一稀元素化学工業,202403,20240513,35220,2422,2942,1140,65605,35725,787,24184,54.5,3.2,1.73,24400000
4088,エア・ウォーター,202403,20240509,1024540,68272,66712,44360,1222696,488558,55855,418719,40,9.66,3.83,229755057
4091,日本酸素ホールディングス,202403,20240513,1255081,172041,150720,105901,2409083,914482,37344,890258,38,12.92,4.64,433092837
4092,日本化学工業,202403,20240514,38538,2264,2383,1590,76503,45047,5757,16531,58.9,3.64,2.13,8922775
4093,東邦アセチレン,202403,20240515,35423,2116,2441,1415,33660,17502,2261,3450,52,8.33,4.35,35020000
4094,日本化学産業,202403,20240514,22444,2177,2560,1742,52928,45660,1034,373,86.3,3.91,3.38,20280000
4095,日本パーカライジング,202403,20240514,125085,15258,19945,13194,269819,187147,4560,700,69.4,7.47,5.21,132604524
4097,高圧ガス工業,202403,20240515,93275,5737,6657,4503,120184,75717,2885,11516,63,6.25,3.96,55577526
4098,チタン工業,202403,20240515,7953,-726,-667,-1680,14882,4988,3443,6960,33.5,-28.8,-10.62,3027626
4099,四国化成ホールディングス,202412,20250129,69493,9741,10779,8813,135827,83380,6867,30555,61.4,10.4,6.6,44869563
4100,戸田工業,202403,20240515,26234,117,1168,-3581,53714,13861,7477,27315,25.8,-24.11,-6.77,6099192
4102,丸尾カルシウム,202403,20240510,12889,137,357,249,17010,9566,876,2032,56.2,2.65,1.46,2355200
4107,伊勢化学工業,202412,20250206,33287,7659,7437,5071,45251,35569,3599,500,78.6,15.03,11.89,5135135
4109,ステラケミファ,202403,20240510,30446,2722,3064,1845,58618,44261,4829,4927,75.5,4.23,3.23,12973248
4112,保土谷化学工業,202403,20240515,44261,3951,4711,2480,81157,47735,11196,9386,58.8,5.48,3.24,16827452
4113,田岡化学工業,202403,20240514,28544,1074,1141,820,29719,17210,1572,2210,57.9,4.85,2.7,14440000
4114,日本触媒,202403,20240513,392009,16562,15744,11008,544060,383448,25038,39024,70.5,2.95,2.06,156000000
4116,大日精化工業,202403,20240515,119824,4550,5003,3660,194852,116748,10039,24938,59.9,3.2,1.89,18113110
4118,カネカ,202403,20240514,762302,32579,29222,23220,870205,453464,33046,176923,52.1,5.33,2.81,66000000
4119,日本ピグメントホールディングス,202403,20240510,26683,425,648,740,29626,14499,1481,4815,48.9,5.17,2.52,1575899
4120,スガイ化学工業,202403,20240510,7617,637,740,489,11382,7258,2510,1610,63.8,7,4.31,1373000
4124,大阪油化工業,202409,20241114,987,18,19,-,1929,1716,346,-,89,-,-,1073500
4125,三和油化工業,202403,20240514,15633,1279,1360,1041,21122,12041,1588,5327,57,9.04,4.96,4318000
4151,協和キリン,202412,20250206,495558,89221,83453,59870,1067363,850811,26745,-,79.7,7.1,5.72,525634500
4165,プレイド,202409,20241112,10992,260,184,320,7299,3141,3091,1320,43,11.16,4.73,40839944
4166,かっこ,202412,20250214,734,-244,-254,-255,1025,832,384,81,81.2,-26.79,-22.07,2732655
4167,ココペリ,202403,20240514,1821,33,40,33,2219,1729,812,197,77.9,1.88,1.49,7916230
4168,ヤプリ,202412,20250213,5511,550,548,748,4067,2109,51,1361,51.9,43.15,21.74,12971900
4169,ENECHANGE,202312,20240209,4379,-2125,-2404,-4985,5564,-1483,47,3487,-,-150.63,-80.84,42591120
4170,Kaizen_Platform,202412,20250214,4523,-28,6,-171,4418,2957,1773,914,66.9,-5.6,-3.89,16965231
4171,グローバルインフォメーション,202412,20250210,2749,437,465,315,3164,2469,171,-,78,13.24,10.35,2962200
4172,東和ハイシステム,202409,20241114,2114,422,587,401,4375,3934,343,-,89.9,10.46,9.51,2228000
4173,WACUL,202502,20250410,1848,107,114,93,2218,1304,538,483,58.8,7.4,4.18,7144090
4174,アピリッツ,202501,20250317,9008,185,185,45,5760,2327,645,1765,40.4,1.89,0.87,4163262
4175,coly,202501,20250314,6500,-516,-510,-546,6283,5254,1910,86,83.6,-9.91,-8.52,5502900
4176,ココナラ,202408,20241011,6588,304,225,243,8254,2203,1244,1459,26.7,11.71,3.6,23989300
4177,i-plug,202403,20240514,4602,139,137,-193,3199,782,664,541,24.4,-22.16,-5.77,3962584
4178,Sharing_Innovations,202412,20250214,5169,239,235,137,2452,1584,436,238,64.6,9.04,5.74,3793300
4179,ジーネクスト,202403,20240515,610,-148,-150,-149,424,4,652,174,0.9,-189.81,-30.35,5430916
4180,Appier_Group,202412,20250214,34057,1981,2062,2927,44637,34315,7628,1500,76.9,9.23,7.1,102362741
4182,三菱瓦斯化学,202403,20240510,813417,47337,46040,38818,1068010,657745,41970,151489,61.6,6.14,3.7,211686599
4183,三井化学,202403,20240515,1749743,74124,73331,49999,2215819,862851,125738,756758,38.9,6.06,2.33,200843815
4186,東京応化工業,202412,20250212,200966,33090,34554,22683,281930,200534,14640,10542,71.1,11.81,8.5,127800000
4187,大阪有機化学工業,202411,20250109,32698,4608,4753,4044,59964,45435,3600,3525,75.8,9.15,7.06,22410038
4188,三菱ケミカルグループ,202403,20240515,4387218,261831,240547,119596,6104513,1763447,50000,2201011,28.9,7.19,2.01,1506288107
4189,KHネオケム,202412,20250207,119758,12195,12055,8360,131462,69089,8855,17746,52.6,12.59,6.53,37149400
4192,スパイダープラス,202412,20250213,4072,-519,-525,-771,4211,2645,2496,1029,62.8,-29.15,-18.31,35309300
4193,ファブリカホールディングス,202403,20240515,8162,1070,1087,673,5303,3580,655,281,67.5,19.93,13.45,5475400
4194,ビジョナル,202407,20240912,66146,17837,18476,12990,76314,52160,6503,46,68.3,28.5,19.36,39769300
4196,ネオマーケティング,202409,20241113,2098,15,14,147,1686,810,85,514,48,20.11,9.6,2532000
4197,アスマーク,202411,20250114,4363,360,348,256,2340,1432,151,-,61.2,20.97,12.08,1139700
4198,テンダ,202405,20240712,5175,545,547,341,3905,2574,318,305,65.9,14.02,9.57,6634800
4199,ワンダープラネット,202408,20241015,2449,121,113,92,2146,724,574,924,33.7,13.6,4.37,2598212
4202,ダイセル,202403,20240509,558056,62393,68396,55834,839169,358897,36275,299790,42.8,17.07,6.96,276942682
4203,住友ベークライト,202403,20240513,287267,27200,31489,21831,441162,301161,37143,48526,68.3,7.85,5.33,93757956
4204,積水化学工業,202503,20250428,1297754,107951,110958,81925,1330786,807348,100002,88382,60.7,10.24,6.17,444507285
4205,日本ゼオン,202503,20250425,420647,29321,33051,26199,533786,357252,24211,25960,66.9,7.28,4.92,215251856
4206,アイカ工業,202503,20250501,248696,27408,28668,16896,288058,173373,9891,28207,60.2,10.08,6,67590664
4208,UBE,202403,20240513,468237,22456,36333,28981,789034,408689,58435,208942,51.8,7.52,3.81,106200107
4212,積水樹脂,202403,20240513,62790,6298,6969,4671,133269,97172,12334,10102,72.9,4.51,3.43,31813598
4216,旭有機材,202403,20240515,87426,15576,16076,11382,101371,70950,5000,4200,70,17.3,12.13,19800400
4218,ニチバン,202403,20240513,46859,2073,2201,1827,68039,41703,5451,2000,61.3,4.44,2.66,20738006
4220,リケンテクノス,202503,20250430,128141,10488,10587,7370,116469,64869,8514,11696,55.7,11.4,6.35,53275019
4221,大倉工業,202412,20250214,81192,4564,5111,4359,103014,62044,8619,6119,60.2,7.09,4.29,12414870
4222,児玉化学工業,202403,20240515,14696,165,24,-243,14602,4043,100,3863,27.7,-6.12,-1.74,15671691
4224,ロンシール工業,202403,20240514,21021,1071,1186,835,26426,19147,5007,170,72.5,4.47,3.23,4625309
4228,積水化成品工業,202403,20240430,130265,1261,2733,1083,146473,56061,16533,37879,38.3,1.9,0.74,46988109
4229,群栄化学工業,202403,20240514,30310,2729,3162,2040,61010,48531,5000,-,79.5,4.38,3.53,8998308
4231,タイガースポリマー,202403,20240515,47862,3194,4286,3019,57293,39935,4149,3000,69.7,8.07,5.55,20111598
4234,サンエー化研,202403,20240515,27521,-195,35,348,37440,20620,2176,4572,55.1,1.73,0.95,11320000
4235,ウルトラファブリックス・ホールディングス,202412,20250214,20296,2799,2274,1640,39004,17433,2388,16001,44.7,10.03,4.36,16965200
4237,フジプレアム,202403,20240515,13248,686,742,574,18436,9871,2000,5547,53.5,5.95,3.25,29786400
4238,ミライアル,202501,20250310,14003,1434,1516,1058,28522,22496,1111,-,78.9,4.78,3.84,10120000
4240,クラスターテクノロジー,202403,20240515,918,68,70,57,1743,1551,1240,-,89,3.75,3.31,5692800
4241,アテクト,202403,20240510,3175,64,78,-244,5129,1763,822,2474,34.4,-12.92,-4.53,4436800
4242,タカギセイコー,202403,20240513,51066,2400,2421,1189,39901,13191,2163,6433,33.1,9.85,3,2822472
4243,ニックス,202409,20241113,4386,216,207,182,5909,4276,468,242,72.4,4.32,3.12,2323000
4245,ダイキアクシス,202412,20250214,46818,1048,1141,352,36849,9457,2556,16724,25.7,3.71,0.99,13672100
4246,ダイキョーニシカワ,202403,20240514,159019,8690,8775,5782,161225,80712,5426,35345,50.1,7.4,3.57,73896400
4247,ポバール興業,202403,20240514,3589,317,345,185,6877,5706,179,20,83,3.29,2.73,2634800
4248,竹本容器,202412,20250131,15626,945,968,639,18236,11646,803,2254,63.9,5.65,3.53,12529200
4249,森六,202403,20240514,145638,5706,6183,3022,140556,75119,1640,23796,53.4,4.18,2.22,14860000
4251,恵和,202412,20250214,21130,4739,5210,2790,32009,22957,3889,3092,71.7,12.88,9.11,19285152
4255,THECOO,202412,20250213,4331,-68,-63,-69,2670,354,759,-,13.3,-17.76,-2.74,2094805
4256,サインド,202403,20240514,1952,161,153,38,4941,3196,1197,1370,64.7,1.2,0.76,6042000
4258,網屋,202412,20250213,4767,526,541,384,5415,2132,62,1065,39.4,19.6,8.36,4315200
4259,エクサウィザーズ,202403,20240514,8384,-305,-330,-610,9931,4893,2401,2850,49.3,-10.67,-6.83,85804200
4260,ハイブリッドテクノロジーズ,202409,20241114,3135,108,96,53,4066,2280,915,335,56.1,2.3,1.34,11399548
4261,アジアクエスト,202412,20250213,4061,458,467,295,2764,1688,412,172,61.1,19.12,11.74,1473600
4262,ニフティライフスタイル,202403,20240507,3559,933,937,631,6301,5266,1261,82,83.6,12.6,10.88,6369175
4263,サスメド,202406,20240809,342,-364,-357,-357,4932,4584,80,-,92.9,-7.56,-7.12,16812900
4264,セキュア,202412,20250214,6247,305,293,240,3784,1282,546,1426,33.9,20.83,7.35,5588120
4265,Institution_for_a_Global_Society,202403,20240515,916,-21,-21,-21,1092,1014,97,-,92.9,-2.07,-1.92,4509300
4267,ライトワークス,202501,20250314,3534,315,273,194,2101,936,142,100,44.6,20.39,9.58,4943600
4270,BeeX,202502,20250414,9255,656,673,499,5193,2589,321,200,49.9,21.33,10.53,2233300
4272,日本化薬,202403,20240513,201791,7337,12562,4113,363173,269561,14932,31450,74.2,1.57,1.2,165003570
4274,細谷火工,202403,20240513,1832,194,201,138,4386,3049,201,636,69.5,4.62,3.18,4032000
4275,カーリット,202403,20240515,36577,3352,3600,2598,55146,36775,2099,1029,66.7,7.43,4.88,24050000
4284,ソルクシーズ,202412,20250210,16041,920,962,562,12270,7653,1494,994,62.4,7.45,4.64,26820594
4286,CLホールディングス,202412,20250214,38282,305,280,164,22152,7292,350,6567,32.9,2.09,0.75,11552731
4287,ジャストプランニング,202501,20250314,2202,490,495,364,4019,3677,410,-,91.5,10.03,9.22,12452638
4288,アズジェント,202403,20240513,2369,-290,-290,-448,1659,777,771,200,46.8,-44.44,-23.32,3815734
4290,プレステージ・インターナショナル,202403,20240510,58738,7921,8458,5791,67836,44022,1601,250,64.9,13.94,9.04,128676300
4293,セプテーニ・ホールディングス,202412,20250212,28284,3129,4867,5525,97637,69880,18430,-,71.6,8.16,5.78,211389654
4298,プロトコーポレーション,202403,20240510,115631,7894,8427,5552,66156,46896,1849,4732,70.9,12.33,8.76,41925300
4299,ハイマックス,202403,20240514,17357,1719,1730,1184,13590,10935,689,-,80.5,11.14,8.95,12412992
4301,アミューズ,202403,20240515,54813,1367,1777,391,58904,33525,1587,374,56.9,1.15,0.67,18623520
4304,Eストアー,202403,20240515,12566,1086,1317,462,12841,3215,1023,4555,25,15.39,3.74,6131780
4307,野村総合研究所,202503,20250424,764813,134907,134161,93762,928501,434041,25655,245943,46.7,22.5,10.13,581241511
4308,Jストリーム,202503,20250430,11800,916,951,550,13185,10564,2182,5,80.1,5.24,4.28,28057400
4310,ドリームインキュベータ,202403,20240513,5378,-1966,-1992,-1847,17454,15017,5019,-,86,-10.13,-7.58,9534316
4316,ビーマップ,202403,20240514,1598,-71,-72,155,1169,573,932,96,49,32.09,14.23,3498700
4317,レイ,202502,20250414,10456,927,1050,745,9120,6795,471,600,74.5,11.16,8.05,14328976
4318,クイック,202503,20250428,32501,4533,4611,3583,25130,17839,351,119,71,20.92,15.19,18850676
4319,TAC,202403,20240515,19001,-307,-329,-219,20790,5863,940,5649,28.2,-3.63,-1.05,18504000
4320,CEホールディングス,202409,20241108,14554,1148,1154,123,11251,6096,1269,2157,54.2,2.02,1.09,16139400
4323,日本システム技術,202403,20240513,26183,2791,2861,2086,20022,12659,1535,77,63.2,17.81,11.14,24836920
4324,電通グループ,202412,20250214,1410961,-124992,-139759,-192172,3507260,696838,74609,547273,19.9,-24.98,-5.38,265800000
4326,インテージホールディングス,202406,20240807,63279,3289,3543,2456,45318,32209,2378,100,71.1,7.8,5.48,40426000
4331,テイクアンドギヴ・ニーズ,202403,20240514,47020,4208,3754,1831,54380,16963,100,22939,31.2,11.19,3.34,14619330
4333,東邦システムサイエンス,202403,20240513,16280,1574,1583,1082,13477,9365,526,-,69.5,11.93,8.23,20798988
4334,ユークス,202501,20250312,3255,87,163,198,3143,2442,412,-,77.7,8.23,6.19,11096000
4335,アイ・ピー・エス,202406,20240809,3129,328,326,226,2588,1453,255,-,56.1,16.45,9.29,2466000
4337,ぴあ,202403,20240509,39587,1209,922,1118,90271,5544,6444,18634,6.1,22.6,1.35,15656713
4341,西菱電機,202403,20240514,18489,195,203,284,11661,5476,523,1000,47,5.34,2.54,3500000
4343,イオンファンタジー,202502,20250411,87240,4344,3440,-1816,53673,6578,1824,25933,12.3,-24.41,-3.43,19780525
4344,ソースネクスト,202403,20240515,11334,-2271,-2239,-2169,16811,8074,3703,5954,48,-25.1,-11.9,139110300
4345,シーティーエス,202503,20250428,11821,3077,3162,2190,17080,12872,3000,-,75.4,17.45,12.96,42000000
4346,NEXYZ.Group,202409,20241114,24497,1189,1156,611,18342,2551,100,5554,13.9,28.9,3.62,13471240
4347,ブロードメディア,202503,20250501,15533,707,719,335,11300,4631,600,993,41,7.12,2.89,7500000
4350,メディカルシステムネットワーク,202403,20240510,115361,3832,3825,1860,68149,15172,2128,24019,22.3,12.56,2.77,30642600
4351,山田再生系債権回収総合事務所,202412,20250205,2290,36,106,49,6684,3348,1084,2049,50.1,1.48,0.71,4268000
4356,応用技術,202412,20250210,7837,937,999,725,7125,5509,600,-,77.3,13.86,10.6,5716800
4360,マナック・ケミカル・パートナーズ,202403,20240510,9686,-106,-11,76,14092,11243,300,-,79.8,0.68,0.52,8625000
4361,川口化学工業,202411,20250114,8920,378,390,336,8531,2882,610,3064,33.8,12.17,3.98,1220000
4362,日本精化,202503,20250430,35663,4895,5210,3870,59796,48161,5933,1100,80.5,8.16,6.49,25372447
4365,松本油脂製薬,202403,20240515,41526,8758,10733,7504,89512,73358,6090,-,82,10.87,8.9,4512651
4366,ダイトーケミックス,202403,20240510,15811,776,-732,-1005,24980,14536,2901,6309,58.2,-6.77,-4.05,11200000
4367,広栄化学,202403,20240514,19427,415,347,299,39304,21819,2343,9300,55.5,1.36,0.76,4900000
4368,扶桑化学工業,202403,20240510,58970,11083,11883,8343,133740,95025,4334,20000,71.1,9.14,6.75,35511000
4369,トリケミカル研究所,202501,20250314,18905,5256,6583,4961,36944,31587,3278,1375,85.5,16.77,14.42,32498640
4370,モビルス,202408,20241011,1534,-352,-361,-731,1963,1241,438,371,63.2,-45.97,-35.1,6002474
4371,コアコンセプト・テクノロジー,202412,20250213,19166,2007,2046,1439,8009,4194,566,906,52.4,38.89,20.38,17491600
4372,ユミルリンク,202412,20250214,2669,637,637,469,3435,2846,273,59,82.9,16.48,13.65,3892600
4373,シンプレクス・ホールディングス,202503,20250430,47394,10804,10729,7781,79022,48810,1350,14800,61.8,16.23,9.83,58707975
4374,ROBOT_PAYMENT,202412,20250212,2762,479,480,320,6607,1135,222,-,17.2,33.6,5.19,3798290
4375,セーフィー,202412,20250213,15049,-580,-623,-1552,11024,8535,5617,1,77.4,-16.73,-13.66,55521765
4376,くふうカンパニーホールディングス,202409,20241114,15544,631,499,308,18875,10715,30,3554,56.8,2.96,1.55,59887595
4377,ワンキャリア,202412,20250214,5401,1296,1297,923,5733,4044,18,100,70.5,26,18.6,17941470
4378,CINC,202410,20241213,1985,62,65,51,1910,1514,10,16,79.3,3.4,2.72,3432505
4379,Photosynth,202412,20250212,2961,76,91,155,3440,2137,71,90,62.1,7.59,4.41,15639200
4380,Mマート,202501,20250317,1294,521,505,345,2661,1813,318,-,68.1,20.49,13.89,4890800
4381,ビープラッツ,202403,20240514,897,-76,-78,-98,1367,562,540,626,41.1,-16.37,-7.21,2467441
4382,HEROZ,202404,20240614,4841,451,368,-1134,7691,4731,21,1403,61.5,-21.44,-13.86,15074268
4384,ラクスル,202407,20240912,51121,2523,2041,2118,43871,14210,2798,18393,32.4,15.82,5.53,59235606
4385,メルカリ,202406,20240813,187407,17486,17889,13461,501773,71837,47349,189931,14.3,21.47,2.94,164393732
4386,SIGグループ,202403,20240513,6906,355,357,239,4581,2061,507,1034,45,12.08,5.4,5933220
4387,ZUU,202403,20240607,2899,115,126,-45,9329,1214,879,260,13,-3.64,-0.73,4749860
4388,エーアイ,202403,20240514,734,81,81,109,1710,1300,100,245,76,8.75,7.03,7004298
4389,プロパティデータバンク,202403,20240514,2516,434,437,298,3895,3297,332,-,84.6,9.39,7.58,5932500
4390,IPS,202403,20240510,14117,3894,4427,2835,33529,11302,1145,10101,33.7,27.45,9.67,12963300
4391,ロジザード,202406,20240814,1977,346,346,252,2256,1924,303,-,85.3,13.93,11.94,3295000
4392,FIG,202412,20250219,12016,363,393,-1412,15895,8044,2059,4763,50.6,-16.14,-7.29,31474315
4393,バンク・オブ・イノベーション,202409,20241112,13615,1329,1362,895,5802,4466,562,200,77,21.98,12.88,4003000
4394,エクスモーション,202411,20250110,1284,155,157,99,1765,1598,453,-,90.5,6.28,5.71,3015700
4395,アクリート,202412,20250214,6347,331,331,73,3588,1772,372,501,49.4,4.24,1.87,6447320
4396,システムサポートホールディングス,202406,20240807,22029,1670,1743,1224,9929,5055,723,911,50.9,26.67,13.02,10400000
4397,チームスピリット,202408,20241011,4421,-87,-89,-180,3692,1229,840,-,33.3,-13.74,-4.99,16509500
4398,ブロードバンドセキュリティ,202406,20240814,6457,689,694,455,4127,2066,295,279,50.1,24.63,11.83,4581174
4401,ADEKA,202403,20240514,399770,35428,35763,22977,543057,285143,23048,75329,52.5,8.42,4.41,103768142
4403,日油,202403,20240509,222252,42142,45577,33990,341449,265003,17742,4382,77.6,13.48,10.44,236524128
4404,ミヨシ油脂,202412,20250210,57033,2961,3007,2819,72706,31028,9015,12620,42.7,9.52,4.17,10306895
4406,新日本理化,202403,20240510,32863,361,780,220,40114,17285,5660,7582,43.1,1.33,0.56,37286906
4409,東邦化学工業,202403,20240514,50596,771,743,546,69936,19083,1755,28150,27.3,2.97,0.79,21350000
4410,ハリマ化成グループ,202503,20250430,101006,2083,1330,763,100044,37333,10012,40209,37.3,2.05,0.77,26080396
4412,サイエンスアーツ,202408,20241015,1184,-31,-34,-31,953,476,52,88,49.9,-6.3,-3.36,8219500
4413,ボードルア,202502,20250415,11649,2460,2461,1799,8602,4571,603,1326,53.1,41.08,24.21,16034354
4414,フレクト,202403,20240513,6928,757,751,440,4010,1988,701,585,49.6,25.01,12.77,6188560
4415,ブロードエンタープライズ,202412,20250212,4697,738,564,346,7950,1206,78,3503,15.2,33.53,4.54,6115500
4416,True_Data,202403,20240515,1593,63,62,60,1362,1047,1360,34,76.9,5.95,4.55,4833800
4417,グローバルセキュリティエキスパート,202503,20250430,8801,1615,1562,1010,8141,3078,545,1927,37.8,32.81,12.41,7644600
4418,JDSC,202406,20240813,16457,50,-12,-278,7605,3291,12,1646,43.3,-8.12,-4.7,13821100
4419,Finatextホールディングス,202403,20240514,5375,204,194,-78,20175,8182,105,666,40.6,-0.95,-0.41,51300212
4420,イーソル,202412,20250214,11908,1113,1163,892,6988,4988,1041,-,71.4,16.75,12.2,20000000
4421,ディ・アイ・システム,202409,20241114,6831,344,343,241,2892,1438,291,58,49.7,17.87,8.51,3058000
4422,VALUENEX,202407,20240913,786,4,5,3,1007,787,81,-,78.2,0.38,0.31,2895300
4424,Amazia,202409,20241113,3586,-400,-403,-589,1950,1217,366,-,62.4,-48.4,-30.21,6757800
4425,Kudan,202403,20240515,490,-527,-50,-69,2378,2090,740,200,87.9,-4.85,-4.08,11283267
4427,EduLab,202409,20241113,7141,-325,-492,-1273,3644,1361,90,655,37.3,-79.76,-26.34,10228470
4428,シノプス,202412,20250213,1776,154,154,108,2165,1765,429,-,81.5,6.12,4.95,6259000
4429,リックソフト,202502,20250414,9043,458,461,355,6678,3029,350,-,45.4,12.25,5.62,4550300
4430,東海ソフト,202405,20240712,8738,1004,1006,736,8391,5305,826,1056,63.2,14.72,9.1,4920300
4431,スマレジ,202404,20240613,8385,1735,1696,1212,7952,5969,1154,-,75.1,22.76,17.18,19692400
4432,ウイングアーク1st,202502,20250410,28708,8216,8253,5929,68436,41793,1228,8558,61.1,14.66,8.82,34948370
4433,ヒト・コミュニケーションズ・ホールディングス,202408,20241015,58547,1568,1536,-43,40103,17237,450,9498,43,-0.24,-0.1,17899333
4434,サーバーワークス,202502,20250414,35717,1072,1066,677,20493,11460,3270,-,55.9,6.12,3.51,7884375
4435,カオナビ,202403,20240513,7625,679,675,699,6544,2208,1153,418,33.7,31.66,10.68,11940000
4436,ミンカブ・ジ・インフォノイド,202403,20240520,9920,-699,-790,-1180,14838,6170,3534,7183,41.6,-16.94,-7.52,14985800
4437,gooddaysホールディングス,202403,20240515,7449,502,481,300,5049,2714,196,500,53.8,11.69,6.71,6830760
4438,Welby,202412,20250214,528,-654,-655,-804,1167,760,1167,200,65.1,-88.21,-67.79,8275582
4439,東名,202408,20241015,23918,2314,2401,1552,14172,7633,629,2031,53.9,22.48,12.08,14988900
4440,ヴィッツ,202408,20241011,3477,281,347,275,3563,2452,612,-,68.8,11.62,8.48,4176000
4441,トビラシステムズ,202410,20241210,2405,831,829,601,4355,2441,332,195,56.1,26.26,15.02,10636800
4442,バルテス・ホールディングス,202403,20240514,10362,840,850,518,5396,2821,90,996,52.3,19.82,10.92,21450000
4443,Sansan,202405,20240711,33878,1337,1224,953,37592,14006,6774,4479,37.3,7.15,2.77,126402928
4444,インフォネット,202403,20240514,1767,188,168,99,1627,1039,290,207,63.9,10.06,6.11,2040693
4445,リビン・テクノロジーズ,202409,20241115,3570,207,209,114,3400,1549,194,1333,45.6,7.36,3.35,1343588
4446,Link-Uグループ,202407,20240913,3662,353,375,229,4638,2486,477,800,53.6,9.63,5.24,14172900
4447,ピー・ビーシステムズ,202409,20241114,3107,362,362,255,2872,1436,350,24,50,18.91,10.51,6583500
4448,kubell,202412,20250214,8470,96,75,-1172,6113,1598,2922,1162,26.1,-58.31,-18.92,42051945
4449,ギフティ,202412,20250214,9554,1743,1579,-510,41185,7635,3248,19161,18.5,-6.54,-1.61,29682502
4450,パワーソリューションズ,202412,20250214,6748,528,509,327,5715,3175,470,704,55.6,10.96,6.14,2964918
4452,花王,202412,20250206,1628448,146644,151024,107767,1867237,1066776,85424,131059,57.1,10.51,5.93,465900000
4461,第一工業製薬,202403,20240514,63118,2077,2060,1174,94537,36748,8895,32797,38.9,3.3,1.31,10684321
4462,石原ケミカル,202403,20240515,20705,2328,2457,1906,27917,23106,1980,-,82.8,8.47,7,15153680
4463,日華化学,202412,20250214,54099,3519,3976,2754,62366,33650,2898,9902,54,8.64,4.62,17710000
4464,ソフト99コーポレーション,202403,20240513,29874,3579,3782,2631,62542,54627,2310,190,87.3,4.9,4.28,22274688
4465,ニイタカ,202405,20240712,22739,1476,1500,705,22741,13385,585,2510,58.9,5.37,3.04,5943052
4471,三洋化成工業,202403,20240514,159510,4886,8186,-8501,205818,139037,13051,10703,67.6,-5.96,-4.17,23534752
4475,HENNGE,202409,20241108,8365,1014,999,827,8285,2931,521,-,35.4,31.06,11.35,32500600
4476,AI_CROSS,202412,20250214,3705,335,326,148,2390,1661,24,2,69.5,8.9,6.56,4037350
4477,BASE,202412,20250214,15981,772,796,340,46288,13470,8735,727,29.1,2.57,0.81,116414590
4478,フリー,202406,20240814,25430,-8386,-8638,-10150,39953,16775,26348,4700,42,-47.76,-24.53,59194080
4479,マクアケ,202409,20241029,3652,-62,-60,-103,6645,4966,3136,-,74.7,-2.06,-1.41,12748700
4480,メドレー,202412,20250214,29302,2326,4078,2798,45201,20209,47,15181,44.7,14.82,7.92,32738600
4481,ベース,202412,20250214,20230,5226,5236,3871,17745,13233,1121,-,74.6,30.5,22.73,18793200
4482,ウィルズ,202412,20250214,5072,1035,1040,670,4264,2131,246,360,50,33.65,16.91,21054400
4483,JMDC,202403,20240507,32381,7006,6907,4607,122452,70590,25099,28926,57.6,6.82,4.17,65373808
4484,ランサーズ,202403,20240514,4573,75,80,111,3517,1181,120,661,33.6,10.38,3.37,16245228
4486,ユナイトアンドグロウ,202412,20250214,2967,395,411,384,3079,2041,348,-,66.3,20.31,13.81,3974000
4487,スペースマーケット,202412,20250214,1970,176,177,181,2530,702,50,231,27.7,29.7,7.91,12062800
4488,AI_inside,202403,20240513,4190,448,427,535,7206,4957,1234,1614,68.8,11.49,7.71,3999950
4490,ビザスク,202502,20250411,9780,1227,1211,477,7510,795,479,2872,10.6,92.53,6.44,9253500
4491,コンピューターマネージメント,202403,20240508,7194,427,434,327,4748,3197,404,-,67.3,10.81,7.23,2036200
4492,ゼネテック,202403,20240515,7147,629,635,414,4520,2214,370,640,49,20.3,9.58,11687000
4493,サイバーセキュリティクラウド,202412,20250214,3857,773,832,575,3016,1669,100,382,55.3,33.18,19.84,10390644
4494,バリオセキュア,202502,20250410,2667,492,477,342,7576,5891,751,1100,77.8,5.98,4.49,4522961
4495,アイキューブドシステムズ,202406,20240814,2949,692,668,463,3609,2571,413,-,71.2,18.03,13.21,5306750
4496,コマースOneホールディングス,202403,20240515,3557,644,702,414,3882,2844,210,47,73.3,15.16,11.21,7193400
4498,サイバートラスト,202503,20250423,7442,1427,1454,961,9607,6568,836,-,68.4,15.26,10.66,8177800
4499,Speee,202409,20241114,15722,537,594,244,10116,5415,1488,1702,53.5,4.67,2.28,11494750
4502,武田薬品工業,202403,20240509,4263762,214075,52791,144067,15108792,7273264,1676596,4843752,48.1,2.11,0.99,1590949609
4503,アステラス製薬,202503,20250425,1912323,41039,31237,50747,3339544,1513255,103001,831426,45.3,3.26,1.47,1809663075
4506,住友ファーマ,202403,20240514,314558,-354859,-323114,-314969,907506,156063,22400,418884,17.2,-111.93,-30.85,397900154
4507,塩野義製薬,202403,20240513,435081,153310,198283,162030,1416918,1235326,21279,-,87.2,13.88,11.88,889632195
4512,わかもと製薬,202403,20240515,7738,-195,-161,108,15421,12026,3395,100,78,0.9,0.69,34838325
4516,日本新薬,202403,20240510,148255,33295,33616,25851,263404,220224,5174,-,83.6,12.43,10.32,70251484
4519,中外製薬,202412,20250130,1170611,542002,543034,387317,2208373,1901499,73202,-,86.1,21.96,18.71,1679057667
4521,科研製薬,202403,20240514,72044,9513,9951,8025,171623,143755,23853,3850,83.8,5.73,4.75,45939730
4523,エーザイ,202403,20240515,741751,53408,61823,42406,1393799,875614,44986,159405,62.8,5.06,3.19,291649149
4524,森下仁丹,202403,20240509,12406,716,815,697,17183,12144,3537,270,70.7,5.92,4.19,4150000
4526,理研ビタミン,202403,20240510,91484,9371,10296,8755,118776,76613,2537,16053,64.5,11.83,7.82,30705100
4527,ロート製薬,202403,20240513,270840,40048,42434,30936,346175,245944,6504,10494,71,13.59,9.43,236178310
4528,小野薬品工業,202403,20240509,502672,159935,163734,127977,913668,792960,17358,-,86.8,16.68,14.25,498692800
4530,久光製薬,202502,20250410,156006,18895,24010,21758,343068,276418,8473,2759,80.6,8.04,6.48,85164895
4531,有機合成薬品工業,202403,20240515,12932,1125,1130,776,24370,12430,3471,6285,51,6.49,3.34,21974000
4534,持田製薬,202403,20240513,102885,5802,6037,4547,158800,127967,7229,-,80.6,3.57,2.86,36390000
4536,参天製薬,202403,20240509,301965,38541,29874,26642,435699,306054,8777,26968,70.2,8.88,6.22,342055554
4538,扶桑薬品工業,202403,20240510,55407,1964,1868,1377,75802,36661,10758,12722,48.4,3.81,1.86,9451169
4539,日本ケミファ,202403,20240513,30748,-494,-219,-180,49548,18460,4304,16713,37.3,-0.97,-0.37,4261420
4540,ツムラ,202403,20240509,150845,20017,23493,16707,428254,270802,30142,79690,63.2,6.39,4.05,76758362
4543,テルモ,202403,20240514,921863,140096,140829,106374,1831402,1327090,38716,231848,72.5,8.73,6.2,1480559680
4544,H.U.グループホールディングス,202403,20240510,236950,-4043,-7241,-7553,290849,142417,9279,70100,49,-5.17,-2.57,57473822
4547,キッセイ薬品工業,202403,20240507,75579,4017,6142,11160,260929,220029,24356,1340,84.3,5.39,4.63,47911185
4548,生化学工業,202403,20240513,36213,433,1691,2186,81795,72282,3840,300,88.4,3.13,2.78,56814093
4549,栄研化学,202403,20240509,40052,3377,3568,2634,61651,45613,6897,3000,74,5.56,4.12,38541438
4551,鳥居薬品,202412,20250207,60426,6798,6926,5042,140664,121533,5190,-,86.4,4.17,3.68,28800000
4552,JCRファーマ,202403,20240510,42871,7531,7264,5507,102226,55366,9061,23300,54.2,10.31,5.59,129686308
4553,東和薬品,202403,20240514,227934,17647,24477,16173,430653,155893,4717,202356,36.2,11.05,4.03,51516000
4554,富士製薬工業,202409,20241112,46138,3880,4445,6146,90000,45550,3799,23983,50.6,14.17,7.01,24863600
4556,カイノス,202403,20240509,5056,865,928,637,8590,6266,831,790,72.9,10.67,7.63,4558860
4558,中京医薬品,202403,20240514,6124,128,147,-27,5082,2522,681,1157,49.6,-1.06,-0.52,11660734
4559,ゼリア新薬工業,202403,20240509,75725,9621,8513,7731,150533,79622,6593,46226,52.9,10.66,5.41,53119190
4563,アンジェス,202412,20250214,643,-9109,-7537,-28128,4668,2052,37255,-,44,-200.48,-167.63,333505550
4564,オンコセラピー・サイエンス,202403,20240510,610,-1120,-1136,-1288,867,279,50,-,32.2,-243.71,-108.33,275643700
4565,ネクセラファーマ,202412,20250214,28835,-5423,-4662,-4838,151498,68518,47172,63525,45.2,-7.15,-3.13,89902858
4568,第一三共,202503,20250425,1886256,331925,355631,295756,3456119,1623416,50000,101332,47,17.86,8.55,1908322129
4569,杏林製薬,202403,20240510,119532,6013,6602,5322,177679,130783,700,20735,73.6,4.15,3.01,64607936
4570,免疫生物研究所,202403,20240514,816,104,125,186,1618,1265,50,235,78.2,15.88,12.19,9314590
4571,NANO_MRNA,202403,20240514,135,-864,-749,-780,5071,3406,142,1108,67.2,-20.37,-14.37,70625458
4572,カルナバイオサイエンス,202412,20250210,636,-2076,-2080,-2178,2772,2475,2447,27,89.3,-68.58,-61.17,19107500
4574,大幸薬品,202412,20250213,6292,629,688,898,12914,7964,10,1998,61.7,12.22,6.87,50636900
4575,キャンバス,202406,20240809,-,-1262,-1208,-1209,2432,2304,7585,-,94.7,-57.54,-53.53,19113655
4576,デ・ウエスタン・セラピテクス研究所,202412,20250210,471,-1209,-1228,-1290,1669,732,1203,797,43.9,-128.29,-63.83,45275512
4577,ダイト,202405,20240712,46895,3894,3923,3295,77708,52069,7186,6768,67,6.41,4.44,15348440
4578,大塚ホールディングス,202412,20250214,2329861,323564,335854,343120,3739251,2733581,81690,94625,73.1,13.38,9.66,552024717
4579,ラクオリア創薬,202412,20250214,3107,-213,-361,-495,9655,5543,2720,3163,57.4,-8.51,-5.99,24441729
4582,シンバイオ製薬,202412,20250206,2452,-3876,-3689,-3833,4968,3881,18336,-,78.1,-70.9,-58.35,48798880
4583,カイオム・バイオサイエンス,202412,20250213,780,-1030,-1019,-1020,2468,1910,995,281,77.4,-66.89,-48.35,67769000
4584,キッズウェル・バイオ,202403,20240514,2431,-1335,-1389,-1422,5085,670,2036,2574,13.2,-166.51,-31.67,43881013
4586,メドレックス,202412,20250214,257,-793,-755,-806,2275,2114,580,-,92.9,-40.58,-37.25,47495100
4587,ペプチドリーム,202412,20250213,46676,21113,20888,15014,92769,56762,3956,19633,61.2,30.92,18.51,130010400
4588,オンコリスバイオファーマ,202412,20250207,31,-1681,-1663,-1684,3198,2745,5108,293,85.8,-80.1,-64.3,24961600
4591,リボミック,202403,20240514,-,-1116,-982,-1024,3547,3387,63,-,95.5,-26.35,-25.19,44613940
4592,サンバイオ,202501,20250317,-,-3516,-3022,-2882,3447,1555,2496,397,45.1,-139.16,-67.86,72015342
4593,ヘリオス,202412,20250214,560,-2843,-4061,-4235,14191,2063,1364,2049,14.5,-143.12,-28.86,101461600
4594,ブライトパス・バイオ,202403,20240510,-,-1155,-1158,-1168,1230,956,650,112,77.7,-93.33,-79.7,90491300
4595,ミズホメディー,202412,20250207,11429,4917,5167,3773,20729,17354,464,-,83.7,22.85,19.02,19051200
4596,窪田製薬ホールディングス,202412,20250214,27,-1288,-1332,-1332,1541,1389,33,-,90.1,-66.02,-58.46,58403788
4597,ソレイジア・ファーマ,202412,20250212,316,-1951,-1961,-1941,1362,1156,2211,-,84.9,-128.08,-108.1,218458910
4598,Delta-Fly_Pharma,202403,20240515,-,-1403,-1426,-1429,1474,1232,4731,-,83.6,-141.35,-120.08,9729900
4599,ステムリム,202407,20240911,-,-2076,-2077,-2022,9080,7580,10,-,83.5,-24.11,-20.44,62136200
4611,大日本塗料,202403,20240510,71940,4901,5336,4600,101618,59551,8827,5100,58.6,8.24,4.73,29710678
4612,日本ペイントホールディングス,202412,20250214,1638720,187647,181522,127337,3071378,1590983,671432,760013,51.8,8.64,4.4,2370512215
4613,関西ペイント,202403,20240510,562277,51595,57685,67109,689703,309957,25658,116631,44.9,22.26,9.88,177976280
4615,神東塗料,202403,20240513,18954,-479,-460,-497,33042,13274,2255,5748,40.2,-3.71,-1.49,34060000
4616,川上塗料,202411,20250114,5913,93,142,170,8462,3217,500,1907,38,5.42,2.02,1000000
4617,中国塗料,202403,20240509,116174,12185,13025,9892,132404,70516,11626,24717,53.3,15.37,8.07,55000000
4619,日本特殊塗料,202403,20240508,64693,3905,5963,3947,87456,53397,4753,3945,61.1,7.93,4.66,23611200
4620,藤倉化成,202403,20240514,52612,1299,1846,1074,57609,39258,5352,2816,68.1,2.83,1.91,30850000
4623,アサヒペン,202403,20240509,17106,844,923,380,21573,13704,5869,3932,63.5,2.79,1.76,4500000
4624,イサム塗料,202403,20240510,7995,645,754,520,20762,16772,1290,-,80.8,3.16,2.56,2000000
4625,アトミクス,202403,20240514,12122,360,382,239,15190,10188,1040,115,67.1,2.37,1.62,7242000
4626,太陽ホールディングス,202503,20250430,119010,22067,21577,10780,192022,102974,10031,64521,53.6,10.6,5.33,58369505
4627,ナトコ,202410,20241213,20753,1232,1377,955,29829,23572,1626,-,79,4.12,3.26,8144400
4628,エスケー化研,202403,20240513,100883,12085,17058,11825,183076,152610,2662,3000,83.4,8.06,6.72,15673885
4629,大伸化学,202403,20240514,32461,825,939,627,24132,16022,729,-,66.4,3.99,2.58,4592000
4631,DIC,202412,20250212,1071127,44521,37905,21313,1226433,401421,96557,468870,32.7,5.57,1.72,95156904
4633,サカタインクス,202412,20250214,245570,13161,12893,9006,221470,112310,7472,32998,50.7,8.53,4.33,54172361
4634,artience,202412,20250214,351064,20414,21008,18540,472787,262114,31733,80739,55.4,7.3,4.03,53286544
4635,東京インキ,202403,20240514,43922,768,986,881,52466,29207,3246,7376,55.7,3.13,1.76,2725758
4641,アルプス技研,202412,20250213,49858,5159,5313,3677,28077,18692,2347,220,66.6,20.71,13.85,20746675
4642,オリジナル設計,202412,20250210,7122,845,862,650,8310,7059,1093,-,84.9,9.59,8.03,7396800
4644,イマジニア,202403,20240515,5960,345,656,416,13451,11965,2669,-,89,3.49,3.07,10649000
4645,市進ホールディングス,202502,20250408,18459,918,719,317,13647,2149,1476,6512,15.7,13.08,2.38,10604888
4650,SDエンターテイメント,202403,20240515,3735,122,82,117,4240,1493,100,2005,35.2,8.16,2.7,8997000
4651,サニックスホールディングス,202403,20240515,47167,3744,3466,2697,36965,8894,14041,10486,24.1,36.1,7.65,48919396
4657,環境管理センター,202406,20240816,5594,329,326,218,5602,2330,870,1441,41.6,9.77,4.02,4789041
4658,日本空調サービス,202403,20240513,58232,3630,3863,2725,42949,23830,1139,1707,55.5,12.07,6.77,35784000
4659,エイジス,202403,20240515,29995,2521,2620,1910,28589,23512,475,158,82.2,8.36,6.94,10771200
4661,オリエンタルランド,202503,20250428,679374,172111,173328,124160,1438521,977408,63201,266667,67.9,12.89,8.89,1800450800
4662,フォーカスシステムズ,202403,20240510,31509,1974,1971,1406,20989,13416,2905,2313,63.9,10.72,6.79,16292942
4664,アール・エス・シー,202403,20240513,8097,284,299,244,4200,2056,302,445,49,12.34,5.77,2940000
4665,ダスキン,202403,20240515,178782,5084,7863,4574,202079,154108,11352,915,76.3,2.99,2.29,48000000
4666,パーク24,202410,20241216,370913,38697,35445,18625,295701,78095,32739,111998,26.4,27.3,6.17,171048369
4667,アイサンテクノロジー,202403,20240510,5478,449,455,340,8597,6202,1922,-,72.1,5.61,4.1,5548979
4668,明光ネットワークジャパン,202408,20241010,22579,1010,1163,489,16240,10884,972,-,67,4.43,3.05,27803600
4671,ファルコホールディングス,202403,20240510,43007,2152,2288,1666,36425,25948,3371,500,71.2,6.35,4.42,10880177
4673,川崎地質,202411,20250114,9559,431,520,353,9766,4533,819,2623,46.4,8.07,3.67,1057980
4674,クレスコ,202403,20240510,52755,5121,5658,3728,39714,27681,2514,2386,69.7,14.3,10.17,42000000
4676,フジ・メディア・ホールディングス,202403,20240509,566443,33519,39173,37082,1448833,857920,146200,321353,59.2,4.37,2.62,234194500
4678,秀英予備校,202403,20240509,10344,217,232,-425,8896,4302,2089,763,48.4,-9.43,-4.46,6710000
4679,田谷,202503,20250430,5444,3,4,-62,1986,414,62,455,20.8,-14.34,-3.11,5186000
4680,ラウンドワン,202403,20240508,159181,24195,24316,15666,185464,70278,25454,22236,37.9,23.88,8.8,288477042
4681,リゾートトラスト,202403,20240515,201803,21119,21807,15892,468565,129372,19590,12577,27.6,12.86,3.5,217041598
4684,オービック,202503,20250422,121240,78378,89770,64621,500375,433850,19178,-,86.7,15.52,13.43,498000000
4685,菱友システムズ,202503,20250428,42763,4816,4869,3383,30203,19166,725,-,63.5,18.84,11.86,6385968
4686,ジャストシステム,202403,20240514,40985,17041,17384,11636,109099,94003,10146,-,86.2,13.1,11.16,64224800
4687,TDCソフト,202403,20240510,39698,3807,4253,3089,25505,18477,970,453,72.4,17.71,12.8,50227200
4689,LINEヤフー,202403,20240508,1814663,208191,181621,113199,9043969,3037088,248144,1882752,33.6,3.8,1.28,7154182647
4690,日本パレットプール,202403,20240508,7582,778,874,527,11204,6341,767,2921,56.6,8.66,4.52,1620000
4691,ワシントンホテル,202403,20240514,18294,1490,937,835,33072,7539,100,17613,22.8,11.81,2.43,12170000
4694,ビー・エム・エル,202403,20240510,137964,9167,9605,6034,170991,125844,6045,-,73.6,4.86,3.55,42294426
4704,トレンドマイクロ,202412,20250218,272638,48105,52840,34358,400316,116966,19926,-,29.2,20.89,7.7,140901604
4705,クリップコーポレーション,202403,20240514,3036,46,59,87,5769,5048,212,179,87.5,1.71,1.51,4536000
4707,キタック,202410,20241204,3342,362,393,279,6065,3293,479,1850,54.3,8.83,4.63,5969024
4709,IDホールディングス,202503,20250430,36274,3780,3862,2389,22490,13554,592,1950,60.3,18.73,11.23,17229712
4712,KeyHolder,202412,20250213,31090,2805,2629,2500,54274,21933,92,4328,40.4,11.94,6.14,18967410
4714,リソー教育,202502,20250408,33394,2933,2938,1743,22109,11959,4590,-,54.1,17.14,8.67,171806159
4716,日本オラクル,202405,20240625,244542,79820,80277,55603,340159,191736,25175,-,56.4,32,17.9,128302071
4718,早稲田アカデミー,202403,20240510,32867,2889,2951,2132,23057,14263,2014,-,61.9,15.91,9.65,19012452
4719,アルファシステムズ,202403,20240513,36383,4348,4422,3045,50807,41861,8500,-,82.4,7.46,6.15,14052400
4720,城南進学研究社,202403,20240520,5851,30,40,-122,4875,1881,655,624,38.6,-6.24,-2.43,8937840
4722,フューチャー,202412,20250204,69878,14667,14951,10322,92048,55489,4000,17856,60.3,19.32,13.06,95328000
4725,CACホールディングス,202412,20250213,52063,3394,3361,3096,54733,37368,3702,1876,68.3,8.93,6,20541400
4728,トーセ,202408,20241010,4615,-522,-501,-260,7227,6044,967,-,83.6,-4.14,-3.5,7763040
4732,ユー・エス・エス,202403,20240508,97606,48937,49654,32906,271557,195558,18881,2585,72,17.03,12.81,514000000
4733,オービックビジネスコンサルタント,202503,20250422,46984,21744,23044,16182,208638,158990,10519,-,76.2,10.51,7.96,75404000
4735,京進,202405,20240709,26099,873,844,505,21736,3885,327,7624,17.9,13.92,2.35,8396000
4736,日本ラッド,202403,20240513,3984,266,321,327,4295,2926,1239,-,68.1,11.79,7.78,5355390
4743,アイティフォー,202403,20240509,20652,3737,3846,2770,23996,18830,1124,-,78.5,15.4,12.13,27911900
4745,東京個別指導学院,202502,20250411,22182,1598,1605,1039,12292,8699,642,-,70.8,12.14,8.67,54291435
4746,東計電算,202412,20250203,19634,5576,6451,4495,49715,40190,1370,-,80.8,12.12,9.84,18700000
4750,ダイサン,202404,20240531,10407,56,37,60,10372,5354,100,2858,51.6,1.12,0.59,7618000
4751,サイバーエージェント,202409,20241030,802996,41843,41475,16246,520417,159365,7440,106777,30.6,10.7,3.25,506480000
4752,昭和システムエンジニアリング,202403,20240513,7960,908,923,660,8285,4931,630,10,59.5,14.13,8.27,4810000
4754,トスネット,202409,20241114,11559,817,901,891,11190,7927,782,893,70.8,11.78,8.2,4732600
4755,楽天グループ,202412,20250214,2279233,52975,16277,-162442,26514728,927868,452647,5461713,3.5,-18.41,-0.66,2157487400
4760,アルファ,202408,20241011,6124,114,104,133,4274,1383,100,1573,32.4,11.26,3.3,915444
4761,さくらケーシーエス,202403,20240513,22769,1127,1206,895,24236,19180,2054,-,79.1,4.84,3.8,11200000
4762,エックスネット,202503,20250430,5300,860,849,581,6680,2921,783,2500,43.7,10.16,7,8261600
4763,クリーク・アンド・リバー社,202502,20250410,50275,3614,3694,2251,27078,15877,1177,4167,58.6,14.32,8.58,23009000
4765,SBIグローバルアセットマネジメント,202503,20250424,11568,2269,2565,1646,18258,15243,3363,-,83.5,10.55,8.93,89673600
4766,ピーエイ,202412,20250217,1877,67,68,73,1337,465,10,595,34.8,16.98,5.42,11229800
4767,テー・オー・ダブリュー,202406,20240808,17503,2006,2058,1405,14085,9292,948,840,66,15.87,11.12,48969096
4768,大塚商会,202412,20250203,1107668,74360,75931,53481,673903,370800,10374,6000,55,14.98,8.66,380004240
4769,IC,202409,20241108,9290,443,552,384,8110,6026,407,-,74.3,6.36,4.72,7732270
4771,エフアンドエム,202403,20240514,14861,2128,2143,1609,15202,11618,989,-,76.4,14.5,11.2,15714400
4772,ストリームメディアコーポレーション,202412,20250205,9716,364,374,787,14405,6913,50,-,48,11.79,5.81,115904831
4776,サイボウズ,202412,20250213,29675,4892,5335,3555,21087,11630,613,-,55.2,31.07,17.63,52757800
4777,ガーラ,202412,20250214,2350,-447,-358,-907,4366,968,4491,1347,22.2,-70.61,-23.49,28024900
4783,NCD,202403,20240513,25481,2115,2140,1387,14899,6347,438,907,42.6,24.44,10.17,8800000
4784,GMOインターネット,202412,20250212,12997,139,151,-4,10356,5176,1301,-,50,-0.08,-0.04,274698528
4792,山田コンサルティンググループ,202403,20240508,22177,3662,3724,2861,20758,16630,1599,-,80.1,18.19,13.97,19896000
4800,オリコン,202403,20240508,4800,1556,1588,1055,6027,5187,1092,100,86.1,21.44,18.26,15123200
4801,セントラルスポーツ,202403,20240513,45379,2653,2181,1160,41628,24823,2261,2025,59.6,4.76,2.76,11466300
4809,パラカ,202409,20241108,16380,3021,2776,1817,44456,19348,1903,21886,43.5,9.71,4.31,10370600
4811,ドリーム・アーツ,202412,20250212,5033,773,766,551,4729,2308,569,300,48.8,26.68,12.7,4054600
4812,電通総研,202412,20250212,152642,21039,21093,15117,147331,91194,8180,-,61.9,17.36,10.77,65182480
4813,ACCESS,202401,20240315,16573,-105,-12,-280,27281,22576,17072,-,82.8,-1.26,-1.07,39962100
4814,ネクストウェア,202403,20240515,2820,-132,-128,-161,1687,1328,1310,7,78.7,-11.33,-9.14,13015222
4816,東映アニメーション,202403,20240513,88654,23364,26453,18795,162739,131713,2867,-,80.9,15.27,12,210000000
4819,デジタルガレージ,202403,20240509,31378,4804,6298,5806,231431,89251,7846,67339,38.6,6.86,2.59,47650900
4820,イーエムシステムズ,202412,20250214,24837,4464,5184,2425,31669,20535,2785,1402,64.8,11.83,7.94,70514800
4825,ウェザーニューズ,202405,20240708,22242,3270,3341,2437,23058,19700,1706,-,85.4,12.82,11.07,23688000
4826,CIJ,202406,20240807,25733,1964,1993,948,18497,14509,2270,520,78.4,6.62,5.23,66798288
4828,ビジネスエンジニアリング,202403,20240510,19493,3885,3877,2625,15718,10950,697,100,69.7,25.94,18.03,12000000
4829,日本エンタープライズ,202405,20240712,4696,264,278,209,5951,4918,1108,159,82.6,4.31,3.58,38534900
4832,JFEシステムズ,202503,20250425,63972,7589,7667,5442,53065,33005,1390,-,62.2,17.54,10.89,31412000
4833,Def_consulting,202403,20240510,532,-300,-311,-311,841,731,100,-,86.9,-48.82,-42.52,29302015
4838,スペースシャワーSKIYAKIホールディングス,202403,20240514,16362,618,619,280,8164,3930,100,-,48.1,7.35,3.51,17029205
4839,WOWOW,202403,20240515,74869,1450,2057,1092,89146,68225,5000,-,76.5,1.62,1.17,28844400
4840,トライアイズ,202412,20250214,961,2,250,194,5672,5159,100,232,91,3.79,3.44,8300000
4845,スカラ,202406,20240814,10714,-2155,-2166,-2887,12699,4338,1792,5789,34.2,-47.44,-18.62,17760959
4847,インテリジェントウェイブ,202406,20240807,14518,2030,2072,1420,16847,9222,843,-,54.7,15.76,9.3,26340000
4848,フルキャストホールディングス,202412,20250214,68556,7133,7312,5493,41468,28616,2780,1000,69,20.34,13.66,35215449
4849,エン・ジャパン,202403,20240509,67661,5161,5369,4196,48974,31756,1194,-,64.8,12.62,8.31,49716000
4875,メディシノバ・インク（外国株）,-,-,-,-,-,-,-,-,-,-,-,-,-,49046246
4880,セルソース,202410,20241212,4355,129,236,237,7074,5992,1426,-,84.7,3.9,3.4,19812762
4881,ファンペップ,202412,20250212,6,-901,-896,-889,3110,2538,3308,-,81.6,-36.74,-31.74,34730800
4882,ペルセウスプロテオミクス,202403,20240515,100,-894,-879,-1104,1693,1324,1971,-,78.2,-59.85,-51.84,14749500
4883,モダリス,202412,20250213,-,-1337,-1303,-1317,3691,3527,1758,-,95.6,-53.96,-46.08,73670898
4884,クリングルファーマ,202409,20241113,80,-817,-754,-756,2757,2090,11,-,75.8,-36.91,-28.13,6837200
4885,室町ケミカル,202405,20240712,6369,421,428,330,5059,2271,143,1432,44.9,15.77,6.6,4095500
4886,あすか製薬ホールディングス,202403,20240510,62843,6500,6522,7545,90745,61930,1197,9485,68.2,12.96,8.48,28763199
4887,サワイグループホールディングス,202403,20240513,176862,18620,18262,13695,382024,212661,10020,82890,55.7,6.61,3.67,115452817
4888,ステラファーマ,202403,20240510,269,-760,-760,-763,3820,2371,2938,933,62.1,-29.85,-18.73,34034100
4889,レナサイエンス,202403,20240509,194,-252,-251,-258,2088,1606,1036,356,76.9,-14.87,-11.83,12711700
4890,坪田ラボ,202403,20240513,673,-649,-636,-641,2295,1367,818,116,59.6,-38.65,-25.81,25639300
4891,ティムス,202502,20250411,-,-907,-633,-660,3032,2792,1510,-,92.1,-21.16,-20.04,40330067
4892,サイフューズ,202412,20250214,54,-896,-869,-872,3518,2493,1364,852,70.9,-30.62,-22.56,8304800
4893,ノイルイミューン・バイオテック,202412,20250214,7,-1069,-962,-964,4800,4719,4047,-,98.3,-18.54,-18.23,43301765
4894,クオリプス,202403,20240513,23,-588,-627,-632,6184,5975,1594,-,96.6,-10.58,-10.22,8109116
4896,ケイファーマ,202412,20250213,-,-836,-836,-846,2353,2258,100,-,96,-31.56,-29.86,11604600
4901,富士フイルムホールディングス,202403,20240509,2960916,276725,317288,243509,4783460,3169247,40363,502819,66.3,8.21,5.46,1243877184
4902,コニカミノルタ,202403,20240514,1159999,26091,13566,4521,1388052,539566,37519,426633,38.9,0.88,0.32,502664337
4911,資生堂,202412,20250210,990586,7575,-1265,-10813,1331848,632474,64506,238620,47.5,-1.73,-0.84,400000000
4912,ライオン,202412,20250213,412943,28387,32249,21197,497167,293718,34433,-,59.1,7.39,4.31,284432746
4914,高砂香料工業,202403,20240515,195940,2316,4707,2698,228427,129055,9248,46735,56.5,2.16,1.22,20152397
4917,マンダム,202403,20240514,73233,2020,2981,2601,93265,66518,11394,102,71.3,3.95,2.82,48269212
4918,アイビー化粧品,202403,20240514,2713,187,187,160,3568,2235,1322,450,62.6,7.6,4.31,5794000
4919,ミルボン,202412,20250214,51316,6839,6968,5017,58899,48817,2000,-,82.9,10.59,8.94,33117234
4920,日本色材工業研究所,202502,20250411,17632,489,367,216,16889,3804,100,9355,22.5,5.89,1.27,2099376
4922,コーセー,202412,20250212,322758,17364,21646,7510,383121,272296,4848,831,71.1,2.79,1.99,60592541
4923,コタ,202403,20240508,9136,1921,1953,1349,14801,11039,387,-,74.6,12.72,9.47,32934663
4925,ハーバー研究所,202403,20240510,12324,-187,-191,-2118,12431,8507,696,2354,68.4,-21.97,-15.64,3935000
4926,シーボン,202403,20240509,8498,29,43,-26,8808,5657,483,2,64.2,-0.46,-0.29,4281200
4927,ポーラ・オルビスホールディングス,202412,20250214,170359,13810,16083,9286,200320,164657,10000,46,82.2,5.59,4.63,229136156
4928,ノエビアホールディングス,202409,20241108,63823,11423,11594,7970,76471,53478,7319,-,69.9,15,10.37,34156623
4929,アジュバンホールディングス,202503,20250418,4098,126,135,40,5292,4178,776,-,78.9,0.95,0.76,8043600
4931,新日本製薬,202409,20241112,40043,4176,4103,2795,27222,21718,4158,253,79.8,13.56,10.6,21855200
4932,アルマード,202403,20240515,7538,960,963,695,3830,1884,110,1000,49.2,32.97,18.53,10394000
4933,I-ne,202412,20250212,45006,4583,4621,2938,35123,16444,50,10020,46.8,19.12,10.13,17784270
4934,プレミアアンチエイジング,202407,20240912,20359,139,161,-1483,11002,6124,1351,2442,55.7,-21.6,-12.82,8720534
4935,リベルタ,202412,20250214,8635,71,50,-21,6436,1565,207,3441,24.3,-1.31,-0.35,6020000
4936,アクシージア,202407,20240913,12192,918,1122,794,10543,8534,2155,948,80.9,9.11,7.48,24107000
4937,Waqoo,202409,20241113,1943,56,57,-17,3133,2137,53,783,68.2,-1.17,-0.72,3618928
4951,エステー,202403,20240507,44472,1341,1930,1274,44760,33160,7065,454,74.1,3.89,2.8,23000000
4956,コニシ,202503,20250425,135876,10649,11194,8084,136801,86253,4603,127,63,9.74,5.82,70414880
4957,ヤスハラケミカル,202503,20250430,14661,1820,1882,1376,27468,21067,1789,3549,76.7,6.72,5.03,10839663
4958,長谷川香料,202409,20241108,71645,9371,9723,7201,144504,119319,5364,-,82.6,6.12,5.08,42708154
4960,ケミプロ化成,202403,20240510,9236,482,132,126,13713,4679,2155,5707,34.1,2.72,0.92,16623613
4966,上村工業,202403,20240510,80256,14994,15871,10920,118174,92713,1336,400,78.5,12.33,9.69,18099000
4967,小林製薬,202412,20250210,165600,24860,26861,10067,265368,212779,3450,-,80.2,4.83,3.78,78050000
4968,荒川化学工業,202403,20240514,72222,-2617,-2412,-1042,125418,56135,3343,42387,44.8,-1.89,-0.85,20652400
4970,東洋合成工業,202403,20240510,31956,3512,3393,2396,59517,21825,1618,22008,36.7,11.56,4.33,8143390
4971,メック,202412,20250214,18234,4562,4682,2291,33039,26897,594,-,81.4,8.87,7.43,20071093
4972,綜研化学,202403,20240515,41318,3828,3909,2629,50582,32735,3361,4265,64.7,8.38,5.37,16600000
4973,日本高純度化学,202503,20250425,12611,502,657,1579,15856,13508,1283,-,85.2,11.29,9.57,6067200
4974,タカラバイオ,202403,20240510,43505,3003,3405,1480,121252,111505,14965,-,92,1.32,1.18,120415600
4975,JCU,202403,20240510,24859,8041,8216,5530,49641,42250,1266,737,85.1,13.81,11.7,26529949
4976,東洋ドライルーブ,202406,20240809,4699,654,807,617,12012,9600,375,775,79.9,6.67,5.32,1355000
4977,新田ゼラチン,202403,20240515,40420,1836,2382,-1850,39962,18188,3144,9214,45.5,-9.92,-4.54,18373974
4978,リプロセル,202403,20240513,2426,-409,40,-31,9052,8308,2322,-,91.8,-0.39,-0.36,94802891
4979,OATアグリオ,202412,20250212,29773,3114,3242,2077,34663,15953,461,10972,46,13.92,6.05,11072000
4980,デクセリアルズ,202403,20240513,105198,33421,30028,21382,138016,84953,16251,21735,61.6,27.09,16.17,176418500
4985,アース製薬,202412,20250213,169278,6425,7364,3475,135636,68866,10192,5000,50.8,5.13,2.59,22209900
4990,昭和化学工業,202403,20240515,9196,503,719,584,13528,7598,598,3212,56.2,8.14,4.4,11979000
4992,北興化学工業,202411,20250114,46195,4540,5691,4006,65322,46198,3214,1000,70.7,8.62,6.03,28485531
4994,大成ラミックグループ,202403,20240513,28029,1621,1651,1084,32742,23954,3426,29,73.2,4.58,3.38,7047500
4996,クミアイ化学工業,202410,20241213,161049,11350,18300,13590,275474,145917,4534,74262,53,9.74,5.41,133184612
4997,日本農薬,202403,20240513,103033,7438,5932,4777,157983,78069,14939,39682,49.4,6.41,3.24,81967082
4998,フマキラー,202403,20240515,67672,2403,2798,1377,62366,23177,3698,14983,37.2,6.28,2.3,16490000
5009,富士興産,202403,20240515,61912,913,946,607,19121,9505,5527,30,49.7,6.45,3.27,8743907
5010,日本精蝋,202412,20250214,22045,2245,1682,1776,29725,5673,100,18235,19.1,37.56,5.95,22400000
5011,ニチレキグループ,202403,20240510,73832,6019,6390,4488,95094,74836,2919,1356,78.7,6.09,4.81,31685955
5013,ユシロ,202403,20240515,52985,3619,4628,3010,62169,40196,4249,6372,64.7,8.04,5.08,13900065
5015,ビーピー・カストロール,202412,20250210,13652,1354,1412,932,13438,10006,1491,-,74.5,9.33,7.1,22975189
5016,JX金属,-,-,-,-,-,-,-,-,-,-,-,-,-,928463102
5017,富士石油,202403,20240510,723730,16199,18735,15516,389960,86156,24467,161375,22.1,19.69,4.27,78183677
5018,MORESCO,202502,20250411,34374,1391,1821,1013,38297,21685,2118,5117,56.6,4.85,2.69,9696500
5019,出光興産,202403,20240514,8719201,346316,385246,228518,5012295,1799895,168351,1298442,35.9,13.39,4.63,1288747390
5020,ENEOSホールディングス,202403,20240514,13856662,464946,448075,288121,10136545,3227213,100000,2820042,31.8,9.47,2.87,2706766549
5021,コスモエネルギーホールディングス,202403,20240509,2729570,149200,161615,82060,2211942,600518,46435,618319,27.1,14.54,3.79,88353761
5025,マーキュリー,202502,20250414,1763,170,166,126,1187,842,243,-,70.9,15.73,11.79,2744000
5026,トリプルアイズ,202408,20241015,4410,38,47,76,4917,849,56,2324,17.3,12.87,2.11,8378100
5027,AnyMind_Group,202412,20250214,50713,2558,2538,2335,34162,16591,678,3300,48.6,15.51,8.13,59983500
5028,セカンドサイトアナリティカ,202412,20250214,1141,159,159,116,1063,813,355,30,76.5,15.95,12.53,8472339
5029,サークレイス,202403,20240514,2900,-85,-51,-39,1543,786,395,223,50.9,-4.96,-2.53,4344385
5031,モイ,202501,20250312,6592,232,256,27,4139,1871,50,-,45.2,1.45,0.69,13966000
5032,ANYCOLOR,202404,20240612,31995,12361,12341,8725,25076,19716,342,156,78.6,52.92,40.07,60954719
5033,ヌーラボ,202403,20240514,3662,332,330,308,3474,1330,629,5,38.3,26.92,10.12,6484101
5034,unerry,202406,20240814,2834,179,134,68,2103,1628,14,-,77.4,4.99,3.76,3768490
5035,HOUSEI,202412,20250213,4918,78,128,125,5134,3287,656,773,64,3.87,2.54,7094200
5036,日本ビジネスシステムズ,202409,20241108,140858,4593,4587,1514,60949,22735,539,19376,37.3,6.74,2.74,48366400
5038,eWeLL,202412,20250214,2571,1135,1138,808,3070,2409,397,-,78.5,39.42,29.65,15126187
5070,ドラフト,202412,20250214,12276,1022,1017,646,6458,4052,807,802,62.7,17.21,9.28,10043600
5071,ヴィス,202403,20240515,14399,1523,1507,991,9872,5832,530,-,59.1,18.3,11.12,8351800
5074,テスホールディングス,202406,20240814,30643,2370,7660,1185,119128,41513,6760,62348,34.8,3.4,1.11,70644130
5076,インフロニア・ホールディングス,202403,20240515,793264,51060,49439,32571,1410557,399924,20000,481545,28.4,8.66,2.79,274845024
5078,セレコーポレーション,202502,20250414,23922,2018,2039,1416,24873,20418,447,-,82.1,7.11,5.77,3491900
5079,ノバック,202404,20240614,34431,810,662,287,29489,18375,1227,1800,62.3,1.54,0.99,5202800
5101,横浜ゴム,202412,20250219,1094746,119157,115359,74919,1735544,893971,38909,438022,51.5,9.17,4.49,169549081
5103,昭和ホールディングス,202403,20240515,8868,4,-781,-531,6833,1580,5651,920,23.1,-29.98,-7.82,76293426
5105,TOYO_TIRE,202412,20250214,565358,93981,102117,74810,722666,472552,55935,86586,65.4,17.24,10.94,154111029
5108,ブリヂストン,202412,20250217,4430096,443319,421437,284989,5723517,3731606,126354,378381,65.2,8.04,5.11,713698221
5110,住友ゴム工業,202412,20250213,1211856,11186,16251,9865,1341123,656134,42658,252442,48.9,1.54,0.76,263043057
5121,藤倉コンポジット,202403,20240510,37785,3624,3898,3252,44075,36499,3804,-,82.8,9.31,7.7,23446209
5122,オカモト,202403,20240513,106123,10040,12087,7388,143858,88660,13047,3350,61.6,8.97,5.45,17899367
5125,ファインズ,202406,20240814,2761,329,341,238,2581,2003,231,-,77.6,12.69,9.58,4648400
5126,ポーターズ,202412,20250207,1923,391,387,268,1653,1338,55,-,80.9,22.54,17.16,1603800
5129,FIXER,202408,20241011,6468,260,266,156,6590,5876,1213,17,89.2,2.69,2.27,14779200
5131,リンカーズ,202407,20240912,1464,-223,-124,-200,1845,1657,245,22,89.8,-11.43,-10.18,13797000
5132,pluszero,202410,20241211,1218,250,251,153,1415,1127,25,-,79.6,14.74,11.86,7766622
5133,テリロジーホールディングス,202403,20240515,6881,272,396,188,6898,2534,450,368,36.7,7.61,2.88,17111742
5134,POPER,202410,20241212,1071,73,70,83,1070,722,274,186,67.5,12.22,8.52,3937076
5136,tripla,202410,20241216,1867,270,246,209,10958,1068,859,1244,9.7,19.57,1.91,5887102
5137,スマートドライブ,202409,20241113,2173,175,171,266,1862,768,20,530,41.2,42.56,15.79,6286770
5138,Rebase,202403,20240514,1490,335,336,228,1466,970,167,-,66.2,26.67,17.92,4912700
5139,オープンワーク,202412,20250213,3542,1026,1027,757,7243,6460,1649,-,89.2,12.43,11.11,21343600
5142,アキレス,202403,20240510,78607,-958,-171,-8210,82662,39549,14640,14650,47.8,-19.15,-9.72,14562714
5161,西川ゴム工業,202403,20240510,117904,6555,8920,5038,137732,84542,3364,18614,61.4,6.4,3.82,39990774
5162,朝日ラバー,202403,20240514,7180,156,195,133,9414,5042,516,1754,53.6,2.68,1.41,4618520
5184,ニチリン,202412,20250213,71356,9184,10382,6171,82978,56772,2158,291,68.4,11.4,7.67,14371500
5185,フコク,202403,20240515,88847,3646,4094,3050,76033,39538,1395,11523,52,8.12,4.13,17609130
5186,ニッタ,202403,20240510,88609,4421,12007,9857,169504,141280,8060,286,83.3,7.3,6.01,29272503
5187,クリエートメディック,202412,20250213,13030,692,750,840,20047,15750,1461,800,78.6,5.47,4.27,9664327
5189,櫻護謨,202403,20240513,13353,1136,1105,733,17568,8722,506,2926,49.6,8.89,4.33,2024000
5191,住友理工,202403,20240509,615449,33977,30805,18641,441764,196364,12145,86249,44.4,10.26,4.33,104042806
5192,三ツ星ベルト,202403,20240514,84014,7759,9605,7102,135627,98247,8150,6303,72.4,7.64,5.52,31104198
5194,相模ゴム工業,202403,20240517,6112,436,389,40,17716,9845,547,5743,55.6,0.41,0.22,10937449
5195,バンドー化学,202403,20240515,108278,7772,8676,6180,125622,85164,10951,7587,67.8,7.59,5.05,44213536
5199,不二ラテックス,202403,20240515,7508,439,382,289,11326,3857,643,5151,34.1,7.78,2.54,1286199
5201,AGC,202412,20250207,2067603,-44678,-50050,-94042,2889665,1435788,90873,649737,49.7,-6.52,-3.23,217434681
5202,日本板硝子,202403,20240510,832537,35950,17597,10633,1007585,124275,116853,500555,12.3,9.61,1.09,91538599
5204,石塚硝子,202503,20250424,55994,3849,3713,3088,100417,33913,6344,26626,33.8,9.52,3.21,4219554
5208,有沢製作所,202403,20240509,42114,1483,1488,1639,68816,46219,7862,10401,67.2,3.51,2.4,33600524
5210,日本山村硝子,202403,20240515,72874,4452,6059,12261,94144,51430,14074,22384,54.6,27.62,13.49,11145249
5214,日本電気硝子,202412,20250205,299237,6120,12417,12091,695163,484020,32155,111265,69.6,2.49,1.73,89523246
5216,倉元製作所,202412,20250214,1567,95,30,31,4655,3714,93,522,79.8,0.83,0.67,47998575
5218,オハラ,202410,20241212,27909,2177,2587,1568,65112,50506,5855,5167,77.6,3.21,2.47,25450000
5232,住友大阪セメント,202403,20240514,222502,7251,8476,15339,356283,194345,41654,79528,54.5,8.14,4.3,33237017
5233,太平洋セメント,202403,20240514,886275,56470,59472,43272,1338251,563210,86174,370468,42.1,8.18,3.32,118191578
5237,ノザワ,202403,20240510,23074,1780,1938,874,29477,19809,2449,-,67.2,4.57,3.02,12075000
5240,monoAI_technology,202412,20250214,1429,-281,-286,-585,1875,1560,1057,69,83.2,-43.25,-34.8,12260740
5242,アイズ,202412,20250214,1036,32,38,27,951,664,219,-,69.8,4.16,2.88,1016700
5243,note,202411,20250114,3312,52,75,98,3769,1703,30,80,45.2,5.75,2.6,16559800
5244,jig.jp,202403,20240514,12247,1804,1823,1214,5715,3253,877,354,56.9,45.06,24.36,42568400
5246,ELEMENTS,202411,20250114,2545,57,-27,-132,4916,2107,10,1535,42.9,-8.83,-3.09,24516814
5247,BTM,202403,20240514,4154,152,150,110,1380,604,182,281,43.8,20.31,8.33,2827000
5248,テクノロジーズ,202501,20250314,13900,1738,1630,265,18949,1256,630,7331,6.6,24.07,1.51,16922400
5250,プライム・ストラテジー,202411,20250114,857,212,212,151,1637,1413,444,103,86.3,11.14,9.62,3544600
5252,日本ナレッジ,202403,20240515,4076,250,266,202,2121,1083,217,327,51.1,20.39,10.3,1376000
5253,カバー,202403,20240513,30166,5536,5623,4137,22713,11140,973,-,49,45.6,21.44,65650100
5254,Arent,202406,20240808,2939,1236,961,658,5060,4119,545,393,81.4,17.37,13.74,6439580
5255,モンスターラボ,202412,20250214,10003,-10269,-9845,-9947,7589,-4738,2175,9179,-,-,-90.22,49268950
5256,Fusic,202406,20240809,1798,207,211,154,1437,967,56,43,67.3,17.44,11.54,1277300
5257,ノバシステム,202412,20250213,6461,528,551,394,3730,2233,298,628,59.9,19.55,11.08,1402500
5258,トランザクション・メディア・ネットワークス,202403,20240514,10370,777,765,585,25530,10790,6150,269,42.3,5.42,2.29,36991500
5259,BBDイニシアティブ,202409,20241114,4127,285,266,164,4133,1280,734,1870,31,13.82,4.16,6120221
5261,リソルホールディングス,202403,20240509,25717,2122,1947,1411,43003,14635,3948,13855,34,10.03,3.29,5564200
5262,日本ヒューム,202403,20240509,33732,1381,2391,1912,62079,41129,5251,1506,66.3,4.84,3.27,29347500
5268,旭コンクリート工業,202403,20240510,7071,412,467,337,14416,10853,1204,700,75.3,3.18,2.42,13233000
5269,日本コンクリート工業,202403,20240515,53650,1807,2242,614,81995,37506,5111,13017,45.7,1.69,0.77,57777432
5271,トーヨーアサノ,202502,20250411,14402,606,596,363,16148,4197,100,8237,26,8.93,2.33,1440840
5273,三谷セキサン,202403,20240514,83116,12108,13417,9251,120357,82978,2146,252,68.9,12.1,8.21,20986599
5277,スパンクリートコーポレーション,202403,20240513,2035,-323,-305,-301,6651,5492,100,500,82.6,-5.33,-4.4,9332400
5279,日本興業,202503,20250428,14746,594,640,393,16209,7913,2019,3205,48.8,5.05,2.47,3064200
5280,ヨシコン,202503,20250430,27474,4678,4713,3017,44312,27439,100,7884,61.9,11.45,7.32,8030248
5282,ジオスター,202403,20240515,26910,1831,1852,1102,36766,23318,3352,330,63.4,4.88,3.09,31530000
5283,高見澤,202406,20240809,71369,1803,2113,759,39365,14015,1264,8610,35.6,5.58,1.98,1758400
5284,ヤマウホールディングス,202403,20240508,19745,2582,2647,1737,23793,10578,800,3881,44.5,17.7,7.56,6306000
5285,ヤマックス,202403,20240509,20807,1824,1834,1297,18620,6995,1752,2144,37.6,20.32,7.69,11580000
5287,イトーヨーギョー,202403,20240510,3132,108,101,101,6090,3384,500,1395,55.6,3.02,1.69,3568000
5288,アジアパイルホールディングス,202403,20240510,103151,7016,6247,3821,95230,44965,6621,13581,47.2,8.86,3.93,38089792
5290,ベルテクスコーポレーション,202403,20240510,36833,5727,5849,3728,52024,33581,3000,4752,64.5,11.49,7.32,28853350
5301,東海カーボン,202412,20250212,350114,19386,22579,-56736,640753,289558,20436,191240,45.2,-18.48,-8.86,224943104
5302,日本カーボン,202412,20250210,37956,6319,6692,4078,82348,52015,7402,9212,63.2,8.04,5.07,11832504
5304,SECカーボン,202403,20240514,37307,10217,11555,7299,87798,72883,5913,-,83,10.79,9.1,20694340
5310,東洋炭素,202412,20250214,53093,12238,13480,9960,113190,94148,7947,-,83.2,11.15,9.49,20992588
5331,ノリタケ,202403,20240509,137912,10709,14643,11480,202069,147101,15632,2606,72.8,8.34,6,29034398
5332,TOTO,202503,20250428,724454,48479,50369,12168,813924,522058,35579,67873,64.1,2.38,1.52,176981297
5333,日本碍子,202503,20250428,619513,81241,78249,54933,1142986,719804,70064,252241,63,7.76,4.84,297956996
5334,日本特殊陶業,202503,20250430,652993,129660,133313,92625,990966,674573,47869,156683,68.1,14.12,9.42,199247720
5337,ダントーホールディングス,202412,20250214,5315,-987,-991,33,10696,7471,2171,250,69.8,0.42,0.29,33360600
5341,ASAHI_EITOホールディングス,202411,20250117,3967,-320,-318,-374,2551,946,2385,736,37.1,-38.88,-14.01,5864869
5344,MARUWA,202503,20250425,71849,26914,27033,19242,142285,127854,8646,-,89.9,16.23,14.53,12372000
5351,品川リフラクトリーズ,202403,20240513,144175,13887,14903,15280,155137,83425,3300,27689,53.8,20.17,10.22,47146830
5352,黒崎播磨,202403,20240513,177029,14692,16389,12416,179019,87166,5537,36881,48.7,15.45,7.25,36458112
5355,日本坩堝,202403,20240509,9610,334,344,285,10684,5292,704,1846,49.5,5.43,2.66,7045200
5356,美濃窯業,202403,20240515,14159,1352,1469,1054,20384,13592,877,1530,66.7,8.09,5.25,12909828
5357,ヨータイ,202403,20240510,29128,3602,3704,3878,42531,32531,2654,-,76.5,12.2,9.44,19594000
5363,東京窯業,202403,20240517,30011,3182,4051,2378,56901,39218,2398,3402,68.9,6.47,4.45,45477000
5367,ニッカトー,202503,20250501,10077,637,719,503,17124,13113,1320,720,76.6,3.84,2.93,12135695
5368,日本インシュレーション,202403,20240513,12537,1458,1460,975,18116,13330,1200,967,73.6,7.56,5.66,8707200
5380,新東,202406,20240802,4521,-87,-54,-65,6119,3234,412,1823,52.9,-1.99,-1.04,831682
5381,Mipox,202403,20240515,9354,-442,-186,-408,15977,7484,3379,6172,46.8,-5.27,-2.54,14451920
5384,フジミインコーポレーテッド,202403,20240513,51423,8251,8958,6499,82999,72576,4753,-,87.4,9.18,7.97,80098500
5386,鶴弥,202503,20250430,6815,185,455,121,15670,11914,2144,1300,76,1.02,0.77,7767800
5388,クニミネ工業,202403,20240510,15675,1231,1644,1043,25228,21202,1617,-,84,4.97,4.19,14450000
5391,エーアンドエーマテリアル,202403,20240508,41282,2318,2403,2699,39952,18932,3889,4455,47.4,15.23,6.91,7778000
5393,ニチアス,202403,20240507,249391,35208,38974,26961,290788,199682,12128,21805,68.7,14.49,9.67,67811917
5401,日本製鉄,202403,20240509,8868097,778662,763972,549372,10714627,4777728,419799,2711643,44.6,12.26,5.42,1074726752
5406,神戸製鋼所,202403,20240509,2543142,186628,160923,109552,2919774,1056562,250930,823429,36.2,11.12,3.78,396345963
5408,中山製鋼所,202403,20240508,184445,12327,12244,8904,152087,104553,20044,9627,68.7,8.84,5.92,63079256
5410,合同製鐵,202503,20250425,205199,13749,15422,11322,254159,134300,34896,64095,52.8,8.63,4.31,17145211
5411,JFEホールディングス,202403,20240507,5174632,287003,268386,197421,5754964,2464129,171310,1830277,42.8,8.61,3.5,639438399
5423,東京製鐵,202503,20250425,326775,30105,31612,21203,292973,209918,30894,-,71.7,10.25,7.03,110064249
5440,共英製鋼,202503,20250430,322849,15332,15745,10791,352828,202988,18516,83550,57.5,5.43,3.05,44898730
5444,大和工業,202503,20250430,168268,11493,54402,31833,657481,557573,7996,1956,84.8,5.89,5.03,65000000
5445,東京鐵鋼,202403,20240507,79617,10624,11412,7887,77903,53112,5839,5889,68.2,15.9,10.68,9365305
5446,北越メタル,202403,20240510,31823,528,656,467,28760,16969,1969,3767,59,2.8,1.65,3994000
5449,大阪製鐵,202503,20250428,116424,5328,4911,3227,203485,155998,8769,18269,76.7,2.09,1.58,42279982
5451,淀川製鋼所,202403,20240510,203957,12017,15202,4456,265863,189581,23220,544,71.3,2.41,1.72,31837230
5458,高砂鐵工,202403,20240513,12181,389,395,234,9659,4406,1504,-,45.6,5.37,2.53,3008000
5461,中部鋼鈑,202403,20240508,67785,10425,10228,7133,93548,76796,5907,-,82.1,9.52,7.85,28000000
5463,丸一鋼管,202403,20240510,271310,34811,38355,26113,429529,347015,9595,5366,80.8,7.91,6.35,84000000
5464,モリ工業,202403,20240510,47898,5896,6393,4519,70304,54548,7360,2042,77.6,8.59,6.64,38831900
5471,大同特殊鋼,202403,20240510,581287,42113,45031,49759,787517,428360,37172,174579,54.4,12.49,6.37,217243845
5476,日本高周波鋼業,202403,20240426,36614,-1635,-1585,6612,38958,21768,12721,2110,55.9,35.83,16.33,14687617
5480,日本冶金工業,202403,20240509,180341,20010,19128,13565,219988,89486,24301,77856,40.7,16.04,6.13,15497333
5482,愛知製鋼,202503,20250425,299287,12016,11907,7820,400063,231936,25016,64569,58,3.24,1.85,19109187
5484,東北特殊鋼,202403,20240514,21337,1263,1384,974,34793,27569,827,-,79.2,3.62,2.89,7550000
5491,日本金属,202403,20240513,51411,-1095,-1261,1545,75085,26863,6857,24122,35.8,6.02,2.07,6700000
5527,property_technologies,202411,20250114,41612,1362,1019,635,40791,7477,300,29925,18.3,8.7,1.61,4154251
5532,リアルゲイト,202409,20241029,7948,766,629,380,15894,2692,680,9706,16.9,15.28,2.78,5715100
5533,エリッツホールディングス,202409,20241112,5835,968,969,641,9079,4744,291,1941,52.3,14.27,7.31,3470600
5535,ミガロホールディングス,202403,20240509,42672,2500,2042,1112,48446,10351,73,32401,21.4,10.74,2.3,29424800
5541,大平洋金属,202403,20240510,15521,-9114,-2119,-1074,73790,68786,13922,-,93.2,-1.53,-1.41,19577071
5542,新報国マテリアル,202412,20250207,6209,644,656,576,7799,5614,175,1100,72,10.62,7.41,7020000
5563,新日本電工,202412,20250212,78235,6856,4859,3144,102200,73677,11108,13062,72.1,4.33,3.09,137295472
5570,ジェノバ,202409,20241111,1265,694,696,482,3983,3548,487,-,89.1,14.52,12.9,14470000
5571,エキサイトホールディングス,202403,20240510,7713,643,621,400,6295,3623,13,1140,57.6,14.18,7.38,4859030
5572,Ridge-i,202407,20240911,1071,152,153,121,2358,2134,21,-,90.5,5.87,5.48,3886780
5574,ABEJA,202408,20241010,2766,290,286,218,4239,3895,832,-,91.9,5.92,5.22,9405600
5575,Globee,202405,20240712,1288,319,320,226,1726,616,91,156,35.7,50.9,16.36,5068159
5576,オービーシステム,202503,20250423,7684,562,611,485,6471,5113,190,-,79,9.49,7.49,2367000
5577,アイデミー,202405,20240711,2119,294,290,215,2050,1170,51,262,57.1,18.38,10.49,3996850
5578,ARアドバンストテクノロジ,202408,20241011,11129,421,448,275,4748,1967,133,880,41.4,14.8,5.97,3431240
5580,プロディライト,202408,20241015,2196,190,187,148,1208,802,246,70,66.4,20.36,12.49,1672350
5582,グリッド,202406,20240814,1652,365,344,403,4101,3637,52,70,88.7,16.78,14.2,4738167
5585,エコナビスタ,202410,20241213,1352,469,469,334,3486,3272,1241,-,93.9,10.85,10.2,7161860
5586,Laboro.AI,202409,20241112,1515,183,183,133,2591,2391,1009,-,92.3,5.73,5.24,15904275
5587,インバウンドプラットフォーム,202409,20241114,2333,179,179,127,1957,1204,351,203,61.5,11.28,6.72,3449600
5588,ファーストアカウンティング,202412,20250214,1707,181,183,465,2434,1389,380,-,57.1,40.99,22.95,11007480
5589,オートサーバー,202412,20250213,6287,2493,2485,1562,18154,11980,677,2270,66,13.72,8.95,7147900
5590,ネットスターズ,202412,20250214,3902,-84,-22,-37,35739,7106,4456,-,19.9,-0.52,-0.12,16696800
5591,AVILEN,202412,20250214,1241,189,188,116,1233,552,62,408,44.8,21.01,9.41,6107493
5592,くすりの窓口,202403,20240515,8721,1370,1325,870,23071,6369,1507,5411,27.6,19.2,4.93,11223000
5595,QPS研究所,202405,20240712,1653,341,207,-427,12821,8437,1939,2100,65.8,-6.26,-4.58,43455200
5596,アウトルックコンサルティング,202403,20240514,1667,565,542,452,1382,1016,141,-,73.5,60.43,39.27,3579812
5597,ブルーイノベーション,202412,20250213,1223,-398,-392,-394,1342,633,695,473,47.2,-47.44,-25.2,3939051
5599,S＆J,202403,20240515,1610,348,319,218,2461,1758,441,-,71.4,17.36,10.88,5627200
5602,栗本鐵工所,202403,20240514,125925,7460,7816,5470,151176,81739,31186,14099,54.1,7.13,3.69,12798490
5603,虹技,202403,20240510,25963,786,714,538,35249,13520,2002,11722,38.4,4.25,1.59,3362163
5609,日本鋳造,202503,20250425,14311,408,387,236,22325,11885,2627,3785,53.2,1.99,1.03,4825050
5612,日本鋳鉄管,202503,20250428,16933,260,267,-230,22221,9280,1855,5550,41.8,-2.46,-1.08,3293074
5616,雨風太陽,202412,20250214,1016,-161,-160,-163,1042,345,625,290,33.1,-41.06,-13.98,2420550
5618,ナイル,202412,20250214,5465,-677,-695,-703,2912,579,10,1726,19.9,-121.42,-24.14,8536800
5619,マーソ,202412,20250213,1333,157,157,101,2256,2022,122,7,89.6,5,4.48,3552750
5621,ヒューマンテクノロジーズ,202403,20240515,5034,519,500,335,4887,3891,860,26,79.6,11.5,8.52,9593200
5631,日本製鋼所,202403,20240510,252501,18014,19945,14278,366775,176984,19818,42476,48.3,8.5,3.99,74408985
5632,三菱製鋼,202403,20240513,169943,4808,1949,-969,147071,41148,10003,55739,28,-2.29,-0.64,15709968
5644,メタルアート,202403,20240509,45021,2921,3183,2119,44024,22410,2143,4900,50.9,10,4.91,3157382
5658,日亜鋼業,202403,20240514,34497,1335,2124,1258,73605,51791,10720,4140,70.4,2.51,1.74,51755478
5659,日本精線,202503,20250428,46749,4576,4585,3250,55884,41208,5000,257,73.7,8.12,5.95,31265190
5660,神鋼鋼線工業,202403,20240509,32726,1023,1066,906,43197,22831,8062,10176,52.9,4.07,2.13,5912999
5695,パウダーテック,202403,20240515,8548,406,478,280,14990,12699,1557,-,84.7,2.21,1.88,2970000
5697,サンユウ,202403,20240513,24012,595,653,386,19531,9424,1513,2338,48.3,4.14,1.98,6091000
5698,エンビプロ・ホールディングス,202406,20240809,52214,1409,1782,537,33786,16720,1553,8655,49.5,3.24,1.59,30317388
5699,イボキン,202412,20250214,9656,798,823,520,6337,4534,130,212,71.5,12.15,8.61,3427200
5702,大紀アルミニウム工業所,202403,20240514,262671,4619,4167,3244,138679,71248,6346,48119,51.4,4.68,2.39,43629235
5703,日本軽金属ホールディングス,202403,20240515,523715,18189,19033,9037,543193,221258,46525,156091,40.7,4.24,1.69,61993750
5704,JMC,202412,20250214,3072,88,122,50,4701,2901,817,1088,61.7,1.74,1.03,5598500
5706,三井金属鉱業,202403,20240513,646697,31694,44513,25989,640631,278523,42223,200719,43.5,9.77,4.08,57381552
5707,東邦亜鉛,202403,20240513,130803,-690,-10727,-46452,108436,2705,14630,75795,2.5,-174.55,-36.95,13585521
5711,三菱マテリアル,202403,20240514,1540642,23276,54102,29793,2167628,653642,119457,603163,30.2,4.78,1.47,131489535
5713,住友金属鉱山,202403,20240509,1445388,62154,95795,58601,3027714,1785104,93242,530289,59,3.43,2.04,290814015
5714,DOWAホールディングス,202403,20240510,717194,30003,44745,27853,632770,372990,36437,75910,58.9,7.76,4.32,61989206
5715,古河機械金属,202403,20240513,188255,8524,10384,16097,259878,129907,28208,58389,50,13.83,6.54,36445568
5721,エス・サイエンス,202403,20240513,1544,-278,282,426,3274,3010,100,3,91.9,15.11,13.7,141593749
5724,アサカ理研,202409,20241112,7967,293,266,371,8543,4610,504,1808,54,8.41,4.39,5144600
5726,大阪チタニウムテクノロジーズ,202403,20240513,55322,8288,9360,9689,92986,38507,8739,40100,41.4,28.09,11.1,36800000
5727,東邦チタニウム,202403,20240508,78404,5628,6273,4951,126002,56547,11963,54514,44.9,9.03,4.17,71270910
5729,日本精鉱,202403,20240514,15589,674,706,502,15874,9701,1018,2770,61.1,5.25,3.37,2605900
5741,UACJ,202403,20240513,892781,31378,21969,13858,914430,277040,52277,310855,30.3,5.28,1.56,46328193
5742,エヌアイシ・オートテック,202403,20240510,4852,-478,-482,-599,6953,3449,156,1759,49.6,-15.52,-8.04,5500000
5753,日本伸銅,202403,20240513,23338,1200,801,555,14972,10927,1595,1700,73,5.21,3.65,2370000
5757,CKサンエツ,202403,20240513,111433,7929,6094,3815,77140,47437,2756,7941,61.5,8.4,5,8867000
5801,古河電気工業,202403,20240513,1056528,11171,10267,6508,985007,328122,69395,333039,33.3,2.06,0.68,70666917
5802,住友電気工業,202403,20240510,4402814,226618,215341,149723,4365397,2207662,99737,735044,50.6,7.29,3.57,793940571
5803,フジクラ,202403,20240513,799760,69483,69733,51011,723867,341092,53076,177566,47.1,16.68,7.39,295863421
5805,SWCC,202403,20240513,213904,12824,12213,8838,161583,75905,24221,29780,47,12.33,5.55,30826861
5816,オーナンバ,202412,20250210,44804,2193,2327,2783,39875,26131,2323,2031,65.5,11.35,7.23,12558251
5817,JMACS,202502,20250414,5200,67,112,116,10275,5239,938,3516,51,2.37,1.19,5791555
5819,カナレ電気,202412,20250130,12383,1389,1447,1039,19626,17965,1047,-,91.5,5.94,5.39,7028060
5820,三ッ星,202403,20240514,10329,60,111,123,12708,6598,1136,2826,51.9,1.94,1.04,3799965
5821,平河ヒューテック,202403,20240509,29326,1667,2081,1444,46551,37483,1555,3206,80.5,4.03,3.18,17627800
5830,いよぎんホールディングス,202403,20240510,192758,56555,58579,39464,9258385,842619,20000,-,9.1,4.93,0.44,313408831
5831,しずおかフィナンシャルグループ,202403,20240510,346526,83121,102224,57760,16141589,1203285,90000,-,7.4,4.91,0.36,580129069
5832,ちゅうぎんフィナンシャルグループ,202403,20240510,184661,-,31191,21389,10763804,580895,16000,-,5.3,3.86,0.21,184771461
5834,SBIリーシングサービス,202503,20250428,41916,6728,6084,4388,105777,25129,1150,72402,23.8,18.98,4.84,7878800
5838,楽天銀行,202403,20240513,137950,-,48367,34436,13480473,260649,32616,-,1.9,14.54,0.27,174482380
5842,インテグラル,202412,20250210,31226,26017,25985,18106,79050,57625,7634,3148,72.9,37.14,26.76,34975000
5843,ニッポンインシュア,202409,20241114,3220,418,410,280,4600,1977,347,489,43,18.19,6.99,2794300
5844,京都フィナンシャルグループ,202403,20240514,137691,-,43574,31572,11576552,1140874,40000,-,9.8,2.77,0.27,301362752
5845,全保連,202403,20240515,24510,2224,2189,1538,21793,4755,983,1391,21.8,49.58,7.29,26521700
5851,リョービ,202412,20250213,293314,9494,11551,6935,333186,167352,18472,61964,50.2,4.35,2.13,32646143
5852,アーレスティ,202403,20240517,158254,2291,2574,-7699,131763,51500,6964,40523,39.1,-14.25,-5.73,25546717
5856,エルアイイーエイチ,202403,20240514,19035,-1525,-909,-1346,6016,1627,100,1834,27,-57.45,-22,108957800
5857,AREホールディングス,202503,20250425,506211,19984,20483,14319,490037,126302,7790,289862,25.8,11.33,3.54,79708688
5858,STG,202403,20240513,5242,298,300,198,5891,1706,327,2873,29,13.46,3.61,2072400
5867,エスネットワークス,202412,20250207,2950,302,293,301,2281,1501,567,276,65.8,21.26,13.38,3048100
5868,ロココ,202412,20250214,7803,426,441,278,4341,2750,642,526,63.3,10.98,6.38,3725100
5869,早稲田学習研究会,202403,20240515,6463,1452,1436,1073,8974,6812,183,-,75.9,16.94,12.46,10211250
5870,ナルネットコミュニケーションズ,202403,20240515,7672,526,511,305,9573,3271,76,2114,34.2,9.87,3.18,5332100
5871,SOLIZE,202412,20250214,22713,455,416,254,15448,11478,10,-,74.3,2.4,1.78,6000000
5884,クラダシ,202406,20240808,2862,21,23,12,1454,1040,311,130,71.5,1.16,0.86,10851218
5885,ジーデップ・アドバンス,202405,20240712,4421,662,652,432,4334,2390,285,-,55.1,22.09,12.23,5408800
5888,DAIWA_CYCLE,202501,20250317,18349,1375,1386,898,8592,5530,555,-,64.4,17.46,11.25,2744700
5889,Japan_Eyewear_Holdings,202501,20250313,16666,5328,4912,3994,38833,16421,943,12825,42.3,26.9,10.85,24123860
5891,魁力屋,202412,20250214,12272,860,880,535,8045,4941,916,645,61.4,11.45,6.9,5651700
5892,yutori,202403,20240514,4320,383,378,225,1903,652,198,641,34.3,51.02,13.87,4697100
5900,ダイケン,202502,20250404,11024,295,336,246,15781,13206,481,-,83.7,1.87,1.56,5970480
5901,東洋製罐グループホールディングス,202403,20240514,950663,33850,38740,23083,1180233,665156,11094,189573,56.4,3.53,1.97,163162162
5902,ホッカンホールディングス,202403,20240515,90933,4390,5061,2719,134050,56048,11086,41309,41.8,5.1,2.07,13469387
5903,シンポ,202406,20240802,7211,1014,1023,661,8295,6786,639,70,81.8,10.11,8.26,6140850
5905,日本製罐,202503,20250430,11259,-540,-476,-335,12966,4069,738,3110,31.4,-7.23,-2.38,1392000
5906,エムケー精工,202503,20250425,28268,1993,2111,1334,26284,16690,3373,3680,63.5,8.41,5.03,15595050
5909,コロナ,202403,20240510,82046,1355,1767,1306,103294,75184,7449,-,72.8,1.76,1.27,29342454
5911,横河ブリッジホールディングス,202403,20240513,164076,15946,15857,11854,210846,124405,9435,28500,59,9.93,5.85,43164802
5915,駒井ハルテック,202403,20240514,55384,722,1305,625,76832,32531,6619,20460,42.3,2.02,0.9,4972709
5918,瀧上工業,202403,20240515,23328,625,1219,986,58519,44580,1361,672,76.2,2.38,1.81,2697600
5921,川岸工業,202409,20241114,27566,1669,1977,1469,34170,28203,955,-,82.5,5.3,4.41,3000000
5922,那須電機鉄工,202403,20240514,23334,2647,2767,1850,44234,26997,600,4698,61,7.19,4.35,1200000
5923,高田機工,202403,20240510,19695,1348,1438,898,30000,20908,5178,4600,69.7,4.49,3.14,6712758
5928,アルメタックス,202403,20240510,9419,-32,99,77,12205,9403,2160,-,77,0.84,0.65,11912515
5929,三和ホールディングス,202403,20240513,611107,65360,64903,43228,491701,283558,38413,45359,57.7,16.49,9.26,227000000
5930,文化シヤッター,202403,20240514,221076,14472,15941,10582,206879,103769,15051,15378,50.2,11.36,5.51,72196487
5932,三協立山,202405,20240711,353027,3807,3880,-1019,289975,96138,15000,78187,33.2,-1.1,-0.36,31554629
5933,アルインコ,202503,20250502,61601,2196,2678,1959,70883,31994,6361,25946,45.1,6.27,2.81,21039326
5936,東洋シヤッター,202403,20240513,21487,1480,1367,959,20327,8975,2024,3568,44.2,11.35,4.92,6387123
5938,LIXIL,202503,20250430,1504697,29687,20150,2001,1830804,617886,68654,592546,33.7,0.32,0.11,287340460
5939,大谷工業,202403,20240514,7911,420,426,334,7189,3726,655,523,51.8,9.4,4.98,780000
5940,不二サッシ,202403,20240514,101260,1773,2186,1714,89408,20743,1709,24047,23.2,8.75,1.94,12626782
5941,中西製作所,202403,20240510,36602,1966,2086,1519,29097,19108,1445,700,65.7,8.27,5.5,6306000
5942,日本フイルコン,202411,20250110,28639,924,1130,622,43219,22825,2685,11029,52.8,2.73,1.45,22167211
5943,ノーリツ,202412,20250213,202204,2395,3579,4383,223767,131991,20167,3789,59,3.45,2.03,48554930
5945,天龍製鋸,202403,20240514,11935,1242,1738,1226,37631,34247,581,-,91,3.71,3.39,11147634
5946,長府製作所,202412,20250207,46123,1745,4492,3139,143260,135250,7000,-,94.4,2.34,2.2,34239312
5947,リンナイ,202403,20240509,430186,39362,46071,26667,577088,387775,6484,-,67.2,7.09,4.74,143888571
5949,ユニプレス,202403,20240510,335079,10927,12553,5256,336739,153760,10168,68848,45.7,3.67,1.62,45004973
5950,日本パワーファスニング,202412,20250214,5040,-93,366,509,5785,2284,100,2016,39.5,18.02,7.69,18688540
5951,ダイニチ工業,202403,20240513,19650,1100,1294,888,31183,27093,4058,-,86.9,3.34,2.89,19058587
5952,アマテイ,202403,20240510,5533,188,178,133,5357,1372,615,2321,25.6,10.12,2.43,12317000
5955,ワイズホールディングス,202403,20240507,12153,319,398,245,18097,11501,90,1917,63.6,2.15,1.38,143611765
5956,トーソー,202403,20240510,21605,483,534,294,21657,14341,1170,1261,66.2,2.11,1.4,10000000
5957,日東精工,202412,20250207,47069,3326,3573,2199,55604,34204,3522,1560,61.5,6.6,4.04,39985017
5958,三洋工業,202403,20240510,30484,2455,2669,1856,30922,20188,1760,665,65.3,9.61,6.23,3520000
5959,岡部,202412,20250214,67806,4194,4422,-874,86993,59523,6911,6130,68.4,-1.44,-0.99,49290632
5962,浅香工業,202403,20240513,8582,311,370,302,7327,4015,829,986,54.8,8.04,4.23,1037080
5965,フジマック,202412,20250214,45637,3178,3408,2266,45516,24332,1471,5027,53.5,9.8,5.2,14272000
5966,京都機械工具,202403,20240510,8428,910,964,645,16615,12431,1032,900,74.8,5.46,4.12,2477435
5967,TONE,202405,20240711,7578,1124,1254,942,14873,10670,605,2207,71.7,9.24,7.19,23426000
5969,ロブテックス,202403,20240510,5925,354,433,279,9284,4844,960,3144,52.2,5.96,3.09,2000000
5970,ジーテクト,202403,20240510,344601,16242,18896,13240,304129,191667,4656,39880,63,7.43,4.47,43931260
5971,共和工業所,202404,20240614,10972,1015,1149,1443,17903,15546,592,2,86.8,9.62,8.24,1360000
5973,トーアミ,202403,20240513,17628,324,337,247,19511,10966,1290,4479,56.2,2.27,1.3,6400000
5974,中国工業,202403,20240513,13332,206,282,206,13361,5079,1710,2113,38,4.29,1.62,3420000
5975,東プレ,202403,20240514,354922,22406,37840,17099,365525,213244,5610,49962,58.3,8.46,4.85,54021824
5976,高周波熱錬,202403,20240509,57205,1632,2511,1542,80613,60006,6418,686,74.4,2.58,1.92,34495400
5981,東京製綱,202403,20240513,64231,3901,4753,2040,85844,34568,1000,22702,40.3,6.22,2.34,16268242
5982,マルゼン,202502,20250411,64253,6094,6658,4647,70654,48492,3164,-,68.6,9.91,6.71,19780000
5983,イワブチ,202403,20240520,11768,852,923,674,24964,18675,1496,978,74.8,3.7,2.76,1100000
5984,兼房,202403,20240510,20080,1054,1444,886,34769,28431,2142,1412,81.8,3.17,2.58,14310000
5985,サンコール,202403,20240510,51496,-3542,-2692,-11816,60447,29349,4808,14487,48.6,-35.08,-19.03,34057923
5986,モリテックスチール,202403,20240513,50774,260,441,312,37225,14106,1848,5208,37.9,2.31,0.85,22558063
5987,オーネックス,202406,20240813,4967,55,41,-377,8886,5276,878,2308,59.4,-6.9,-4.01,1660000
5988,パイオラックス,202403,20240510,64551,4756,5650,4013,121416,106298,2960,-,87.5,3.84,3.39,37054100
5989,エイチワン,202403,20240514,232730,-18826,-19354,-21656,181597,55182,4366,71774,30.4,-35,-11.74,28392830
5990,スーパーツール,202503,20250425,5241,377,378,-238,13356,10276,2235,1084,76.9,-2.27,-1.8,2366078
5991,日本発條,202403,20240515,766934,34652,47814,39188,690289,405022,17009,45994,58.7,10.39,6.05,231066144
5992,中央発條,202503,20250424,110157,4384,5148,1855,142907,76750,10837,23776,53.7,2.25,1.25,25542396
5994,ファインシンター,202403,20240425,42390,413,369,-593,50196,15643,2203,17222,31.2,-3.81,-1.19,4420000
5997,協立エアテック,202412,20250213,11732,684,727,498,15528,9072,1683,1950,58.4,5.7,3.27,6000000
5998,アドバネクス,202403,20240510,26549,365,832,268,28457,8281,100,11763,29.1,3.46,0.98,4153370
6005,三浦工業,202403,20240514,159695,23061,26789,19368,240962,180696,9544,-,75,11.1,8.23,125291112
6013,タクマ,202403,20240514,149166,10229,11166,8754,191180,110342,13367,753,57.7,8.3,4.72,80536800
6016,ジャパンエンジンコーポレーション,202403,20240509,20969,2188,3518,2548,25003,9749,2215,2888,39,29.82,11.22,8400000
6018,阪神内燃機工業,202403,20240513,9636,551,643,456,22751,14391,824,-,63.3,3.23,2.09,3248548
6022,赤阪鐵工所,202403,20240513,7934,-12,31,37,13831,8967,1510,1032,64.8,0.43,0.28,1540000
6023,ダイハツインフィニアース,202503,20250428,88781,7634,7603,5717,96107,44153,2434,14228,45.9,12.04,5.79,31850000
6026,GMOTECH,202412,20250212,6868,899,948,669,2767,1222,100,210,44.2,65.98,24.23,1100620
6027,弁護士ドットコム,202403,20240510,11323,1236,1315,837,10164,4097,464,2745,40.3,20.43,8.23,22595200
6028,テクノプロ・ホールディングス,202406,20240808,219218,21918,22139,14684,152651,80741,6929,13731,52.9,18.79,9.9,104500000
6029,アトラグループ,202412,20250214,4234,5,-,-36,4114,1435,152,1278,34.9,-2.5,-0.83,10287000
6030,アドベンチャー,202406,20240813,22391,1547,1440,750,29735,11050,4072,7566,37.2,6.69,2.82,7978900
6031,ZETA,202412,20250225,681,-116,-132,192,2757,831,96,1700,30.1,-,-,25768600
6033,エクストリーム,202403,20240514,10217,1097,1448,1034,8487,5220,419,902,61.5,21.89,13.25,5507676
6034,MRT,202412,20250214,4165,-119,-332,-309,6745,4515,540,551,66.9,-6.8,-4.68,5718600
6035,アイ・アールジャパンホールディングス,202403,20240514,5664,1072,1068,762,6669,5372,865,200,80.6,13.31,10.86,17839710
6036,KeePer技研,202406,20240809,20574,6101,6075,4421,19284,14466,1347,112,75,34.52,25.73,28280840
6037,楽待,202407,20240913,2364,1060,1181,808,6158,5652,87,-,91.8,15.3,13.97,21153800
6038,イード,202406,20240814,6125,523,547,163,6269,4202,50,747,67,3.95,2.73,5062600
6039,日本動物高度医療センター,202403,20240509,4270,496,489,337,8770,3811,796,3856,43.5,8.97,3.89,2878200
6040,日本スキー場開発,202407,20240906,8245,1552,1554,1093,10990,6675,1001,2789,60.7,17.77,11.75,48008700
6042,ニッキ,202403,20240515,9355,904,1278,2192,23064,12369,500,7168,53.6,19.77,10.12,2000000
6044,三機サービス,202405,20240712,19430,736,758,467,8612,4214,616,695,48.9,11.61,5.51,6583485
6045,レントラックス,202403,20240515,3295,653,648,339,9277,3097,440,3766,33.4,11.49,3.84,7975800
6046,リンクバル,202409,20241108,968,-123,-123,-124,1316,1006,50,112,76.4,-12.33,-9.42,19500000
6047,Gunosy,202405,20240712,7344,70,-829,-1186,11339,9891,4099,-,87.2,-11.47,-10.02,24237774
6048,デザインワン・ジャパン,202408,20241011,2264,-206,-188,-310,3311,2857,649,71,86.3,-10.39,-8.88,15202100
6049,イトクロ,202410,20241213,3949,-196,-145,37,9289,8867,30,-,95.5,0.42,0.39,22680000
6050,イー・ガーディアン,202409,20241105,11391,1705,1708,1057,13360,11404,1967,-,85.4,11.25,9.41,11933516
6054,リブセンス,202412,20250212,6320,109,260,197,4941,4189,237,9,84.8,4.82,4.04,28160000
6055,ジャパンマテリアル,202403,20240513,48592,7759,8230,5681,56427,47605,1317,-,84.4,12.47,10.44,105149520
6058,ベクトル,202502,20250414,59254,8029,7655,4195,42881,16941,3038,10513,39.5,25.34,9.7,46914039
6059,ウチヤマホールディングス,202403,20240510,28842,589,1189,213,31123,12366,2222,13485,39.7,1.73,0.7,21618800
6060,こころネット,202403,20240513,10035,658,830,579,19267,8572,500,40,44.5,6.96,3.05,3843100
6061,ユニバーサル園芸社,202406,20240814,16859,2373,2510,1636,15319,12033,172,88,78.5,14.48,11.54,5025000
6062,チャーム・ケア・コーポレーション,202406,20240808,47829,5386,5817,4276,47339,18672,2759,10693,39.4,25.33,9.43,32712000
6063,日本エマージェンシーアシスタンス,202412,20250213,2908,52,63,48,3807,1756,312,1180,46.1,2.8,1.28,2519600
6069,トレンダーズ,202403,20240514,5673,788,773,479,6788,4136,629,1501,60.9,12.75,7.84,8098000
6070,キャリアリンク,202403,20240514,43791,3279,3280,2201,21209,14335,405,1048,67.6,15.87,10.23,12600700
6071,IBJ,202412,20250212,17739,2579,2561,1523,18465,8387,699,5165,45.4,19.24,8.33,42000000
6072,地盤ネットホールディングス,202403,20240514,1877,-48,-58,-95,1600,1256,491,94,78.5,-7.37,-5.54,23148000
6073,アサンテ,202403,20240508,13693,946,985,541,16126,11729,1161,2356,72.7,4.61,3.54,12348500
6074,ジェイエスエス,202403,20240514,8131,389,406,218,6346,2816,330,1615,44.4,7.98,3.27,4026056
6078,バリューHR,202412,20250213,8376,1117,1181,791,17864,6663,2032,5497,37.3,12.21,4.51,27393200
6080,M＆Aキャピタルパートナーズ,202409,20241031,19166,6375,6380,4464,47139,39947,2916,-,84.7,11.66,9.81,31759000
6081,アライドアーキテクツ,202312,20240214,4144,258,314,-146,4109,3004,886,268,73.1,-4.74,-3.36,14248282
6082,ライドオンエクスプレスホールディングス,202403,20240515,23995,1067,1024,364,12978,7262,1079,2274,56,5.06,2.75,10918529
6083,ERIホールディングス,202405,20240709,18022,1991,2020,1233,11469,5735,992,2191,50,22.89,11.04,7832400
6085,アーキテクツ・スタジオ・ジャパン,202403,20240513,592,-216,-236,-361,544,62,872,247,11.4,-326.7,-57.12,9727722
6086,シンメンテホールディングス,202502,20250411,25707,1534,1562,1033,9066,3552,236,377,39.2,28.6,11.9,21666000
6087,アビスト,202409,20241230,10002,903,905,611,9380,6859,1026,50,73.1,9.01,6.56,3980000
6088,シグマクシス・ホールディングス,202403,20240508,22410,4232,4338,3232,18295,13193,3000,-,72.1,26.85,19.73,89000000
6089,ウィルグループ,202403,20240513,138227,4525,4417,2778,51543,17508,2198,5930,34,17.28,5.22,23095300
6090,ヒューマン・メタボローム・テクノロジーズ,202406,20240809,1345,220,241,243,2603,1893,1487,200,72.7,13.53,9.93,5919797
6091,ウエスコホールディングス,202407,20240912,15725,942,1228,768,20759,16177,400,-,77.9,4.82,3.77,13727553
6092,エンバイオ・ホールディングス,202403,20240515,9575,815,1067,708,19310,8495,2325,8618,44,9.27,3.86,8175200
6093,エスクロー・エージェント・ジャパン,202502,20250404,4741,482,486,349,4761,3556,676,-,74.7,9.94,7.58,45950238
6094,フリークアウト・ホールディングス,202409,20241114,51711,1,366,-3190,41617,12663,3552,15101,30.4,-21.98,-7.51,18022924
6095,メドピア,202409,20241113,14948,1291,1264,1481,15554,9443,2256,3159,60.7,16.71,9.64,22010330
6096,レアジョブ,202403,20240515,10175,696,700,-288,6256,1812,657,2419,29,-13.59,-4.4,9845600
6098,リクルートホールディングス,202403,20240515,3416492,402526,426241,353654,3144646,2000923,40000,1394,63.6,19.5,11.91,1563912149
6099,エラン,202412,20250210,47513,3577,3544,2354,21605,12501,573,76,57.9,20.19,11.6,60600000
6101,ツガミ,202403,20240514,83928,13095,13795,5376,117714,56605,12345,16816,48.1,10,4.67,48000000
6103,オークマ,202403,20240510,227994,25364,25557,19381,297774,227956,18000,5000,76.6,8.98,6.62,67510308
6104,芝浦機械,202403,20240513,160653,13614,14604,17920,253172,111705,12484,11030,44.1,17.85,7.82,24820406
6113,アマダ,202403,20240514,403500,56507,58066,40638,681053,529661,54768,8236,77.8,7.86,6.12,328173017
6118,アイダエンジニアリング,202403,20240515,72742,3615,3595,2808,126195,82230,7831,2969,65.2,3.51,2.32,67204621
6125,岡本工作機械製作所,202403,20240514,50198,6133,6284,4556,60164,29977,4880,8360,49.8,16.62,7.91,6703795
6131,浜井産業,202403,20240515,8755,859,861,698,10194,3213,100,1178,31.5,23.69,7.19,3462400
6134,FUJI,202403,20240510,127059,13421,15010,10438,250937,228164,5878,-,90.9,4.61,4.13,97823748
6135,牧野フライス製作所,202503,20250430,234216,18516,20090,14415,367037,226286,21142,52643,61.7,6.44,3.95,24893841
6136,オーエスジー,202411,20250109,155517,18868,19825,13439,257256,166633,13044,49097,64.8,7.72,5.3,99182517
6137,小池酸素工業,202403,20240510,51387,4314,5149,3056,73476,39347,4028,6069,53.6,8.42,4.42,22614665
6138,ダイジェット工業,202403,20240515,8344,112,174,-130,16467,7804,3099,4894,47.4,-1.7,-0.79,2992999
6140,旭ダイヤモンド工業,202403,20240515,38653,1526,2408,2109,73901,62241,4102,544,84.2,3.42,2.85,51888600
6141,DMG森精機,202412,20250205,540945,43726,37138,7700,797567,314523,71230,106449,39.4,2.64,0.99,142325934
6143,ソディック,202412,20250213,73668,2231,3627,4115,144993,84377,24618,37153,58.2,5.1,2.95,54792239
6144,西部電機,202403,20240515,31945,2782,2876,1977,50127,30548,2658,416,60.9,6.71,4.15,15160000
6145,NITTOKU,202403,20240510,30803,4164,4280,2744,56785,39421,6884,1983,69.4,7.3,5.25,18098923
6146,ディスコ,202503,20250417,393313,166834,168943,123891,654087,491167,22089,-,75.1,27.64,20.48,108420665
6147,ヤマザキ,202403,20240510,2496,-97,-86,-33,3733,1348,972,1835,36.1,-2.38,-0.83,4579000
6149,小田原エンジニアリング,202412,20250214,13175,1163,1294,865,27909,16441,1250,-,58.9,5.39,3.17,6392736
6150,タケダ機械,202405,20240716,5464,636,659,427,7911,4999,1874,1105,63.2,8.9,5.62,1020000
6151,日東工器,202403,20240509,27072,2680,2821,1841,65066,57165,1850,-,87.9,3.2,2.79,19154495
6155,高松機械工業,202503,20250502,13893,-160,-103,-645,21904,16276,1835,1657,74.3,-3.92,-2.92,11020000
6156,エーワン精密,202406,20240809,1601,164,178,120,8946,8188,292,-,91.5,1.44,1.32,5300000
6157,日進工具,202403,20240513,9040,1867,1908,1320,19241,17526,455,-,91.1,7.65,6.93,25035034
6158,和井田製作所,202403,20240510,7538,969,1090,727,12148,10059,843,395,82.8,7.46,6.1,7028000
6159,ミクロン精密,202408,20241011,4699,382,763,484,15120,13150,651,306,87,3.57,3.15,7706100
6161,エスティック,202503,20250428,7881,1637,1723,1181,12056,10379,557,-,86.1,12.03,10.37,11768000
6165,パンチ工業,202403,20240514,38344,1240,1421,-577,29649,18712,3406,3553,63.1,-3.06,-1.92,27622400
6166,中村超硬,202403,20240513,2413,-532,-553,144,6003,842,349,3064,14,18.66,2.69,11020900
6167,冨士ダイス,202403,20240515,16678,809,882,709,26138,20647,164,35,79,3.46,2.71,20000000
6171,土木管理総合試験所,202412,20250213,7346,581,607,362,7028,4872,1205,493,69.3,7.62,5.21,14237995
6173,アクアライン,202502,20250414,3461,-383,-375,-324,715,-415,673,416,-,-,-29.19,6979429
6176,ブランジスタ,202409,20241114,4822,951,944,606,4959,3564,621,439,71.9,21.05,13.71,14575300
6177,AppBank,202412,20250213,994,-235,-241,-239,281,62,418,-,22.1,-362.12,-108.14,14220500
6178,日本郵政,202403,20240515,11982152,-,668316,268685,298689150,10265683,3500000,-,3.4,2.64,0.09,2972934900
6180,GMOメディア,202412,20250205,6606,762,759,571,5864,2792,761,23,47.6,22.08,10.08,1868839
6181,タメニー,202403,20240510,5598,77,27,3,4858,149,44,3875,3.1,2.04,0.06,26328700
6182,メタリアル,202502,20250414,4084,117,112,299,4919,1956,802,1670,39.8,16.63,6.38,10888060
6183,ベルシステム24ホールディングス,202502,20250409,143607,11587,11232,8003,174413,70160,27097,54046,40.2,11.69,4.57,73753310
6184,鎌倉新書,202501,20250313,7061,910,907,687,5384,3690,1058,67,68.5,20.09,14.57,39063600
6185,SMN,202503,20250430,11640,239,165,291,5963,3980,1278,75,66.7,7.61,4.61,14777555
6186,一蔵,202403,20240513,20429,266,331,629,20107,4531,50,5707,22.5,14.76,3.21,5516335
6189,グローバルキッズCOMPANY,202409,20241114,26448,789,820,256,15461,8115,1309,2918,52.5,3.16,1.59,9519707
6190,フェニックスバイオ,202403,20240515,1715,11,43,26,2715,1783,2562,479,65.7,1.58,0.91,4057233
6191,エアトリ,202409,20241114,26571,2368,1910,2013,28803,13728,1789,3245,47.7,15.32,6.75,22393465
6193,バーチャレクス・ホールディングス,202403,20240513,6692,371,454,202,3524,1717,610,763,48.7,12.18,5.8,2989753
6194,アトラエ,202409,20241113,8598,1528,1543,733,7218,4656,1331,500,64.5,15.03,10.2,23627141
6195,ホープ,202403,20240515,2553,228,228,261,1984,1000,10,199,50.4,30.05,12.08,16465800
6196,ストライク,202409,20241030,18138,6772,6772,4955,22690,18470,823,-,81.4,30.05,24.19,19354200
6197,ソラスト,202403,20240510,135139,5517,5564,2257,75199,20477,686,25224,27.2,10.74,3.11,94741793
6198,キャリア,202409,20241114,16709,428,399,249,4407,1970,157,800,44.7,12.94,5.23,8624320
6199,セラク,202408,20241015,22221,2273,2317,1575,12052,7732,311,84,64.2,21.58,13.52,13834400
6200,インソース,202409,20241105,12474,4937,4940,3355,13177,9935,800,-,75.4,37.56,27.99,85243000
6201,豊田自動織機,202503,20250425,4084984,221695,351463,262312,9403481,4904686,80462,1730082,52.2,4.79,2.56,325840640
6203,豊和工業,202403,20240515,19786,388,466,-873,30289,17334,9019,6098,57.2,-5.03,-3.01,12548134
6208,石川製作所,202403,20240508,13598,253,253,251,16799,4903,2000,6225,29.2,5.42,1.58,6385972
6209,リケンNPR,202403,20240515,138586,8764,11635,26324,218580,140433,5061,19785,64.2,18.74,12.04,28247910
6210,TOYOイノベックス,202503,20250423,27024,-521,-427,-845,30100,17108,2506,3480,56.8,-4.79,-2.81,20703000
6217,津田駒工業,202411,20250116,36445,398,282,488,30252,2717,12316,12454,9,20.74,1.58,6807555
6218,エンシュウ,202403,20240514,24091,540,386,221,33202,11808,4640,11440,35.6,1.91,0.66,6353454
6222,島精機製作所,202403,20240510,35910,430,1018,1030,107804,91889,14859,2500,85.2,1.16,0.99,35800000
6223,西部技研,202412,20250214,32069,4030,4190,3336,42795,29912,711,1342,69.9,11.77,8.12,20500000
6224,JRC,202502,20250414,11064,1378,1407,1078,13014,4614,131,4628,35.5,25.63,9.35,12824860
6226,守谷輸送機工業,202403,20240510,17527,2593,2629,1718,15072,9123,1082,-,60.5,20.62,12.34,17633300
6227,AIメカテック,202406,20240808,15421,261,162,111,22774,10953,1510,6225,48.1,1.11,0.49,6283000
6228,ジェイ・イー・ティ,202412,20250207,17880,789,662,318,25491,12469,1848,7534,48.9,2.56,1.17,13470000
6229,オーケーエム,202403,20240515,9484,667,749,511,12598,9615,1180,962,76.3,5.43,4.06,4538200
6230,SANEI,202503,20250502,28465,1883,1842,1254,24366,14201,432,2794,58.3,9.18,5.16,4578000
6231,木村工機,202403,20240510,13852,2679,2682,2065,20160,9650,744,4470,47.9,23.73,10.92,3849000
6232,ACSL,202412,20250213,2655,-2293,-2188,-2371,4563,92,149,3558,2,-211.7,-49.1,15434725
6233,KLASS,202409,20241115,9781,115,112,76,10124,2933,631,4109,29,2.6,0.73,5391000
6235,オプトラン,202412,20250214,32405,6570,8190,6351,81439,58689,400,400,72.1,11.04,7.94,44358000
6237,イワキ,202403,20240513,44539,5465,6222,4459,49098,33282,1044,2222,67.8,14.36,9.45,22490910
6238,フリュー,202403,20240514,42768,3771,3735,2491,28346,21862,1639,-,77.1,11.86,9.18,28296000
6239,ナガオカ,202406,20240809,9505,1682,1828,1150,10253,7000,1253,297,68.3,18.21,12.02,7078400
6240,ヤマシンフィルタ,202403,20240515,18024,1411,1415,786,25943,21299,6571,947,82.1,3.72,3.05,71319799
6245,ヒラノテクシード,202403,20240510,46946,3236,3394,2438,62929,38562,1847,6942,61.3,6.54,3.95,15394379
6246,テクノスマート,202403,20240515,19242,2588,2630,1804,29948,19707,1953,-,65.8,9.42,6.24,12401720
6247,日阪製作所,202403,20240515,34180,2457,2896,2420,82017,59984,4150,5000,73.1,4.17,3.16,28732800
6248,横田製作所,202403,20240509,2049,364,369,272,3277,2692,130,-,82.1,10.41,8.59,1873500
6249,ゲームカード・ジョイコホールディングス,202403,20240509,36289,10523,10774,7550,65570,54344,5956,-,82.9,15.04,12.57,14681400
6250,やまびこ,202412,20250213,164838,19637,20899,15889,155779,107354,6000,12473,68.9,16.29,10.95,44108428
6254,野村マイクロ・サイエンス,202403,20240515,73021,10647,10819,7978,70602,28539,2236,22380,40.4,32.08,14.18,40608000
6255,エヌ・ピー・シー,202408,20241015,10797,2436,2426,1676,15436,9684,2812,-,62.7,18.88,11.54,22052426
6257,藤商事,202403,20240510,36983,4880,4923,3643,51344,42933,3281,-,83.6,8.81,7.11,22895500
6258,平田機工,202403,20240510,82839,6047,6259,4344,130787,65028,2633,37030,49.7,6.99,3.54,32268270
6262,PEGASUS,202403,20240513,17542,38,512,-72,42949,29607,2255,6863,68.9,-0.25,-0.17,24828600
6264,マルマエ,202408,20241011,4749,156,42,19,11464,7163,1241,3459,62.5,0.26,0.16,13053000
6265,コンバム,202412,20250214,1850,303,342,248,6360,5928,748,-,93.2,4.25,3.98,1657000
6266,タツモ,202412,20250214,35865,5917,5998,4247,49200,24176,3568,8793,49.1,19.33,8.79,14842354
6267,ゼネラルパッカー,202407,20240906,9853,1000,1019,721,11901,6876,251,244,57.8,10.92,6.29,1798800
6268,ナブテスコ,202412,20250212,323384,14788,15747,10119,445544,270093,10000,31884,60.6,3.81,2.33,121064099
6269,三井海洋開発,202412,20250213,662088,51066,48706,34856,711145,186686,30126,81357,26.3,21.29,5.52,68345300
6272,レオン自動機,202403,20240514,37703,4883,4987,3675,44574,35837,7351,1607,80.4,10.95,8.67,28392000
6273,SMC,202403,20240514,776873,196226,251008,178321,2094559,1881587,61005,13070,89.8,9.96,8.87,67369359
6276,シリウスビジョン,202412,20250214,2314,-112,-84,-162,3193,2472,100,89,77.4,-6.28,-4.95,5722500
6277,ホソカワミクロン,202409,20241108,85432,8279,9241,5580,98071,61540,14496,1609,62.8,9.27,5.72,15730538
6278,ユニオンツール,202412,20250214,32606,6878,7132,5283,78863,73136,2998,-,92.7,7.52,7.07,19780000
6279,瑞光,202502,20250404,19950,-307,-149,-788,52384,34208,1888,7546,65.3,-2.29,-1.55,28800000
6282,オイレス工業,202403,20240510,68765,7291,7791,5476,95075,74255,8585,2240,78.1,7.65,6.02,33300505
6284,日精エー・エス・ビー機械,202409,20241112,36778,7907,8008,5779,72761,52803,3860,7611,72.6,11.21,8.09,15348720
6286,靜甲,202403,20240515,36102,882,998,779,28363,15223,100,4939,53.7,5.29,2.8,6483323
6287,サトー,202403,20240515,143446,10383,8961,3565,132457,71277,8468,12098,53.8,5.21,2.79,33635942
6289,技研製作所,202408,20241011,29481,3324,3582,2437,48129,40446,8958,299,84,6.09,4.9,28194728
6291,日本エアーテック,202412,20250214,13517,1098,1529,1137,18512,14301,2133,535,77.3,8.01,5.97,10538420
6292,カワタ,202403,20240510,24494,1249,1414,929,26741,12412,977,6896,46.4,7.76,3.58,7210000
6293,日精樹脂工業,202403,20240514,47068,1724,1340,376,86639,39947,5362,25912,46.1,0.95,0.46,22272000
6294,オカダアイヨン,202403,20240510,27095,2719,2814,1886,34008,15999,2221,10281,47,12.6,5.84,8378700
6297,鉱研工業,202403,20240514,9529,559,477,299,13488,4973,1165,5645,36.9,6.18,2.27,8970111
6298,ワイエイシイホールディングス,202403,20240514,26809,2006,2074,1417,43827,16952,2801,17313,38.7,8.62,3.43,19517894
6301,小松製作所,202503,20250428,4104395,657125,604838,439614,5773523,3173399,70336,1150597,55,14.17,7.71,950953120
6302,住友重機械工業,202412,20250214,1071126,55103,49184,7721,1260242,640681,30872,238621,50.8,1.23,0.63,122905481
6305,日立建機,202503,20250425,1371285,154730,134168,81428,1791006,809337,81577,537858,45.2,10.36,4.49,215115038
6306,日工,202403,20240515,44097,1968,2144,1312,62229,33029,9197,10716,53.1,4.06,2.29,40000000
6307,サンセイ,202403,20240515,5637,420,422,326,6841,4473,890,373,65.4,7.49,4.89,8987700
6309,巴工業,202410,20241211,52119,4703,4775,3616,53189,39351,1061,-,74,9.49,7.08,31599600
6310,井関農機,202412,20250214,168425,1920,1577,-3022,206132,67568,23344,68109,32.8,-4.42,-1.43,22984993
6312,フロイント産業,202502,20250411,23397,1201,1219,637,26559,15437,1035,108,58.1,4.18,2.43,18400000
6315,TOWA,202403,20240510,50471,8661,9079,6444,87861,58435,8955,13450,66.5,12.2,7.99,75140556
6316,丸山製作所,202409,20241114,40006,1168,1109,597,38706,19672,4651,7262,50.8,3.06,1.58,5029332
6317,北川鉄工所,202403,20240510,61567,1680,2409,1267,80142,40027,8640,16096,49.9,3.3,1.64,9650803
6319,シンニッタン,202403,20240515,21587,767,1093,996,38971,26778,7256,4990,68.7,3.88,2.57,55000000
6322,タクミナ,202403,20240508,11015,1582,1611,1195,14907,10023,892,388,67.2,12.58,8.35,7728540
6323,ローツェ,202502,20250411,124406,32024,35454,23634,187738,117898,982,31594,62.8,22.5,13.75,176400000
6324,ハーモニック・ドライブ・システムズ,202403,20240513,55796,124,570,-24806,119142,79401,7100,18430,66.6,-27.06,-18.14,96315400
6325,タカキタ,202503,20250430,7007,344,399,566,9929,8017,1350,70,80.7,7.16,5.62,14000000
6326,クボタ,202412,20250213,3016281,315636,335297,230437,6018665,2477314,84130,2278077,41.2,9.9,4.05,1150896846
6327,北川精機,202406,20240819,5933,815,851,632,8430,4762,574,1441,56.5,15.3,7.28,8449600
6328,荏原実業,202412,20250210,37503,4251,4443,3157,42996,23461,1001,1010,54.6,14.19,7.44,12930000
6330,東洋エンジニアリング,202403,20240515,260825,6712,6995,9821,285996,63938,18198,35046,22.4,17.4,3.62,38558507
6331,三菱化工機,202403,20240515,47774,4410,4709,5397,63170,34577,3956,3300,54.7,16.63,9.3,23741850
6332,月島ホールディングス,202403,20240510,124205,6765,7810,2675,208014,87349,6646,37503,42,3.17,1.51,44125800
6333,帝国電機製作所,202403,20240510,29217,4882,5442,3125,42040,31851,3143,88,75.8,9.93,7.47,16880038
6334,明治機械,202403,20240513,4896,247,265,314,6873,3179,100,1624,46.3,9.51,4.45,11402636
6335,東京機械製作所,202403,20240513,9315,614,650,-83,15200,8077,4435,-,53.1,-1.06,-0.55,8728920
6336,石井表記,202501,20250314,14821,907,1109,788,15700,9738,300,1712,62,8.55,4.87,8176452
6337,テセック,202403,20240514,8619,1731,2137,1515,16161,14476,2521,-,89.6,11.07,9.94,5778695
6338,タカトリ,202409,20241111,16082,2786,2758,1937,17445,9927,963,3670,56.9,21.39,10.92,5491490
6339,新東工業,202403,20240513,115495,5409,7510,8706,187963,120569,5752,14444,64.1,7.69,4.85,54580928
6340,澁谷工業,202406,20240809,115434,13382,13559,9781,161903,101022,11392,4603,62.4,10.23,6.43,28149877
6342,太平製作所,202403,20240510,8843,1432,1432,1065,12032,6853,750,799,57,16.78,9.7,1500000
6343,フリージア・マクロス,202403,20240520,6720,1032,1541,657,30478,11115,2077,9917,36.5,6.5,2.29,45099320
6345,アイチコーポレーション,202503,20250423,59306,7440,8225,6334,100358,84023,10425,-,83.7,7.64,6.49,74570000
6346,キクカワエンタープライズ,202403,20240510,5486,772,844,618,14526,11726,660,-,80.7,5.43,4.45,1320000
6347,プラコー,202403,20240510,3411,-257,-281,-251,3490,1599,754,1441,45.8,-14.35,-6.95,10045544
6349,小森コーポレーション,202403,20240514,104278,4898,6797,4641,167588,114467,37714,10801,68.3,4.19,2.79,53478840
6351,鶴見製作所,202403,20240513,62629,8941,12638,8288,115351,88805,5188,9946,77,10,7.73,27500000
6356,日本ギア工業,202403,20240513,9622,2128,2151,1539,14677,11096,1388,366,75.6,14.99,11.24,14280000
6357,三精テクノロジーズ,202403,20240509,52307,3162,3604,2072,81031,41375,3251,16818,51.1,5.37,2.69,19332057
6358,酒井重工業,202403,20240514,33020,3318,3324,2440,44237,29093,3337,4784,65.8,8.98,5.74,8845634
6360,東京自働機械製作所,202403,20240510,13458,1388,1546,1116,16627,8074,954,836,48.6,15.13,6.58,1452000
6361,荏原製作所,202412,20250214,866668,97953,99852,71401,1005085,473277,80639,150432,47.1,16.17,7.44,462068235
6363,酉島製作所,202403,20240514,81103,6822,6297,6225,101560,52229,1592,14824,51.4,12.79,6.5,29045679
6364,AIRMAN,202403,20240509,51900,6187,7323,5098,56347,37410,3416,1286,66.4,14.27,9.3,30165418
6365,電業社機械製作所,202403,20240625,24096,2283,2457,1750,36984,26151,810,-,70.7,6.99,4.93,4776900
6366,千代田化工建設,202403,20240626,505981,-15006,-5461,-15831,426967,4859,15014,23600,1.1,-117.09,-3.8,260324529
6367,ダイキン工業,202403,20240509,4395317,392137,354492,260311,4880230,2637537,85032,811988,54,10.68,5.67,293113973
6368,オルガノ,202403,20240513,150356,22544,23425,17310,182703,101928,8225,36465,55.8,18.41,9.96,46359700
6369,トーヨーカネツ,202403,20240514,53787,3090,3579,3554,67891,37747,18580,17015,55.6,9.37,5.39,8023074
6370,栗田工業,202403,20240509,384825,41232,41686,29189,557407,331261,13450,77811,59.4,9.34,5.51,116200694
6371,椿本チエイン,202403,20240514,266812,21262,23450,18551,391298,258400,17076,28712,66,7.68,5.03,106213279
6373,大同工業,202403,20240514,56041,227,778,342,79121,31158,3536,24221,39.4,1.18,0.45,10924201
6376,日機装,202412,20250214,213379,6398,10010,7957,325563,140070,6544,84331,43,6.02,2.56,69175664
6378,木村化工機,202403,20240510,24670,2088,2202,1552,34641,17450,1030,1582,50.4,9.44,4.79,20600000
6379,レイズネクスト,202403,20240515,140366,9968,10261,7249,110746,83276,2754,-,75.2,8.75,6.45,54168053
6380,オリエンタルチエン工業,202403,20240509,4082,201,219,149,4666,1732,1066,1493,37.1,9.07,3.35,1467233
6381,アネスト岩田,202403,20240509,53425,6176,7986,4931,66144,44159,3354,1193,66.8,11.71,7.81,41745505
6382,トリニティ工業,202503,20250425,40217,3245,3521,2403,42463,32197,1311,-,75.8,7.69,5.51,18220000
6383,ダイフク,202412,20250214,563228,71546,74498,57086,688707,398094,31865,63370,57.8,-,-,379830231
6384,昭和真空,202403,20240510,7463,195,243,164,14334,11397,2177,550,79.5,1.43,1.1,6499000
6387,サムコ,202407,20240911,8203,2017,2088,1471,16116,12299,1663,1102,76.3,12.55,9.52,8042881
6390,加藤製作所,202403,20240514,57498,1654,2575,4235,105330,50415,2935,35686,47.9,8.81,4.15,11743587
6391,加地テック,202503,20250430,7003,620,769,578,11559,7818,1440,1364,67.6,7.64,4.95,1718000
6392,ヤマダコーポレーション,202403,20240513,14753,2465,2553,1918,19038,15521,600,1222,81.5,13.24,10.34,2400000
6393,油研工業,202403,20240515,29511,1378,1603,785,43251,22284,4109,6676,51.5,3.59,1.87,4510676
6395,タダノ,202412,20250214,291500,23778,21077,6642,403422,188791,13021,118211,46.8,3.59,1.73,129500355
6396,宇野澤組鐵工所,202403,20240513,5517,636,653,424,8788,3075,785,2401,35,15.12,5.09,1120000
6400,不二精機,202412,20250214,8251,404,328,139,9437,3511,500,3392,37.2,4.16,1.55,9054000
6402,兼松エンジニアリング,202403,20240513,12403,808,829,618,13383,6641,313,1831,49.6,9.56,4.55,5564000
6403,水道機工,202403,20240509,21634,450,661,367,24138,9991,1947,1499,41.4,3.73,1.62,4295968
6405,鈴茂器工,202403,20240513,14514,1475,1498,1140,18201,14546,1154,209,79.9,8.07,6.47,12960000
6406,フジテック,202403,20240514,229401,14571,18717,17830,256402,148359,12533,5861,57.9,12.91,7.33,78900000
6407,CKD,202403,20240510,134425,13113,13048,8338,208285,129098,11016,36335,62,6.7,4.23,67909449
6408,小倉クラッチ,202403,20240514,43491,-320,-229,-598,48599,15357,1858,20521,31.6,-3.93,-1.23,1553323
6411,中野冷機,202412,20250207,33861,2717,2832,2153,36871,25759,822,250,69.9,8.44,5.96,5068000
6412,平和,202403,20240510,136381,23430,22746,16611,428029,239185,16755,104699,55.9,7.07,3.9,99809060
6413,理想科学工業,202403,20240509,74602,5256,6202,4831,88628,66893,14114,24,75.5,7.36,5.57,72000000
6416,桂川電機,202403,20240520,6258,13,188,184,7232,4727,4651,500,65.4,4.1,2.76,1552500
6417,SANKYO,202403,20240509,199099,72495,73182,53791,292119,249863,14840,-,85.5,19.27,16.35,260000000
6418,日本金銭機械,202403,20240509,31610,2839,3568,3281,47698,28655,2220,10800,60.1,11.76,7.58,29672651
6419,マースグループホールディングス,202403,20240514,36575,11694,12500,8585,83956,71243,7934,-,84.9,13.46,11.61,22720000
6420,ガリレイ,202403,20240508,115815,15298,16159,12306,130532,92714,2760,-,71,14.26,10.11,44132320
6424,高見沢サイバネティックス,202403,20240514,13050,983,938,655,17649,5073,700,4696,28.7,14.01,4.05,4525000
6425,ユニバーサルエンターテインメント,202412,20250213,126328,3024,-5599,-15569,632795,369731,98,126013,58.4,-4.11,-2.47,80195000
6428,オーイズミ,202403,20240513,21393,1016,1006,528,41940,18356,1006,17431,43.8,2.88,1.23,22500000
6430,ダイコク電機,202403,20240515,53861,12001,12102,8464,59281,40720,674,-,68.7,22.84,15.74,14797232
6432,竹内製作所,202502,20250411,213230,37142,35608,26113,217718,167000,3632,-,76.7,16.6,12.56,48999000
6433,ヒーハイスト,202403,20240515,2310,-158,-156,-221,5383,3018,732,1085,56.1,-7.08,-4.2,6316700
6436,アマノ,202503,20250424,175423,23040,24642,17828,194338,135930,18239,871,69.9,13.53,9.41,76657829
6440,JUKI,202412,20250213,95185,-962,-3327,-3235,142219,31214,18044,80469,21.9,-10.3,-2.3,29874179
6444,サンデン,202412,20250214,183848,-6446,-176,-777,175459,22628,21741,69845,12.9,-3.63,-0.46,111693313
6445,ジャノメ,202403,20240510,36476,1716,1763,1131,50821,34203,11372,3149,67.3,3.39,2.22,18108605
6448,ブラザー工業,202403,20240509,822930,49792,52523,31645,896109,668048,19209,600,74.5,5,3.62,257755930
6454,マックス,202503,20250430,91839,14468,14809,11225,124611,105907,12367,875,85,10.92,9.11,46537426
6455,モリタホールディングス,202503,20250425,111743,13733,13744,9472,143352,96529,4746,-,67.3,10.13,6.69,46918542
6457,グローリー,202403,20240510,372478,51276,48438,29674,467072,227876,12892,90998,48.8,14.1,7,58938210
6458,新晃工業,202403,20240514,51943,8627,9120,6580,88038,61090,5822,2594,69.4,11.32,7.95,77373705
6459,大和冷機工業,202412,20250214,47938,8076,7959,5441,93566,68284,9907,-,73,8.21,5.86,51717215
6460,セガサミーホールディングス,202403,20240510,467896,56836,59778,33055,653994,356921,29953,157007,54.6,9.61,5.72,241229476
6463,TPR,202403,20240515,193834,12526,16066,8195,290109,157376,4758,31889,54.2,5.63,2.95,34300099
6464,ツバキ・ナカシマ,202412,20250217,75921,814,1747,912,174721,61472,17117,92650,35.2,1.58,0.54,41599600
6465,ホシザキ,202412,20250213,445495,51479,57823,37170,543944,363923,8138,-,66.9,10.74,7.37,144890100
6466,TVE,202409,20241113,11220,1027,1134,721,15090,11029,1739,309,73.1,6.87,4.95,2461600
6467,ニチダイ,202503,20250501,11602,153,185,56,15173,10962,1429,1944,72.2,0.52,0.37,9053300
6469,放電精密加工研究所,202502,20250408,12898,689,643,583,17551,7355,1889,4652,41.9,8.45,3.28,10953900
6470,大豊工業,202503,20250424,112789,610,910,-4187,122336,68602,6712,26013,56.1,-5.96,-3.46,29172457
6471,日本精工,202403,20240509,788867,27391,26210,8502,1298077,659979,67176,343297,50.8,1.33,0.67,500000000
6472,NTN,202403,20240514,836285,28149,20001,10568,910252,264331,54346,362062,29,4.36,1.19,532463527
6473,ジェイテクト,202503,20250425,1884397,38452,30876,13713,1565391,745044,45591,240474,47.6,1.79,0.86,318608107
6474,不二越,202411,20250114,239892,6636,4236,3351,334757,158834,16074,91062,47.4,2.08,0.95,24919343
6479,ミネベアミツミ,202403,20240510,1402127,73536,75545,54035,1416122,704139,68259,362383,49.7,8.08,3.97,427080606
6480,日本トムソン,202403,20240513,55048,3164,4525,2674,119187,76050,9533,31220,63.8,3.62,2.29,73501425
6481,THK,202412,20250212,352759,17349,18782,10439,567418,383646,34606,96514,67.6,2.82,1.86,129856903
6482,YUSHIN,202403,20240515,23615,2437,2586,1692,42821,34069,1985,-,79.6,5.1,4.04,35638066
6484,KVK,202403,20240513,29799,2530,2866,1980,34464,27010,2854,-,78.4,7.66,5.61,8322178
6485,前澤給装工業,202403,20240513,32008,2466,2598,1681,45965,39039,3358,-,84.9,4.35,3.71,21500000
6486,イーグル工業,202403,20240513,167042,8107,13799,7491,209914,116762,10490,39137,55.6,6.77,3.72,49757821
6488,ヨシタケ,202403,20240516,8952,874,1484,1133,19340,15649,1908,1029,80.9,7.54,6.27,13934946
6489,前澤工業,202405,20240711,36511,4875,4993,3531,41146,27895,5233,2229,67.8,13.44,8.69,20790248
6490,PILLAR,202403,20240513,58605,14206,15098,10780,98835,69949,4966,12125,70.8,16.67,12.58,25042406
6492,岡野バルブ製造,202411,20250110,8169,1185,1283,1102,14210,11179,1286,858,78.7,10.4,8.19,1793000
6493,NITTAN,202403,20240513,49478,2023,2482,601,62981,28469,4530,9722,45.2,2.25,1,28978860
6494,NFKホールディングス,202403,20240515,2127,127,135,790,5643,5042,100,43,89.3,16.83,14.31,44051274
6495,宮入バルブ製作所,202403,20240515,6157,210,208,176,8645,4178,1993,1669,48.3,4.26,2.1,48849935
6496,中北製作所,202405,20240709,18608,1203,1473,1020,31739,24787,1150,1620,78.1,4.24,3.36,3832800
6497,ハマイ,202412,20250214,12092,1117,1205,396,21646,16057,395,-,74.2,2.5,1.85,7424140
6498,キッツ,202412,20250213,172042,14220,15276,11824,172406,108386,21207,34778,62.9,11.3,6.97,87565611
6501,日立製作所,202503,20250428,9783370,878248,962733,615724,13284813,5847091,464384,1206116,44,10.66,4.83,4580341685
6503,三菱電機,202503,20250428,5521711,391850,437265,324084,6375680,3949678,175820,360661,61.9,8.43,5.17,2113201551
6504,富士電機,202503,20250425,1123407,117646,118759,92239,1312175,691767,47586,70789,52.7,14.25,7.14,149296991
6505,東洋電機製造,202405,20240712,32140,927,1487,935,51652,26070,4998,10588,50.5,3.69,1.85,9735000
6506,安川電機,202502,20250404,537682,50156,78454,56987,743774,431189,30562,95694,58,13.72,7.88,266690497
6507,シンフォニアテクノロジー,202403,20240510,102657,10011,10532,7506,137062,74451,10156,21781,54.3,10.95,5.68,29789122
6508,明電舎,202403,20240510,287880,12731,13385,11205,334787,126407,17070,54679,37.8,9.56,3.49,45527540
6513,オリジン,202403,20240513,28205,-583,42,-1468,47568,23951,6103,2414,50.4,-6.09,-3.2,6699986
6516,山洋電気,202503,20250425,97847,7936,8003,5637,145628,113347,9926,4800,77.8,5.04,3.8,12972187
6517,デンヨー,202403,20240509,73140,7089,7378,5095,100540,72816,1954,3688,72.4,7.35,5.36,22859660
6518,三相電機,202403,20240509,17666,677,796,493,19533,11715,908,1996,60,4.32,2.47,4663000
6521,オキサイド,202502,20250414,8394,126,230,-2703,18206,5412,3307,10368,29.7,-41.51,-14.43,11228823
6522,アスタリスク,202408,20241015,1578,-224,-176,-389,2657,1539,806,756,57.9,-22.4,-14.47,7576400
6523,PHCホールディングス,202403,20240510,353900,1566,-13249,-12893,564327,139514,48423,285045,24.7,-9.29,-2.29,126410072
6524,湖北工業,202412,20250212,15924,3939,4856,3252,28684,23430,350,208,81.7,14.96,12.12,26000000
6525,KOKUSAI_ELECTRIC,202403,20240510,180838,30745,29757,22374,375433,187388,11262,91500,49.9,12.85,6,238002985
6526,ソシオネクスト,202503,20250428,188535,25000,25118,19600,170312,137046,32971,-,80.5,14.62,10.98,179756405
6532,ベイカレント,202502,20250410,116056,42615,42546,30760,124665,94401,282,1311,75.7,32.58,24.67,155411410
6533,Orchestraホールディングス,202412,20250214,14036,801,783,331,12821,5676,354,2880,44.3,5.93,2.59,10034200
6535,アイモバイル,202407,20240912,18735,3549,3459,2420,24488,15497,152,-,63.3,16.43,10.47,58147188
6537,WASHハウス,202412,20250210,2083,22,24,31,4083,1727,996,754,42.3,1.82,0.75,6925400
6538,ディスラプターズ,202403,20240515,3767,65,66,-1601,4023,2088,395,1226,51.9,-55.37,-32.06,20996400
6539,MS-Japan,202403,20240513,4574,1623,1664,1134,11503,10239,587,-,89,10.94,9.96,24996600
6540,船場,202412,20250214,28956,1918,2006,1499,23320,13624,419,-,58.4,11.59,6.99,10747058
6542,FCホールディングス,202406,20240809,8526,1135,1135,670,9284,7529,400,142,81.1,9.31,7.32,6859483
6543,日宣,202502,20250411,5533,393,410,248,4886,3435,347,310,70.3,7.39,5.24,4070080
6544,ジャパンエレベーターサービスホールディングス,202403,20240513,42216,6821,6851,4515,32539,16535,2493,6712,50.8,30.05,14.67,89067200
6545,インターネットインフィニティー,202403,20240515,4959,230,271,130,3751,1388,252,938,37,9.71,3.75,5427771
6546,フルテック,202412,20250214,13813,612,677,457,12231,6685,329,685,54.7,6.98,3.77,5367800
6547,グリーンズ,202406,20240813,40969,5019,4829,4888,26614,7824,100,12826,29.4,74.11,19.4,13878263
6548,旅工房,202406,20240813,3342,-351,-391,-353,3525,2162,3358,500,61.3,-,-,19799800
6549,ディーエムソリューションズ,202403,20240514,18207,568,575,402,7142,2853,365,2159,39.9,15.29,6.31,2849000
6550,Unipos,202403,20240510,930,-510,-502,-502,1403,493,51,633,35.1,-67.47,-31.01,13017800
6551,ツナググループ・ホールディングス,202409,20241107,16388,629,626,358,4964,1773,703,819,35.7,21.67,7.52,8692622
6552,GameWith,202405,20240710,3497,67,45,-347,3884,2920,553,303,75.2,-11.05,-8.2,18348200
6554,エスユーエス,202409,20241114,13219,829,860,602,5650,3568,436,-,63.2,17.56,11.3,9037600
6555,MS＆Consulting,202502,20250414,2552,-237,-239,-276,3378,2586,78,145,76.6,-10.14,-7.97,4597400
6557,AIAIグループ,202403,20240510,11818,532,875,353,11657,1732,29,7596,14.9,23.12,3.02,6600762
6558,クックビズ,202411,20250114,3276,93,83,2,3757,1447,762,1745,38.5,0.14,0.06,2795041
6560,エル・ティー・エス,202412,20250213,16592,1107,1069,973,11402,4453,767,3881,39.1,24.48,8.36,4658275
6561,HANATOUR_JAPAN,202412,20250214,6662,1732,1643,1627,10735,3477,100,993,32.4,61.12,15.94,12664700
6562,ジーニー,202403,20240514,8012,1538,1277,1031,19197,7249,1553,7870,37.8,16.84,5.57,18056400
6563,みらいワークス,202409,20241114,10608,573,583,66,3320,1300,86,-,39.2,5.25,2.17,5395400
6564,ミダックホールディングス,202403,20240515,9547,3538,3377,1907,26901,12759,90,10457,47.4,16.08,7.86,27773500
6565,ABホテル,202403,20240510,9947,3612,3562,2312,22860,10433,953,6688,45.6,24.7,10.4,14176000
6566,要興業,202403,20240515,13503,1762,1869,1285,23580,18458,827,789,78.3,7.16,5.59,15871400
6568,神戸天然物化学,202403,20240513,9154,2081,2094,1493,18621,13086,1995,1969,70.3,12.03,8.78,7779900
6570,共和コーポレーション,202403,20240514,14580,1082,1111,646,14211,3991,709,6097,28.1,17.47,4.7,6080130
6571,キュービーネットホールディングス,202406,20240813,24757,2115,1964,1301,32297,14170,1352,8214,43.9,9.62,4.1,13145600
6572,オープングループ,202502,20250414,7224,653,234,435,19967,11978,5926,4277,60,3.68,2.22,62549000
6573,アジャイルメディア・ネットワーク,202412,20250214,455,-301,-320,-337,557,306,268,137,54.9,-162.8,-74.39,30645720
6574,コンヴァノ,202403,20240510,2589,-58,-70,-198,3001,1643,567,408,54.7,-16.11,-7.15,4334960
6577,ベストワンドットコム,202407,20240911,3137,263,278,248,2869,1148,567,987,40,26.67,8.97,1523500
6578,コレックホールディングス,202502,20250414,6355,186,187,179,3089,1231,52,791,39.9,15.37,6.55,7330700
6579,ログリー,202403,20240513,2054,-2,-2,-46,1482,666,407,423,44.9,-7.24,-2.73,3803000
6580,ライトアップ,202403,20240515,2776,319,314,230,3415,2701,386,-,79.1,8.52,6.73,5806000
6584,三櫻工業,202403,20240510,156814,8053,7296,4216,111245,44684,3481,32040,40.2,10.38,4.04,37112000
6586,マキタ,202503,20250428,753130,107038,108477,79338,1106525,926005,23805,10152,83.7,8.84,7.34,280017520
6588,東芝テック,202403,20240510,548135,15854,11004,-6707,337509,88061,39970,18100,26.1,-7.28,-2.07,57629140
6590,芝浦メカトロニクス,202403,20240509,67556,11687,11611,8793,91254,38735,6761,8650,42.4,24.51,10.16,13971900
6592,マブチモーター,202412,20250214,196212,21644,32448,12831,354989,319560,20704,517,90,4.11,3.71,130324924
6594,ニデック,202503,20250424,2607094,240200,236528,167688,3325561,1719296,87784,636046,51.7,10.01,5.17,1192568936
6597,HPCシステムズ,202406,20240813,6945,425,426,299,4765,2487,230,1257,52.2,12.02,6.27,4366000
6599,エブレン,202403,20240513,3987,486,490,332,5674,4502,143,-,79.3,7.63,5.89,1536000
6612,バルミューダ,202412,20250213,12462,12,94,67,6182,4349,90,428,70.3,1.56,0.96,8526200
6613,QDレーザ,202403,20240514,1247,-604,-600,-642,6146,5661,53,7,92.1,-12.72,-11.61,41761392
6614,シキノハイテック,202403,20240514,7091,604,639,509,5754,2548,421,544,44.3,22,9.31,4426000
6615,ユー・エム・シー・エレクトロニクス,202403,20240515,131289,2043,1233,1021,79015,19671,4729,35091,24.9,5.42,1.25,28277620
6616,トレックス・セミコンダクター,202403,20240514,25751,-1778,-2452,-4297,36636,20552,2967,11314,56.1,-19.04,-11.66,11554200
6617,東光高岳,202503,20250425,106624,6094,6302,3824,113652,60968,8000,3710,53.6,6.42,3.32,16276305
6619,ダブル・スコープ,202501,20250313,31047,-1008,-3239,-3713,60079,49568,15360,8313,82.5,-7.2,-3.21,55225600
6620,宮越ホールディングス,202403,20240510,1137,421,769,536,27709,25156,9217,-,90.8,2.17,1.96,40014943
6622,ダイヘン,202403,20240509,188571,15145,16082,16494,276624,134136,10596,66163,48.5,13.3,6.74,25203291
6625,JALCOホールディングス,202403,20240510,12738,6363,4993,4155,72602,19146,6449,45222,26.4,23.9,6.46,117218618
6626,SEMITEC,202403,20240514,22675,3571,3879,2148,28251,21396,773,1992,75.7,10.65,7.92,11371600
6627,テラプローブ,202412,20250214,37108,6949,7005,3509,75357,37404,11823,13769,49.6,9.81,4.85,9282500
6629,テクノホライゾン,202403,20240510,48623,1036,1709,1001,36092,9800,2500,14986,27.2,10.82,2.74,21063300
6630,ヤーマン,202404,20240614,32023,416,1010,398,29090,25113,1813,706,86.3,1.57,1.33,58348880
6632,JVCケンウッド,202503,20250501,370308,21792,23490,20276,313336,125104,13645,50374,39.9,16.9,6.44,164000201
6633,CGSホールディングス,202412,20250214,3927,158,220,121,6047,3190,500,-,52.8,3.86,2.08,9801549
6634,ネクスグループ,202411,20250117,2130,-246,-230,-289,5941,4323,10,326,72.8,-7.94,-6.41,38114227
6635,大日光・エンジニアリング,202412,20250214,38960,643,679,277,29559,6881,1174,12285,23.3,4.31,0.94,6800600
6637,寺崎電気産業,202403,20240515,52065,4921,5773,4014,68043,46791,1236,3292,68.8,9.19,6.27,13030000
6638,ミマキエンジニアリング,202403,20240513,75631,5480,4882,3707,75718,27241,4357,26591,36,15.07,5.1,32040000
6643,戸上電機製作所,202403,20240510,26731,2694,3029,2090,31398,20878,2899,328,66.5,10.55,6.94,4896558
6644,大崎電気工業,202403,20240509,95147,5874,5488,2407,95641,49610,7965,4697,51.9,5.04,2.55,48267180
6645,オムロン,202403,20240508,818761,34342,34953,8105,1354729,786686,64100,121074,58.1,1.07,0.69,206244872
6647,森尾電機,202403,20240515,7448,342,342,211,8220,4732,1048,960,57.6,4.65,2.64,1425000
6648,かわでん,202403,20240509,21334,1134,1153,744,22410,16039,2124,1058,71.6,4.74,3.39,4192000
6651,日東工業,202403,20240515,160709,11967,12566,8715,161742,108488,6578,18077,67.1,8.31,5.86,40458000
6652,IDEC,202403,20240510,72711,6276,6920,4407,107138,65551,10056,23256,61.2,7.11,4.17,33224485
6653,正興電機製作所,202412,20250205,29099,2016,2359,1536,30331,15882,3323,2714,52.4,10.56,5.2,13908595
6654,不二電機工業,202501,20250311,3927,302,346,240,11208,10365,1087,120,92.5,2.31,2.13,6469000
6656,インスペック,202404,20240614,1668,-233,-263,-353,3739,884,810,2315,23.6,-33.33,-9.15,4006800
6658,シライ電子工業,202403,20240514,28833,2307,2161,1487,19696,7837,366,5295,39.8,21.65,7.38,15116000
6659,メディアリンクス,202403,20240510,3111,-165,-187,-242,4344,2643,2788,685,60.8,-11.13,-6.43,46695300
6662,ユビテック,202406,20240809,1016,-245,-244,-344,2363,1976,941,-,83.6,-16.01,-13.79,14791600
6663,太洋テクノレックス,202412,20250131,3519,-54,-47,-79,4543,2500,822,692,55,-3.15,-1.73,5992400
6664,オプトエレクトロニクス,202411,20250110,6342,-532,-614,-672,13513,4901,942,6826,36.3,-12.84,-4.62,6578000
6666,リバーエレテック,202403,20240510,5454,8,56,-133,10179,4448,1681,3894,43.7,-2.87,-1.31,8692652
6668,アドテックプラズマテクノロジー,202408,20241011,11298,1485,1612,1213,26646,12095,835,13216,45.4,10.56,4.5,8586000
6670,MCJ,202403,20240514,187455,17192,17087,12199,120727,79181,3868,14971,65.6,16.66,10.94,101774700
6674,ジーエス・ユアサコーポレーション,202403,20240510,562897,41595,43981,32064,656663,329992,52841,76158,50.3,11.44,5.35,100446442
6675,サクサ,202403,20240510,40948,3345,3406,2800,41473,28368,10836,1403,68.4,10.51,6.73,6244962
6676,バッファロー,202403,20240513,145773,2597,2575,3012,95936,63922,1000,-,66.6,4.77,3.18,15300000
6677,エスケーエレクトロニクス,202409,20241111,25727,3059,3056,2291,39674,32168,4109,800,81.1,7.18,5.62,11368400
6678,テクノメディカ,202403,20240509,10283,1840,1870,1348,17433,13818,1069,-,79.3,8.93,7.31,8760000
6694,ズーム,202412,20250214,18072,531,554,40,20087,7166,212,7145,35.7,0.58,0.2,4594824
6696,トラース・オン・プロダクト,202501,20250313,411,5,6,2,542,411,593,60,75.8,0.49,0.38,4824991
6697,テックポイント・インク（外国株）,-,-,-,-,-,-,-,-,-,-,-,-,-,-
6699,ダイヤモンドエレクトリックホールディングス,202403,20240515,93334,230,1313,-1897,82032,10142,1236,39685,12.4,-18.13,-2.36,9163001
6701,日本電気,202503,20250428,3423431,256497,239771,175183,4315368,1952018,427831,489728,45.2,9.06,4.1,1364249315
6702,富士通,202503,20250424,3550116,265089,273445,219807,3497808,1740965,325638,247092,49.8,12.58,6.27,2071108450
6703,沖電気工業,202403,20240509,421854,18692,18293,25649,423399,141176,44000,110029,33.3,21.35,6.3,87217602
6706,電気興業,202403,20240510,28864,-1787,-1537,-1977,55237,37883,8774,5777,68.6,-5,-3.58,10900000
6707,サンケン電気,202403,20240510,235221,19539,18246,-8112,383591,119375,20896,137132,31.1,-7.04,-2.37,25098060
6715,ナカヨ,202403,20240510,17220,-660,-598,-1268,21287,15784,4909,-,74.1,-7.76,-5.81,4794963
6718,アイホン,202403,20240508,61334,5268,6130,4645,78416,64913,5388,-,82.8,7.53,6.23,18220000
6721,ウインテスト,202412,20250214,417,-1083,-1094,-1105,1195,681,1674,236,57,-94.57,-69.76,52993100
6723,ルネサスエレクトロニクス,202412,20250206,1348479,222977,263833,219084,4490436,2537382,153209,1400672,56.5,9.65,5.72,1870614885
6724,セイコーエプソン,202503,20250501,1362944,75108,78395,55177,1456461,804752,53204,224708,55.3,6.83,3.85,373573152
6727,ワコム,202403,20240509,118795,7058,9852,4561,79619,35968,4203,14000,45.2,11.93,5.89,146000000
6728,アルバック,202406,20240813,261115,29771,29785,20233,388653,220430,20873,46761,56.7,9.67,5.45,49355938
6730,アクセル,202403,20240509,17570,2426,2449,1771,15574,12760,1028,-,81.9,14.55,12.02,11211989
6731,ピクセラ,202409,20241114,1163,-846,-846,-1202,619,199,451,-,32.1,-331.13,-150.34,66715276
6734,ニューテック,202502,20250414,4695,362,372,267,4726,2700,496,149,57.1,10.26,6.03,2081000
6736,サン電子,202403,20240514,10045,312,-4114,-3777,46838,37157,2097,1389,79.3,-10.48,-8.53,24007728
6737,EIZO,202403,20240509,80471,3908,6326,5454,164819,129424,4425,5794,78.5,4.36,3.4,43962320
6740,ジャパンディスプレイ,202403,20240513,239153,-34145,-33188,-44313,223989,85421,100,33500,38.1,-42.28,-19.84,3880388022
6741,日本信号,202403,20240514,98536,6824,7893,5346,165295,96821,10000,18700,58.6,5.74,3.43,68339704
6742,京三製作所,202403,20240513,70525,2491,3259,3434,129563,49647,6270,36000,38.3,7.16,2.82,62844251
6743,大同信号,202403,20240516,20768,1296,1395,570,44668,24245,1500,4573,54.3,2.42,1.3,18018000
6744,能美防災,202403,20240509,118506,11662,12242,8574,157485,123639,13302,-,78.5,7.19,5.55,60832771
6745,ホーチキ,202403,20240508,93485,7375,7782,5661,85233,52738,3798,-,61.9,11.45,6.94,26400000
6748,星和電機,202412,20250212,25215,1772,1921,1350,30378,17240,3648,5627,56.8,8.22,4.63,13238700
6750,エレコム,202403,20240515,110169,12380,13360,9985,117368,86326,12577,500,73.6,11.94,8.91,92221420
6752,パナソニックホールディングス,202403,20240509,8496420,360962,425239,443994,9411195,4544076,259445,1346136,48.3,10.88,5.08,2454446497
6753,シャープ,202403,20240514,2321921,-20343,-7084,-149980,1590032,142422,5000,573592,9,-85.49,-8.92,650406538
6754,アンリツ,202503,20250425,112979,12124,12737,9257,159826,124268,19219,3561,77.8,7.41,5.77,135870594
6755,富士通ゼネラル,202503,20250425,354087,14472,13867,-3900,273310,130810,18260,14092,47.9,-2.89,-1.42,109406661
6757,OSGコーポレーション,202501,20250314,7929,133,125,33,6395,2568,601,1582,40.2,1.24,0.5,5500000
6758,ソニーグループ,202403,20240514,13020768,1208831,1268662,970573,34107490,7587177,881357,4088433,22.2,13.1,2.93,6149810645
6762,TDK,202503,20250428,2204806,224192,237808,167161,3541415,1800070,32641,533146,50.8,9.53,4.81,1943859885
6763,帝国通信工業,202403,20240514,15223,947,1559,1362,32085,26783,3453,45,83.5,5.25,4.37,9856107
6768,タムラ製作所,202403,20240510,106622,4940,4956,2240,114843,57541,11829,29713,50.1,4.07,1.98,82771473
6769,ザインエレクトロニクス,202412,20250205,4614,28,264,339,10329,9389,1175,-,90.9,3.64,3.29,12340100
6770,アルプスアルパイン,202503,20250430,990407,34106,30521,37837,740715,413995,38730,100787,55.9,9.4,5.06,219281450
6771,池上通信機,202403,20240509,21603,794,902,679,30613,13687,7000,7811,44.7,5.14,2.28,7285746
6772,東京コスモス電機,202403,20240510,10434,1261,1403,962,12415,7003,1277,2181,56.4,14.89,7.45,1581250
6775,TBグループ,202403,20240510,2304,-222,-230,-244,1570,798,1057,357,50.8,-28.69,-15.03,13996942
6776,天昇電気工業,202403,20240515,26905,1062,1322,948,27951,9249,1208,7377,33.1,11.04,3.42,17014000
6777,santec_Holdings,202403,20240510,18867,5564,6265,3851,25828,17735,4978,1970,68.7,24.02,16.95,11961100
6778,アルチザネットワークス,202407,20240912,2819,32,45,-143,8924,6989,1359,1498,78.3,-1.99,-1.53,9562000
6779,日本電波工業,202403,20240513,50309,4344,3129,2334,66171,27373,5596,23525,41.4,9.09,3.58,23128605
6785,鈴木,202406,20240808,27726,3369,3668,2267,37063,25215,2442,2919,68,9.42,6.34,14404400
6786,RVH,202403,20240514,1276,-216,-190,-813,1295,981,100,119,75.8,-58.64,-48.08,25321760
6787,メイコー,202403,20240510,179458,11660,14267,11310,229960,98184,12888,78986,42.7,12.89,5.23,26803320
6788,日本トリム,202403,20240514,20414,3080,3227,2150,31544,22315,992,-,70.7,9.92,7.1,8656780
6794,フォスター電機,202403,20240515,122447,4412,4305,2304,102747,58005,6770,15127,56.5,4.22,2.36,25000000
6797,名古屋電機工業,202403,20240514,17582,2344,2351,1680,27241,20761,1184,-,76.2,8.45,6.35,12844000
6798,SMK,202403,20240509,46522,-1243,226,-489,58444,32143,7996,12862,55,-1.52,-0.85,7200000
6800,ヨコオ,202403,20240514,76895,1617,3710,1511,76408,50304,7819,12258,65.8,3.1,2.05,23849878
6803,ティアック,202403,20240510,15672,445,5,-53,11871,3574,3500,3588,30.1,-1.59,-0.46,28931713
6804,ホシデン,202403,20240510,218910,12925,18160,11632,175008,134870,13660,11058,77.1,8.89,6.55,60164784
6806,ヒロセ電機,202403,20240507,165509,34017,38761,26480,403450,364173,9404,-,90.3,7.42,6.58,35693969
6807,日本航空電子工業,202503,20250423,221644,15615,14838,11592,215444,133557,10690,37000,62,8.91,5.14,70302608
6809,TOA,202503,20250502,50626,3589,3920,2364,68630,49509,5279,1758,72.1,4.92,3.55,34136635
6810,マクセル,202503,20250425,129806,9318,9770,4090,164514,91356,12203,18622,55.5,4.42,2.44,46956200
6814,古野電気,202502,20250409,126953,13181,14158,11457,123519,72186,7534,17808,58.4,17.2,9.63,31894554
6817,スミダコーポレーション,202412,20250207,143978,4513,1295,590,147766,58519,13624,52427,39.6,1.04,0.41,33097017
6819,伊豆シャボテンリゾート,202403,20240514,4648,900,954,323,6724,4915,100,735,73.1,7.9,5.53,18477768
6820,アイコム,202403,20240514,37117,3415,4416,3461,73159,65745,7081,-,89.9,5.49,4.93,14850000
6822,大井電気,202403,20240514,28117,919,839,759,23881,6331,2708,6532,26.5,13.28,3.34,1470000
6823,リオン,202503,20250428,27877,4033,4106,2859,39132,31435,2064,-,80.3,9.43,7.5,12336700
6824,新コスモス電機,202403,20240515,38546,4086,4809,2959,66837,44371,1460,5829,66.4,7,4.86,12561000
6832,アオイ電子,202403,20240510,33941,-1548,-1287,-5260,50134,43161,4545,897,86.1,-11.23,-9.79,12000000
6834,精工技研,202403,20240513,15785,1052,1269,761,32226,27159,6791,-,84.3,2.84,2.39,9333654
6835,アライドテレシスホールディングス,202412,20250214,48458,3424,3727,3601,46486,19451,10019,4296,41.8,19.53,7.83,107715743
6836,ぷらっとホーム,202403,20240510,998,-101,-101,-107,645,356,100,-,55.2,-26.13,-15.76,4785000
6837,京写,202403,20240430,24580,1080,911,604,23340,8236,1102,8694,35.3,7.81,2.56,14624000
6838,多摩川ホールディングス,202410,20241213,2356,-47,-51,-113,9842,4676,2700,3626,47.5,-,-,6584900
6840,AKIBAホールディングス,202403,20240515,15848,838,844,292,11468,3419,100,5246,29.8,8.92,2.7,9192560
6841,横河電機,202403,20240507,540152,78800,84098,61685,672866,436643,43401,24295,64.9,15.11,9.55,268624510
6844,新電元工業,202403,20240514,102261,1278,1660,-712,144669,70917,17823,37930,49,-1.07,-0.5,10338884
6845,アズビル,202403,20240513,290938,36841,38999,30207,313728,221522,10522,9453,70.6,14.24,9.89,560672736
6848,東亜ディーケーケー,202403,20240426,17444,1768,1849,1292,29043,22369,1842,323,77,6.09,4.63,19880620
6849,日本光電工業,202403,20240513,221986,19591,25589,17026,233233,181082,7544,579,77.6,9.77,7.57,170961960
6850,チノー,202403,20240513,27425,2173,2413,1756,36530,20260,4292,3024,55.5,8.99,4.82,9260116
6853,共和電業,202412,20250210,15350,1356,1460,1066,24097,18155,1723,711,75.3,5.96,4.37,27775900
6855,日本電子材料,202403,20240514,17461,870,1007,622,34769,24670,3069,5658,71,2.54,1.84,12647416
6856,堀場製作所,202412,20250213,317369,48340,50170,33591,481616,314017,12011,64404,65.2,11.25,7.22,42233252
6857,アドバンテスト,202503,20250425,779707,228161,224774,161177,854210,506539,32363,74955,59.3,34.38,21.13,766141256
6858,小野測器,202412,20250130,11804,144,212,1459,21309,15620,7134,1398,73.3,9.91,6.9,12200000
6859,エスペック,202403,20240515,62126,6585,6919,4969,78235,52715,6895,5230,67.4,9.97,6.83,23781394
6861,キーエンス,202503,20250425,1059145,549775,561010,398656,3289224,3108552,30637,-,94.5,13.48,12.75,243207684
6862,ミナトホールディングス,202403,20240514,19018,1235,1224,1483,16822,5743,1077,7663,34.1,29.46,9.51,7925714
6863,ニレコ,202403,20240514,9861,1386,1470,1011,18573,15723,3084,154,84.7,6.69,5.68,7750159
6864,エヌエフホールディングス,202403,20240514,9399,418,484,323,18627,12641,3317,1922,67.9,2.58,1.72,7070000
6866,日置電機,202412,20250124,39270,7525,7990,6187,48159,39820,3299,-,82.7,16.08,13.25,14024365
6867,リーダー電子,202403,20240515,4544,216,295,137,4632,3339,1335,21,72.1,3.7,2.73,4514301
6869,シスメックス,202403,20240509,461510,78382,74600,49639,618920,432046,14729,28600,69.8,12.11,8.63,629473176
6870,日本フェンオール,202412,20250210,12515,1181,1359,1115,19521,13585,996,1239,69.6,8.49,5.78,5893000
6871,日本マイクロニクス,202412,20250214,55643,12572,12250,8811,79990,49646,5018,1175,62.1,19.4,12.97,40025316
6874,協立電機,202406,20240808,34361,2451,2635,1768,30944,17945,1441,1400,58,10.36,5.82,4369200
6875,メガチップス,202403,20240510,57942,5483,3456,4486,126610,102409,4840,-,80.9,5.07,4.16,20652400
6877,OBARA　GROUP,202409,20241111,56391,9195,9804,6724,100808,73729,1925,8066,73.1,9.1,6.88,20869380
6879,IMAGICA_GROUP,202403,20240509,99684,3924,3727,2373,78694,37829,3306,8263,48.1,6.42,2.96,44741467
6882,三社電機製作所,202403,20240508,31005,3407,3473,2955,35334,24432,2774,1000,69.1,12.99,9.17,14950000
6888,アクモス,202406,20240805,6230,660,660,422,5261,3165,693,535,60.2,14.06,8.14,10215400
6890,フェローテックホールディングス,202403,20240515,222430,24872,26537,15154,510026,204410,29539,135160,40.1,7.81,3.29,47117949
6894,パルステック工業,202403,20240510,2612,358,386,327,5182,3674,1491,13,70.9,9.22,6.74,1393459
6897,ツインバード,202502,20250414,10060,4,42,-102,10829,7742,100,1960,71.5,-1.28,-0.93,10906300
6898,トミタ電機,202501,20250314,1421,-171,-167,-171,4785,3847,1966,-,80.4,-4.48,-3.61,816979
6899,ASTI,202403,20240514,63607,2234,3081,2695,48010,24285,2476,15650,50.6,11.88,5.71,3417006
6901,澤藤電機,202403,20240510,26742,563,789,517,26731,13507,1080,3800,50.5,4.34,2.15,4322000
6902,デンソー,202503,20250425,7161777,518953,578005,419081,8125000,4978266,187457,699384,61.3,7.97,4.87,2910979691
6904,原田工業,202403,20240513,46993,1026,518,885,37598,11913,2019,14866,31.7,7.67,2.28,21758000
6905,コーセル,202405,20240619,41437,6912,7850,5169,54397,47087,2055,-,86.6,11.58,10.03,41186100
6907,ジオマテック,202403,20240515,4605,-655,-552,-1669,15184,8652,4043,2160,57,-17.77,-10.24,9152400
6908,イリソ電子工業,202403,20240508,55271,5936,7189,5593,96856,76233,5640,6824,78.7,7.79,6.24,24460879
6912,菊水ホールディングス,202403,20240515,12488,1853,1919,1300,16108,13285,2201,-,82.5,10.25,8.23,9900000
6914,オプテックスグループ,202412,20250214,63269,7121,7749,5689,72850,49712,2798,8894,68.2,12.16,8.13,37735784
6915,千代田インテグレ,202412,20250213,41214,3856,4655,3234,51306,41572,2331,1020,81,8.04,6.49,11628929
6918,アバールデータ,202403,20240514,12580,2095,2274,5256,27503,22780,2354,-,82.8,24.08,18.96,7117842
6919,ケル,202403,20240509,12231,1095,1268,852,18924,15390,1617,450,81.3,5.6,4.41,7743000
6920,レーザーテック,202406,20240807,213506,81375,82021,59076,271288,151294,931,-,55.8,45.37,21.76,94286400
6923,スタンレー電気,202503,20250424,509565,49002,55454,32058,749605,485500,30514,40000,64.8,6.35,4.4,152000000
6925,ウシオ電機,202403,20240514,179420,12976,16088,10785,337546,236964,19556,28865,70.2,4.48,3.26,92500000
6926,岡谷電機産業,202403,20240515,14323,400,429,120,17059,9037,2295,4587,53,1.39,0.71,22921562
6927,ヘリオステクノホールディング,202403,20240507,10871,1472,1485,2291,20899,16153,2133,259,77.3,14.7,11.89,22806900
6928,エノモト,202403,20240513,25244,160,291,121,32371,20962,4749,3108,64.8,0.58,0.36,6865360
6929,日本セラミック,202412,20250207,25037,4961,5844,4162,58347,49893,10994,-,85.5,8.29,7.16,27231257
6930,日本アンテナ,202403,20240515,11386,-2081,-1918,-2906,17928,11939,4673,212,66.6,-21.77,-15.59,14300000
6932,遠藤照明,202503,20250430,53735,4930,5411,4799,67667,44052,5155,12915,65.1,11.62,7.36,14776321
6937,古河電池,202403,20240513,75455,3233,3417,2574,65461,36666,1640,6656,56,7.32,4,32800000
6941,山一電機,202403,20240514,36423,2933,2914,2060,51062,38075,10084,3209,74.6,5.51,4.06,21829775
6942,ソフィアホールディングス,202403,20240515,9031,236,173,-100,7841,3108,2949,2488,39.6,-3.9,-1.31,4677720
6943,NKKスイッチズ,202403,20240508,9441,369,459,389,15535,13271,951,-,85.4,3.04,2.52,842520
6946,日本アビオニクス,202403,20240510,18055,2178,2152,2149,27528,14305,5895,4790,52,16.23,8.35,16764810
6947,図研,202403,20240513,38466,4796,5439,3868,63879,40455,10117,-,63.3,9.51,6.12,22249804
6951,日本電子,202403,20240514,174336,27531,30023,21704,230213,125513,21394,14527,54.5,19.09,10.11,51532800
6952,カシオ計算機,202403,20240514,268828,14208,17920,11909,349895,231153,48592,49767,66.1,5.26,3.48,237720914
6954,ファナック,202503,20250423,797129,158846,196738,147557,1937031,1724545,69014,-,89,8.6,7.64,995418885
6955,FDK,202503,20250423,63171,1394,1261,536,46340,16303,31709,14550,35.2,3.37,1.1,34536302
6957,芝浦電子,202403,20240510,32401,5104,5303,3822,43574,35115,2144,897,80.6,11.43,9.05,15559730
6958,日本シイエムケイ,202403,20240513,90568,3529,4795,3855,131606,70815,24096,37236,53.8,6.04,3.13,71256476
6960,フクダ電子,202403,20240515,140323,26506,26990,18693,209064,169008,4621,1750,80.8,11.26,8.99,37747300
6961,エンプラス,202503,20250430,38069,5287,5446,3943,62775,55271,8080,-,88,7.36,6.42,9732897
6962,大真空,202403,20240513,39343,2135,3192,1876,91064,38709,19344,33781,42.5,5.03,2.15,32138881
6963,ローム,202403,20240508,467780,43327,69200,53965,1481274,967472,86969,340136,65.3,5.73,4.14,403760000
6964,サンコー,202403,20240510,16936,771,989,704,21659,15262,3779,-,70.5,4.74,3.34,9000000
6965,浜松ホトニクス,202409,20241108,203961,32118,34512,25145,434634,331307,35146,36917,76.2,7.74,6,319191114
6966,三井ハイテック,202501,20250311,214890,16017,16943,12219,223698,109985,16403,76220,49.2,11.83,5.83,197334325
6967,新光電気工業,202503,20250424,215022,25354,25125,17875,397136,283381,24223,30000,71.4,6.52,4.52,135171942
6969,松尾電機,202403,20240515,4209,254,220,28,6606,2309,2469,2475,35,1.22,0.41,3210000
6971,京セラ,202403,20240426,2004221,92923,136143,101074,4465376,3225595,115703,209154,72.2,3.23,2.36,1510474320
6973,協栄産業,202403,20240513,61679,1652,1737,1337,42271,17794,3161,8544,42.1,8.09,3.36,3193545
6976,太陽誘電,202403,20240508,322647,9079,13757,8317,579686,329137,33575,148844,56.8,2.57,1.54,130218481
6977,日本抵抗器製作所,202412,20250430,6454,-133,-104,-181,7729,1508,724,4106,19.5,-11.19,-2.35,1240000
6981,村田製作所,202503,20250430,1743352,279702,304404,233818,3028194,2580805,69444,2437,85.2,9.1,7.71,1963001843
6982,リード,202403,20240514,5058,10,61,48,8555,2881,658,3140,33.7,1.75,0.57,2632960
6986,双葉電子工業,202403,20240510,56360,-1141,570,-1854,104263,78211,22558,132,75,-2.44,-1.83,42426739
6988,日東電工,202503,20250425,1013878,185667,185329,137237,1321920,1044083,26783,455,79,13.53,10.67,706760750
6989,北陸電気工業,202403,20240510,40811,2271,3107,2538,41645,20106,5200,9576,48.3,13.64,6,8450099
6993,大黒屋ホールディングス,202403,20240513,10967,-143,-446,-539,6518,-2,3039,4990,-,-280.98,-8.15,168569594
6994,指月電機製作所,202403,20240515,26305,1098,1120,182,36479,22289,5001,8100,61.1,0.76,0.49,33061003
6995,東海理化電機製作所,202503,20250424,617660,35439,34479,27808,510942,316076,22856,10000,61.9,8.77,5.4,94234171
6996,ニチコン,202403,20240509,181643,8904,11407,8253,206937,110900,14286,34766,53.6,7.87,4.13,70000000
6997,日本ケミコン,202403,20240510,150740,9422,7913,-21291,172921,53097,5452,85464,30.7,-41.2,-12.69,21939933
6998,日本タングステン,202403,20240509,11464,476,786,527,17137,12103,2509,2430,70.6,4.52,3.11,5155520
6999,KOA,202503,20250423,64120,1176,1243,260,141365,78110,6033,44499,55.3,0.33,0.19,37479724
7003,三井E＆S,202403,20240514,301875,19630,20711,25051,467140,142012,8846,162012,30.4,20.17,5.52,103098717
7004,カナデビア,202403,20240510,555844,24323,25646,18999,533593,162658,45442,84031,30.5,12.57,3.75,170214843
7011,三菱重工業,202403,20240508,4657147,282541,315187,222023,6256259,2244620,265608,1142964,35.9,11.14,3.79,3373647810
7012,川崎重工業,202403,20240509,1849287,46201,31980,25377,2680176,634090,104484,845233,23.7,4.19,0.99,167921800
7013,IHI,202403,20240508,1322591,-70138,-72280,-68214,2097810,375989,107165,449153,17.9,-16.9,-3.38,154679954
7014,名村造船所,202403,20240514,135006,16493,20007,19954,174791,79418,8189,12760,45.4,30.91,13.32,69385551
7018,内海造船,202403,20240510,46383,3183,3088,2261,43819,9744,1200,8955,22.2,26.33,5.38,2253000
7021,ニッチツ,202403,20240513,8286,325,248,247,15356,10732,1100,1218,69.9,2.35,1.63,2130000
7022,サノヤスホールディングス,202403,20240513,23352,509,636,459,27249,8902,2628,7514,32.7,5.45,1.73,33924582
7030,スプリックス,202409,20241112,31860,1093,1134,500,20448,9518,1444,1509,46.5,5.21,2.46,17968200
7031,インバウンドテック,202403,20240514,3318,330,324,208,3777,2109,547,696,55.8,9.9,5.36,2492275
7033,マネジメントソリューションズ,202412,20250214,23273,2806,2811,2070,7817,5503,676,499,70.4,-,-,16849900
7034,プロレド・パートナーズ,202410,20241216,3205,-90,1275,319,13114,6316,10,996,48.2,5.18,2.54,11195600
7035,and_factory,202408,20241015,5024,-317,-344,88,2627,1209,801,455,46,7.56,2.23,11261970
7036,イーエムネットジャパン,202412,20250212,1329,93,104,69,2705,1406,328,-,52,4.84,2.41,3909000
7037,テノ.ホールディングス,202412,20250213,16017,196,182,-466,9742,1735,455,5365,17.8,-23.43,-4.84,4701300
7038,フロンティア・マネジメント,202412,20250213,9265,-632,-710,-694,14165,2641,386,1396,18.6,-21.89,-5.54,11813801
7039,ブリッジインターナショナル,202412,20250214,8615,950,998,661,5987,4372,552,417,73,15.49,11.84,3768600
7040,サン・ライフホールディング,202403,20240509,13502,1232,1341,1116,35834,6004,100,-,16.8,20.15,3.14,6820000
7041,CRGホールディングス,202409,20241114,17090,90,44,-369,13253,2756,448,8472,20.8,-12.57,-3.6,5527200
7042,アクセスグループ・ホールディングス,202403,20240515,3452,88,73,127,2378,853,201,890,35.9,18.81,5.54,3223400
7043,アルー,202412,20250213,3089,-64,-67,-73,1901,1184,365,448,62.3,-5.98,-4.03,2554400
7044,ピアラ,202412,20250213,13488,-149,-132,-114,4255,441,866,1477,10.4,-23.46,-2.92,7366660
7046,TDSE,202403,20240515,2521,271,274,200,2440,2074,833,-,85,10.14,8.37,2200000
7047,ポート,202403,20240513,16622,2403,2331,1456,16235,6752,2323,5320,41.6,29.13,10.52,14046990
7048,ベルトラ,202412,20250214,4304,-175,-298,-407,8584,2496,2078,-,29.1,-21.29,-5.41,36598980
7049,識学,202502,20250411,5369,330,356,426,4895,2460,10,344,50.3,18.14,9.01,9132996
7050,フロンティアインターナショナル,202404,20240614,16944,1210,1232,488,11623,8207,51,368,70.6,6.03,4.29,4619000
7057,エヌ・シー・エヌ,202403,20240515,7998,83,47,-,5722,1923,390,171,33.6,-,-,3219500
7058,共栄セキュリティーサービス,202403,20240515,9354,309,388,248,6811,4705,100,859,69.1,5.34,3.92,1506500
7059,コプロ・ホールディングス,202403,20240514,24098,2141,2211,1463,12150,8059,30,-,66.3,19.38,13.21,20000000
7060,ギークス,202403,20240510,23739,90,82,-1473,7174,2810,1112,1504,39.2,-41.46,-18.85,10330469
7061,日本ホスピスホールディングス,202412,20250213,12115,1286,1007,639,18310,3441,436,4525,18.8,20.86,3.82,8428100
7062,フレアス,202403,20240514,5710,110,126,58,6190,1757,295,1757,28.4,3.33,1.08,2399600
7063,Birdman,202406,20240814,2085,-1840,-2021,-3028,375,-1474,918,1469,-,-,-184.24,13706300
7064,ハウテレビジョン,202501,20250312,2166,402,400,243,2354,1314,10,615,55.8,18.49,10.32,1362355
7065,ユーピーアール,202408,20241015,15463,578,878,597,21470,8922,96,8679,41.6,6.88,2.82,7660000
7066,ピアズ,202409,20241114,6208,480,452,585,4513,2872,75,1066,63.6,22.38,12.63,10012600
7067,ブランディングテクノロジー,202403,20240514,4606,37,32,3,1951,1182,52,116,60.6,0.25,0.15,1600015
7068,フィードフォースグループ,202405,20240627,4229,1237,1166,473,7559,2793,37,2236,36.9,16.99,6.45,25024958
7069,サイバー・バズ,202409,20241113,7462,-1719,-1712,-1954,2782,202,484,1174,7.3,-166.79,-49.58,4037100
7071,アンビスホールディングス,202409,20241107,42475,10612,10551,7438,71799,33212,65,24379,46.3,24.9,11.68,98112000
7072,インティメート・マージャー,202409,20241114,2995,86,86,57,2122,1572,476,100,74.1,3.7,2.7,3340350
7073,ジェイック,202501,20250314,4190,238,235,137,2830,973,262,1052,34.4,14.77,5.2,932200
7074,トゥエンティーフォーセブン,202411,20250115,2527,-363,-380,-435,1026,147,99,-,14.3,-315.22,-39.93,8486200
7075,QLSホールディングス,-,-,-,-,-,-,-,-,-,-,-,-,-,7478380
7077,ALiNKインターネット,202502,20250414,888,43,62,57,1834,1661,138,-,90.6,3.43,3.11,2136900
7078,INCLUSIVE,202403,20240514,5359,-94,-102,314,5304,2777,1350,780,52.4,12.05,5.81,10051989
7079,WDBココ,202403,20240514,4595,1272,1273,857,4658,3563,279,-,76.5,26.93,20.61,2405000
7080,スポーツフィールド,202412,20250214,3845,874,872,595,2707,1763,93,158,65.1,37.75,23.72,7445120
7081,コーユーレンティア,202412,20250213,31861,2081,2133,1549,18305,11002,963,1087,60.1,14.97,8.25,11053800
7082,ジモティー,202412,20250214,1774,559,564,471,1720,1340,308,75,77.9,40.48,29.32,4985413
7083,AHCグループ,202411,20250117,6268,144,154,98,5798,1204,54,3890,20.8,8.3,1.77,2135870
7084,Smile_Holdings,202403,20240515,12867,232,311,132,14163,6321,602,4012,44.6,2.11,0.94,3258000
7085,カーブスホールディングス,202408,20241015,35465,5458,5472,3566,41374,19409,848,8665,46.9,20.69,8.86,93857493
7087,ウイルテック,202403,20240513,35696,327,404,666,18484,7686,155,795,41.6,8.89,4.28,6461000
7088,フォーラムエンジニアリング,202403,20240514,31279,3029,3017,2039,17918,12967,117,-,72.4,15.72,11.38,53419200
7089,フォースタートアップス,202403,20240509,3416,423,428,385,3241,2175,238,-,67.1,19.53,12.4,3647600
7090,リグア,202403,20240509,3430,118,93,104,3869,604,551,2391,15.6,21.73,2.87,1511800
7091,リビングプラットフォーム,202403,20240515,16662,-81,197,189,11189,1646,358,5368,14.7,12.21,1.67,4469142
7092,Fast_Fitness_Japan,202403,20240514,15825,3504,3635,2123,21798,12900,2195,3239,59.2,17.6,9.88,18755980
7093,アディッシュ,202412,20250214,3592,-132,-117,-115,1340,346,59,485,25.8,-29.41,-9.14,1907965
7094,NexTone,202403,20240514,13433,657,661,531,13162,4052,1218,-,30.8,13.93,5.06,9940800
7095,Macbee_Planet,202404,20240613,39405,3670,3668,2282,20228,9957,2635,3028,49.2,25.28,12.09,14654272
7096,ステムセル研究所,202403,20240514,2481,413,417,310,6543,2692,704,-,41.1,12.42,5.02,10246600
7097,さくらさくプラス,202407,20240912,17212,775,871,607,13638,5268,581,4488,38.6,11.92,4.32,4559200
7102,日本車輌製造,202503,20250428,96340,6935,7297,6416,131164,64648,11810,34546,49.3,10.11,4.8,14675012
7105,三菱ロジスネクスト,202403,20240508,701770,42603,37479,27520,531495,116741,4949,165168,22,28.64,5.47,106780013
7110,クラシコム,202407,20240913,7012,1083,1150,785,5596,4726,100,152,84.5,16.61,14.03,7370400
7111,INEST,202403,20240520,10515,238,179,-149,13230,4882,100,3243,36.9,-3.52,-1.4,109596485
7112,キューブ,202412,20250214,4863,166,170,108,4791,3982,828,-,83.1,2.75,2.32,6114688
7114,フーディソン,202403,20240513,6351,196,196,191,3407,2196,857,469,64.5,9.23,5.95,4595140
7115,アルファパーチェス,202412,20250214,55952,1242,1227,865,18381,6071,580,22,33,15.12,4.87,9705000
7116,ダイワ通信,202403,20240514,5159,364,371,257,3985,2684,100,664,67.4,10.06,6.65,2707000
7119,ハルメクホールディングス,202403,20240515,31415,857,681,476,20114,7555,2074,1900,37.6,6.78,2.2,10999570
7120,SHINKO,202403,20240513,16145,627,634,410,6515,1914,183,-,29.4,23.17,6.32,1834000
7122,近畿車輛,202403,20240513,43154,4306,5008,4373,59557,32501,5252,3500,54.6,14.63,7.6,6908359
7126,グローバルスタイル,202407,20240913,11167,629,656,443,7512,2455,80,2946,32.7,19.61,5.97,3502744
7127,一家ホールディングス,202403,20240515,9232,227,219,78,5380,1033,35,2902,19.2,8.01,1.54,7134800
7128,フルサト・マルカホールディングス,202412,20250214,161716,3860,4659,4613,120821,72339,5000,917,59.9,6.4,3.83,25143642
7129,ミアヘルサホールディングス,202403,20240514,22722,395,374,5,13809,3305,318,4105,23.9,0.15,0.04,2795300
7130,ヤマエグループホールディングス,202403,20240510,712717,13919,14757,8456,407641,90460,9175,106685,22.2,10.92,2.67,27726852
7131,のむら産業,202410,20241213,6612,505,510,339,4113,1897,80,35,46.1,19.19,8.6,1391575
7133,HYUGA_PRIMARY_CARE,202403,20240514,8285,710,716,441,6354,1643,195,2629,25.9,26.84,6.94,7277200
7134,アップガレージグループ,202403,20240513,12557,964,975,639,6193,4015,523,350,64.8,16.93,10.91,7907400
7135,ジャパンクラフトホールディングス,202406,20240808,15393,-1592,-1665,-2091,11289,2966,100,3335,26.3,-52.33,-17.42,37341680
7138,TORICO,202403,20240513,3897,-222,-224,-272,1853,894,188,415,48.2,-26.46,-13.27,1614100
7140,ペットゴー,202403,20240515,9905,247,241,172,3299,1123,451,762,34,16.72,5.4,1878700
7148,FPG,202409,20241031,107781,28633,28909,20457,230619,53207,3095,149621,23.1,42.01,9.88,84543600
7150,島根銀行,202403,20240513,9203,-,531,419,534213,18649,7886,-,3.4,2.35,0.08,8416000
7157,ライフネット生命保険,202403,20240514,25280,-,8251,5734,112417,90871,26617,-,80.8,6.31,5.1,80318340
7161,じもとホールディングス,202403,20240514,37942,-,-22329,-23462,2680825,83394,28733,-,3.1,-29.16,-0.88,26840263
7162,アストマックス,202403,20240515,14855,679,512,445,14293,5427,2013,4289,38,8.37,3.27,13160300
7163,住信SBIネット銀行,202403,20240510,118572,-,34846,24845,10676416,151608,31000,-,1.4,17.55,0.26,150793800
7164,全国保証,202403,20240509,51638,39102,41581,28796,466618,225082,10703,30000,48.2,13.37,6.33,137743580
7167,めぶきフィナンシャルグループ,202403,20240510,310068,52872,63042,43366,21786134,989324,117495,-,4.5,4.58,0.2,987055218
7172,ジャパンインベストメントアドバイザー,202412,20250207,31129,12110,11635,8055,244906,66846,16887,150730,27.3,14.04,3.53,61022353
7173,東京きらぼしフィナンシャルグループ,202503,20250501,160872,-,41652,31361,7094566,371279,27500,-,5.2,8.52,0.44,30650115
7175,今村証券,202503,20250425,4186,986,1018,760,19710,12092,857,-,61.3,6.33,3.65,5320000
7177,GMOフィナンシャルホールディングス,202412,20250204,53269,8926,8433,4745,1394818,48117,705,224638,3.4,10.04,0.38,122091903
7180,九州フィナンシャルグループ,202403,20240513,222551,22572,38438,26394,13521248,716927,36000,-,5.3,3.86,0.2,463375978
7181,かんぽ生命保険,202403,20240515,6744134,-,161173,87056,60855899,3395744,500000,-,5.6,3.02,0.14,383192300
7182,ゆうちょ銀行,202403,20240515,2651706,-,496059,356133,233907990,9666829,3500000,-,4.1,3.69,0.15,3604335520
7183,あんしん保証,202403,20240510,4842,439,551,373,11112,2320,680,500,20.9,16.65,3.62,17976600
7184,富山第一銀行,202403,20240510,38678,6314,9223,5284,1580805,148677,10182,-,9.4,4.01,0.34,64309700
7185,ヒロセ通商,202403,20240514,10713,4256,4255,2925,119070,17470,1084,7600,14.7,17.92,2.63,6858500
7186,コンコルディア・フィナンシャルグループ,202403,20240513,358303,88737,77004,66931,24381712,1278700,150078,-,5.2,5.5,0.27,1144616065
7187,ジェイリース,202403,20240510,13220,2606,2611,1789,11586,4627,717,1240,39.9,44.24,16.77,18032000
7189,西日本フィナンシャルホールディングス,202403,20240508,185595,28584,35609,23576,13483062,574622,50000,-,4.3,4.27,0.18,146391055
7191,イントラスト,202403,20240510,8971,2073,2070,1227,9653,6087,1045,-,63.1,20.16,12.71,22373222
7192,日本モーゲージサービス,202403,20240509,7110,1398,1398,874,21241,8088,1061,8137,38.1,11.21,4.02,14704000
7196,Casa,202501,20250312,12157,1303,1564,602,15774,7516,1624,170,47.6,8.16,3.94,11522500
7198,SBIアルヒ,202403,20240508,20405,2341,2327,1517,191351,42011,3471,96715,22,4.06,0.89,44712170
7199,プレミアグループ,202403,20240426,31546,6195,6241,4608,125274,15311,1700,42333,12.2,32.13,4.06,40540170
7201,日産自動車,202403,20240509,12685716,568718,702161,426649,19855151,5981647,605814,7674143,30.1,7.68,2.28,3713998612
7202,いすゞ自動車,202403,20240514,3386676,293085,313039,176442,3263001,1460696,40644,523856,44.8,12.74,5.59,713526569
7203,トヨタ自動車,202403,20240508,45095325,5352934,6965085,4944933,90114296,34220991,397050,36561780,38,15.81,6.02,15794987460
7205,日野自動車,202503,20250424,1697229,57490,39310,-217753,1478180,178468,72717,407526,12.1,-76.34,-14.8,574580850
7208,カネミツ,202403,20240509,11091,576,671,632,16105,10779,556,1628,66.9,6.15,4.01,5129577
7211,三菱自動車工業,202403,20240508,2789589,190971,209040,154709,2454470,1010214,284382,463946,41.2,17.08,6.65,1460476846
7212,エフテック,202403,20240514,298759,3708,3001,1683,191772,55826,6790,73362,29.1,3.18,0.91,18712244
7213,レシップホールディングス,202403,20240510,22684,3164,3557,2416,19948,6881,1190,2879,34.5,41.77,13.88,15891500
7214,GMB,202403,20240515,96291,1630,1328,408,85114,22846,878,30185,26.8,1.82,0.5,5309991
7215,ファルテック,202403,20240514,81886,2093,1781,-790,69040,16451,2291,23987,23.8,-4.75,-1.14,9378600
7217,テイン,202403,20240515,4865,521,668,468,8456,6372,217,617,75.4,7.69,5.69,5000000
7218,田中精密工業,202403,20240510,42545,3663,3974,2218,42680,22723,500,3810,53.2,10.74,5.41,9763600
7219,エッチ・ケー・エス,202408,20241011,9004,418,476,347,13340,10318,878,758,77.3,3.42,2.6,1600000
7220,武蔵精密工業,202403,20240513,349917,18374,15560,7921,290339,115776,5602,99366,39.9,7.25,2.83,65556761
7222,日産車体,202403,20240509,301071,979,1392,407,258376,174333,7904,-,67.5,0.23,0.16,135452804
7224,新明和工業,202403,20240507,257060,11765,12106,7279,260102,107009,15981,50615,41.1,7.08,2.99,70000000
7226,極東開発工業,202403,20240514,128026,4825,5617,3501,170398,117000,11899,11828,68.7,3.06,2.13,40150000
7228,デイトナ,202412,20250214,14578,1714,1743,1208,10931,8532,412,1041,78.1,15.01,11.36,3604600
7229,ユタカ技研,202403,20240510,216260,11117,12022,7448,185611,100218,1754,3558,54,7.91,3.87,14820000
7231,トピー工業,202403,20240510,333992,10440,10462,4676,298291,139682,20983,74440,46.8,3.6,1.58,24077510
7235,東京ラヂエーター製造,202403,20240513,33401,1397,1548,1681,31628,19942,1317,-,63.1,9.02,5.53,10400000
7236,ティラド,202403,20240513,158659,4350,5339,1245,103087,44890,8570,21871,43.5,2.86,1.26,6592411
7238,曙ブレーキ工業,202403,20240515,166301,3153,3780,3452,150475,52373,19939,48976,34.8,7.21,2.37,273755222
7239,タチエス,202403,20240515,292947,7205,8755,5422,180806,89776,9040,11159,49.7,6.37,3.09,35242846
7240,NOK,202403,20240513,750502,22912,40285,31602,952379,586055,23335,75464,61.5,5.7,3.48,173138537
7241,フタバ産業,202503,20250424,707104,15178,13281,6208,313913,117620,16820,53905,37.5,5.13,1.91,89580827
7242,カヤバ,202403,20240510,442781,22417,21361,15818,476530,217191,27648,89479,45.6,7.91,3.43,50468662
7244,市光工業,202412,20250214,125544,4883,6517,4470,130089,70049,9003,13,53.8,6.67,3.45,96363161
7245,大同メタル工業,202403,20240514,128738,6084,5825,2569,188369,68820,8413,61314,36.5,3.95,1.42,47520253
7246,プレス工業,202403,20240513,197817,12807,13461,8078,191742,107821,8070,7402,56.2,7.76,4.36,100000000
7247,ミクニ,202403,20240510,99941,3672,3161,1115,111536,39715,2215,38844,35.6,3.13,1.05,34049423
7250,太平洋工業,202503,20250425,206129,13676,17273,13221,291424,166595,7316,60941,57.2,7.94,4.53,61312896
7254,ユニバンス,202403,20240513,52771,4374,4537,1773,46362,24664,3500,2314,53.2,7.84,3.97,23396787
7255,桜井製作所,202403,20240513,5539,-263,-113,321,7122,4759,100,1384,66.8,6.83,4.3,4000000
7256,河西工業,202403,20240722,214315,2248,3071,-313,142045,12357,5821,70164,8.7,-2.63,-0.22,39511728
7259,アイシン,202503,20250425,4896104,202941,173440,107586,4284600,1977264,45049,629861,46.1,5.23,2.41,809023902
7261,マツダ,202403,20240510,4827662,250503,320120,207696,3791768,1737585,283957,548664,45.8,13.07,5.89,631803979
7264,ムロコーポレーション,202403,20240514,23655,1446,1950,1317,32431,21679,1095,2718,66.8,6.36,4.35,6546200
7265,エイケン工業,202410,20241206,7284,279,303,217,7429,5803,601,460,78.1,3.78,2.99,1240000
7266,今仙電機製作所,202403,20240513,99730,14,260,-71,81181,50854,7289,4931,62.6,-0.14,-0.09,23475352
7267,本田技研工業,202403,20240510,20428802,1381977,1642384,1107174,29774150,12696995,86067,10163557,42.6,9.27,4.07,5280000000
7269,スズキ,202403,20240513,5374255,465563,488525,267717,5385618,2491014,138370,786181,46.3,11.72,5.37,1964586400
7270,SUBARU,202403,20240513,4702947,468198,532574,385084,4814149,2563204,153795,399500,53.2,16.51,8.79,733057473
7271,安永,202403,20240514,31946,645,567,607,35111,10913,2142,15508,31.1,5.76,1.76,12938639
7272,ヤマハ発動機,202412,20250212,2576179,181515,183175,108069,2783501,1161569,86100,951973,41.7,9.46,4.04,1026354101
7273,イクヨ,202403,20240516,17351,712,708,488,15481,6004,2298,3690,38.8,8.68,3.31,1744400
7276,小糸製作所,202503,20250424,916709,44873,49147,46240,889952,627105,14270,5728,70.5,7.12,4.98,307833172
7277,TBK,202403,20240514,56659,903,841,332,56536,28609,4617,8997,50.6,1.2,0.61,29424635
7278,エクセディ,202503,20250424,309564,21845,20405,12744,303912,180478,8284,56292,59.4,6.39,4.07,48593736
7279,ハイレックスコーポレーション,202410,20241213,308382,365,2727,1973,270260,168962,5657,11133,62.5,1.15,0.72,38216759
7280,ミツバ,202403,20240510,344154,21152,22344,13741,357492,101638,5000,164065,28.4,16.32,4.01,46154016
7282,豊田合成,202503,20250425,1059798,59844,59168,36331,913039,542626,28119,109525,59.4,6.82,3.94,127614147
7283,愛三工業,202503,20250424,337259,18338,19292,13234,300982,135822,10866,56215,45.1,9.78,4.61,63397879
7284,盟和産業,202403,20240514,22394,-422,-448,-305,24765,11016,2167,6111,44.5,-2.76,-1.26,3502859
7287,日本精機,202403,20240515,312355,8484,13929,5300,338632,221537,14494,25190,65.4,2.52,1.53,58471299
7291,日本プラスト,202403,20240510,124255,2811,2920,2478,81934,31057,3206,23498,37.9,8.65,3.03,19410000
7292,村上開明堂,202403,20240513,104601,8336,9316,5887,106814,82980,3165,-,77.7,7.4,5.68,12100000
7294,ヨロズ,202403,20240515,181468,4459,4517,-3926,142257,66072,6200,33261,46.4,-6.05,-2.77,25055636
7296,エフ・シー・シー,202403,20240510,240283,15102,19169,12231,245004,185322,4175,6100,75.6,7.08,5.37,52056530
7297,カーメイト,202403,20240515,15955,219,321,212,20682,14698,1637,1590,71.1,1.45,1.02,7928885
7299,フジオーゼックス,202403,20240508,23382,1626,1928,1931,36528,29625,3018,1652,81.1,6.77,5.46,10279750
7305,新家工業,202403,20240514,44556,2053,2558,1691,58187,35597,3940,5818,61.2,5.01,3.01,6045326
7309,シマノ,202412,20250212,450993,65085,98674,76329,958953,882398,35613,-,92,9.07,8.34,89120000
7313,テイ・エステック,202403,20240510,441713,17507,21746,10214,446214,326932,4700,-,73.3,3.26,2.37,136000000
7314,小田原機器,202412,20250213,6110,390,382,293,9851,4139,349,3711,42,7.25,3.34,3180300
7317,松屋アールアンドディ,202403,20240515,8433,1283,1307,953,9922,5193,21,2654,52.3,21.25,10.21,21342800
7318,セレンディップ・ホールディングス,202403,20240508,19787,477,595,518,20268,6142,1132,6959,30.3,9.75,2.84,4751365
7320,Solvvy,202406,20240809,5359,1240,1512,973,24593,3005,212,2498,12.2,39.31,4.35,5998627
7322,三十三フィナンシャルグループ,202403,20240509,67848,-,9755,6904,4434950,213107,10000,-,4.8,3.39,0.16,26167585
7325,アイリックコーポレーション,202406,20240826,7921,495,538,351,5185,3632,1354,90,70,9.73,7.25,8708000
7326,SBIインシュアランスグループ,202403,20240509,109339,-,8236,1450,210265,39885,8375,-,19,3.69,0.72,24820530
7327,第四北越フィナンシャルグループ,202403,20240510,182058,33342,30868,21203,11137853,499357,30000,-,4.4,4.64,0.2,91885956
7337,ひろぎんホールディングス,202403,20240513,186071,-,34151,27691,12790381,534981,60000,-,4.2,5.36,0.23,308775621
7343,ブロードマインド,202403,20240514,5221,722,755,447,5025,3903,626,3,77.7,12,9.26,5886816
7345,アイ・パートナーズフィナンシャル,202403,20240515,3733,13,13,7,1083,634,332,-,58.5,1.1,0.67,3532400
7347,マーキュリアホールディングス,202412,20250213,5566,975,1156,505,21053,17508,4073,-,83.2,2.92,2.48,21549900
7350,おきなわフィナンシャルグループ,202403,20240510,53573,8701,8833,6262,2933921,156856,20000,-,5.3,4.04,0.22,23016564
7351,グッドパッチ,202408,20241015,3942,34,46,11,4676,3851,1772,400,82.4,0.28,0.24,9221020
7352,TWOSTONE＆Sons,202408,20241015,14290,474,445,188,7101,2877,1038,1969,40.5,9.97,3.36,43493360
7353,KIYOラーニング,202412,20250213,4467,212,216,209,4361,1298,805,450,29.8,17.55,5.03,6842500
7354,ダイレクトマーケティングミックス,202412,20250214,20952,1433,1391,834,24968,13756,2232,5770,55.1,6.21,3.26,47614836
7356,Retty,202409,20241112,1562,-91,-94,-79,1067,313,33,595,29.3,-22.41,-6.76,14981674
7357,ジオコード,202502,20250414,1582,-25,27,16,1838,1171,363,146,63.7,1.34,0.85,2783100
7358,ポピンズ,202412,20250213,31690,1574,1594,776,16714,8506,2095,3980,50.9,9.34,4.95,10177300
7359,東京通信グループ,202412,20250213,5861,-230,-211,-413,3751,535,613,1740,14.3,-55.7,-9.47,10074072
7360,オンデック,202411,20250110,1665,367,367,239,1680,1104,372,45,65.7,24.28,17.68,2863500
7361,ヒューマンクリエイションホールディングス,202409,20241114,7165,631,629,404,2977,1333,193,375,44.8,33.88,13.6,3573100
7362,T.S.I,202412,20250214,4707,132,173,113,4799,1310,378,2806,27.3,9.04,2.54,1533100
7363,ベビーカレンダー,202412,20250214,1528,50,47,17,1558,704,285,483,45.2,2.41,1.32,941700
7366,LITALICO,202403,20240507,29792,3715,4706,3545,25311,10427,501,6908,41.2,40.35,16.04,35711612
7367,セルム,202403,20240514,7504,1037,1006,631,4869,3039,1026,561,62.4,19.98,12.79,25838000
7368,表示灯,202403,20240515,10143,742,795,401,13950,7419,923,-,53.2,5.45,2.89,4720245
7369,メイホーホールディングス,202406,20240813,10348,146,88,-87,7612,2020,446,3133,26.5,-4.2,-1.48,4696800
7370,Enjin,202405,20240712,3267,1045,1078,749,5054,4350,904,-,86.1,17.22,14.82,7280200
7371,Zenken,202406,20240809,5627,349,390,243,14287,12233,438,553,85.6,1.98,1.7,12317100
7372,デコルテ・ホールディングス,202409,20241105,5589,219,123,106,12778,4831,155,2497,37.8,2.21,0.8,5670000
7373,アイドマ・ホールディングス,202408,20241011,10618,2468,2468,1425,10083,6724,1075,419,66.7,23.7,14.88,15308440
7374,コンフィデンス・インターワークス,202403,20240510,7488,1195,1142,725,7184,5940,520,11,82.7,18.23,14.39,6708777
7375,リファインバースグループ,202406,20240814,3852,32,6,4,3365,66,162,2483,2,6.61,0.11,3348421
7376,BCC,202409,20241114,1385,-17,5,-5,909,641,173,39,70.5,-0.78,-0.55,1119740
7377,DNホールディングス,202406,20240809,34131,1948,1988,1557,24045,13470,2000,1977,56,12.3,6.91,8420000
7378,アシロ,202410,20241213,4798,328,318,142,4061,2278,610,492,56.1,6.32,3.65,7380568
7379,サーキュレーション,202407,20240913,7661,266,271,176,3435,2618,877,-,76.2,6.61,4.9,8454700
7380,十六フィナンシャルグループ,202403,20240509,128835,-,27908,19318,7535038,446671,36000,-,5.9,4.62,0.26,37924134
7381,北國フィナンシャルホールディングス,202503,20250430,89576,10281,12298,8120,6393070,212020,10000,-,3.3,3.56,0.13,23408582
7383,ネットプロテクションズホールディングス,202403,20240515,20313,-627,-820,-828,60279,17704,4134,8405,29.4,-4.59,-1.43,99306627
7384,プロクレアホールディングス,202403,20240514,76847,-,4094,2817,5972529,167348,20000,-,2.8,1.6,0.05,28658957
7386,ジャパンワランティサポート,202409,20241108,1984,815,871,597,11686,2772,231,-,23.7,24.44,5.26,2493400
7388,FPパートナー,202411,20250114,35617,5330,5493,3903,18525,11827,1921,590,63.8,31.9,20.72,23001900
7389,あいちフィナンシャルグループ,202403,20240514,88687,-,12584,8295,6831438,379068,20026,-,5.5,2.38,0.12,49124671
7399,ナンシン,202403,20240510,8915,199,246,155,15784,11476,1696,1750,72.7,1.35,0.97,7708000
7408,ジャムコ,202403,20240510,63999,2383,999,1710,108216,15071,5359,53947,13.9,12.17,1.64,26863974
7409,AeroEdge,202406,20240814,3350,705,842,698,7236,3090,482,2768,42.7,29.65,10.72,3842379
7412,アトム,202403,20240509,36947,-65,9,-1470,20318,6763,100,5780,33.3,-19.63,-6.86,193559297
7413,創健社,202403,20240517,4883,24,27,7,3023,1111,920,798,36.8,0.64,0.24,705500
7414,小野建,202403,20240515,281933,8219,8342,5761,208502,94733,6842,46764,45.4,6.25,2.9,25123913
7416,はるやまホールディングス,202403,20240515,35915,927,1256,405,47290,23944,3991,10221,50.6,1.7,0.84,16485078
7417,南陽,202403,20240510,37991,2785,3036,1991,42886,24692,1181,1001,57.6,8.4,4.74,13230140
7419,ノジマ,202403,20240507,761301,30560,32937,19979,547142,174191,6330,25696,31.8,12.08,3.62,102579232
7420,佐鳥電機,202405,20240712,148113,4755,3653,2156,83494,33441,2611,19326,40.1,6.42,2.61,17946826
7421,カッパ・クリエイト,202403,20240509,72196,1693,1716,1396,30191,10032,100,7460,33.2,14.97,4.72,49414578
7422,東邦レマック,202412,20250131,4757,6,102,124,6105,4669,961,800,76.5,2.72,2.06,5120700
7425,初穂商事,202412,20250214,34827,1288,1501,974,21872,9460,885,1268,43.3,10.76,4.37,3480660
7426,山大,202403,20240513,4480,-147,-124,-152,6059,3622,1103,1109,59.8,-4.1,-2.44,1187368
7427,エコートレーディング,202502,20250411,106388,1359,1369,1001,34065,11461,2012,3250,33.6,9.07,2.96,6075546
7433,伯東,202503,20250430,183133,7913,7321,5131,130376,65546,8100,34816,50.3,7.81,3.83,21137213
7434,オータケ,202405,20240712,31253,916,1117,774,24526,14923,1312,90,60.8,5.36,3.24,4284500
7435,ナ・デックス,202404,20240611,34388,961,1215,813,31287,19309,1028,1407,61.7,4.27,2.65,9063200
7438,コンドーテック,202403,20240514,76873,4673,4872,3265,60975,33898,2666,4314,55.6,10.02,5.48,26344400
7442,中山福,202403,20240510,38593,-470,-131,14,32889,22425,1706,3343,68.2,0.06,0.04,20214480
7443,横浜魚類,202403,20240510,19925,122,180,162,5586,2355,829,667,42.2,7.16,2.93,6290000
7444,ハリマ共和物産,202403,20240514,61583,1823,2051,1406,33139,24131,719,320,72.8,6.07,4.36,5441568
7445,ライトオン,202408,20241008,38808,-5000,-5166,-12142,15300,251,6195,2441,1.6,-190.58,-57.41,35540591
7446,東北化学薬品,202409,20241114,32155,353,407,237,17239,7419,820,212,43,3.25,1.31,960000
7447,ナガイレーベン,202408,20241001,16412,4004,4074,2822,46727,42697,1925,-,91.4,6.57,6,35736000
7450,サンデー,202502,20250411,46587,-303,-262,-2118,32869,9176,3246,13114,27.9,-20.52,-6.22,10783700
7451,三菱食品,202403,20240509,2076381,29528,31407,22582,794250,203836,10630,-,25.7,11.69,3.01,43537200
7453,良品計画,202408,20241011,661677,56135,55777,41566,509551,292813,6766,45446,57.5,14.94,8.63,280780000
7455,パリミキホールディングス,202403,20240513,49912,1928,2592,1690,40021,29306,5901,1742,73.2,5.94,4.37,56127974
7456,松田産業,202403,20240513,360527,9356,10551,7286,148937,91115,3559,28582,61.2,8.3,5.24,26908581
7458,第一興商,202403,20240513,146746,18601,19561,12568,211386,107582,12350,64418,50.9,11.74,6.28,109468400
7459,メディパルホールディングス,202403,20240514,3558732,47330,64570,41474,1799127,600349,22398,-,33.4,7.14,2.37,219226042
7460,ヤギ,202403,20240510,82846,3181,3205,2075,74067,40040,1088,12340,54.1,5.44,2.82,9140000
7461,キムラ,202403,20240513,33993,1814,1983,1031,26909,15328,793,3880,57,6.95,3.89,15180000
7462,CAPITA,202403,20240514,3044,52,40,22,3004,1506,90,969,50.1,1.47,0.79,4111000
7463,アドヴァングループ,202503,20250408,18518,3150,8761,6012,80292,53863,12500,22049,67.1,11.62,7.56,45312692
7464,セフテック,202403,20240509,10123,535,547,346,12416,7129,886,2530,57.4,4.88,2.8,2000000
7466,SPK,202403,20240507,63302,3145,3357,2392,38641,24483,898,4331,63.4,10.25,6.55,10453800
7467,萩原電気ホールディングス,202403,20240514,225150,7711,7221,4421,119706,48218,6099,32373,40.3,9.87,3.91,10118000
7472,鳥羽洋行,202403,20240510,28449,1514,1618,1074,32124,20477,1148,266,63.7,5.33,3.51,4700000
7475,アルビス,202503,20250430,98185,2063,2605,1622,52890,32322,4908,6569,61.1,5.09,3.16,9255926
7476,アズワン,202403,20240514,95536,10435,10825,7500,95832,64543,5075,3601,67.4,11.68,7.76,79752540
7477,ムラキ,202403,20240514,7409,192,215,198,3947,2638,100,-,66.8,7.8,5.07,1470000
7480,スズデン,202403,20240507,50929,2786,3091,2091,28300,18467,1819,1073,65.3,11.28,6.78,14652600
7481,尾家産業,202403,20240510,111375,3243,3265,3055,35411,12694,1305,324,35.8,24.07,8.63,9255000
7482,シモジマ,202403,20240513,57794,3262,3623,2372,43407,34690,1405,44,79.9,7.05,5.69,23647826
7483,ドウシシャ,202403,20240509,105824,7926,8412,5784,102701,82285,4993,6600,80.1,7.22,5.76,37375636
7486,サンリン,202403,20240510,32042,613,940,700,27770,19603,1512,3036,70.6,3.64,2.57,12300000
7487,小津産業,202405,20240711,10125,528,704,546,24736,18130,1322,2570,73.3,3.02,2.21,8435225
7490,日新商事,202403,20240510,38732,506,752,297,38282,21659,3624,10026,56.6,1.43,0.81,7600000
7494,コナカ,202409,20241114,62217,-1348,-1159,-3062,44458,16234,5305,15396,36.5,-17.4,-6.44,35322490
7500,西川計測,202406,20240809,36417,3465,3588,2528,31587,18275,569,-,57.9,15.11,8.62,3432475
7501,ティムコ,202411,20250117,3212,-30,-24,-109,5536,4526,1079,-,81.8,-2.37,-1.93,3339995
7502,プラザホールディングス,202403,20240515,17638,218,257,58,11027,2246,100,6112,20.4,2.55,0.51,2439433
7504,高速,202403,20240510,106216,4227,4528,3114,61498,36900,1724,-,60,8.75,5.31,20990920
7505,扶桑電通,202409,20241111,46778,1865,2059,1428,29674,12528,1083,300,42.2,12.09,5.02,6960980
7506,ハウスオブローゼ,202403,20240514,11989,367,373,122,8669,5730,934,-,66.1,2.13,1.39,4703063
7508,G-7ホールディングス,202403,20240513,192992,6920,7318,5175,61872,29973,1785,9170,48.4,18.24,8.69,44071454
7509,アイエーグループ,202403,20240510,35664,1844,1955,1342,27780,14521,1314,5182,52.3,9.63,4.84,1645360
7510,たけびし,202503,20250430,100965,3426,3761,2659,63692,40821,3428,1495,64.1,6.66,4.13,16006200
7512,イオン北海道,202502,20250411,377481,7892,8020,3606,187262,72975,6100,46200,39,4.99,2.1,139420284
7513,コジマ,202408,20241010,269868,6359,6627,4001,114660,66360,25975,7229,57.9,6.15,3.57,77912716
7514,ヒマラヤ,202408,20241011,58512,307,432,206,34743,16478,2544,5145,47.4,1.25,0.59,12320787
7515,マルヨシセンター,202502,20250414,41738,132,145,13,16199,2996,1077,7622,18.5,0.43,0.08,934999
7516,コーナン商事,202502,20250411,501403,25001,23306,14210,479006,165792,17658,167052,34.6,8.8,3.03,34682113
7520,エコス,202502,20250411,137176,6020,6285,4131,57703,26864,3318,12748,46.6,16.48,7.52,11648917
7521,ムサシ,202403,20240517,33140,1077,1123,767,45031,30198,1208,3516,67.1,2.6,1.73,7950000
7522,ワタミ,202403,20240513,82302,3753,5974,4190,64152,21885,4910,25159,34.1,21.19,6.91,42684880
7523,アールビバン,202403,20240515,11006,2364,2919,1766,34234,15888,1843,10516,46.4,11.29,5.26,9107516
7524,マルシェ,202403,20240513,4675,91,95,34,3828,394,100,2214,10.3,14.91,0.91,8550400
7525,リックス,202403,20240515,49752,3544,3934,2779,41117,23584,827,1697,57.4,12.39,7.07,8640000
7527,システムソフト,202409,20241114,2310,-415,-499,-1531,5260,4337,1706,230,82.5,-30.36,-25.51,84834140
7531,清和中央ホールディングス,202412,20250214,51471,-99,18,-101,37443,15706,767,300,41.9,-0.64,-0.26,3945100
7532,パン・パシフィック・インターナショナルホールディングス,202406,20240816,2095077,140193,148709,88701,1498410,536495,23538,464997,35.8,17.92,5.95,635206140
7537,丸文,202403,20240510,236490,12984,5627,3401,174120,50697,6214,64507,29.1,6.91,1.94,28051200
7538,大水,202403,20240513,98460,830,998,1009,24745,10042,100,2900,40.6,11.04,4.27,13774819
7539,アイナボホールディングス,202409,20241113,89782,2171,2477,1268,44961,24863,896,346,55.3,5.17,2.85,23295640
7544,スリーエフ,202502,20250410,13916,997,1003,289,5113,3851,100,-,75.3,7.72,5.72,7707095
7545,西松屋チェーン,202502,20250402,185974,12180,12651,8195,148947,90843,2523,-,61,9.34,5.66,69588856
7550,ゼンショーホールディングス,202403,20240514,965778,53707,50913,30693,748056,214385,47497,283646,28.7,18.6,5.04,160733225
7551,ウェッズ,202403,20240510,34781,1982,2381,1506,24960,16154,852,1598,64.7,9.64,6.16,16118166
7552,ハピネット,202403,20240513,350461,8679,8974,6581,113415,50897,2751,-,44.9,13.77,6.34,24050000
7554,幸楽苑,202403,20240513,26800,33,-106,94,10467,1698,3328,3665,16.2,7.42,0.88,20832441
7555,大田花き,202403,20240510,4144,220,283,182,9237,5040,551,691,54.6,3.65,2.02,5500000
7559,ジーエフシー,202403,20240515,21919,850,869,599,20140,16935,100,725,84.1,3.59,3.04,5769040
7561,ハークスレイ,202403,20240515,46761,2436,2588,1601,64398,24153,4036,26692,37.5,6.85,2.61,19050064
7562,安楽亭,202403,20240514,30260,1464,1307,967,22232,6836,3790,9398,30.7,16.88,4.57,2311434
7564,ワークマン,202403,20240507,132651,23142,23666,15986,148362,125428,1622,1350,84.5,13.34,11.25,81846816
7565,萬世電機,202403,20240507,26151,1484,1530,1071,23958,13544,1005,300,56.5,8.28,4.73,1636200
7567,栄電子,202403,20240514,8366,319,341,230,7549,4561,500,500,60.4,5.29,3.07,5090000
7570,橋本総業ホールディングス,202403,20240510,155633,2309,3366,2609,79996,31172,542,9389,39,8.8,3.43,21293052
7571,ヤマノホールディングス,202403,20240515,13837,100,102,-28,8647,1223,10,3215,14.1,-2.19,-0.31,35830058
7575,日本ライフライン,202403,20240501,51384,10892,10581,7515,73509,58102,2115,4036,79,13.15,10.15,75758470
7578,ニチリョク,202403,20240510,2852,284,220,279,8067,4856,1865,2432,60.2,5.94,3.29,17393505
7581,サイゼリヤ,202408,20241009,224542,14863,15585,8149,168136,110317,8612,6000,65.6,7.8,5.04,52272342
7585,かんなん丸,202406,20240814,1649,-180,-172,-206,1782,649,50,787,36.4,-27.41,-11.9,4351308
7590,タカショー,202501,20250303,19890,-150,83,-242,23814,12617,3043,5288,53,-1.94,-1.03,17590114
7593,VTホールディングス,202403,20240515,311604,12008,11458,6697,272883,72851,4862,71281,26.7,9.75,2.66,122581034
7595,アルゴグラフィックス,202403,20240510,59511,9173,9686,6520,75053,50120,1873,-,66.8,14.18,9.28,22354000
7596,魚力,202403,20240507,36344,1582,2039,1361,21398,17239,1563,-,80.6,8.11,6.63,14620000
7599,IDOM,202502,20250411,496678,19890,19115,13447,220041,79424,4157,79277,36.1,18.12,6.66,106888000
7600,日本エム・ディ・エム,202503,20250430,25114,1555,1488,-461,33667,24679,3001,3251,73.3,-1.84,-1.42,26475880
7601,ポプラ,202502,20250411,12028,408,412,376,3780,780,30,194,20.6,59.82,9.91,11787822
7602,レダックス,202403,20240515,19072,98,149,73,7257,4814,2820,350,66.3,1.53,1.04,24106009
7603,マックハウス,202502,20250411,13119,-1213,-1161,-1472,7303,1234,100,900,16.9,-74.7,-18.78,15877638
7604,梅の花グループ,202404,20240614,29816,819,739,1020,25036,3262,100,16855,13,35.37,4.05,9029200
7605,フジ・コーポレーション,202410,20241213,46142,5479,5632,4051,37019,26220,1236,-,70.8,15.98,11.46,18405400
7606,ユナイテッドアローズ,202403,20240508,134269,6740,7486,4876,60204,35030,3030,202,58.2,14.19,8.03,30213676
7607,進和,202408,20241015,77845,3559,3901,2729,65600,41475,951,-,63.2,6.77,4.38,14415319
7608,エスケイジャパン,202502,20250414,13274,1229,1261,929,6772,5576,461,-,82.3,17.98,14.57,8490103
7609,ダイトロン,202412,20250206,93542,6200,6335,4382,73153,32982,2200,348,45.1,14.04,6.22,10633349
7610,テイツー,202502,20250414,36477,911,919,501,13380,6147,100,3720,45.9,8.38,3.89,68664338
7611,ハイデイ日高,202502,20250411,55629,5514,5652,4092,34439,25861,1625,-,75.1,16.06,12.09,38147116
7613,シークス,202412,20250214,302314,8559,8288,3754,217484,100437,2144,52865,46.2,3.96,1.73,50400000
7614,オーエムツーネットワーク,202501,20250314,32778,1474,1675,1098,22062,17237,466,507,78.1,6.52,5.2,7335634
7615,京都きもの友禅ホールディングス,202403,20240513,7022,-1039,-1055,-1342,8914,2710,100,1300,30.4,-39.35,-13.55,15298200
7616,コロワイド,202403,20240509,241284,7117,6498,2905,265115,44954,27905,121991,17,6.62,1.1,106453541
7619,田中商事,202403,20240510,41776,1601,1610,1177,31096,14188,1073,4432,45.6,8.48,4.01,8832000
7621,うかい,202403,20240517,13326,890,866,870,10760,4698,100,2963,43.7,20.24,7.9,5611540
7623,サンオータス,202404,20240617,16634,246,265,261,11747,3360,100,5467,28.6,8.03,2.31,3230500
7624,NaITO,202502,20250327,43555,464,502,314,17226,12911,2291,73,75,2.44,1.79,54789510
7625,グローバルダイニング,202412,20250212,11788,753,751,514,10234,5307,46,2359,51.9,10.41,5.47,10420800
7628,オーハシテクニカ,202403,20240514,39212,1641,1992,1006,46522,36808,1825,-,79.1,2.8,2.23,13190960
7630,壱番屋,202502,20250404,61006,4925,5194,3171,46585,32053,1503,79,68.8,10.07,7,159630000
7634,星医療酸器,202403,20240515,14778,1961,2038,1393,23037,17087,436,-,74.2,8.58,6.29,3420000
7635,杉田エース,202403,20240515,73746,1074,1185,718,38801,11406,697,4475,29.4,6.45,1.84,5374000
7636,ハンズマン,202406,20240809,34121,869,1092,789,26192,17864,1057,3934,68.2,4.46,3,14509800
7637,白銅,202403,20240510,57253,2523,2847,1916,42015,22481,1000,-,53.5,8.77,4.5,11343300
7638,NEW_ARTホールディングス,202403,20240513,21099,2864,2915,1085,21991,8663,2617,6959,39.4,12.13,4.89,17386204
7640,トップカルチャー,202410,20241212,18414,-501,-577,-717,15780,1586,100,6694,10.1,-35.34,-4.34,16214400
7643,ダイイチ,202409,20241114,52391,1914,1958,1424,26200,16849,1639,97,64.3,8.71,5.73,11438640
7646,PLANT,202409,20241024,98585,2128,2249,365,38385,14388,1425,6000,37.5,2.43,0.92,7729720
7649,スギホールディングス,202502,20250410,878021,42563,41993,25689,495116,250704,15434,45352,50.6,10.61,5.8,189992514
7670,オーウエル,202403,20240514,71049,930,1212,1526,48425,20847,857,4626,43.1,7.63,3.25,10500000
7673,ダイコー通産,202405,20240710,17222,885,896,602,16027,7855,583,763,49,7.84,4,5332780
7674,NATTY_SWANKYホールディングス,202501,20250314,7196,2,-12,-268,4108,2271,1163,913,55.3,-11.09,-6.17,2446960
7677,ヤシマキザイ,202403,20240515,27729,364,490,392,25066,9779,99,-,39,4.14,1.67,2880000
7678,あさくま,202501,20250313,8350,179,184,567,4355,3070,91,79,70.5,20.35,14.18,5385020
7679,薬王堂ホールディングス,202502,20250407,151957,5481,5778,4275,79976,37065,100,14171,46.3,12.15,5.67,19740219
7681,レオクラン,202409,20241114,19804,178,181,136,10659,5570,542,-,52.3,2.44,1.07,5904000
7682,浜木綿,202407,20240910,5774,219,224,116,4272,1523,669,1580,35.7,7.9,2.85,2164170
7683,ダブルエー,202501,20250317,22800,1670,1587,996,13134,10749,1654,-,81.8,9.63,7.81,19076640
7685,BuySell_Technologies,202412,20250214,59973,4733,4198,2411,46376,12163,902,26919,26.2,23.43,7.12,29256200
7686,カクヤスグループ,202403,20240515,129406,2867,2878,1595,33953,4116,64,8613,12.1,46.03,4.76,29018700
7687,ミクリード,202403,20240515,5936,322,322,222,2066,1182,93,-,57.2,20.33,11.84,6594000
7689,コパ・コーポレーション,202502,20250414,2052,-281,-278,-437,1272,1039,401,-,81.7,-34.74,-29.95,2963000
7692,アースインフィニティ,202407,20240913,5000,277,235,150,2366,887,144,885,37.5,17.19,6.06,110131200
7694,いつも,202403,20240514,13861,320,302,258,7421,2447,748,2902,33,11.11,3.68,5937952
7695,交換できるくん,202403,20240515,7565,328,335,230,3186,1278,268,572,40.1,19.78,8.52,2375100
7698,アイスコ,202403,20240513,50498,452,497,318,16756,3430,372,2822,20.5,9.64,1.99,3905900
7699,オムニ・プラス・システム・リミテッド（外国株）,-,-,-,-,-,-,-,-,-,-,-,-,-,-
7701,島津製作所,202403,20240510,511895,72753,76895,57037,673962,492331,26648,1618,73.1,12.46,8.82,296070227
7702,JMS,202403,20240514,65292,-268,145,-36,84709,40573,7411,25429,47.9,-0.09,-0.05,24733466
7707,プレシジョン・システム・サイエンス,202406,20240814,3979,-956,-1010,-1121,6396,4142,100,1365,64.8,-23.94,-13.88,27666900
7709,クボテック,202403,20240515,1306,-216,-219,-273,2353,435,1951,483,18.5,-47.27,-13.88,13830000
7711,助川電気工業,202409,20241107,4964,916,916,637,7038,4219,921,1110,59.9,16.46,9.52,5870000
7713,シグマ光機,202405,20240711,11213,1178,1349,687,20945,17048,2623,434,81.4,4.13,3.3,7552628
7715,長野計器,202403,20240510,67935,7150,7390,5409,72368,39766,4380,11257,54.9,14.97,8,19432984
7716,ナカニシ,202412,20250212,77041,14596,17283,8577,158299,120824,867,18727,76.3,7.34,5.74,93418200
7717,ブイ・テクノロジー,202403,20240513,37335,846,1112,778,75606,34372,2847,20425,45.5,2.29,1.06,10057600
7718,スター精密,202412,20250212,64994,4021,4515,1855,92784,74039,12721,2008,79.8,2.41,1.99,32373034
7719,東京衡機,202502,20250414,3483,25,36,62,3773,1572,500,829,41.7,4.02,1.67,7133791
7721,東京計器,202403,20240510,47166,2768,2990,2277,66978,36849,7218,14762,55,6.53,3.68,17076439
7722,国際計測器,202403,20240515,10239,-612,-153,-258,20517,10738,1023,4014,52.3,-2.37,-1.26,14200000
7723,愛知時計電機,202403,20240510,51225,3617,4265,3174,61399,44154,3218,858,71.9,7.69,5.39,15420000
7725,インターアクション,202405,20240712,7754,1577,1637,1132,13653,11044,1760,805,80.9,10.69,8.62,11510200
7726,黒田精工,202403,20240513,18504,583,844,498,25884,11509,1930,5412,44.5,4.52,1.94,5719934
7727,オーバル,202403,20240515,14347,1475,1572,1102,23451,14912,2200,1817,63.6,7.66,4.81,26180000
7729,東京精密,202403,20240510,134680,25307,26453,19378,225524,156561,11450,24300,69.4,12.88,8.92,42170081
7730,マニー,202408,20241007,28513,8392,8464,6286,57177,52330,1087,-,91.5,12.31,11.21,107003277
7731,ニコン,202403,20240509,717245,39776,42669,32570,1147110,683794,65476,166705,59.6,5.02,2.96,333585686
7732,トプコン,202403,20240510,216497,11204,8857,4940,247029,108301,16837,68708,43.8,4.85,2.17,108382642
7733,オリンパス,202403,20240510,936210,43598,35854,242566,1534216,757186,124643,299616,49.4,34.72,15.95,1139116300
7734,理研計器,202403,20240510,45581,11476,12272,8378,88591,72453,2565,1845,81.8,12.34,9.95,47322000
7735,SCREENホールディングス,202403,20240509,504916,94164,94279,70579,676808,371867,54044,3771,54.9,21.01,11.39,101589732
7739,キヤノン電子,202412,20250129,100656,10397,9877,7655,141891,121571,4969,-,85.7,6.51,5.61,42206540
7740,タムロン,202412,20250207,88475,19201,19304,14526,102184,82333,6923,2221,80.6,18.98,15.35,46000000
7741,HOYA,202503,20250501,866032,244984,259965,202101,1234278,974023,6264,37283,78.9,20.82,16.58,345859220
7743,シード,202403,20240513,32396,2050,2059,1964,49574,17357,3532,18391,35,13.44,4.38,30265922
7744,ノーリツ鋼機,202412,20250214,106539,20507,20437,16120,299368,222247,7025,33823,74.2,7.54,5.57,36190872
7745,A＆Dホロンホールディングス,202403,20240514,61955,7955,8240,5299,71986,37673,6388,16788,52.3,15.1,7.49,27845208
7746,岡本硝子,202403,20240514,4583,61,146,101,7987,1693,2495,5187,21.2,6.26,1.3,23305543
7747,朝日インテック,202406,20240814,107547,22135,21968,15808,191614,151217,18860,6702,78.9,11.15,8.68,271633600
7749,メディキット,202403,20240515,21850,4677,4781,3069,50999,44128,1241,-,86.5,6.71,5.89,15880000
7751,キヤノン,202412,20250130,4509821,279754,301161,160025,5766246,3380273,174762,523405,58.6,4.75,2.86,1333763464
7752,リコー,202403,20240507,2348987,62023,68202,44176,2286175,1038722,135364,349566,45.4,4.48,1.99,569733178
7760,IMV,202409,20241107,15340,1847,1853,1428,19284,10217,464,3360,53,14.68,7.81,16957016
7762,シチズン時計,202403,20240513,312830,25068,30810,22958,415445,247659,32648,62510,59.6,9.73,5.7,246000000
7769,リズム,202403,20240514,32602,730,1259,477,43573,31145,12372,5560,71.5,1.59,1.15,8385093
7771,日本精密,202403,20240515,6728,252,448,390,5794,1470,2018,3094,25.4,28.56,7.03,22238299
7774,ジャパン・ティッシュエンジニアリング,202503,20250430,2455,-238,-234,-255,6512,5825,4958,-,89.5,-4.28,-3.78,40610200
7775,大研医器,202403,20240515,9750,1442,1450,988,11006,6990,495,2092,63.5,14.56,8.97,31840000
7776,セルシード,202412,20250213,193,-846,-847,-859,2433,2153,2819,142,88.5,-40,-35.08,34666419
7777,スリー・ディー・マトリックス,202404,20240613,4588,-2117,140,-255,5886,-135,13818,4173,-,-933.08,-4.35,110293406
7779,CYBERDYNE,202403,20240515,4354,-2018,-1141,-1476,49999,40752,10,106,81.5,-3.56,-2.95,137445809
7780,メニコン,202403,20240514,116192,8951,8225,4538,179812,79346,5521,65523,44.1,5.98,2.73,76645888
7781,平山ホールディングス,202406,20240814,35292,1119,1166,757,12294,4463,558,1585,36.3,17.92,6.76,8149200
7782,シンシア,202412,20250214,6539,484,468,301,5496,2697,273,2049,49.1,11.79,5.52,6862200
7791,ドリームベッド,202403,20240510,9708,191,307,254,10761,4221,785,3793,39.2,6.14,2.49,4152820
7792,コラントッテ,202409,20241108,5944,1500,1495,1024,5432,4110,488,-,75.7,27.77,19.86,9063300
7793,イメージ・マジック,202412,20250214,7767,439,449,258,3022,1808,309,249,59.8,15.44,9.04,2388375
7794,イーディーピー,202403,20240510,757,-213,-97,-111,5337,4850,1499,232,90.9,-2.27,-1.96,14377600
7795,KYORITSU,202403,20240515,40022,1644,1520,907,42807,16997,3393,12419,39.7,5.48,2.12,49235000
7800,アミファ,202409,20241114,8602,-298,-286,-283,3809,1883,37,799,49.4,-13.24,-6.89,3235000
7803,ブシロード,202406,20240813,46262,882,1898,804,50605,22116,5773,15297,43.7,3.68,1.66,71496550
7804,ビーアンドピー,202410,20241209,3536,550,551,391,4136,3426,288,-,82.8,11.95,9.87,2305800
7805,プリントネット,202408,20241011,9306,448,456,210,7166,3778,815,1821,52.7,5.67,2.88,5460400
7806,MTG,202409,20241111,71865,3277,3676,2279,58484,44459,16781,-,76,5.28,4.04,40104008
7807,幸和製作所,202502,20250414,6368,797,827,616,4888,2919,61,354,59.7,23.11,12.7,5025970
7808,シー・エス・ランバー,202405,20240716,21132,2174,2082,1435,23532,10287,536,8132,43.7,14.89,6.25,1850100
7809,壽屋,202406,20240814,16379,1656,1600,1103,12034,7215,459,3065,60,16.26,9.37,8512200
7810,クロスフォー,202407,20240913,3413,-16,-6,28,5218,1790,712,3190,34.3,1.57,0.53,17845000
7811,中本パックス,202502,20250410,49132,2871,2908,2010,39974,19315,1057,8009,48.3,10.9,5.12,8920791
7812,クレステック,202406,20240814,19066,1180,1290,910,19768,8178,215,6339,41.4,12.1,4.76,3248900
7813,プラッツ,202406,20240808,6387,37,187,65,6274,3194,582,2005,50.9,2.05,1.06,3726000
7814,日本創発グループ,202412,20250214,80100,4351,4198,2871,75103,15360,100,42975,20.5,18.65,3.81,51000000
7815,東京ボード工業,202403,20240524,7135,-939,-891,-957,11820,1242,221,7452,10.5,-55.64,-7.78,3660369
7817,パラマウントベッドホールディングス,202403,20240513,106016,13818,15920,10622,180020,136016,4207,-,75.6,8.03,6.03,57598692
7818,トランザクション,202408,20241015,25047,5233,5625,3763,22320,18148,93,767,81.3,21.89,17.54,29375400
7819,粧美堂,202409,20241112,20919,1010,967,773,14427,6575,545,4708,45.6,12.1,5.22,13410000
7820,ニホンフラッシュ,202403,20240515,25899,1499,1909,1329,44951,31595,1117,2096,70.3,4.2,3,25060000
7821,前田工繊,202406,20240809,55833,10736,11236,7979,80243,62454,6422,1034,77.8,15.08,10.29,68080612
7822,永大産業,202403,20240513,71665,368,321,3219,96118,44519,3285,21950,46.3,7.56,3.4,46783800
7823,アートネイチャー,202403,20240515,42850,2654,2724,1462,49851,26583,3667,-,53.3,5.6,2.99,34393200
7826,フルヤ金属,202406,20240807,47527,9813,10690,7410,112721,60288,10662,21291,53.5,14.19,7.4,25389636
7827,オービス,202410,20241213,11444,580,578,434,12460,5407,703,4765,43.4,8.03,3.48,1775469
7831,ウイルコホールディングス,202410,20241213,8600,-213,-170,-436,9293,3570,1667,1504,38.4,-11.08,-4.26,24650800
7832,バンダイナムコホールディングス,202403,20240509,1050210,90682,104164,101493,971838,699517,10000,-,72,15.02,10.69,650000000
7833,アイフィスジャパン,202412,20250213,5859,677,678,422,6866,5670,382,-,82.6,7.61,6.46,10242000
7836,アビックス,202403,20240514,3727,106,104,80,2797,1551,1207,574,55.5,5.31,2.73,35129566
7837,アールシーコア,202403,20240515,12142,-496,-504,2121,7884,2969,671,763,37.7,110.18,22.23,4536400
7839,SHOEI,202409,20241115,35790,10330,10502,7377,35085,29533,1421,-,84.2,26.04,21.73,53713716
7840,フランスベッドホールディングス,202403,20240515,59151,4587,4657,3134,68575,38211,3000,13719,55.7,8.21,4.7,34747500
7841,遠藤製作所,202412,20250214,17416,1546,1612,1118,26481,22201,1241,175,83.8,5.3,4.43,9441800
7844,マーベラス,202403,20240510,29493,2415,3002,-517,34538,27355,3611,-,79.2,-1.83,-1.46,62216400
7846,パイロットコーポレーション,202412,20250214,126168,17805,20110,15181,176701,139852,2340,855,79.1,11.23,8.85,40905200
7847,グラファイトデザイン,202502,20250414,3074,534,558,376,6783,5042,589,755,74.3,7.57,5.86,6945600
7849,スターツ出版,202412,20250213,8581,2338,2441,1826,11981,9766,540,-,81.5,20.36,16.18,3840000
7850,総合商研,202407,20240913,15796,253,346,274,7671,2862,411,2812,37.3,10.07,3.42,3060110
7851,カワセコンピュータサプライ,202403,20240514,2593,-27,-15,-112,3448,2288,100,348,66.4,-4.79,-3.12,5160000
7856,萩原工業,202410,20241210,33118,2097,2190,1518,42583,29005,1778,5447,68.1,5.34,3.57,14897600
7857,セキ,202403,20240516,11988,259,478,365,18576,15097,1201,270,81.3,2.48,2.01,4508000
7859,アルメディオ,202403,20240514,11557,3364,3443,2328,9756,7551,2111,423,77.4,42.58,29.91,20806316
7860,エイベックス,202403,20240509,133387,1265,1137,987,109887,55189,4678,6,50.2,1.74,0.9,45792500
7863,平賀,202403,20240510,9954,494,565,565,7984,4138,434,682,51.8,15.05,7.76,4015585
7864,フジシールインターナショナル,202403,20240513,196624,13309,14732,10277,192684,132142,5990,6617,68.6,8.13,5.52,60161956
7865,ピープル,202501,20250303,1916,-49,-45,-72,2299,2128,238,-,92.6,-3.18,-2.84,4437500
7867,タカラトミー,202403,20240514,208326,18818,17807,9808,166252,99966,3459,10364,60.1,10.49,6.02,93616650
7868,広済堂ホールディングス,202403,20240515,35457,5323,5312,4336,77414,45941,363,22006,59.3,9.95,5.84,144267645
7871,フクビ化学工業,202403,20240514,39735,1753,2117,1704,54076,36331,2194,126,67.2,4.88,3.25,20688425
7872,エステールホールディングス,202403,20240515,31699,163,303,-979,32032,12401,1571,10382,38.7,-7.48,-2.97,11459223
7874,レック,202403,20240510,60783,1628,1687,796,89244,35559,5491,42733,39.8,2.27,0.92,38165340
7875,竹田iPホールディングス,202403,20240514,31669,820,932,851,31488,17262,1937,2186,54.8,5.16,2.77,8781000
7877,永大化工,202403,20240510,9088,148,240,179,9579,6997,1241,1110,73,2.61,1.86,1460000
7878,光・彩,202501,20250314,3930,149,146,88,3005,1455,602,1065,48.4,6.18,3.06,1584000
7879,ノダ,202411,20250116,67039,444,675,-4612,74182,33510,2141,9701,45.2,-12.76,-6.13,17339200
7883,サンメッセ,202403,20240510,16633,257,414,257,20549,12045,1236,1680,58.6,2.24,1.28,17825050
7885,タカノ,202403,20240510,25173,880,1023,601,39679,31533,2015,138,79.5,1.93,1.52,15721000
7886,ヤマト_モビリティ＆Mfg.,202403,20240513,15364,47,21,-149,8580,1571,1029,3440,18.3,-9.37,-1.73,1342179
7887,南海プライウッド,202403,20240515,23774,848,1844,948,32254,23991,2121,4661,74.4,4.08,2.98,1009580
7888,三光合成,202405,20240711,93784,4131,3927,2612,74930,29912,4008,17890,39.9,9.43,3.72,30688569
7893,プロネクサス,202403,20240513,30117,2435,2528,1779,38583,25535,3058,433,66.2,7.13,4.71,27716688
7896,セブン工業,202503,20250430,15419,183,189,184,10942,6313,2473,1710,57.7,2.94,1.71,4673250
7897,ホクシン,202503,20250425,10224,-68,-64,20,13730,5823,2343,5015,42.4,0.34,0.14,28373005
7898,ウッドワン,202403,20240510,64779,-939,-1286,-2315,101754,43770,7324,39716,43,-5.32,-2.33,9841969
7901,マツモト,202404,20240614,2214,-146,-137,-86,2836,1457,100,142,51.4,-5.79,-3.04,1143900
7902,ソノコム,202403,20240513,2134,137,380,240,9620,8779,925,-,91.3,2.78,2.56,5000000
7906,ヨネックス,202403,20240510,116442,11611,12195,8859,91226,60704,4706,6797,66.5,15.59,10.38,92870800
7908,きもと,202503,20250428,11294,1340,1378,989,23046,18836,3274,-,81.7,5.35,4.33,54772564
7911,TOPPANホールディングス,202403,20240513,1678249,74286,82812,74395,2432887,1416777,104986,208455,58.2,5.43,3.18,318706240
7912,大日本印刷,202403,20240513,1424822,75450,98702,110929,1955629,1165927,114464,166142,59.6,9.85,5.86,524480692
7914,共同印刷,202403,20240515,96992,1577,2083,1495,131815,63082,4510,14361,47.9,2.48,1.17,33480000
7915,NISSHA,202412,20250213,195598,5486,6213,3862,250780,114168,12119,62296,45.5,3.43,1.65,50855638
7916,光村印刷,202403,20240513,14700,-62,56,56,29939,18987,100,2610,63.4,0.31,0.2,3103420
7917,ZACROS,202403,20240509,136155,8344,8910,4532,141680,85609,6600,1654,60.4,5.41,3.36,19267760
7918,ヴィア・ホールディングス,202403,20240510,16981,325,249,216,7313,1302,216,2895,17.8,18.94,2.96,45628213
7919,野崎印刷紙業,202503,20250423,14570,690,751,522,10671,4408,1570,2391,41.3,12.33,4.87,21460000
7921,TAKARA＆COMPANY,202405,20240709,29278,4231,4307,3014,36194,27645,2278,106,76.4,11.5,8.66,13153293
7922,三光産業,202403,20240515,10356,71,190,-94,11789,8554,1948,587,72.6,-1.13,-0.82,7878800
7923,トーイン,202403,20240515,13507,411,580,487,19336,9963,2244,4258,51.5,5.08,2.6,6377500
7925,前澤化成工業,202403,20240514,23925,1773,2072,1362,49353,40325,3387,330,81.7,3.47,2.84,15732000
7927,ムトー精工,202403,20240513,26315,1827,2433,1773,29478,17963,2188,5247,60.9,10.65,6.4,7739548
7928,旭化学工業,202408,20241011,8340,37,182,93,6954,5534,671,-,79.6,1.74,1.39,3896000
7931,未来工業,202503,20250424,45113,6897,7067,4833,66549,52686,7067,245,79.2,9.4,7.43,25607086
7932,ニッピ,202403,20240515,49046,3612,3740,2548,72394,37620,4404,13465,52,7.07,3.59,2889000
7936,アシックス,202412,20250214,678526,100111,92601,63806,518994,233036,23972,62500,44.9,29.15,12.98,734482236
7937,ツツミ,202403,20240509,19907,1671,1738,1155,69075,66911,13098,-,96.9,1.73,1.68,15630000
7938,リーガルコーポレーション,202403,20240513,23731,518,536,427,27796,12376,5355,10329,44.5,3.67,1.54,3250000
7939,研創,202403,20240510,5888,259,256,183,5762,3147,664,1742,54.6,5.94,3.1,4022774
7940,ウェーブロックホールディングス,202403,20240510,23559,387,676,456,28460,16046,2185,5295,56.4,2.87,1.67,11120538
7942,JSP,202503,20250430,142250,6888,7311,5066,153936,101035,10128,22028,65.6,5.16,3.32,31413473
7943,ニチハ,202403,20240509,142790,10205,11856,8066,175688,126526,8136,14841,72,6.55,4.68,37324264
7944,ローランド,202412,20250213,99433,9951,8411,5976,81586,46375,9641,18490,56.8,13.87,7.35,26580659
7946,光陽社,202403,20240517,4494,71,108,146,3500,1957,100,352,55.9,7.74,4.12,850100
7947,エフピコ,202503,20250430,235628,18471,18451,12486,292226,153429,13150,78943,52.5,8.36,4.23,84568424
7949,小松ウオール工業,202503,20250428,44616,3635,3756,2650,46756,37790,3099,-,80.8,6.99,5.63,19721980
7951,ヤマハ,202403,20240508,462866,28999,37629,29642,666837,510592,28534,992,76.6,6.13,4.7,503000000
7952,河合楽器製作所,202403,20240515,80192,3255,4201,2782,73538,42927,7122,8118,58.4,6.85,3.85,9011560
7953,菊水化学工業,202403,20240514,22392,554,635,376,18071,9583,1972,2193,53,4.03,2.15,12744054
7955,クリナップ,202403,20240508,127982,1282,1809,1468,91192,56669,13267,4350,62.1,2.61,1.64,37442374
7956,ピジョン,202412,20250214,104171,12139,13282,8371,108308,81144,5199,-,74.9,10.55,8.02,121653486
7957,フジコピアン,202412,20250214,8984,-15,94,397,16442,10565,4791,2346,64.3,3.8,2.44,1789487
7958,天馬,202403,20240510,92931,1361,3984,3090,101921,81063,19225,-,79.5,3.88,3.02,22313026
7962,キングジム,202406,20240801,39553,-241,130,-318,35025,24214,1978,5705,69.1,-1.3,-0.9,31459692
7963,興研,202412,20250207,10762,1009,1002,722,20866,13035,674,5165,62.5,5.69,3.46,5104003
7965,象印マホービン,202411,20241223,87221,5955,7405,6462,114769,86466,4022,1500,75.3,7.56,5.69,72600000
7966,リンテック,202403,20240508,276321,10628,11537,5243,333642,232225,23355,9262,69.6,2.29,1.64,72488740
7970,信越ポリマー,202503,20250424,110582,13271,13218,9430,152988,122744,11635,-,80.2,8.01,6.42,82623376
7971,東リ,202403,20240508,102470,4978,5240,3689,90849,45434,6855,6700,50,8.57,4.2,60129249
7972,イトーキ,202412,20250213,138460,10077,10004,7183,120521,49260,7351,36807,40.9,13.79,6.04,53382850
7974,任天堂,202403,20240507,1671865,528941,680497,490602,3151394,2603761,10065,-,82.6,20.15,16.34,1298690000
7975,リヒトラブ,202502,20250404,9220,178,207,411,13432,10637,1830,437,79.2,3.94,3.1,3815700
7976,三菱鉛筆,202412,20250213,88820,12189,12952,11272,176881,128357,4497,11623,72.6,9.28,6.98,61042592
7979,松風,202403,20240509,35080,4709,5118,3655,50093,41448,5968,281,82.7,9.52,7.79,35788178
7980,重松製作所,202403,20240510,12995,784,800,584,16096,8283,570,3110,51.5,7.47,3.73,7200000
7981,タカラスタンダード,202403,20240509,234738,12427,12792,9500,268675,187398,26356,7650,69.7,5.15,3.46,67252994
7983,ミロク,202410,20241213,10918,-519,-263,-2294,22619,13320,863,5480,58.9,-16.02,-10.54,3005441
7984,コクヨ,202412,20250214,338227,22028,24410,21787,362959,260553,15847,4176,71.8,8.5,6.04,115742463
7985,ネポン,202403,20240510,7774,34,82,64,6904,2627,601,1988,38.1,2.44,0.91,962948
7986,日本アイ・エス・ケイ,202412,20250214,5901,518,572,433,6205,4284,1090,-,69,10.53,7.17,1776000
7987,ナカバヤシ,202403,20240510,61043,462,1003,876,57965,27441,6666,14922,47.3,3.27,1.51,28794294
7988,ニフコ,202403,20240513,371639,43925,49665,18252,380405,243696,7290,50889,64.1,7.81,4.94,100257053
7989,立川ブラインド工業,202412,20250212,41407,4361,4376,2802,63842,52988,4475,-,83,5.66,4.41,20763600
7990,グローブライド,202403,20240513,126008,7496,8375,5582,108717,54262,4184,24327,49.9,10.99,5.13,24000000
7991,マミヤ・オーピー,202403,20240508,27394,4838,5488,3852,38470,20542,4534,7554,53.4,20.81,11.06,10508670
7992,セーラー万年筆,202412,20250214,4677,-270,-216,-1145,4763,1257,4653,1874,26.4,-62.81,-22.2,29659554
7994,オカムラ,202403,20240510,298295,24036,26227,20280,282118,172355,18670,20861,61.1,12.55,7.58,100621021
7995,バルカー,202403,20240513,61744,7102,7399,4909,74487,48216,13957,10091,64.7,10.51,6.87,18688733
7997,くろがね工作所,202411,20250114,7203,-27,19,209,8058,4576,2998,823,56.8,4.72,2.57,1857113
7999,MUTOHホールディングス,202403,20240514,17507,1246,1172,764,28697,22672,10199,-,79,3.45,2.73,5054818
8001,伊藤忠商事,202503,20250502,14724234,780859,1155059,880251,15134264,5755072,253448,3550768,38,15.74,5.94,1584889504
8002,丸紅,202503,20250502,7790168,349472,629207,502965,9201974,3629236,263711,2535010,39.4,14.19,5.55,1660758361
8005,スクロール,202403,20240508,79826,5313,5512,3649,53258,33383,6116,3000,62.7,11.16,6.86,34415000
8006,ユアサ・フナショク,202403,20240514,119580,1856,2212,2707,64407,37739,5599,1858,58.6,7.64,4.43,4897723
8007,高島,202403,20240509,90120,1748,2004,4832,60409,23578,3801,6931,39,22.41,8.52,17262892
8008,ヨンドシーホールディングス,202502,20250411,45902,1960,2351,1377,66494,38915,2486,14900,58.5,3.55,2.35,24331356
8011,三陽商会,202502,20250414,60526,2715,2825,4007,57017,39283,15002,6930,68.9,9.95,6.92,12622934
8012,長瀬産業,202403,20240508,900149,30618,30591,22402,792336,394065,9699,152210,49.7,5.88,2.88,114908285
8013,ナイガイ,202501,20250314,13162,57,151,100,11888,6562,100,1667,55.2,1.62,0.87,8217281
8014,蝶理,202503,20250428,311546,14492,16198,11658,146076,92009,6800,1403,63,13.39,8.06,25303478
8015,豊田通商,202503,20250428,10309550,497174,536865,362506,7057462,2624268,64936,1853814,37.2,14.24,5.14,1062169548
8016,オンワードホールディングス,202502,20250403,208393,10153,10084,8516,179218,84219,30079,48582,47,10.38,4.86,157921669
8018,三共生興,202403,20240515,21271,2473,3356,2227,66612,47394,3000,5216,71.1,5.11,3.72,46000000
8020,兼松,202403,20240507,985993,43870,37241,23218,725347,159319,27781,214545,22,16.13,3.31,84500202
8022,美津濃,202403,20240510,229711,17279,19288,14311,206151,141454,26137,12664,68.6,10.79,7.09,79734729
8023,DAIKO_XTECH,202403,20240515,43378,2896,2973,1838,27828,11683,1969,2085,42,17.07,6.88,13868408
8025,ツカモトコーポレーション,202403,20240515,9798,-222,57,174,28175,13726,2829,7994,48.7,1.36,0.64,4069747
8029,ルックホールディングス,202412,20250214,54739,2530,2880,1925,61410,37776,6447,11247,61.5,5.33,3.26,7772113
8030,中央魚類,202403,20240514,137588,2465,2576,2134,78415,29326,2995,24460,37.4,7.93,2.81,4315300
8031,三井物産,202503,20250501,14662620,570890,1135231,900342,16811509,7546615,343442,4841260,44.9,11.93,5.34,2905741576
8032,日本紙パルプ商事,202403,20240510,534230,17403,16753,10357,372645,127525,16649,92958,34.2,8.42,2.73,150215510
8035,東京エレクトロン,202503,20250430,2431568,697319,707727,544133,2625981,1839929,54961,-,70.1,30.34,21.41,471632733
8037,カメイ,202403,20240513,573505,15671,17053,10111,324610,151007,8132,53492,46.5,7.02,3.2,32991969
8038,東都水産,202403,20240513,104802,2923,3573,2488,40247,26928,2376,4776,66.9,9.9,6.59,4026000
8039,築地魚市場,202403,20240514,58701,35,76,204,17182,6416,2045,4459,37.3,3.24,1.2,2253520
8040,東京ソワール,202412,20250214,15700,243,347,500,14300,10163,4049,630,71.1,4.92,3.5,3860000
8041,OUGホールディングス,202403,20240510,333197,3122,3912,3618,91150,30994,6495,26052,34,12.71,4.18,5562292
8043,スターゼン,202403,20240510,410534,8978,10782,7512,161180,77999,11658,39330,48.4,10.12,4.88,58567656
8045,横浜丸魚,202403,20240514,38614,277,575,409,22979,15628,1541,331,68,2.87,1.94,7261706
8046,丸藤シートパイル,202403,20240514,34543,1410,1926,1372,43345,29813,3626,500,68.8,4.73,3.15,4000000
8050,セイコーグループ,202403,20240514,276807,14737,15894,10051,376262,149100,10000,117751,39.6,7.21,2.75,41404261
8051,山善,202403,20240514,506866,9887,10435,6488,294973,131509,7909,10105,44.6,5.1,2.22,95305435
8052,椿本興業,202403,20240508,113503,5233,5577,4000,94756,40134,2945,-,42.4,10.82,4.46,19493907
8053,住友商事,202503,20250501,7292084,392879,695567,561859,11631161,4648462,221023,3254744,40,12.36,4.96,1211099367
8056,BIPROGY,202503,20250430,404010,39066,38789,26965,330876,169050,5483,20729,51.1,16.08,8.36,100663524
8057,内田洋行,202407,20240903,277940,9345,10135,6996,150644,64177,5000,2130,42.6,12.05,4.93,10419371
8058,三菱商事,202503,20250502,18617601,883966,1393425,950709,21496104,9368714,204447,4617022,43.6,10.33,4.23,4022391153
8059,第一実業,202403,20240509,187790,9090,9004,7461,193795,73319,5105,6910,37.8,10.91,4.31,32759200
8060,キヤノンマーケティングジャパン,202412,20250129,653919,53123,54393,39315,524591,382766,73303,3008,73,9.62,7.27,111079972
8061,西華産業,202403,20240510,86785,5580,6255,4489,118543,42264,6728,25,35.7,11.62,4.52,12320650
8065,佐藤商事,202403,20240508,273975,6479,7293,6478,172870,64819,1321,28822,37.5,10.75,3.85,21799050
8066,三谷商事,202403,20240515,324771,25938,29719,18167,299056,161867,5008,6984,54.1,11.75,6.37,91000000
8070,東京産業,202403,20240618,65029,-4540,-4088,-1584,80795,19852,3443,19696,24.6,-7.72,-2.02,28678486
8074,ユアサ商事,202403,20240510,526569,14723,15737,11812,290989,101855,20644,7420,35,12.02,4.2,22100000
8075,神鋼商事,202403,20240509,591431,13296,12814,9111,396408,85983,5650,60757,21.7,11.5,2.3,26581686
8076,カノークス,202503,20250425,173013,2512,2857,1987,87729,31695,2310,31666,36.1,6.49,2.22,11103500
8077,トルク,202410,20241213,22409,905,1240,895,33680,13248,2712,13282,39.3,7,2.7,28007448
8078,阪和興業,202403,20240510,2431980,49722,48276,38417,1166986,351212,45651,362037,30.1,11.74,3.31,42332640
8079,正栄食品工業,202410,20241213,115208,4844,4950,3170,89905,53170,3379,17485,59.1,6.08,3.57,17100000
8081,カナデン,202403,20240514,116271,4544,4994,3474,85596,48042,5576,702,56.1,7.52,4.11,22500000
8084,RYODEN,202403,20240510,259008,8326,8236,5736,156027,86940,10334,3216,55.7,6.88,3.74,21612037
8085,ナラサキ産業,202403,20240508,107455,2982,3084,2301,60649,24032,2354,1927,39.6,10.27,4.08,5325600
8086,ニプロ,202403,20240510,586785,22335,19509,11109,1109821,232665,84397,600036,21,5.06,1.04,171459479
8088,岩谷産業,202403,20240513,847888,50635,66202,47363,834391,362329,35096,251995,43.4,14.26,6.36,234246596
8089,ナイス,202403,20240514,225869,4403,4332,4204,161308,52976,24433,40847,32.8,8.33,2.64,12180419
8091,ニチモウ,202403,20240510,127756,2020,2562,2349,81092,28333,6354,29053,34.9,8.96,2.94,9008800
8093,極東貿易,202403,20240509,43660,1112,1487,1156,49646,25685,5496,4107,51.7,4.7,2.46,12471836
8095,アステナホールディングス,202411,20250114,57993,2815,2804,-2525,64595,25144,4605,14835,38.9,-9.43,-3.83,41097566
8097,三愛オブリ,202403,20240514,659588,16873,17741,11217,218607,117739,10127,2414,53.9,9.78,5.34,66000000
8098,稲畑産業,202403,20240509,766022,21190,21393,20000,427320,200166,9364,62835,46.8,10.54,4.95,54714127
8101,GSIクレオス,202403,20240515,146194,2881,2999,2019,75336,27450,7186,15420,36.4,7.56,2.79,12629942
8103,明和産業,202503,20250430,156727,3568,4520,3376,74634,38469,4024,1532,51.5,8.79,4.22,40332400
8104,クワザワホールディングス,202403,20240515,64832,1303,1508,741,41748,15379,417,2484,36.8,4.94,1.81,16694496
8105,堀田丸正,202403,20240515,3693,-190,-130,19,3803,3062,100,-,80.5,0.62,0.51,59640348
8107,キムラタン,202403,20240515,1284,37,-19,40,8334,916,3165,6686,11,7.5,0.5,255784410
8111,ゴールドウイン,202403,20240514,126907,23847,32601,24281,140977,100008,7079,1372,70.9,26.99,18.71,47448172
8113,ユニ・チャーム,202412,20250213,988981,134763,134537,81842,1239973,773062,15993,26851,62.3,11.14,6.9,1862502957
8115,ムーンバット,202403,20240514,10610,434,488,545,9876,5055,1000,2369,51.2,11.34,5.39,4774719
8117,中央自動車工業,202403,20240514,39331,10166,11258,7924,57387,49917,1001,-,87,17.25,14.85,60060000
8118,キング,202403,20240507,8548,993,1060,533,25604,21905,2346,480,85.6,2.48,2.12,24771561
8119,三栄コーポレーション,202403,20240514,36688,1163,1248,538,21227,11402,1000,4505,53.7,5.01,2.63,10211784
8123,川辺,202403,20240513,13068,252,355,266,12695,6862,1720,2486,54.1,4.01,2.14,1861000
8125,ワキタ,202502,20250411,92321,6390,6506,3912,146019,100593,13821,723,68.9,3.9,2.7,52021297
8127,ヤマトインターナショナル,202408,20241011,21139,262,385,352,24007,17348,4917,778,72.3,2.06,1.51,21302936
8129,東邦ホールディングス,202403,20240510,1476712,19331,21787,20657,773427,249189,10649,28718,32.2,8.4,2.78,73025942
8130,サンゲツ,202403,20240510,189859,19103,19695,14291,170750,106640,13616,5711,62.5,14.12,8.53,59200000
8131,ミツウロコグループホールディングス,202403,20240509,309085,12334,13303,9107,180742,99536,7077,25119,55.1,9.47,5.13,57061223
8132,シナネンホールディングス,202403,20240514,348282,-711,93,-1039,108480,53296,15630,10781,49.1,-1.94,-0.99,11946591
8133,伊藤忠エネクス,202503,20250430,924481,26896,28173,17102,442150,172285,19878,2481,39,10.22,3.86,116881106
8135,ゼット,202403,20240509,51957,876,1021,810,29539,13305,1005,241,45,6.17,2.77,20102000
8136,サンリオ,202403,20240514,99981,26952,28265,17584,156062,64609,10261,50647,41.4,29.16,13.7,255408303
8137,サンワテクノス,202403,20240510,166138,6215,6631,5007,98707,47966,3727,12007,48.6,10.83,4.88,16044000
8138,三京化成,202403,20240510,26227,382,502,346,17865,10159,1716,10,56.9,3.55,2.02,1145500
8139,ナガホリ,202403,20240510,21820,1022,998,519,25474,12724,5323,9866,49.9,4.18,2.09,16773376
8141,新光商事,202403,20240515,175847,4878,4768,3194,99813,55328,9501,17482,55.4,5.96,3.22,38010566
8142,トーホー,202501,20250313,246465,7496,7693,4485,88320,30733,5345,18505,34.8,15.48,5.08,11012166
8143,ラピーヌ,202502,20250418,2042,-360,-134,-134,3041,839,30,1574,27.6,-15.25,-4.14,2567064
8144,デンキョーグループホールディングス,202403,20240513,54603,-270,-102,84,39701,26693,2644,5091,67.2,0.32,0.22,6665021
8147,トミタ,202403,20240513,21313,607,886,561,18459,11585,397,228,62.8,5.04,3.06,6158000
8150,三信電気,202403,20240510,140197,5748,3908,2740,78884,38296,14811,23959,48.5,7.56,3.48,16281373
8151,東陽テクニカ,202409,20241113,35042,3366,3375,2522,39134,28003,4158,2000,71.6,8.97,6.38,26085000
8152,ソマール,202403,20240515,26649,1797,1908,1371,26859,17254,5115,4000,64.2,8.56,5.42,1958734
8153,モスフードサービス,202403,20240515,93058,4185,4392,2573,79711,51830,11412,2991,65,5.16,3.34,32009910
8154,加賀電子,202403,20240509,542697,25845,25976,20345,286792,150835,12133,31104,52.6,14.51,7.1,57404236
8157,都築電気,202403,20240513,124856,6439,6486,5477,81066,40402,9812,8858,49.8,14.54,6.67,18977894
8158,ソーダニッカ,202403,20240510,64134,2213,2615,1850,79497,29457,3762,6170,37.1,6.62,2.49,22968000
8159,立花エレテック,202403,20240513,231042,10764,11886,8471,178281,92572,5874,14600,51.9,9.56,5.1,25025242
8160,木曽路,202403,20240510,52984,2246,2278,436,45974,27657,12648,7771,60.2,1.59,0.92,28543889
8163,SRSホールディングス,202403,20240515,60228,2157,2162,1798,35733,15736,11077,9068,44,12.21,5.13,41470184
8165,千趣会,202412,20250213,45600,-3748,-3952,-3658,25781,13451,100,2683,52.2,-23.81,-12.7,52056993
8166,タカキュー,202502,20250409,9650,203,355,1968,5691,1065,100,1991,18.7,-,34.83,24470822
8167,リテールパートナーズ,202502,20250414,266741,6823,7999,5225,127036,84682,7218,12687,66.7,6.31,4.13,46646059
8173,上新電機,202403,20240507,403692,8364,8251,4891,232775,104613,15121,53103,44.9,4.76,2.15,28000000
8174,日本瓦斯,202503,20250501,200057,18546,18581,11548,156018,67446,7070,39171,43.2,16.48,7.33,112827198
8179,ロイヤルホールディングス,202412,20250214,152150,7366,7315,5926,127738,50249,17830,21700,39.3,12.09,4.67,49861862
8181,東天紅,202502,20250414,4710,490,461,430,10902,6692,50,3014,61.4,6.67,4.02,2572871
8185,チヨダ,202502,20250411,91835,2193,2566,2923,79076,52031,6893,-,65.8,5.69,3.57,35609996
8194,ライフコーポレーション,202502,20250410,850496,25270,26205,17948,306027,138435,10004,67971,45.2,13.04,6.05,98901600
8198,マックスバリュ東海,202502,20250411,377418,14061,14084,9387,135420,88436,2267,-,65.3,11.11,6.99,31973848
8200,リンガーハット,202502,20250411,43794,1694,1582,968,29204,13647,9002,8067,46.7,7.3,3.34,26067972
8202,ラオックスホールディングス,202412,20250214,61517,142,226,670,44061,22981,100,3015,52.2,2.95,1.48,93335103
8203,ミスターマックス・ホールディングス,202502,20250410,136569,3823,3782,2477,83199,36058,10229,17552,43.3,7.06,2.97,39611134
8207,テンアライド,202403,20240510,11146,168,170,27,8203,2727,50,2807,33.2,1.21,0.34,39451727
8208,エンチョー,202403,20240508,35571,205,53,-413,36547,9306,2902,17197,25.5,-4.41,-1.13,6857497
8209,フレンドリー,202403,20240510,2067,-3,11,-6,936,46,50,504,4.9,-12.24,-0.63,2855699
8214,AOKIホールディングス,202403,20240510,187716,13860,13235,7574,236327,136757,23282,42529,57.9,5.64,3.22,86649504
8217,オークワ,202502,20250401,250150,1328,1442,-2381,128629,74187,14117,21464,57.7,-3.12,-1.82,41937297
8218,コメリ,202503,20250422,379192,22396,22248,13719,386661,246316,18802,29761,63.7,5.69,3.61,54409168
8219,青山商事,202403,20240510,193687,11918,12503,10089,335597,177127,62504,87359,52.8,5.87,3,50394016
8225,タカチホ,202403,20240513,8015,439,440,423,4263,1820,1000,1303,42.7,26.49,10.04,727500
8226,理経,202403,20240513,12131,568,516,382,10305,4809,3426,2578,46.7,8.25,4.34,15514721
8227,しまむら,202502,20250331,666742,59240,60596,41885,567144,500976,17086,-,88.3,8.61,7.61,73826598
8230,はせがわ,202403,20240515,21300,1612,1638,1059,18066,11903,4037,2283,65.9,9.27,5.84,18646376
8233,高島屋,202502,20250414,498491,57503,60396,39525,1296012,473049,66025,201603,36.5,8.53,3.08,315566316
8237,松屋,202502,20250414,48120,4485,4464,2383,76107,28263,7132,21783,37.1,8.79,3.29,53289640
8242,エイチ・ツー・オーリテイリング,202403,20240515,657400,26188,27875,21905,709212,267792,17796,163844,37.8,8.48,3.14,125201396
8244,近鉄百貨店,202502,20250411,115107,5353,5148,3484,114388,38576,15000,4623,33.7,9.18,3.03,40437940
8247,大和,202502,20250410,16434,195,142,192,27402,5329,100,7768,19.4,3.91,0.7,6003400
8252,丸井グループ,202403,20240514,235227,41025,38776,24667,1003501,253251,35920,594357,25.2,9.88,2.51,208660417
8253,クレディセゾン,202403,20240515,420317,55934,97952,72987,4335852,705053,75929,3048797,16.3,11.2,1.77,185444772
8254,さいか屋,202408,20241015,4950,110,100,72,11806,617,2195,8654,5.2,12.07,0.6,4970314
8255,アクシアルリテイリング,202403,20240507,270224,11779,12332,7442,131390,83298,3159,-,63.4,9.19,5.86,93552156
8260,井筒屋,202502,20250410,22158,1040,741,999,44495,11921,100,13841,26.8,8.73,2.22,11480495
8267,イオン,202502,20250411,10134877,237747,224223,28783,13833319,1049231,220007,3439034,7.6,2.74,0.22,871924572
8273,イズミ,202502,20250414,524142,25425,25708,11919,569611,285522,19613,139443,50.1,4.21,2.25,71665200
8275,フォーバル,202403,20240513,63527,3235,3459,2011,40730,16487,4150,4088,40.5,12.92,5.25,27732622
8276,平和堂,202502,20250403,444898,13360,14639,10727,307868,189910,11614,20325,61.7,5.7,3.48,51546470
8278,フジ,202502,20250410,808928,12953,14315,3818,411808,217756,22000,64319,52.9,1.76,0.91,86856954
8279,ヤオコー,202403,20240513,619587,29328,28877,18243,342409,167902,9846,72188,49,11.79,5.52,41894288
8281,ゼビオホールディングス,202403,20240510,242433,4204,5405,2592,209530,124071,15935,5474,59.2,2.11,1.23,47911023
8282,ケーズホールディングス,202403,20240509,718369,18724,22944,7380,438199,268948,18125,44800,61.4,2.69,1.65,175000000
8283,PALTAC,202403,20240513,1151966,27172,30545,20638,495697,277962,15869,-,56.1,7.68,4.24,63000000
8285,三谷産業,202503,20250428,103072,2074,2656,2440,93496,47380,4808,16549,50.7,5.17,2.59,61772500
8289,Olympicグループ,202502,20250414,98638,51,-164,-67,69723,25155,9946,30098,36.1,-0.26,-0.1,23354223
8291,日産東京販売ホールディングス,202403,20240515,148972,8709,8364,7337,94311,57484,13752,1500,61,13.75,8.08,66635063
8301,日本銀行（優先出資証券）,-,-,-,-,-,-,-,-,-,-,-,-,-,1000000
8304,あおぞら銀行,202403,20240513,246299,-,-54816,-49904,7603002,383873,100000,-,5,-12.14,-0.67,139789418
8306,三菱UFJフィナンシャル・グループ,202403,20240515,11890350,1837053,2127958,1490781,403703147,19587975,2141513,-,4.9,8.1,0.38,12067710920
8308,りそなホールディングス,202403,20240514,941663,-,222962,158930,76150887,2760345,50552,-,3.6,6.02,0.21,2307136589
8309,三井住友トラストグループ,202403,20240514,2475303,-,101327,79199,75876905,3106328,261608,-,4.1,2.69,0.11,713283780
8316,三井住友フィナンシャルグループ,202403,20240515,9353590,1560211,1466128,962946,295236701,14660111,2344038,-,5,7.04,0.34,3884445458
8331,千葉銀行,202403,20240510,310742,91701,90262,62440,21323895,1181503,145069,-,5.5,5.57,0.3,805521087
8334,群馬銀行,202403,20240509,200356,-,43788,31125,10818218,573095,48652,-,5.3,5.72,0.29,405888177
8336,武蔵野銀行,202403,20240510,81068,-,16261,11264,5404015,274092,45743,-,5,4.28,0.21,33405456
8337,千葉興業銀行,202403,20240514,54584,-,10250,7428,3229226,182511,62120,-,5.6,4.26,0.23,62222045
8338,筑波銀行,202403,20240510,41092,-,2467,2195,2854094,97144,48868,-,3.4,2.33,0.08,82553721
8341,七十七銀行,202403,20240510,150552,28983,44241,29802,10501098,601700,24658,-,5.7,5.39,0.29,76655746
8343,秋田銀行,202403,20240510,42734,5011,6597,4541,3584190,172072,14100,-,4.8,2.83,0.13,18093643
8344,山形銀行,202403,20240514,55097,-659,3762,2080,3146366,143628,12008,-,4.6,1.5,0.07,32216115
8345,岩手銀行,202403,20240514,43886,7977,6955,4225,3929595,199216,12089,-,5,2.2,0.11,18497786
8346,東邦銀行,202403,20240514,58984,11210,8321,5252,6758569,206179,23519,-,3.1,2.64,0.08,252500000
8349,東北銀行,202403,20240514,14727,2550,2148,1376,1012696,39438,13233,-,3.9,3.52,0.14,9509963
8354,ふくおかフィナンシャルグループ,202403,20240513,404743,68740,56937,61178,32649727,1020343,124799,-,3.1,6.37,0.2,191138265
8358,スルガ銀行,202403,20240510,91447,17797,20641,15375,3560741,295012,30043,-,8.2,5.43,0.43,197139248
8359,八十二銀行,202403,20240510,212201,-,35217,37071,14827752,1113898,52243,-,7.5,3.66,0.27,493767424
8360,山梨中央銀行,202403,20240514,56525,-,7641,5658,4366180,217347,15400,-,4.9,2.77,0.13,32783000
8361,大垣共立銀行,202403,20240510,134138,1806,14429,9471,6651305,338588,46773,-,5,3.02,0.14,41831897
8362,福井銀行,202403,20240510,55423,4171,5615,3717,4164371,135737,17965,-,3.2,2.87,0.09,24144669
8364,清水銀行,202403,20240510,29904,-4796,-4131,-3301,1755862,78279,10816,-,4.5,-4.35,-0.18,11641318
8365,富山銀行,202403,20240510,10146,303,788,632,552196,30426,6730,-,5.5,2.11,0.11,5444400
8366,滋賀銀行,202403,20240510,122630,12273,23967,15940,7970551,490887,33076,-,6.2,3.42,0.21,53090081
8367,南都銀行,202403,20240510,85736,-,16631,12037,6787056,298631,37924,-,4.4,4.29,0.18,33025656
8368,百五銀行,202403,20240510,119487,16356,20054,14281,8097192,496800,20000,-,6.1,3.21,0.18,254119000
8370,紀陽銀行,202403,20240513,84782,-,20136,15020,5831379,237071,80096,-,4.1,6.54,0.27,67300000
8377,ほくほくフィナンシャルグループ,202403,20240510,190104,-,23278,23048,16382886,660484,70895,-,4,3.63,0.14,123458714
8381,山陰合同銀行,202403,20240513,120176,-,24727,16800,7360564,324584,20705,-,4.4,5.27,0.24,156977472
8383,鳥取銀行,202403,20240513,14646,-,1613,1056,1145623,49905,9061,-,4.3,2.16,0.09,9619938
8386,百十四銀行,202403,20240510,82146,-,14557,9642,5840650,329165,37322,-,5.6,3.16,0.17,28630000
8387,四国銀行,202403,20240510,52486,-,9319,7285,3309612,168049,25000,-,5,4.58,0.22,42400000
8388,阿波銀行,202403,20240510,76107,16912,16624,11263,3922560,332622,23452,-,8.4,3.68,0.29,40000000
8392,大分銀行,202403,20240513,73240,-,9083,6536,4554183,217557,19598,-,4.8,3.23,0.15,15693634
8393,宮崎銀行,202403,20240510,68889,6695,9986,7087,4110848,189704,14697,-,4.6,4.02,0.17,17133400
8395,佐賀銀行,202403,20240510,53013,4582,7571,6218,3160769,122287,16062,-,3.8,5.39,0.2,16935909
8399,琉球銀行,202403,20240510,65951,6507,8452,5651,3067017,142500,56967,-,4.6,4.03,0.18,43108470
8410,セブン銀行,202403,20240510,197877,-,30526,31970,1717818,270538,30724,-,15.7,12.27,2.11,1179308000
8411,みずほフィナンシャルグループ,202403,20240515,8744458,1036888,914047,678993,278672151,10232539,2256767,-,3.6,7.01,0.25,2513757794
8416,高知銀行,202403,20240510,22990,-,1952,1251,1142308,58625,15444,-,5.1,1.89,0.11,10244800
8418,山口フィナンシャルグループ,202403,20240510,184753,38411,37282,25216,12548539,652772,50000,-,5.2,3.99,0.2,234767616
8421,信金中央金庫（優先出資証券）,-,-,-,-,-,-,-,-,-,-,-,-,-,708222
8424,芙蓉総合リース,202403,20240508,708538,60046,68355,47219,3390324,431675,10532,2661339,12.7,11.83,1.44,90863430
8425,みずほリース,202403,20240514,656127,39511,50897,35220,3363336,308906,26088,2744266,9.2,12.32,1.11,282666300
8439,東京センチュリー,202403,20240514,1346113,104225,117303,72136,6460930,872232,81129,4733682,13.5,8.83,1.15,492113280
8473,SBIホールディングス,202403,20240510,1210504,168769,141569,87243,27139391,1262209,180400,4477079,4.7,7.67,0.35,303056907
8508,Jトラスト,202412,20250213,128170,6252,8368,6040,1270467,157271,90,69308,12.4,3.91,0.49,137658315
8511,日本証券金融,202403,20240507,50008,9928,11024,8030,13744765,144606,10000,1147476,1.1,5.73,0.06,88000000
8515,アイフル,202403,20240510,163109,21064,22067,21818,1266374,197910,94028,664903,15.6,11.67,1.87,484620136
8518,日本アジア投資,202403,20240515,2444,-1150,-1302,-1700,16796,5536,5426,9832,33,-25.92,-9.56,22284392
8522,名古屋銀行,202403,20240514,101276,-2642,14513,10036,5431037,303349,25090,-,5.6,3.66,0.19,16455487
8524,北洋銀行,202403,20240514,133114,20435,18605,12830,13244574,442652,121101,-,3.3,3.03,0.1,399060179
8537,大光銀行,202403,20240510,21968,3863,3285,1716,1625132,77510,10000,-,4.7,2.28,0.11,9671400
8541,愛媛銀行,202403,20240513,65163,-,7909,5055,2887961,137166,21367,-,4.7,3.82,0.18,39426777
8542,トマト銀行,202403,20240510,24065,-,2312,1530,1342501,56828,14310,-,4.2,2.76,0.12,11679030
8544,京葉銀行,202403,20240509,70215,-,15678,10878,6547247,322748,49759,-,4.9,3.55,0.17,131427858
8550,栃木銀行,202403,20240510,45276,-,4234,2101,3314542,150199,27408,-,4.5,1.38,0.06,109608000
8551,北日本銀行,202403,20240514,29017,-,4098,3073,1522676,85974,7761,-,5.6,3.81,0.2,8593776
8558,東和銀行,202403,20240509,34138,-,4335,3530,2405654,117821,38653,-,4.8,3.01,0.15,37180273
8562,福島銀行,202403,20240514,13303,-,1190,866,828952,24943,18682,-,3,3.53,0.1,34900000
8563,大東銀行,202403,20240510,13579,-,1892,1255,876894,37644,14743,-,4.3,3.41,0.14,12701462
8566,リコーリース,202503,20250502,312156,21729,22030,15658,1376211,234070,7896,1010000,17,6.87,1.19,31243223
8570,イオンフィナンシャルサービス,202502,20250410,533262,61485,62554,19527,7760375,465023,45698,1280999,6,4.23,0.27,216010128
8572,アコム,202403,20240513,294730,86347,86715,53091,1417403,628011,63832,663328,44.3,8.78,3.91,1566614098
8584,ジャックス,202403,20240515,184782,33126,33060,23770,3777595,230424,16138,2893028,6.1,10.94,0.65,35079161
8585,オリエントコーポレーション,202403,20240510,229054,16118,16118,12571,3147643,238206,150075,2369688,7.6,5.4,0.37,171882620
8591,オリックス,202403,20240508,2814361,360713,469975,346132,16322100,3941466,221111,6200471,24.1,9.49,2.19,1162962244
8593,三菱HCキャピタル,202403,20240515,1950583,146176,151633,123842,11149858,1685268,33196,7873830,15.1,7.71,1.13,1466912244
8595,ジャフコグループ,202503,20250423,29685,12520,13205,9576,169970,141126,33251,15183,83,6.87,5.71,56060000
8596,九州リースサービス,202403,20240508,33508,4635,4593,3048,193398,39787,2933,132862,20.6,7.88,1.65,25952374
8600,トモニホールディングス,202403,20240514,87817,-,21528,14008,4810452,274118,30228,-,5.6,5.41,0.3,193533011
8601,大和証券グループ本社,202503,20250428,1372014,166742,224716,154368,36024346,1639739,247397,5392484,4.6,9.76,0.45,1569378772
8604,野村ホールディングス,202503,20250425,4736743,-,471964,340736,56802170,3470879,594493,14884390,6.1,9.99,0.61,3163562601
8609,岡三証券グループ,202503,20250428,81936,12838,15577,11652,1379738,208003,18589,162844,15.1,5.73,0.9,231217073
8613,丸三証券,202503,20250428,18849,3545,4048,3792,73363,48861,10000,1780,66.6,7.49,4.82,67398262
8614,東洋証券,202503,20250428,11289,694,1036,2653,69387,30122,13494,11350,43.4,7.63,3.53,73877569
8616,東海東京フィナンシャル・ホールディングス,202503,20250430,86328,11739,15120,11048,1409429,181549,36000,388259,12.9,6.11,0.79,260582115
8617,光世証券,202503,20250418,559,-522,-463,-466,21783,15722,12000,-,72.2,-2.85,-2.01,9486400
8622,水戸証券,202503,20250428,13983,1858,2328,2420,63480,40097,12272,2750,63.2,5.84,3.52,65689033
8624,いちよし証券,202503,20250428,18804,2285,2406,1564,41900,27418,14577,296,65.4,5.55,3.53,37931386
8628,松井証券,202503,20250428,39204,15636,15292,10501,1121828,76328,11945,302950,6.8,13.78,0.92,259264702
8630,SOMPOホールディングス,202403,20240520,4933646,-,488034,416054,14832778,2851900,100045,-,19.2,17.68,2.84,990482067
8697,日本取引所グループ,202503,20250428,162230,90122,90277,61092,85396761,340824,11500,52487,0.4,18.26,0.07,1044578366
8698,マネックスグループ,202403,20240425,66796,24474,25237,31293,761642,131712,13144,55944,17.3,27.05,2.76,253647100
8699,HSホールディングス,202503,20250430,37766,-1106,15122,12100,115334,86374,12223,1314,74.9,15.29,11.3,40953500
8700,丸八証券,202503,20250430,3082,441,599,392,9917,7593,3751,-,76.6,5.08,3.69,4042970
8704,トレイダーズホールディングス,202503,20250430,13429,6634,6650,4547,125048,17289,1564,1126,13.8,29,3.74,29538647
8705,日産証券グループ,202403,20240514,7743,904,1130,553,112816,14340,1625,650,12.7,4.16,0.55,55025703
8706,極東証券,202503,20250425,7989,2691,3453,4446,78597,51609,5251,12000,65.7,8.45,5.48,32779000
8707,岩井コスモホールディングス,202503,20250425,25750,8648,9150,6725,185451,67701,10004,7500,36.5,10.03,3.42,25012800
8708,アイザワ証券グループ,202503,20250425,20588,1886,2571,3172,109529,44564,8000,20831,40.7,6.33,2.72,39525649
8713,フィデアホールディングス,202403,20240514,49944,3508,3568,1178,3060664,85669,18000,-,2.7,1.34,0.04,18142122
8714,池田泉州ホールディングス,202403,20240513,85219,-,16025,10874,6442107,242145,102999,-,3.7,4.64,0.17,281008632
8715,アニコムホールディングス,202403,20240509,60437,-,4159,2729,66357,29896,8202,-,45.1,9.4,4.27,74939160
8725,MS＆ADインシュアランスグループホールディングス,202403,20240520,6572889,-,416440,369266,26960207,4466793,101076,-,16.6,9.88,1.42,1608398708
8737,あかつき本社,202403,20240515,46681,3419,3813,2538,92130,16137,5665,41577,17.5,16.67,3.14,34029544
8739,スパークス・グループ,202403,20240507,16498,7476,8090,6519,46112,31441,8587,9000,68.2,22.68,15.25,41705480
8742,小林洋行,202403,20240510,4486,305,365,370,18470,9522,2000,100,51.6,4.02,2.09,12554379
8746,UNBANKED,202403,20240515,5310,-149,45,390,5826,5569,100,-,95.6,7.63,5.11,10023514
8747,豊トラスティ証券,202403,20240510,7402,1994,2098,1430,99476,12471,1722,700,12.5,12.26,1.68,8897472
8750,第一生命ホールディングス,202403,20240515,11028166,-,539006,320765,67540309,3881855,344205,-,5.7,9.5,0.5,3700398400
8766,東京海上ホールディングス,202403,20240520,7424667,-,842576,695808,30594869,5176604,150000,-,16.9,15.8,2.39,1934000000
8769,アドバンテッジリスクマネジメント,202403,20240514,6998,725,737,505,6545,3929,365,337,60,13.44,8.08,16280200
8771,イー・ギャランティ,202403,20240515,9165,4850,4902,3262,30109,22180,3872,-,73.7,15.34,11.23,47928900
8772,アサックス,202503,20250501,7519,5214,5174,3386,118272,49054,2307,66385,41.5,7.1,2.97,32980500
8783,GFA,202403,20240515,4174,-2146,-2397,-2459,4512,73,1702,3381,1.6,-374.28,-48.24,25963109
8789,フィンテックグローバル,202409,20241106,13807,2569,2461,1675,20669,9531,5373,7417,46.1,18.79,8.42,201321700
8793,NECキャピタルソリューション,202503,20250425,254879,7782,9437,6611,1224797,121003,3794,1022100,9.9,5.58,0.56,21544538
8795,T＆Dホールディングス,202403,20240515,3207991,-,159809,98777,17207110,1403563,207111,-,8.2,8.27,0.58,544000000
8798,アドバンスクリエイト,202409,20250228,7856,-711,-808,-2250,6860,-4985,3337,3531,-,-,-29.34,22988200
8801,三井不動産,202403,20240510,2383289,339690,267890,224647,9489527,3110088,341000,4430420,32.8,7.47,2.45,2782189711
8802,三菱地所,202403,20240510,1504687,278627,241158,168432,7583748,2401108,142414,3136622,31.7,7.39,2.33,1250838706
8803,平和不動産,202503,20250430,42075,13196,11651,9565,419541,117999,21492,245679,28.1,7.85,2.32,38859996
8804,東京建物,202412,20250212,463724,79670,71722,65882,2081226,536066,92451,1210519,25.8,12.76,3.31,209167674
8818,京阪神ビルディング,202403,20240514,19310,5083,4842,3793,166616,74798,9827,75529,44.9,5.21,2.38,48811498
8830,住友不動産,202403,20240509,967692,254666,253111,177171,6678390,2050582,122805,3961564,30.7,9.2,2.72,476085978
8835,太平洋興発,202403,20240510,41104,1217,1023,626,44852,15781,4244,16634,35.2,4.03,1.38,7783448
8836,RISE,202403,20240515,349,15,13,-11,2300,2049,100,75,89.1,-0.54,-0.47,96013277
8841,テーオーシー,202403,20240514,13715,2285,2664,5123,118546,102236,11768,1532,86.2,5.07,4.36,93849352
8844,コスモスイニシア,202403,20240509,124588,7422,6681,4278,173333,44628,5000,98132,25.7,10.01,2.59,33911219
8848,レオパレス21,202403,20240510,422671,23313,19476,42062,205000,63905,100,29845,31.2,95.57,22.64,329389515
8850,スターツコーポレーション,202403,20240510,233408,30498,33396,22095,324109,162156,11039,73432,50,14.5,7.16,53998205
8860,フジ住宅,202503,20250502,123927,7894,6987,4764,183210,54674,4872,108692,29.8,9.02,2.71,36849912
8864,空港施設,202403,20240510,25950,3183,3175,2020,110461,58110,6826,32143,52.6,3.58,1.92,52979350
8869,明和地所,202403,20240513,71250,4973,3990,2781,124151,31973,3537,59025,25.8,8.98,2.31,23447684
8871,ゴールドクレスト,202403,20240509,24845,5735,5521,3753,203808,131413,12499,50200,64.5,2.87,1.91,35784000
8876,リログループ,202403,20240509,132580,27611,-19404,-27807,290165,38624,2667,82327,13.3,-51.86,-9.07,153016200
8877,エスリード,202403,20240510,80286,11631,11346,7518,168954,66873,1983,85336,39.6,11.76,4.93,15465600
8881,日神グループホールディングス,202403,20240510,81023,3579,3279,2163,122054,67269,10111,34952,55.1,3.25,1.78,46951260
8886,ウッドフレンズ,202405,20240711,33221,-1746,-2070,-2367,23823,4464,279,14273,18.7,-41.91,-7.63,1480000
8887,クミカ,202405,20240712,4765,295,302,212,15156,11252,2000,2076,74.2,1.87,1.31,12060300
8891,AMGホールディングス,202403,20240514,29089,1816,1713,1090,33147,10320,1168,17213,31.1,11.05,3.51,2906048
8892,日本エスコン,202503,20250425,113603,21311,17320,11193,459847,79140,16519,336394,17.2,14.76,2.6,98580887
8894,REVOLUTION,202410,20241220,5566,333,331,296,51628,18371,299,3615,35.6,3.01,1.1,116678357
8897,MIRARTHホールディングス,202403,20240513,185194,15457,12984,8178,337447,65718,4819,210210,19.5,12.87,2.41,140300000
8898,センチュリー21・ジャパン,202503,20250430,4045,1071,1178,802,7922,6611,517,-,83.5,12.37,10.31,11325000
8904,AVANTIA,202408,20241015,71021,946,919,589,67375,27750,3732,33590,41.2,2.13,0.85,14884300
8905,イオンモール,202502,20250411,449753,52146,42595,14260,1663276,498946,42389,669904,30,2.96,0.86,227571139
8908,毎日コムネット,202405,20240712,20772,2292,2218,1484,28821,12033,775,12197,41.8,12.87,5.29,18000000
8912,エリアクエスト,202406,20240808,2329,113,220,134,4346,1623,991,662,37.3,8.26,3.29,17145800
8914,エリアリンク,202412,20250214,24695,4906,4714,3200,55919,26769,6111,19536,47.9,12.36,6.06,25881800
8917,ファースト住建,202410,20241216,35985,1828,1799,2496,61171,39676,1584,13281,64.9,6.45,4.38,16901900
8918,ランド,202502,20250410,5092,977,970,874,10017,8893,50,571,88.8,10.62,8.8,1545140000
8919,カチタス,202403,20240507,126718,12672,12321,8497,77366,40289,3778,26500,52.1,22.38,11.83,78650640
8920,東祥,202403,20240510,30927,3958,4098,-2229,74219,35175,1580,22397,47.4,-6.13,-2.83,38315000
8923,トーセイ,202411,20250110,82191,18488,17364,11985,276815,90500,6624,165900,32.7,13.89,4.59,48683800
8927,明豊エンタープライズ,202407,20240912,20562,2341,1895,1375,28104,7985,614,16897,28.4,18.34,5.44,30539900
8928,穴吹興産,202406,20240808,134499,5718,7154,4843,136303,40378,755,70921,29.6,12.66,3.68,11535600
8929,青山財産ネットワークス,202412,20250213,45618,3506,3480,2428,22392,9773,1259,5970,43.6,25.2,10.58,25107659
8931,和田興産,202502,20250411,40130,5285,4502,3122,110655,32929,1403,57356,29.8,9.82,2.95,11100000
8934,サンフロンティア不動産,202403,20240510,79868,17600,17374,11917,188661,90519,11965,79540,48,13.92,6.99,48755500
8935,FJネクストホールディングス,202403,20240513,100405,9431,9434,6453,95281,68031,2774,12753,71.4,9.85,7.01,34646500
8938,グローム・ホールディングス,202403,20240515,1238,-144,-192,-198,8362,7610,3049,-,91,-2.56,-2.36,9051000
8940,インテリックス,202405,20240712,42702,931,607,414,40710,11854,2253,25668,29.1,3.51,0.96,8932100
8944,ランドビジネス,202409,20241114,9975,-1551,-1963,-2099,52032,16498,4969,29663,31.7,-11.92,-3.96,26780800
8945,サンネクスタグループ,202406,20240809,8371,653,653,1775,10894,7729,996,-,70.9,23.65,16.93,10809800
8946,ASIANSTAR,202412,20250213,3351,51,59,18,3329,2223,1705,238,66.8,0.82,0.52,23808200
8995,誠建設工業,202403,20240514,3189,178,192,131,6022,3962,578,1463,65.8,3.38,2.3,2012000
8996,ハウスフリーダム,202412,20250210,14488,882,768,484,16110,3370,328,11225,20.9,14.72,2.96,4110000
8999,グランディハウス,202403,20240513,51521,1175,877,416,74468,25047,2077,43407,33.6,1.62,0.57,30823200
9001,東武鉄道,202503,20250430,631461,74604,72716,51330,1753200,554508,102135,779054,31.6,9.42,2.97,201215421
9003,相鉄ホールディングス,202503,20250425,292178,37820,34812,22407,757264,181985,38803,415467,24,12.93,3.04,98145499
9005,東急,202403,20240513,1037819,94905,99292,63763,2652073,789256,121724,1255526,29.8,8.34,2.42,624869876
9006,京浜急行電鉄,202403,20240510,280624,28040,28402,83750,1086902,355108,43738,487373,32.7,26.75,8.28,275760547
9007,小田急電鉄,202403,20240514,409837,50766,50670,81524,1301567,459253,60359,576973,35.3,19.26,6.32,368497717
9008,京王電鉄,202403,20240510,408694,43840,43485,29243,1079388,393184,59023,435352,36.4,7.85,2.87,119701730
9009,京成電鉄,202403,20240426,296509,25241,51591,87657,1064202,451622,36803,339881,42.4,20.71,8.64,517233555
9010,富士急行,202403,20240508,50701,8151,7936,4571,100537,31336,9126,52148,31.2,15.98,4.54,54884738
9012,秩父鉄道,202403,20240515,4913,16,19,92,16453,4918,750,5555,29.9,1.85,0.55,1500000
9017,新潟交通,202403,20240515,19417,1682,1315,1064,56669,18090,4220,27282,31.9,6.07,1.88,3864000
9020,東日本旅客鉄道,202503,20250430,2887553,376786,321564,224285,10174224,2859544,200000,4648645,28.1,8.04,2.25,1134412200
9021,西日本旅客鉄道,202503,20250502,1707944,180161,165670,113958,3752359,1156654,226136,1443294,30.8,10.07,3.03,471009800
9022,東海旅客鉄道,202503,20250430,1831847,702794,649294,458423,10323345,4600536,112000,4308098,44.6,10.45,4.52,1030000000
9023,東京地下鉄,202503,20250428,407832,86942,77008,53748,2029745,716529,58100,1086811,35.3,7.76,2.65,581000000
9024,西武ホールディングス,202403,20240509,477598,47711,43000,26990,1635019,426714,50000,746473,26.1,6.75,1.67,323462920
9025,鴻池運輸,202403,20240510,315029,16634,17034,11349,277056,133267,1723,64765,48.1,8.92,4.18,56952442
9028,ゼロ,202406,20240808,140751,6222,6227,4150,70733,37210,3390,5100,52.6,11.77,6.52,17560242
9029,ヒガシホールディングス,202403,20240510,40635,2190,2309,1506,25535,12311,1001,5192,48.2,12.99,6.44,13264000
9031,西日本鉄道,202403,20240510,411649,25877,24538,24723,727002,229034,26157,316838,31.5,11.67,3.5,79360186
9033,広島電鉄,202403,20240514,30466,-1088,-970,656,98398,40647,2335,25716,41.3,1.66,0.68,30445500
9034,南総通運,202403,20240515,15480,1958,1947,1583,35177,21663,538,9323,61.6,7.52,4.53,10000000
9036,東部ネットワーク,202403,20240514,10304,315,401,78,24500,20183,553,312,82.4,0.4,0.33,5749000
9037,ハマキョウレックス,202403,20240520,140572,12569,13136,8305,154892,83937,6547,23511,54.2,10.3,5.58,76048000
9039,サカイ引越センター,202403,20240508,116861,12744,12904,8359,120811,89312,4731,4145,73.9,9.74,7.25,42324000
9041,近鉄グループホールディングス,202403,20240515,1629529,87430,84638,48073,2454316,519255,126476,1236892,21.2,10,1.97,190662061
9042,阪急阪神ホールディングス,202403,20240514,997611,105689,109413,67801,3052930,978237,99474,1160627,32,7.19,2.29,253008756
9044,南海電気鉄道,202503,20250430,260787,34655,35572,22496,976877,311215,72983,432950,31.9,7.45,2.33,113402446
9045,京阪ホールディングス,202403,20240510,302147,33904,33111,24890,820224,298488,51466,338325,36.4,8.78,3.12,113182703
9046,神戸電鉄,202403,20240513,22313,1859,1358,1024,90451,22942,11710,54882,25.4,4.64,1.13,8061566
9048,名古屋鉄道,202403,20240510,601121,34750,37544,24400,1303205,437965,101158,488205,33.6,5.79,1.93,196700692
9049,京福電気鉄道,202403,20240510,14042,1913,1945,2089,23002,10719,1000,6554,46.6,21.68,9.46,2000000
9051,センコン物流,202403,20240515,17543,561,588,383,18029,5500,1262,7982,30.5,7.16,2.15,5651000
9052,山陽電気鉄道,202403,20240514,39220,4326,4469,3110,114533,54377,10090,39188,47.5,5.98,2.76,22330598
9057,遠州トラック,202403,20240510,46940,2615,2678,2045,39304,21536,1284,11094,54.8,9.81,5.44,7546000
9059,カンダホールディングス,202403,20240515,51123,3432,3531,2273,46729,24025,1772,7646,51.4,9.87,5.11,23308720
9060,日本ロジテム,202403,20240515,62972,1017,995,499,47868,14866,3145,18166,31.1,3.5,1.06,1383310
9063,岡山県貨物運送,202403,20240510,37693,640,924,2495,46425,22488,2420,13600,48.4,11.76,5.41,2200000
9064,ヤマトホールディングス,202503,20250501,1762696,14206,19587,37937,1267428,589259,127234,120583,46.5,6.46,3.16,360496492
9065,山九,202403,20240513,563547,35216,36631,24379,505045,282048,28619,72596,55.8,8.84,4.94,55470257
9066,日新,202403,20240509,169934,8073,9463,8649,174346,96603,6097,23296,55.4,9.68,5.28,15512769
9067,丸運,202403,20240509,44992,509,704,416,36886,24733,3559,1370,67.1,1.7,1.12,28965449
9068,丸全昭和運輸,202403,20240509,140194,13204,14271,9741,191357,125928,10127,28675,65.8,8.11,5.28,20618244
9069,センコーグループホールディングス,202403,20240513,778370,29906,30503,15944,685120,179208,28479,277190,26.2,9.39,2.52,175692457
9070,トナミホールディングス,202403,20240514,142072,5774,6795,4061,169244,92190,14182,27688,54.5,4.53,2.45,9761011
9072,ニッコンホールディングス,202403,20240510,222324,21235,23875,16608,388446,245940,11316,79059,63.3,7,4.43,126479784
9073,京極運輸商事,202403,20240515,8414,32,123,60,8072,4327,160,897,53.6,1.45,0.77,3200000
9074,日本石油輸送,202403,20240513,34985,1561,1788,1154,41089,25006,1661,301,60.9,4.85,2.96,3322935
9075,福山通運,202403,20240515,287563,10448,12973,7834,503391,294654,30310,98146,58.5,2.79,1.6,40770363
9076,セイノーホールディングス,202403,20240514,642811,23403,24496,14561,689525,430381,42481,37339,62.4,3.33,2.09,187679783
9081,神奈川中央交通,202503,20250430,118149,7388,7745,5083,165444,57728,3160,60348,34.9,9.08,3.13,12600000
9082,大和自動車交通,202403,20240515,18377,-466,-440,-532,30075,9105,525,13928,30.3,-5.74,-1.8,5250000
9083,神姫バス,202403,20240514,49480,3145,3283,2251,63070,47392,3140,1904,75.1,4.88,3.64,6172000
9087,タカセ,202403,20240510,8190,171,224,305,9908,7225,2133,1335,72.9,4.32,3.06,2109026
9090,AZ-COM丸和ホールディングス,202403,20240513,198554,13845,14498,9119,134594,55117,9117,40722,41,20.03,7.4,137984520
9101,日本郵船,202403,20240508,2387240,174679,261341,228603,4254770,2650372,144319,816010,62.3,8.91,5.69,461000000
9104,商船三井,202503,20250430,1775470,150851,419703,425492,4984449,2686462,66562,1704970,53.9,16.88,9.35,362841027
9107,川崎汽船,202403,20240507,962300,84763,135796,104776,2109432,1591926,75457,263242,75.5,6.74,5.03,639172067
9110,NSユナイテッド海運,202503,20250430,247408,20224,19015,18621,287948,162738,10300,85316,56.5,11.92,6.48,23970679
9115,明海グループ,202403,20240515,65018,11398,5836,5189,276457,42774,1800,167378,15.5,13.29,1.88,36000000
9119,飯野海運,202403,20240507,137950,19063,21800,19745,293228,132069,13092,118764,45,16.27,7.07,108900000
9127,玉井商船,202403,20240515,6219,870,995,731,11818,7329,702,2648,62,10.59,6.39,1932000
9130,共栄タンカー,202403,20240510,14178,-124,186,146,70528,19367,2850,44688,27.5,0.78,0.21,7650000
9142,九州旅客鉄道,202403,20240509,420402,47094,48936,38445,1089170,441428,16000,400299,40.5,9.07,3.69,157301600
9143,SGホールディングス,202403,20240430,1316940,89204,90850,58279,897049,577510,11882,58183,64.4,10.3,6.47,640394400
9145,ビーイングホールディングス,202412,20250213,30190,2243,2257,1374,18222,7103,696,5107,39,21.1,7.84,6025000
9147,NIPPON_EXPRESSホールディングス,202412,20250214,2577643,49078,51885,31733,2297146,853949,70175,326084,37.2,3.84,1.44,261000000
9158,シーユーシー,202503,20250428,47043,5343,5246,3131,85167,29678,7669,23465,34.8,10.99,4.23,29990400
9159,W_TOKYO,202406,20240814,3957,508,496,327,3098,1652,238,895,53.3,22.38,10.51,2754400
9160,ノバレーゼ,202412,20250214,19299,1337,975,663,34732,8846,100,13528,25.5,7.79,1.98,25073094
9161,ID＆Eホールディングス,202406,20240814,158983,14124,15264,9677,206386,90956,7522,43311,44.1,10.64,4.69,15094372
9162,ブリーチ,202406,20240814,13806,-367,-429,-554,12900,9233,3375,2520,71.6,-8.88,-5.16,25484200
9163,ナレルグループ,202410,20241213,21608,3110,3059,2187,23617,13440,403,5571,56.9,17.07,9.48,8747349
9164,トライト,202412,20250213,57116,5186,4325,2917,77563,27845,10,27765,35.9,10.85,3.7,100000000
9165,クオルテック,202406,20240809,3623,381,366,270,4140,3155,392,167,76.2,9.76,7.38,2350000
9166,GENDA,202501,20250312,111786,7965,7305,3304,114368,35479,7436,48808,31,12.03,3.97,162659704
9168,ライズ・コンサルティング・グループ,202502,20250414,7680,1958,1908,1418,9200,6314,174,1595,68.6,24.73,16,24663040
9171,栗林商船,202403,20240510,48885,1533,2061,1673,77932,26441,1215,17719,33.9,6.98,2.25,12739696
9173,東海汽船,202412,20250214,14604,582,553,293,22506,4772,1100,11891,21.2,6.4,1.3,2200000
9193,東京汽船,202403,20240515,12515,368,684,572,29118,21600,500,2175,74.2,2.7,1.98,10010000
9201,日本航空,202503,20250502,1844095,168605,158900,107038,2794913,975058,273200,896023,34.9,11.36,3.93,437143500
9202,ANAホールディングス,202503,20250430,2261856,196639,200086,153027,3620297,1130317,467601,1340995,31.2,14.07,4.26,484293561
9204,スカイマーク,202403,20240515,104075,4668,7463,2997,110790,27857,100,30500,25.1,11.58,2.74,60329400
9206,スターフライヤー,202503,20250430,42900,1230,1933,1923,24531,4280,1895,2605,17.4,51.38,8,3600390
9211,エフ・コード,202412,20250214,5130,1432,1322,905,21749,6727,27,7288,30.9,18.25,5.53,12371000
9212,Green_Earth_Institute,202409,20241114,1002,-148,-138,-133,2736,1975,1600,145,72.2,-6.51,-4.92,11290900
9213,セイファート,202412,20250214,2130,21,28,20,1745,1082,266,14,62,1.83,1.12,1320800
9214,Recovery_International,202412,20250212,2043,180,201,145,1037,708,203,-,68.3,21.29,14.96,1414000
9215,CaSy,202411,20250114,1761,7,6,5,538,245,50,79,45.5,2.07,0.98,1892000
9216,ビーウィズ,202405,20240711,38253,2543,2527,1833,14096,9190,893,24,65.2,21.53,13.94,14096400
9218,メンタルヘルステクノロジーズ,202412,20250214,5134,109,39,-29,4625,1096,545,2568,23.7,-2.62,-0.91,10369300
9219,ギックス,202406,20240814,2117,133,132,88,2352,1979,286,45,84.1,4.45,3.74,5584831
9220,エフビー介護サービス,202403,20240515,10361,527,802,523,9499,3478,496,3603,36.6,16.09,5.65,2516000
9221,フルハシEPO,202403,20240514,8753,1039,1246,263,11325,5023,1497,2860,44.4,5.22,2.32,11779600
9223,ASNOVA,202403,20240514,3785,349,324,210,9386,3027,247,5841,32.3,7.22,2.52,12438400
9225,ブリッジコンサルティンググループ,202409,20241114,2017,231,231,169,1476,1059,182,89,71.7,15.96,11.45,2065000
9227,マイクロ波化学,202403,20240510,1863,134,130,-944,1894,856,2848,209,45.2,-73.69,-37.98,15852700
9229,サンウェルズ,202403,20240509,20107,2237,1685,779,31518,5110,35,6511,16.2,14.87,3.07,35220000
9233,アジア航測,202409,20241115,40270,2850,3039,1902,36413,20953,1673,1767,57.5,9.34,5.43,18614000
9235,売れるネット広告社グループ,202407,20240913,756,-308,-315,-326,1428,693,198,387,48.5,-47.04,-22.83,7375516
9236,ジャパンM＆Aソリューション,202410,20241213,602,-14,-14,-11,770,699,258,-,90.8,-1.7,-1.45,1519300
9237,笑美面,202410,20241213,1301,216,213,179,1128,720,268,115,63.8,30.24,18.68,2025190
9238,バリュークリエーション,202502,20250414,3431,121,131,86,4304,581,157,689,13.5,15.78,2.17,2300800
9240,デリバリーコンサルティング,202407,20240913,2703,211,210,155,1487,1065,157,51,71.6,15.52,11.05,4834700
9241,フューチャーリンクネットワーク,202408,20241015,1515,-38,-39,2,904,238,277,286,26.3,0.86,0.24,845208
9242,メディア総研,202407,20240913,1155,189,193,105,1550,1305,249,-,84.2,8.44,7.22,1230300
9244,デジタリフト,202409,20241114,3326,33,-48,-74,2286,605,138,1224,26.5,-11.54,-3.51,1568700
9245,リベロ,202412,20250214,3586,455,474,338,5826,2250,433,-,38.6,16.31,6.61,5362000
9246,プロジェクトホールディングス,202412,20250214,5279,-187,-229,-393,5540,2241,50,2229,40.5,-16.08,-7.03,5872450
9247,TREホールディングス,202403,20240515,92860,7769,7787,3623,142159,67139,10000,52600,47.2,5.46,2.64,52610712
9248,人・夢・技術グループ,202409,20241126,39814,1790,1756,-190,37317,20100,3107,4363,53.9,-0.93,-0.52,9416000
9249,日本エコシステム,202409,20241114,9301,764,806,622,9252,5397,1000,1910,58.3,12.62,7.06,8712300
9250,GRCS,202411,20250114,3288,44,25,112,1923,392,363,648,20.4,39.65,6.67,1380130
9251,AB＆Company,202410,20241213,18183,1740,1581,1076,24747,8472,195,7200,34.2,12.65,4.38,15159714
9252,ラストワンマイル,202408,20241018,11771,940,902,825,9780,3350,415,2403,34.3,34.39,12.57,3298070
9253,スローガン,202502,20250411,1350,124,119,86,2094,1488,15,-,71.1,5.88,4.23,2751375
9254,ラバブルマーケティンググループ,202410,20241213,2161,137,147,72,1726,262,50,965,15.2,17.69,4.6,1446775
9256,サクシード,202403,20240509,3227,332,332,223,2762,2207,337,-,79.9,10.66,8.54,3578700
9257,YCPホールディングス（グローバル）リミテッド（外国株）,-,-,-,-,-,-,-,-,-,-,-,-,-,-
9258,CS-C,202409,20241114,2725,-4,-3,-9,2896,2298,761,5,79.4,-0.39,-0.32,6662300
9259,タカヨシホールディングス,202409,20241111,7838,906,901,540,7713,2829,696,2068,36.7,19.09,7,5610500
9262,シルバーライフ,202407,20240912,13555,768,965,668,9875,6423,731,1711,65,10.83,6.87,10862800
9264,ポエック,202408,20241015,8371,555,430,195,11350,4114,1664,5767,36.2,4.83,1.85,4700826
9265,ヤマシタヘルスケアホールディングス,202405,20240712,61555,967,1020,580,26557,8542,494,-,32.2,7.05,2.27,2553000
9267,Genky_DrugStores,202406,20240729,184860,9015,9268,6324,113939,46573,1024,30496,40.9,14.51,5.75,30996968
9268,オプティマスグループ,202403,20240515,123934,6889,5235,2854,137578,19559,479,88613,14.2,15.67,3.04,76847420
9270,バリュエンスホールディングス,202408,20241011,81468,-426,-764,-1709,26648,6530,1295,16072,24.5,-22.76,-6.29,13744460
9271,和心,202412,20250213,2094,416,389,398,1275,521,50,431,40.9,128.8,34.62,6412500
9272,ブティックス,202403,20240514,4414,916,911,608,4856,2021,50,1412,41.6,30.08,12.52,10160400
9273,コーア商事ホールディングス,202406,20240809,22134,4382,4368,2946,32004,25051,1338,2824,78.3,12.82,9.74,42119980
9274,KPPグループホールディングス,202403,20240514,644435,15819,12475,10613,344562,81812,4723,86029,23.7,14.19,3.14,67244284
9275,ナルミヤ・インターナショナル,202502,20250403,39152,1860,1819,1403,13996,7027,255,1917,50.2,21.53,9.97,10122830
9278,ブックオフグループホールディングス,202405,20241015,111657,3051,3448,1705,54542,20236,100,19103,37.1,8.72,3.26,20547413
9279,ギフトホールディングス,202410,20241213,28472,2909,2972,1875,17099,8372,824,3998,49,24.77,12.66,19995431
9301,三菱倉庫,202503,20250430,284069,20310,18620,31864,626058,374669,22393,102033,59.8,8.17,4.88,378882295
9302,三井倉庫ホールディングス,202403,20240510,260593,20754,21010,12107,263543,109908,11219,76736,41.7,11.92,4.64,74953206
9303,住友倉庫,202403,20240510,184661,13187,16880,12490,436920,255131,14922,91180,58.4,5.29,3.04,77747315
9304,澁澤倉庫,202403,20240510,73417,4271,5091,3728,112772,61737,7847,27222,54.7,6.28,3.26,15217747
9305,ヤマタネ,202403,20240510,64512,3489,3184,2442,153687,51765,10555,70546,33.7,5.07,1.75,11344181
9306,東陽倉庫,202403,20240510,27875,1129,1820,1369,47534,25197,3412,15623,53,5.65,2.93,7864990
9307,杉村倉庫,202503,20250430,11235,1366,1379,917,22353,16775,2630,2848,75,5.6,4.13,16419110
9308,乾汽船,202403,20240513,29494,1678,1917,1194,66505,31618,2767,28673,47.5,3.64,1.75,26072960
9310,日本トランスシティ,202403,20240513,122555,6241,7352,4633,160323,85521,8428,41712,53.3,5.72,3.11,67142417
9311,アサガミ,202403,20240515,39634,1537,1636,858,45549,20114,2189,11962,44.2,4.39,1.89,1418000
9312,ケイヒン,202403,20240510,46520,2668,2988,2049,49499,28235,5376,8316,57,7.78,4.36,6536445
9313,丸八倉庫,202411,20250110,4991,619,634,901,18832,12117,2527,4365,64.3,7.77,4.85,7300000
9319,中央倉庫,202403,20240510,26512,1934,2229,1698,58016,45331,2734,6007,78.1,3.86,2.97,19064897
9322,川西倉庫,202403,20240510,24993,1159,1233,796,38138,20620,2108,8940,54.1,3.99,2.1,8258322
9324,安田倉庫,202403,20240507,67384,2642,3951,2302,211656,93405,3602,77049,44.1,2.7,1.22,30360000
9325,ファイズホールディングス,202403,20240509,27530,1319,1365,853,7743,3285,326,606,42.4,28.06,11.68,10822800
9326,関通,202502,20250411,15270,-47,-92,-848,10319,2090,788,6199,20.3,-33.17,-8.22,10308150
9327,イー・ロジット,202403,20240515,13121,-1193,-1179,-2466,4342,-1084,604,1706,-,-,-56.79,7459000
9330,揚羽,202409,20241114,1560,1,42,27,1292,955,279,99,73.9,2.87,1.96,1428500
9331,キャスター,202408,20241011,4440,-151,-158,-217,2455,1103,190,525,44.9,-19.67,-8.84,1960460
9332,NISSOホールディングス,202403,20240509,96858,3058,3056,1952,31354,15058,2016,2062,48,12.96,6.23,34024720
9336,大栄環境,202403,20240513,73035,19714,20589,13591,172796,87557,5907,61067,50.7,16.37,8.08,99892900
9337,トリドリ,202412,20250213,4273,454,437,258,4841,1419,89,1748,29.3,19.8,6.35,3279420
9338,INFORICH,202412,20250213,10701,1662,1751,2061,18908,5319,37,6870,28.1,49.09,14.9,9617900
9339,コーチ・エィ,202412,20250210,3642,155,199,111,4345,3065,605,-,70.5,3.7,2.57,2342175
9340,アソインターナショナル,202406,20240813,3544,545,555,386,3184,2763,354,-,86.8,14.77,12.85,9768600
9341,GENOVA,202403,20240513,8683,2301,2309,1726,8199,5780,773,376,70.5,35.16,25.36,17806600
9342,スマサポ,202409,20241114,2674,108,112,106,689,441,213,-,64,27.32,17.29,2405200
9343,アイビス,202412,20250210,4625,1155,1170,839,3200,2094,390,43,65.4,49.64,31.61,3660044
9344,アクシスコンサルティング,202406,20240814,4665,833,831,502,4112,3166,758,74,77,17.25,13.19,5013540
9345,ビズメイツ,202412,20250214,3474,378,340,229,2696,1756,128,143,65.1,14.05,9.64,1608125
9346,ココルポート,202406,20240814,5750,704,718,525,3168,2349,563,8,74.1,25.25,18.5,3673550
9347,日本管財ホールディングス,202403,20240508,122674,8271,8225,5680,92645,68132,3000,512,73.5,8.34,6.13,41180306
9348,ispace,202403,20240510,2357,-5501,-6097,-2366,27033,9745,7775,12518,36,-,-13.83,105675203
9351,東洋埠頭,202403,20240514,34697,978,1152,980,48435,26397,8260,13223,54.5,3.91,2.07,7740000
9353,櫻島埠頭,202403,20240514,4112,235,335,211,10076,6265,770,1593,62.2,3.76,2.34,1540000
9355,リンコーコーポレーション,202403,20240510,13110,152,274,357,38589,17852,1950,9550,46.3,2.11,0.95,2700000
9360,鈴与シンワート,202403,20240514,17160,1021,1067,770,10714,3580,802,1327,33.4,23.1,7.37,3000000
9361,伏木海陸運送,202406,20240809,12935,741,714,468,23045,11053,1850,5985,48,4.33,2.06,2615400
9362,兵機海運,202503,20250430,13726,548,618,435,12546,4853,612,5228,38.7,9.19,3.41,1224000
9363,大運,202403,20240514,8091,194,264,291,5912,3741,2394,851,63.3,8.57,5.28,6228039
9364,上組,202403,20240510,266785,30592,34185,25035,483921,385666,31642,30000,79.7,6.62,5.33,106576837
9365,トレーディア,202403,20240514,15007,199,363,326,10412,4400,735,3827,42.3,8.07,3.13,1470000
9366,サンリツ,202403,20240513,19398,865,786,572,21356,10620,2523,5968,49.7,5.52,2.69,6006373
9367,大東港運,202403,20240514,16051,641,796,534,14736,9010,856,2138,61.1,6.13,3.7,9389000
9368,キムラユニティー,202503,20250428,61129,4603,5117,3300,64549,39212,3596,4162,60.7,8.47,5.11,47087600
9369,キユーソー流通システム,202411,20250109,195192,5562,4887,2660,130635,42902,4063,40276,32.8,6.4,2.13,25355800
9376,ユーラシア旅行社,202409,20241106,4598,106,120,120,2931,1748,312,-,59.6,7.02,4.32,3690000
9377,エージーピー,202403,20240513,12986,1059,1075,689,13796,9353,2038,607,67.8,7.44,5.08,13910000
9380,東海運,202403,20240515,39746,288,152,317,38729,16865,2294,7570,43.5,1.92,0.83,28923000
9381,エーアイテイー,202502,20250414,55638,4073,4532,3047,25538,19049,500,-,74.6,16.67,12.34,23913600
9384,内外トランスライン,202412,20250210,38016,4138,4492,3154,27396,22237,243,-,81.2,15.12,12.43,10698000
9385,ショーエイコーポレーション,202403,20240514,19446,776,1443,1009,9621,3801,715,3180,39.5,30.55,9.77,7850000
9386,日本コンセプト,202412,20250213,18229,2846,2882,1931,27562,19483,1134,1675,70.7,10.23,7.09,13868500
9399,ビート・ホールディングス・リミテッド（外国株）,-,-,-,-,-,-,-,-,-,-,-,-,-,18203556
9401,TBSホールディングス,202403,20240514,394309,15175,27653,38126,1567504,1137660,54986,3783,72.6,3.97,2.89,165591065
9404,日本テレビホールディングス,202403,20240509,423523,41877,49503,34660,1183299,918593,18600,5628,77.6,3.95,3.12,263822080
9405,朝日放送グループホールディングス,202403,20240513,90452,832,723,-884,123225,73024,5299,14071,59.3,-1.24,-0.72,41833000
9408,BSNメディアホールディングス,202403,20240513,23041,1341,1527,694,31563,21227,300,494,67.3,3.46,2.34,6000000
9409,テレビ朝日ホールディングス,202403,20240510,307898,12337,19919,17138,520432,421752,36699,-,81,4.21,3.38,108529000
9412,スカパーJSATホールディングス,202503,20250425,123721,27488,27290,19106,403414,281509,10172,55151,69.8,6.93,4.72,297681264
9413,テレビ東京ホールディングス,202403,20240515,148587,8836,9599,6736,147094,99075,10000,5716,67.4,7.01,4.69,27579500
9414,日本BS放送,202408,20241010,12241,2083,2097,1455,25894,23581,4190,-,91.1,6.3,5.75,17816932
9416,ビジョン,202412,20250213,35528,5365,5422,3375,25261,17467,2713,599,69.1,21.19,14.48,50938600
9417,スマートバリュー,202406,20240814,3814,-308,-312,-348,4037,1689,1044,829,41.8,-18.26,-8.81,10679800
9418,U-NEXT_HOLDINGS,202408,20241010,326754,29110,28321,15357,228962,81867,99,62888,35.8,20.43,7.15,180375333
9419,ワイヤレスゲート,202412,20250213,8462,305,301,283,2992,1314,933,300,43.9,24.67,9.5,10938574
9421,エヌジェイホールディングス,202406,20240809,9698,102,96,274,3943,1580,592,1100,40.1,18.99,6.73,5350400
9423,フォーバル・リアルストレート,202403,20240513,3066,169,170,130,1301,598,100,-,46,23.44,10.43,24277800
9424,日本通信,202403,20240509,7400,1139,1183,1365,4409,2769,545,-,62.8,65.44,36.65,165923739
9425,ReYuu_Japan,202410,20241213,4731,-64,-79,-86,1887,866,50,875,45.9,-8.97,-4.52,5741500
9428,クロップス,202403,20240514,54487,2127,2316,1206,33380,11407,255,2869,34.2,11,3.76,9597400
9432,日本電信電話,202403,20240510,13374569,1922910,1980457,1279521,29604223,9844160,937950,9591014,33.3,13.9,4.66,90550316400
9433,KDDI,202403,20240510,5754047,961584,992725,637874,14146060,5253362,141852,1984383,37.1,12.3,4.89,4383692832
9434,ソフトバンク,202403,20240509,6084002,876068,805912,489074,15521906,2377074,214394,6320887,15.3,21.25,3.24,47751490700
9435,光通信,202403,20240515,601948,94546,168000,122225,2078956,790478,54259,822493,38,17.95,6.48,44269642
9436,沖縄セルラー電話,202403,20240508,77990,17014,17188,12129,115573,95086,1414,-,82.3,12.51,10.31,48314982
9438,エムティーアイ,202409,20241107,27669,2394,2827,2363,29686,15447,5310,2430,52,16.07,8.03,60290800
9439,エム・エイチ・グループ,202406,20240816,1877,23,26,12,1857,561,215,142,30.2,2.23,0.65,11642100
9441,ベルパーク,202412,20250212,116038,4263,4352,3177,50663,34166,1148,70,67.4,9.61,6.47,20197800
9444,トーシンホールディングス,202404,20240619,17376,654,604,447,25088,3596,742,16629,14.3,12.98,1.85,6536800
9445,フォーバルテレコム,202403,20240513,23115,1023,1008,750,10299,2906,553,1300,28.2,28.05,7.03,16757700
9446,サカイホールディングス,202409,20241114,15484,1406,1322,1322,21129,4649,747,13698,22,29.8,6.07,10956500
9449,GMOインターネットグループ,202412,20250212,277407,46653,46565,13373,2151114,86340,5000,554872,4,15.84,0.68,108273680
9450,ファイバーゲート,202406,20240814,12613,2387,2395,1567,13076,5790,494,4442,44.3,29.88,12.13,20593600
9466,アイドママーケティングコミュニケーション,202403,20240513,5837,301,296,158,4581,2958,513,465,64.6,5.43,3.46,13520000
9467,アルファポリス,202403,20240510,10334,2272,2279,1403,13946,11689,863,37,83.8,12.77,10.64,29062200
9468,KADOKAWA,202403,20240509,258109,18454,20236,11384,340310,190593,40624,25349,56,5.79,3.15,148990296
9470,学研ホールディングス,202409,20241108,185566,6880,6903,2260,130714,51474,19817,37382,39.4,4.34,1.69,44633232
9474,ゼンリン,202503,20250425,64363,3923,3936,2606,73973,49833,6557,2347,67.4,5.26,3.49,57301365
9475,昭文社ホールディングス,202403,20240515,6410,437,519,1771,18879,12690,10141,770,67.2,15.27,10.28,18178173
9476,中央経済社ホールディングス,202409,20241112,3100,119,127,-172,5822,4153,383,455,71.3,-4.09,-2.93,4398464
9478,SEホールディングス・アンド・インキュベーションズ,202403,20240508,7318,1215,1143,729,14468,8525,1534,2980,58.9,9.4,5.53,18084226
9479,インプレスホールディングス,202403,20240513,14466,-483,-366,-1036,14545,8288,5341,521,57,-11.64,-6.8,37371500
9501,東京電力ホールディングス,202503,20250430,6810391,234452,254443,161278,14986993,3759230,1400975,6168269,25.1,4.44,1.09,1607017531
9502,中部電力,202503,20250428,3669234,242045,276400,202087,7124812,2786524,430777,2757168,39.1,7.52,2.84,758000000
9503,関西電力,202503,20250430,4337111,468877,531686,420364,9652655,3065857,630040,3906823,31.8,15.75,4.5,1114927528
9504,中国電力,202503,20250430,1529218,129148,128543,98474,4360959,707535,197024,2931714,16.2,15.01,2.32,387154692
9505,北陸電力,202503,20250428,858275,101034,91363,65148,1859830,380725,117641,1012691,20.5,18.92,3.51,210333694
9506,東北電力,202503,20250430,2644912,280332,256725,182807,5398213,985184,251441,2932039,18.3,20.17,3.39,502882585
9507,四国電力,202503,20250430,851399,89073,91611,68324,1687484,438018,145551,830796,26,17.11,4.12,207528202
9508,九州電力,202503,20250430,2356833,199564,194669,128766,5774025,999470,237304,3362954,17.3,13.63,2.24,474183951
9509,北海道電力,202503,20250430,902053,75838,64051,64218,2244003,391932,114291,1262210,17.5,18.06,2.93,215291912
9511,沖縄電力,202503,20250430,236540,7322,5665,4322,500411,121357,7586,266800,24.3,3.63,0.87,56927965
9513,電源開発,202403,20240509,1257998,105704,118535,77774,3475749,1215922,180502,1867000,35,6.76,2.27,183051100
9514,エフオン,202406,20240808,17473,600,346,281,45262,18234,2292,23882,40.3,1.54,0.62,21635189
9517,イーレックス,202403,20240510,244977,-19851,-18388,-22257,145180,47505,11362,55943,32.7,-40.62,-14.06,78066758
9519,レノバ,202403,20240508,44748,5017,11864,8857,465399,68005,2405,297334,14.6,15.96,2.3,91212100
9531,東京瓦斯,202503,20250428,2636809,133090,113599,74194,3855093,1725446,141844,1308007,44.8,4.34,1.92,388893859
9532,大阪瓦斯,202403,20240508,2083050,172553,226563,132679,2980127,1577513,132166,882575,52.9,8.94,4.58,404105300
9533,東邦瓦斯,202503,20250430,656010,30887,32412,25454,758765,448394,33072,133322,59.1,5.62,3.41,98220085
9534,北海道瓦斯,202503,20250428,170295,14328,14428,10404,195431,86269,7515,48654,44.1,12.76,5.45,88689030
9535,広島ガス,202403,20240510,90670,3185,3375,2329,137628,67128,5268,46622,48.8,3.54,1.67,68603372
9536,西部ガスホールディングス,202503,20250430,254442,10530,10611,6362,447774,103832,20629,233935,23.2,6.3,1.45,37187567
9537,北陸瓦斯,202403,20240515,61405,-943,-599,-1759,63033,46442,2400,1148,73.7,-3.73,-2.78,4800000
9539,京葉瓦斯,202412,20250214,115609,1339,2266,1623,168250,95623,2754,28062,56.8,1.75,0.99,32805000
9543,静岡ガス,202412,20250212,202237,10302,13083,8776,170202,118113,6279,18889,69.4,7.78,5.4,76192950
9551,メタウォーター,202503,20250424,179094,10626,9951,6852,196783,81304,11946,40425,41.3,8.89,3.75,44258500
9552,M＆A総研ホールディングス,202409,20241029,16549,8408,8405,5788,11999,9014,80,47,75.1,79.22,56.95,59312793
9553,マイクロアド,202409,20241114,13712,307,294,282,8394,3272,1012,2404,39,8.84,3.7,27801354
9554,AViC,202409,20241114,1934,446,441,310,2493,1562,195,329,62.7,19.85,12.43,6147400
9556,INTLOOP,202407,20240913,27077,1506,1535,902,12139,4783,55,2834,39.4,18.86,7.43,4679480
9557,エアークローゼット,202406,20240814,4216,-35,-52,-53,2710,505,50,1577,18.6,-9.98,-2.03,8236200
9558,ジャパニアス,202411,20250114,11211,945,1022,722,4949,2996,22,-,60.5,24.67,15.15,4010900
9560,プログリット,202408,20241009,4453,824,817,610,3886,1788,322,151,46,42.36,18.73,12638896
9561,グラッドキューブ,202412,20250214,1559,-267,-274,-629,2570,750,371,927,29.2,-59.12,-21.71,8422440
9562,ビジネスコーチ,202409,20241108,1601,79,79,54,1375,687,208,34,50,7.86,3.93,1105800
9563,Atlas_Technologies,202412,20250214,2120,-382,-373,-852,1937,1654,681,-,85.4,-41.07,-36.31,7370000
9564,FCE,202409,20241113,5006,721,706,502,5078,3371,762,301,66.4,19.79,11.99,21976800
9565,GLOE,202410,20241212,2260,16,13,-19,1030,469,148,261,45.5,-3.98,-1.78,2763558
9600,アイネット,202403,20240509,37763,2887,2935,2197,37607,20097,3203,7298,53.4,11.66,6.26,15475524
9601,松竹,202502,20250414,83974,1664,-2500,-664,208900,93056,33018,68833,44.5,-0.71,-0.32,13937857
9602,東宝,202502,20250414,313171,64684,64455,43357,653068,478390,10355,1908,73.3,9.25,6.83,176000000
9603,エイチ・アイ・エス,202410,20250331,343334,10854,10451,8717,412200,51968,100,199094,12.6,17.3,2.04,79860936
9605,東映,202403,20240515,171345,29342,35317,13971,411406,236450,11707,14226,57.5,6.22,3.53,73844545
9610,ウィルソン・ラーニングワールドワイド,202403,20240515,1750,-556,-591,-588,1765,855,810,101,48.4,-59.88,-30.23,8003580
9612,ラックランド,202412,20250214,47659,233,388,-479,25495,9289,3992,4947,36.4,-4.96,-1.81,10397100
9613,NTTデータグループ,202403,20240509,4367387,309551,248602,133869,7219429,1719204,142520,2175313,23.8,8.44,2,1402500000
9616,共立メンテナンス,202403,20240515,204126,16708,21116,12414,270921,86604,7964,137945,32,15.4,4.57,78439636
9619,イチネンホールディングス,202503,20250502,154920,10279,10318,6657,205371,64684,2529,108673,31.5,10.65,3.26,24262227
9621,建設技術研究所,202412,20250214,97678,9396,9535,6746,87694,61453,3025,2109,70.1,11.6,8.05,28318172
9622,スペース,202412,20250213,64182,3477,3546,2554,40953,32619,3395,57,79.6,8.07,6.5,26600319
9625,セレスポ,202403,20240510,8959,-383,-378,-269,12152,10025,1370,550,82.5,-2.58,-2.01,5703500
9627,アインホールディングス,202404,20240606,399824,20432,21377,11401,249409,135307,21894,6694,54.3,8.71,4.74,35428212
9628,燦ホールディングス,202403,20240510,22437,3789,3800,2363,37585,32877,2568,-,87.5,7.33,6.4,23000000
9629,ピー・シー・エー,202503,20250425,16237,2637,2688,1741,34974,19044,890,-,54.5,9.23,5.08,22000000
9632,スバル興業,202501,20250314,30274,4808,4872,3238,40822,35517,1331,-,87,9.39,8.14,13310000
9633,東京テアトル,202403,20240514,17087,248,294,233,24564,12692,4552,5378,51.7,1.89,0.97,8013000
9635,武蔵野興業,202403,20240514,1282,20,18,4,5978,3582,1004,337,59.9,0.11,0.07,1050000
9636,きんえい,202501,20250313,3571,282,292,154,5923,2580,564,493,43.6,6.12,2.61,2821000
9639,三協フロンテア,202403,20240514,52369,8072,8125,5287,68586,44870,1545,3322,65.4,12.27,8.15,23356800
9640,セゾンテクノロジー,202403,20240510,23864,1024,1072,603,22696,14220,1367,-,62.7,4.16,2.74,16200000
9644,タナベコンサルティンググループ,202403,20240513,12739,1009,1012,641,14139,10904,1772,210,77.1,5.76,4.49,34000000
9647,協和コンサルタンツ,202411,20250117,8061,762,759,512,7421,3813,1000,1000,51.4,14.4,7.06,586100
9651,日本プロセス,202405,20240709,9468,956,1008,730,12803,10456,1487,-,81.7,7.11,5.81,10645020
9656,グリーンランドリゾート,202412,20250214,6412,774,780,534,19010,10177,4180,5543,53.5,5.34,2.82,10346683
9658,ビジネスブレイン太田昭和,202403,20240508,34218,20697,20581,14145,44714,28967,2233,15,64.8,64.41,37.67,12725000
9661,歌舞伎座,202502,20250414,3106,218,246,274,24348,11293,2365,-,46.4,2.51,1.14,12170000
9663,ナガワ,202403,20240513,32576,4241,4643,3119,66876,59725,2855,-,89.3,5.51,4.96,16357214
9672,東京都競馬,202412,20250214,40443,13926,13912,9706,122405,91029,10586,19166,74.4,10.92,8.15,28764854
9678,カナモト,202410,20241206,207218,14569,15218,9013,322853,140008,17829,54453,43.4,6.57,2.82,38742241
9679,ホウライ,202409,20241031,5480,571,724,308,19799,9379,4340,3099,47.4,3.33,1.59,4212000
9682,DTS,202503,20250501,125908,14489,15457,10635,80387,58061,6113,-,72.2,17.68,12.87,41498032
9684,スクウェア・エニックス・ホールディングス,202403,20240513,356344,32558,41541,14912,410876,316496,24039,-,77,4.71,3.68,122531596
9685,KYCOMホールディングス,202403,20240513,6091,539,575,419,7717,4097,1612,2393,53.1,11.02,5.78,5115492
9686,東洋テック,202403,20240509,31249,966,1063,626,35772,21312,4618,6111,59.6,2.99,1.86,11440000
9687,KSK,202503,20250430,23608,2419,2506,1860,22944,16526,1448,-,72,11.48,8.3,7636368
9691,両毛システムズ,202403,20240509,18170,1850,1859,944,21840,12291,1966,3500,56.3,8.09,4.64,3510000
9692,シーイーシー,202501,20250313,56208,6696,6807,4040,52636,40366,6586,350,76.7,9.96,7.77,36059600
9696,ウィザス,202403,20240513,20690,1969,1952,904,18315,6186,1299,965,33.8,15.29,4.78,10140000
9697,カプコン,202403,20240509,152410,57081,59422,43374,243476,195081,33239,7217,80.1,24.35,18.82,533011246
9698,クレオ,202403,20240508,14351,1085,1100,717,10057,7296,3149,-,72.5,10.1,7.24,8585688
9699,ニシオホールディングス,202409,20241108,198995,18044,17400,11599,290682,132148,8100,55658,45.5,9.12,4.12,28391464
9701,東京會舘,202403,20240510,14883,1047,986,1535,26430,9597,3700,11880,36.3,17.92,5.94,3463943
9702,アイ・エス・ビー,202412,20250214,33954,2800,2892,2032,19800,13504,2392,120,68.2,16.05,10.75,11463141
9704,アゴーラホスピタリティーグループ,202412,20250214,8377,501,248,108,20653,3708,8534,8938,18,3.03,0.56,281708934
9706,日本空港ビルデング,202403,20240510,217578,29527,27225,19255,460423,168171,38126,227001,36.5,12.09,4.24,93145400
9708,帝国ホテル,202403,20240510,53335,2839,3296,3377,65706,43036,1485,-,65.5,8.13,5.3,118800000
9709,NCS＆A,202403,20240514,18907,1638,1759,1536,19211,12253,3775,-,63.8,13.42,8.13,18000000
9713,ロイヤルホテル,202403,20240513,20668,557,587,901,31568,19877,100,-,63,4.64,2.83,15303369
9715,トランス・コスモス,202503,20250430,375849,14475,15683,11332,207984,118646,29065,16533,57,9.98,5.56,43863116
9716,乃村工藝社,202502,20250410,150256,8897,9059,6757,102500,54281,6497,-,53,12.92,7.14,119896588
9719,SCSK,202503,20250430,596065,66121,65547,45035,885029,291420,21561,255083,32.9,15.17,6.64,312875169
9720,ホテル、ニューグランド,202411,20250114,5856,254,244,303,8472,3535,100,2692,41.7,8.93,3.69,1181448
9722,藤田観光,202412,20250213,76211,12309,12623,9134,94041,25651,100,37428,27.3,35.39,9.74,12207424
9723,京都ホテル,202403,20240514,9138,953,807,934,16451,1989,100,12616,12.1,60.59,5.74,12065400
9726,KNT-CTホールディングス,202403,20240509,255427,7272,7977,7540,132082,44116,100,-,33.4,18.85,5.57,27331013
9729,トーカイ,202403,20240510,138222,8082,8505,5810,114926,86184,8108,1579,75,6.92,5.15,36041346
9731,白洋舎,202412,20250214,43580,2295,2501,2215,32753,10453,2410,9834,31.9,23.6,6.72,3900000
9733,ナガセ,202503,20250430,55255,4864,3879,1956,90107,31172,2138,29978,34.6,6.53,2.19,30445227
9735,セコム,202403,20240510,1154740,140658,166859,101951,2080781,1224375,66427,40915,58.8,8.54,5.01,466599796
9739,NSW,202403,20240513,50299,5862,5940,4287,44138,33174,5500,-,75.2,13.6,10.11,14900000
9740,セントラル警備保障,202502,20250411,71417,4331,4566,3230,63522,39408,2924,1957,62,8.42,5.05,14816692
9742,アイネス,202503,20250430,40563,3536,3608,2436,56727,39192,15000,7582,69.1,6.33,4.38,20900000
9743,丹青社,202501,20250317,91858,5147,5316,3875,54195,33370,4026,668,61.6,11.92,7.39,48424071
9744,メイテックグループホールディングス,202403,20240509,126976,17660,17667,12343,90761,47696,5000,-,52.6,26.15,14.08,78000000
9746,TKC,202409,20241113,75219,15505,16035,11274,124882,102176,5700,71,81.8,11.42,9.35,52301466
9749,富士ソフト,202412,20250213,317482,22033,21817,21147,258699,138689,26200,49237,53.6,16.1,8.19,67400000
9753,アイエックス・ナレッジ,202403,20240510,21748,1655,1739,1275,13652,8813,1180,200,64.6,15.64,9.69,10800000
9755,応用地質,202412,20250212,74085,4380,5316,4010,106837,77801,16174,4123,72.8,5.27,3.87,24860000
9757,船井総研ホールディングス,202412,20250207,30645,8324,8411,5993,31438,24269,3125,300,77.2,24.3,19,50000000
9759,NSD,202403,20240508,101263,15180,15340,10262,86405,62371,7205,3220,72.2,17.53,13.28,86000000
9760,進学会ホールディングス,202403,20240510,4724,-1347,-1327,-1667,23297,9963,3984,6502,42.8,-15.47,-7.79,20031000
9761,東海リース,202403,20240514,17175,998,1060,675,34549,16078,8032,12229,46.5,4.31,2.05,3494322
9763,丸紅建材リース,202403,20240510,21325,1326,1581,1161,32540,15837,2651,5282,48.7,7.6,3.61,3429440
9765,オオバ,202405,20240711,16485,1842,1929,1339,17966,12209,2131,-,68,11.77,7.86,16750000
9766,コナミグループ,202403,20240509,360314,80262,82685,59171,605850,427362,47399,59862,70.5,14.73,10.26,143500000
9767,日建工学,202403,20240515,6192,293,398,284,7198,4397,1004,394,61.1,6.7,4.02,1862254
9768,いであ,202412,20250210,24310,3254,3423,2376,37452,28726,3173,500,76.7,8.6,6.6,7499025
9769,学究社,202403,20240513,13198,2694,2715,1827,10909,6488,1216,1458,59.5,29.75,16.93,10968356
9776,札幌臨床検査センター,202403,20240513,19682,534,514,380,16680,10937,983,1599,65.6,3.53,2.29,4216000
9778,昴,202502,20250411,3450,93,107,57,6925,3570,990,1660,51.6,1.58,0.81,693576
9780,ハリマビステム,202403,20240514,26618,964,1058,756,14125,8457,654,703,59.9,9.36,5.68,9624490
9782,ディーエムエス,202403,20240515,26903,1370,1409,1519,21321,16687,1092,375,78.3,9.48,6.99,7262020
9787,イオンディライト,202502,20250410,337929,16429,16633,11524,169882,109274,3238,260,64.3,10.85,6.98,48469633
9788,ナック,202403,20240515,54433,2298,2390,1436,37615,22715,6729,6378,60.4,6.25,3.76,46613500
9790,福井コンピュータホールディングス,202403,20240510,13821,5585,5676,3817,29763,24407,1631,-,82,16.56,13.51,20700000
9791,ビケンテクノ,202403,20240515,38371,2131,2448,1310,41182,20806,1808,11517,50.5,6.47,3.26,7718722
9793,ダイセキ,202502,20250408,67304,14318,14830,9307,113635,84327,6382,6034,74.2,11.29,8.37,51000000
9795,ステップ,202409,20241031,15098,3511,3564,2508,29260,26236,1778,240,89.7,9.61,8.66,16670000
9799,旭情報サービス,202503,20250501,15820,1585,1611,1189,14645,11684,733,210,79.8,10.5,8.32,16529700
9812,テーオーホールディングス,202405,20240712,25605,306,221,111,17830,453,100,11223,2.5,28.35,0.59,8926896
9816,ストライダーズ,202403,20240515,7680,49,101,82,4629,2514,1585,1075,54.3,3.28,1.77,8912089
9818,大丸エナウィン,202403,20240514,29905,1054,1165,733,21828,14134,870,1684,64.8,5.25,3.36,8046500
9820,エムティジェネックス,202403,20240513,3790,438,452,277,5001,3909,1072,170,78.2,7.3,5.67,1079600
9823,マミーマート,202409,20241112,160741,6434,6954,4733,73383,37873,2660,2860,51.6,13.17,6.77,10796793
9824,泉州電業,202410,20241209,136153,10349,10761,7578,112457,55211,2575,423,49.1,14.36,7.09,18500000
9827,リリカラ,202412,20250213,33803,150,87,61,20399,8389,3335,3124,41.1,0.72,0.3,12662100
9828,Genki_Global_Dining_Concepts,202403,20240510,61838,4917,5081,3262,32774,13536,100,3242,41.3,27.37,10.27,17765816
9830,トラスコ中山,202412,20250213,295024,19978,20056,16095,270290,173996,5022,56500,64.4,9.62,6.25,66008744
9831,ヤマダホールディングス,202403,20240507,1592009,41489,47037,24055,1288994,616454,71149,299340,47.8,3.94,1.88,966863199
9832,オートバックスセブン,202403,20240510,229856,8010,8093,6355,194948,128845,33998,6034,66.1,4.98,3.27,82050105
9835,ジュンテンドー,202502,20250411,44376,472,458,152,38869,12925,4224,13689,33.3,1.18,0.39,8331164
9837,モリト,202411,20250114,48537,2868,3003,2572,52476,39276,3532,1193,74.8,6.62,4.95,30000000
9842,アークランズ,202502,20250411,330963,16231,19169,10126,334645,120860,6462,96918,36.1,8.54,2.95,64733372
9843,ニトリホールディングス,202403,20240514,895799,127725,132377,86523,1238679,896304,13370,137557,72.4,10.09,7.29,114443496
9845,パーカーコーポレーション,202403,20240509,67733,4555,5022,3601,69395,41558,2201,4458,59.9,9.21,5.56,26801452
9846,天満屋ストア,202502,20250414,58680,2283,2406,1578,42050,26300,3697,3825,62.5,6.17,3.72,11550000
9849,共同紙販ホールディングス,202403,20240510,16725,94,120,58,9978,3982,100,-,39.9,1.48,0.57,735344
9850,グルメ杵屋,202403,20240514,37033,422,378,1096,37690,8747,100,20557,23.2,13.34,2.86,22910275
9852,CBグループマネジメント,202403,20240510,147284,2762,2889,2057,53201,24687,1608,3000,46.4,8.73,4.07,2461848
9853,銀座ルノアール,202403,20240510,7351,15,68,-59,6258,3158,100,2099,50.5,-1.85,-0.93,6252004
9854,愛眼,202403,20240510,14658,-123,-59,-181,14079,12103,5478,-,86,-1.49,-1.29,21076154
9856,ケーユーホールディングス,202403,20240514,154563,9099,9364,6172,85535,62392,100,10557,72.9,10.26,7.4,44126024
9857,英和,202403,20240510,43292,2325,2421,1667,31939,15761,1533,512,49.3,11.21,5.25,6470000
9861,吉野家ホールディングス,202502,20250410,204983,7306,7995,3803,119113,64179,10265,17555,53.9,6.11,3.28,65129558
9867,ソレキア,202403,20240510,25178,1608,1655,1045,19953,10054,2293,3230,50.4,10.97,5.34,865301
9869,加藤産業,202409,20241108,1169834,16856,18697,14459,454688,155709,5934,5374,34.2,9.47,3.19,35000000
9872,北恵,202411,20241227,61286,920,1096,718,29082,13748,2220,-,47.3,5.3,2.47,10011841
9876,コックス,202502,20250410,15302,1263,1323,1196,13247,8903,4503,-,67.2,14.49,9.54,27711028
9878,セキド,202403,20240507,8480,151,130,47,5314,930,10,2694,17.5,5.24,0.92,2040928
9880,イノテック,202403,20240510,41358,2474,2880,1477,47833,24705,10517,11419,51.6,6.11,3.23,13700000
9882,イエローハット,202403,20240510,146641,14475,15964,10259,144030,116368,15072,-,80.8,9.2,7.32,95987092
9885,シャルレ,202403,20240513,13168,557,615,585,21394,18319,100,18,85.6,3.24,2.79,16086250
9887,松屋フーズホールディングス,202403,20240513,127611,5322,5978,2915,91120,43873,6655,23304,48.1,6.84,3.41,19063968
9888,UEX,202403,20240514,52113,2083,2259,1296,51976,17372,1512,9398,33.4,7.66,2.52,12000000
9889,JBCCホールディングス,202403,20240509,65194,4422,4549,3187,37207,21178,4713,-,56.9,15.52,8.71,71094972
9890,マキヤ,202403,20240514,77333,2227,2396,1454,38093,19369,1198,5571,50.8,7.83,4.06,10540200
9895,コンセック,202403,20240513,10380,46,115,210,12577,8081,4090,1024,64.3,2.68,1.73,1864011
9896,JKホールディングス,202403,20240513,388910,7871,8670,5049,234564,61043,3195,36682,26,8.62,2.2,31040016
9900,サガミホールディングス,202403,20240513,31006,1656,1722,909,24943,16815,9090,2716,67.4,5.55,3.7,30301784
9902,日伝,202403,20240508,126912,5809,6431,4674,127556,88193,5368,-,69.1,5.36,3.73,30000800
9903,カンセキ,202502,20250410,37065,538,476,518,24276,6097,1926,11719,25.1,8.5,2.08,8050000
9904,ベリテ,202403,20240515,7639,855,835,502,7661,4437,100,1500,57.9,11.29,6.68,27230825
9906,藤井産業,202403,20240515,91059,4966,5585,3657,64630,34430,1883,1066,53.3,11.17,5.93,10010000
9908,日本電計,202403,20240510,108539,4431,4809,2947,66063,27359,1159,12169,41.4,11.21,4.53,11818507
9913,日邦産業,202403,20240515,41922,1918,2150,1457,30755,14791,3137,2479,48.1,10.67,4.9,9127338
9914,植松商会,202503,20250424,6306,44,141,86,4997,3086,1017,-,61.8,2.81,1.65,2340000
9927,ワットマン,202403,20240515,7851,649,656,459,4943,3222,500,513,65.2,15.08,9.52,9094832
9928,ミロク情報サービス,202403,20240513,43971,6110,6306,4238,46018,26711,3198,9287,58,16.62,9.23,32306286
9929,平和紙業,202403,20240513,16124,158,221,136,18834,10098,2107,2209,53.6,1.39,0.75,10116917
9930,北沢産業,202403,20240510,16471,994,1070,665,18831,10335,3235,2119,54.9,6.75,3.69,23818257
9932,杉本商事,202503,20250425,49465,2395,2906,1917,42406,35509,2597,-,83.7,5.36,4.51,22798474
9934,因幡電機産業,202403,20240513,345369,21322,22589,15623,262756,161483,13962,413,61.5,10.02,6.15,56824200
9936,王将フードサービス,202403,20240515,101401,10286,10496,7911,91462,68635,8166,7000,75,12.04,9.01,69858690
9941,太洋物産,202409,20241114,18758,266,202,162,7990,782,257,5414,9.8,22.25,2.07,1934019
9946,ミニストップ,202502,20250410,87475,-3486,-2868,-6774,74686,32509,7491,-,43.5,-18.78,-8.88,29372774
9948,アークス,202502,20250414,608284,15936,17540,11063,282662,184037,21205,24381,65.1,6.11,3.97,57649868
9950,ハチバン,202503,20250430,8233,264,463,236,5553,3673,1518,614,66.1,6.69,4.17,3068111
9955,ヨンキュウ,202403,20240509,45130,1944,2377,1634,51380,37124,2757,7269,72.3,4.54,3.31,12278491
9956,バローホールディングス,202403,20240514,807795,22844,25604,11945,444807,164051,13609,110420,36.9,7.54,2.77,53987499
9959,アシードホールディングス,202403,20240510,23260,767,1038,768,18928,6630,798,6368,35,12.54,4.33,13495248
9960,東テク,202403,20240515,140732,9905,10585,7004,100479,53434,1857,9001,53.2,14.16,7.28,41964000
9962,ミスミグループ本社,202503,20250425,401987,46480,49901,36549,419574,349285,14483,-,83.2,10.54,8.77,285057297
9969,ショクブン,202403,20240513,6393,51,50,-15,5534,2597,100,1810,46.9,-0.57,-0.27,17691669
9972,アルテック,202411,20250114,18233,-148,-253,-98,19492,11382,5527,3678,58.4,-0.85,-0.48,15153000
9973,KOZOホールディングス,202412,20250214,18109,-427,-459,-782,6000,106,413,1024,1.8,-418.18,-13.45,239821340
9974,ベルク,202502,20250410,387779,17011,17388,12385,200717,109920,3912,36593,54.8,11.8,6.43,20867800
9976,セキチュー,202502,20250326,31479,589,618,494,23515,11532,2921,4412,49,4.37,2.29,5586150
9978,文教堂グループホールディングス,202408,20241015,14925,31,57,42,10049,1310,50,4371,13,3.26,0.42,43849840
9979,大庄,202408,20241015,50586,1000,1157,1333,33524,10402,100,13666,31,13.41,4,21198962
9980,MRKホールディングス,202403,20240515,19584,552,617,225,22021,14558,6491,3599,66.1,1.56,1.12,101295071
9982,タキヒヨー,202502,20250414,60633,1312,1358,1107,47208,30172,3622,5650,63.9,3.67,2.31,9100000
9983,ファーストリテイリング,202408,20241010,3103836,500904,557201,371999,3587565,2016536,10273,211147,56.2,19.39,10.8,318220968
9984,ソフトバンクグループ,202403,20240513,6756500,659,57801,-227646,46724243,11162125,238772,20567524,23.9,-2.25,-0.5,1469995230
9986,蔵王産業,202403,20240510,9425,1210,1234,1017,14801,12796,2077,-,86.5,7.83,6.8,6266000
9987,スズケン,202403,20240514,2386493,34875,38351,29016,1228686,416307,13546,-,33.9,7.01,2.44,72167204
9989,サンドラッグ,202403,20240515,751777,40996,41728,29126,420208,253090,3931,35000,60.2,11.9,7.46,119331184
9990,サックスバーホールディングス,202403,20240510,52093,3764,3848,2487,39385,27826,2986,1000,70.7,9.25,6.33,29859900
9991,ジェコス,202503,20250424,111550,6851,6794,4543,107073,66282,4398,632,61.9,7.03,4.24,33795746
9993,ヤマザワ,202502,20250414,102558,-821,-407,-2617,55577,25959,2388,12228,46.7,-9.55,-4.6,10960825
9994,やまや,202403,20240515,160335,6319,6402,3617,62418,32208,3247,7792,51.6,11.85,5.94,10847870
9996,サトー商会,202403,20240513,47606,1527,1756,1227,37074,25313,1405,683,68.3,4.94,3.48,9152640
9997,ベルーナ,202403,20240513,208298,9787,11831,5839,300691,135192,10612,116673,45,4.48,1.99,97244472
