種別,銘柄名,SC,市場,シグナル付与日,判定実行日,確度スコア,C2/C1比,終値_付与日,前日比%_付与日,出来高_付与日,RSI_付与日,ヒスト_付与日,MA75t_付与日,MA75s_付与日,BK_付与日,bull_付与日,bear_付与日,Tier,シグナル種別,参考勝率,終値_判定日,前日比%_判定日,出来高_判定日,RSI_判定日,ヒスト_判定日,MA75t_判定日,MA75s_判定日,BK_判定日,bull_判定日,bear_判定日,終値_+1,対比%_+1,終値_+2,対比%_+2,終値_+3,対比%_+3,終値_+4,対比%_+4,終値_+5,対比%_+5,終値_+6,対比%_+6,終値_+7,対比%_+7,終値_+8,対比%_+8,終値_+9,対比%_+9,終値_+10,対比%_+10,終値_+11,実投資基準値,実対比%_+1,実対比%_+2,実対比%_+3,実対比%_+4,実対比%_+5,実対比%_+6,実対比%_+7,実対比%_+8,実対比%_+9,実対比%_+10,確定DIV,確定DIV日,確定DIV判定日,確定DIV_終値_+1d,確定DIV_増減率_+1d,確定DIV_終値_+2d,確定DIV_増減率_+2d,確定DIV_終値_+3d,確定DIV_増減率_+3d,確定DIV_終値_+4d,確定DIV_増減率_+4d,確定DIV_終値_+5d,確定DIV_増減率_+5d,確定DIV_終値_+6d,確定DIV_増減率_+6d,確定DIV_終値_+7d,確定DIV_増減率_+7d,確定DIV_終値_+8d,確定DIV_増減率_+8d,確定DIV_終値_+9d,確定DIV_増減率_+9d,確定DIV_終値_+10d,確定DIV_増減率_+10d
日経,日経平均株価,0001,指数,2026/06/04,2026/06/05,,,67470.69,-1.36,,74.3,299.629,1.0,1.38,,,,,,,66588.12,-1.31,,72.6,179.232,1.0,1.31,,,,64024.6,-3.85,65416.63,-1.76,64179.27,-3.62,64217.27,-3.56,66020.04,-0.85,69317.5,4.1,69404.5,4.23,69902.25,4.98,71053.49,6.71,71250.06,7.0,,,,,,,,,,,,,,,,,,,,,,,,,,,,,,,,,,,
Bear?,デュアルタップ,3469,東証ST,2026/06/04,2026/06/05,90.0,0.544,1030.0,1.08,6300.0,81.0,1.854,上昇(+1),1.34,1.0,0.0,0.0,Tier3,bear_div（全体）,,1022.0,-0.78,11700.0,66.8,1.669,上昇(+1),1.38,0.0,0.0,1.0,1016.0,-0.59,1020.0,-0.2,1016.0,-0.59,1020.0,-0.2,1021.0,-0.1,1021.0,-0.1,1019.0,-0.29,1022.0,0.0,1023.0,0.1,1022.0,0.0,1021.0,1016.0,0.39,0.0,0.39,0.49,0.49,0.3,0.59,0.69,0.59,0.49,1.0,2026/06/05,2026/06/08,1016.0,-0.59,1020.0,-0.2,1016.0,-0.59,1020.0,-0.2,1021.0,-0.1,1021.0,-0.1,1019.0,-0.29,1022.0,0.0,1023.0,0.1,1022.0,0.0
Bull?,日新製糖,2117,東証PR,2026/06/04,2026/06/05,80.0,0.27,2511.0,-0.91,45700.0,24.4,-4.011,下降(-1),-2.62,0.0,0.0,0.0,―,―,,2521.0,0.4,25700.0,27.5,-3.498,下降(-1),-2.75,0.0,0.0,0.0,2508.0,-0.52,2518.0,-0.12,2561.0,1.59,2553.0,1.27,2555.0,1.35,2571.0,1.98,2563.0,1.67,2571.0,1.98,2574.0,2.1,2595.0,2.94,2569.0,2508.0,0.4,2.11,1.79,1.87,2.51,2.19,2.51,2.63,3.47,2.43,,,,,,,,,,,,,,,,,,,,,,,
Bull?,メンバーズ,2130,東証PR,2026/06/04,2026/06/05,80.0,0.506,948.0,-5.67,448900.0,29.2,-16.646,下降(-1),-5.91,0.0,1.0,0.0,―,―,,1022.0,7.81,187300.0,41.6,-15.274,下降(-1),-5.9,0.0,0.0,0.0,1022.0,0.0,1018.0,-0.39,1008.0,-1.37,1033.0,1.08,1025.0,0.29,1058.0,3.52,1057.0,3.42,1071.0,4.79,1073.0,4.99,1052.0,2.94,1083.0,1022.0,-0.39,-1.37,1.08,0.29,3.52,3.42,4.79,4.99,2.94,5.97,1.0,2026/06/04,2026/06/05,1022.0,7.81,1022.0,7.81,1018.0,7.38,1008.0,6.33,1033.0,8.97,1025.0,8.12,1058.0,11.6,1057.0,11.5,1071.0,12.97,1073.0,13.19
Bull?,Ｓ　ＦＯＯＤＳ,2292,東証PR,2026/06/04,2026/06/05,80.0,0.869,2575.0,-1.04,187200.0,23.5,-15.98,下降(-1),-2.71,0.0,1.0,0.0,―,―,,2586.0,0.43,107300.0,25.7,-14.53,下降(-1),-3.0,0.0,0.0,0.0,2605.0,0.73,2597.0,0.43,2637.0,1.97,2630.0,1.7,2625.0,1.51,2651.0,2.51,2620.0,1.31,2590.0,0.15,2593.0,0.27,2636.0,1.93,2590.0,2605.0,-0.31,1.23,0.96,0.77,1.77,0.58,-0.58,-0.46,1.19,-0.58,1.0,2026/06/04,2026/06/05,2586.0,0.43,2605.0,1.17,2597.0,0.85,2637.0,2.41,2630.0,2.14,2625.0,1.94,2651.0,2.95,2620.0,1.75,2590.0,0.58,2593.0,0.7
Bull?,ワールドインテック,2429,東証PR,2026/06/04,2026/06/05,80.0,0.204,2292.0,-2.01,83100.0,29.4,-3.573,下降(-1),-2.12,0.0,1.0,0.0,―,―,,2357.0,2.84,61600.0,40.0,-0.985,下降(-1),-2.14,0.0,0.0,0.0,2331.0,-1.1,2356.0,-0.04,2364.0,0.3,2355.0,-0.08,2367.0,0.42,2389.0,1.36,2357.0,0.0,2395.0,1.61,2405.0,2.04,2470.0,4.79,2463.0,2331.0,1.07,1.42,1.03,1.54,2.49,1.12,2.75,3.17,5.96,5.66,1.0,2026/06/04,2026/06/05,2357.0,2.84,2331.0,1.7,2356.0,2.79,2364.0,3.14,2355.0,2.75,2367.0,3.27,2389.0,4.23,2357.0,2.84,2395.0,4.49,2405.0,4.93
Bull?,グローバル・リンク・マネジメント,3486,東証PR,2026/06/04,2026/06/05,80.0,0.513,1689.0,-1.23,95600.0,24.6,-3.404,下降(-1),-3.88,0.0,1.0,0.0,―,―,,1745.0,3.32,89600.0,37.2,-0.811,下降(-1),-4.07,0.0,0.0,0.0,1731.0,-0.8,1714.0,-1.78,1739.0,-0.34,1688.0,-3.27,1726.0,-1.09,1783.0,2.18,1755.0,0.57,1794.0,2.81,1824.0,4.53,1806.0,3.5,1815.0,1731.0,-0.98,0.46,-2.48,-0.29,3.0,1.39,3.64,5.37,4.33,4.85,1.0,2026/06/04,2026/06/05,1745.0,3.32,1731.0,2.49,1714.0,1.48,1739.0,2.96,1688.0,-0.06,1726.0,2.19,1783.0,5.57,1755.0,3.91,1794.0,6.22,1824.0,7.99
Bull?,Ｎｏ．１,3562,東証ST,2026/06/04,2026/06/05,80.0,0.805,1428.0,-2.12,45000.0,22.2,-11.044,下降(-1),-5.3,0.0,0.0,0.0,Tier3,bull_div（全体）,,1475.0,3.29,38500.0,36.1,-7.853,下降(-1),-5.32,0.0,1.0,0.0,1461.0,-0.95,1458.0,-1.15,1473.0,-0.14,1467.0,-0.54,1461.0,-0.95,1461.0,-0.95,1456.0,-1.29,1466.0,-0.61,1470.0,-0.34,1470.0,-0.34,1469.0,1461.0,-0.21,0.82,0.41,0.0,0.0,-0.34,0.34,0.62,0.62,0.55,1.0,2026/06/05,2026/06/08,1461.0,-0.95,1458.0,-1.15,1473.0,-0.14,1467.0,-0.54,1461.0,-0.95,1461.0,-0.95,1456.0,-1.29,1466.0,-0.61,1470.0,-0.34,1470.0,-0.34
Bull?,デジタル・インフォメーション・テクノロジー,3916,東証PR,2026/06/04,2026/06/05,80.0,0.173,826.0,-1.67,91800.0,26.8,-1.569,下降(-1),-10.52,0.0,1.0,0.0,―,―,,844.0,2.18,66400.0,36.3,-0.639,下降(-1),-10.5,0.0,0.0,0.0,833.0,-1.3,811.0,-3.91,820.0,-2.84,813.0,-3.67,809.0,-4.15,800.0,-5.21,797.0,-5.57,800.0,-5.21,810.0,-4.03,806.0,-4.5,810.0,833.0,-2.64,-1.56,-2.4,-2.88,-3.96,-4.32,-3.96,-2.76,-3.24,-2.76,1.0,2026/06/16,2026/06/17,800.0,0.38,810.0,1.63,806.0,1.13,810.0,1.63,797.0,0.0,805.0,1.0,802.0,0.63,812.0,1.88,,,,
Bull?,ミズホメディー,4595,東証ST,2026/06/04,2026/06/05,80.0,0.758,1666.0,-0.66,172500.0,28.5,-4.849,下降(-1),-0.97,0.0,1.0,0.0,―,―,,1692.0,1.56,100400.0,38.2,-3.413,下降(-1),-1.03,0.0,0.0,0.0,1680.0,-0.71,1684.0,-0.47,1696.0,0.24,1683.0,-0.53,1682.0,-0.59,1670.0,-1.3,1674.0,-1.06,1671.0,-1.24,1677.0,-0.89,1675.0,-1.0,1691.0,1680.0,0.24,0.95,0.18,0.12,-0.6,-0.36,-0.54,-0.18,-0.3,0.65,1.0,2026/06/04,2026/06/05,1692.0,1.56,1680.0,0.84,1684.0,1.08,1696.0,1.8,1683.0,1.02,1682.0,0.96,1670.0,0.24,1674.0,0.48,1671.0,0.3,1677.0,0.66
Bull?,クリーク・アンド・リバー社,4763,東証PR,2026/06/04,2026/06/05,80.0,0.548,1213.0,-1.38,51100.0,27.2,-3.649,下降(-1),-4.43,0.0,1.0,0.0,―,―,,1250.0,3.05,47800.0,40.0,-1.945,下降(-1),-4.46,0.0,0.0,0.0,1259.0,0.72,1245.0,-0.4,1272.0,1.76,1265.0,1.2,1256.0,0.48,1274.0,1.92,1270.0,1.6,1270.0,1.6,1278.0,2.24,1276.0,2.08,1294.0,1259.0,-1.11,1.03,0.48,-0.24,1.19,0.87,0.87,1.51,1.35,2.78,1.0,2026/06/04,2026/06/05,1250.0,3.05,1259.0,3.79,1245.0,2.64,1272.0,4.86,1265.0,4.29,1256.0,3.54,1274.0,5.03,1270.0,4.7,1270.0,4.7,1278.0,5.36
Bull?,日本エンタープライズ,4829,東証ST,2026/06/04,2026/06/05,80.0,0.701,102.0,-1.92,445600.0,28.8,-0.994,下降(-1),-1.5,0.0,0.0,0.0,―,―,,103.0,0.98,206400.0,31.9,-0.913,下降(-1),-1.75,0.0,0.0,0.0,101.0,-1.94,102.0,-0.97,101.0,-1.94,101.0,-1.94,101.0,-1.94,101.0,-1.94,101.0,-1.94,100.0,-2.91,100.0,-2.91,100.0,-2.91,102.0,101.0,0.99,0.0,0.0,0.0,0.0,0.0,-0.99,-0.99,-0.99,0.99,,,,,,,,,,,,,,,,,,,,,,,
Bull?,東洋ドライルーブ,4976,東証ST,2026/06/04,2026/06/05,80.0,0.453,1270.0,-2.16,4200.0,28.1,-8.843,下降(-1),-2.54,0.0,1.0,0.0,―,―,,1290.0,1.57,2900.0,34.3,-7.73,下降(-1),-2.78,0.0,0.0,0.0,1289.0,-0.08,1323.0,2.56,1293.0,0.23,1290.0,0.0,1300.0,0.78,1325.0,2.71,1326.0,2.79,1325.0,2.71,1306.0,1.24,1305.0,1.16,1296.0,1289.0,2.64,0.31,0.08,0.85,2.79,2.87,2.79,1.32,1.24,0.54,1.0,2026/06/04,2026/06/05,1290.0,1.57,1289.0,1.5,1323.0,4.17,1293.0,1.81,1290.0,1.57,1300.0,2.36,1325.0,4.33,1326.0,4.41,1325.0,4.33,1306.0,2.83
Bull?,高見澤,5283,東証ST,2026/06/04,2026/06/05,80.0,0.52,2992.0,-0.1,7900.0,27.4,-24.21,下降(-1),-1.55,0.0,1.0,0.0,―,―,,3000.0,0.27,5800.0,28.6,-23.891,下降(-1),-1.71,0.0,0.0,0.0,2962.0,-1.27,2965.0,-1.17,2925.0,-2.5,2925.0,-2.5,2925.0,-2.5,2967.0,-1.1,2942.0,-1.93,2965.0,-1.17,2996.0,-0.13,2986.0,-0.47,3015.0,2962.0,0.1,-1.25,-1.25,-1.25,0.17,-0.68,0.1,1.15,0.81,1.79,1.0,2026/06/12,2026/06/15,2967.0,1.44,2942.0,0.58,2965.0,1.37,2996.0,2.43,2986.0,2.09,3015.0,3.08,2994.0,2.36,3045.0,4.1,3035.0,3.76,2978.0,1.81
Bull?,弁護士ドットコム,6027,東証PR,2026/06/04,2026/06/05,80.0,0.894,2226.0,-2.15,106700.0,25.9,-36.361,下降(-1),-3.9,0.0,1.0,0.0,―,―,,2289.0,2.83,80900.0,32.8,-31.45,下降(-1),-3.83,0.0,0.0,0.0,2210.0,-3.45,2190.0,-4.33,2171.0,-5.16,2109.0,-7.86,2106.0,-7.99,2081.0,-9.09,2105.0,-8.04,2134.0,-6.77,2130.0,-6.95,2236.0,-2.32,2196.0,2210.0,-0.9,-1.76,-4.57,-4.71,-5.84,-4.75,-3.44,-3.62,1.18,-0.63,1.0,2026/06/15,2026/06/16,2105.0,1.15,2134.0,2.55,2130.0,2.35,2236.0,7.45,2196.0,5.53,2087.0,0.29,2065.0,-0.77,2009.0,-3.46,2050.0,-1.49,,
Bull?,レントラックス,6045,東証GR,2026/06/04,2026/06/05,80.0,0.681,1386.0,-1.07,20800.0,20.2,-14.053,下降(-1),-4.18,0.0,1.0,0.0,―,―,,1391.0,0.36,18900.0,21.7,-12.884,下降(-1),-4.52,0.0,0.0,0.0,1385.0,-0.43,1400.0,0.65,1382.0,-0.65,1380.0,-0.79,1370.0,-1.51,1398.0,0.5,1386.0,-0.36,1431.0,2.88,1452.0,4.39,1455.0,4.6,1470.0,1385.0,1.08,-0.22,-0.36,-1.08,0.94,0.07,3.32,4.84,5.05,6.14,1.0,2026/06/11,2026/06/12,1370.0,-0.72,1398.0,1.3,1386.0,0.43,1431.0,3.7,1452.0,5.22,1455.0,5.43,1470.0,6.52,1434.0,3.91,1402.0,1.59,1397.0,1.23
Bull?,ライドオン・エクスプレス,6082,東証ST,2026/06/04,2026/06/05,80.0,0.298,966.0,-0.1,18400.0,20.3,-0.703,下降(-1),-1.48,0.0,1.0,0.0,―,―,,974.0,0.83,13100.0,39.9,-0.225,下降(-1),-1.52,0.0,0.0,0.0,967.0,-0.72,968.0,-0.62,969.0,-0.51,965.0,-0.92,965.0,-0.92,970.0,-0.41,973.0,-0.1,979.0,0.51,972.0,-0.21,976.0,0.21,970.0,967.0,0.1,0.21,-0.21,-0.21,0.31,0.62,1.24,0.52,0.93,0.31,1.0,2026/06/04,2026/06/05,974.0,0.83,967.0,0.1,968.0,0.21,969.0,0.31,965.0,-0.1,965.0,-0.1,970.0,0.41,973.0,0.72,979.0,1.35,972.0,0.62
Bull?,サン・ライフホールディング,7040,東証ST,2026/06/04,2026/06/05,80.0,0.593,937.0,-0.21,5300.0,26.4,-4.485,下降(-1),-0.78,0.0,0.0,0.0,―,―,,965.0,2.99,1200.0,41.1,-3.398,下降(-1),-0.87,0.0,0.0,0.0,956.0,-0.93,965.0,0.0,965.0,0.0,950.0,-1.55,960.0,-0.52,960.0,-0.52,951.0,-1.45,960.0,-0.52,947.0,-1.87,960.0,-0.52,960.0,956.0,0.94,0.94,-0.63,0.42,0.42,-0.52,0.42,-0.94,0.42,0.42,,,,,,,,,,,,,,,,,,,,,,,
Bull?,東祥,8920,東証ST,2026/06/04,2026/06/05,80.0,0.776,704.0,-0.71,169000.0,28.4,-3.702,下降(-1),-1.22,0.0,0.0,0.0,―,―,,730.0,3.69,100700.0,37.8,-1.646,下降(-1),-1.57,0.0,0.0,0.0,724.0,-0.82,730.0,0.0,742.0,1.64,723.0,-0.96,737.0,0.96,765.0,4.79,756.0,3.56,751.0,2.88,748.0,2.47,751.0,2.88,747.0,724.0,0.83,2.49,-0.14,1.8,5.66,4.42,3.73,3.31,3.73,3.18,,,,,,,,,,,,,,,,,,,,,,,
Bull?,ユーラシア旅行社,9376,東証ST,2026/06/04,2026/06/05,80.0,0.447,745.0,-1.72,12500.0,27.5,-1.293,下降(-1),-3.34,0.0,0.0,0.0,―,―,,754.0,1.21,2300.0,33.1,-0.568,下降(-1),-3.56,0.0,0.0,0.0,753.0,-0.13,753.0,-0.13,753.0,-0.13,751.0,-0.4,753.0,-0.13,784.0,3.98,770.0,2.12,770.0,2.12,770.0,2.12,785.0,4.11,777.0,753.0,0.0,0.0,-0.27,0.0,4.12,2.26,2.26,2.26,4.25,3.19,,,,,,,,,,,,,,,,,,,,,,,
Bull?,---,9399,―,2026/06/04,2026/06/05,80.0,0.411,10.0,-16.67,8231400.0,17.2,-0.88,下降(-1),-26.54,0.0,1.0,0.0,―,―,,11.0,10.0,4699445.0,22.2,-0.748,下降(-1),-26.04,0.0,0.0,0.0,11.0,0.0,13.0,18.18,12.0,9.09,13.0,18.18,12.0,9.09,12.0,9.09,13.0,18.18,12.0,9.09,11.0,0.0,11.0,0.0,10.0,11.0,18.18,9.09,18.18,9.09,9.09,18.18,9.09,0.0,0.0,-9.09,1.0,2026/06/04,2026/06/05,11.0,10.0,11.0,10.0,13.0,30.0,12.0,20.0,13.0,30.0,12.0,20.0,12.0,20.0,13.0,30.0,12.0,20.0,11.0,10.0
Bull?,ラックランド,9612,東証PR,2026/06/04,2026/06/05,80.0,0.303,1221.0,-3.48,54300.0,29.5,-2.945,下降(-1),-8.39,0.0,0.0,0.0,―,―,,1243.0,1.8,28800.0,33.9,-2.459,下降(-1),-8.51,0.0,0.0,0.0,1220.0,-1.85,1230.0,-1.05,1223.0,-1.61,1196.0,-3.78,1157.0,-6.92,1240.0,-0.24,1245.0,0.16,1254.0,0.88,1272.0,2.33,1248.0,0.4,1231.0,1220.0,0.82,0.25,-1.97,-5.16,1.64,2.05,2.79,4.26,2.3,0.9,1.0,2026/06/12,2026/06/15,1240.0,7.17,1245.0,7.61,1254.0,8.38,1272.0,9.94,1248.0,7.87,1231.0,6.4,1203.0,3.98,1199.0,3.63,1185.0,2.42,1198.0,3.54
Bear?,きちり,3082,東証ST,2026/06/04,2026/06/05,75.0,0.46,984.0,0.2,6800.0,67.8,1.562,上昇(+1),0.97,0.0,0.0,0.0,―,―,,985.0,0.1,14500.0,68.6,1.516,上昇(+1),0.97,0.0,0.0,0.0,983.0,-0.2,984.0,-0.1,988.0,0.3,984.0,-0.1,980.0,-0.51,979.0,-0.61,973.0,-1.22,966.0,-1.93,959.0,-2.64,951.0,-3.45,951.0,983.0,0.1,0.51,0.1,-0.31,-0.41,-1.02,-1.73,-2.44,-3.26,-3.26,,,,,,,,,,,,,,,,,,,,,,,
Bear?,東ソー,4042,東証PR,2026/06/04,2026/06/05,75.0,0.423,2865.0,0.63,1714600.0,66.7,16.707,上昇(+1),1.25,0.0,0.0,1.0,―,―,,2774.0,-3.18,2001900.0,58.7,11.661,上昇(+1),1.25,0.0,0.0,0.0,2727.5,-1.68,2782.5,0.31,2771.0,-0.11,2768.0,-0.22,2861.5,3.15,3037.0,9.48,3046.0,9.81,3019.0,8.83,3007.0,8.4,2970.5,7.08,2968.5,2727.5,2.02,1.59,1.48,4.91,11.35,11.68,10.69,10.25,8.91,8.84,1.0,2026/06/04,2026/06/05,2773.5,-3.19,2727.5,-4.8,2782.5,-2.88,2771.0,-3.28,2768.0,-3.39,2861.5,-0.12,3037.0,6.0,3046.0,6.32,3019.0,5.38,3007.0,4.96
Bear?,オーネックス,5987,東証ST,2026/06/04,2026/06/05,75.0,0.309,2006.0,0.8,600.0,66.8,3.102,上昇(+1),3.4,0.0,0.0,0.0,―,―,,2006.0,0.0,400.0,66.8,2.879,上昇(+1),3.49,0.0,0.0,0.0,1999.0,-0.35,2000.0,-0.3,1950.0,-2.79,1960.0,-2.29,2075.0,3.44,1965.0,-2.04,1963.0,-2.14,1957.0,-2.44,1871.0,-6.73,1870.0,-6.78,1870.0,1999.0,0.05,-2.45,-1.95,3.8,-1.7,-1.8,-2.1,-6.4,-6.45,-6.45,,,,,,,,,,,,,,,,,,,,,,,
Bull?,ＡＭＢＩＴＩＯＮ,3300,東証GR,2026/06/04,2026/06/05,73.0,0.857,2107.0,-2.86,40700.0,26.2,-16.014,揉み合い(0),-0.09,0.0,1.0,0.0,―,―,,2165.0,2.75,27900.0,34.9,-12.786,揉み合い(0),-0.3,0.0,0.0,0.0,2136.0,-1.34,2168.0,0.14,2201.0,1.66,2170.0,0.23,2196.0,1.43,2229.0,2.96,2220.0,2.54,2215.0,2.31,2208.0,1.99,2209.0,2.03,2144.0,2136.0,1.5,3.04,1.59,2.81,4.35,3.93,3.7,3.37,3.42,0.37,1.0,2026/06/04,2026/06/05,2165.0,2.75,2136.0,1.38,2168.0,2.9,2201.0,4.46,2170.0,2.99,2196.0,4.22,2229.0,5.79,2220.0,5.36,2215.0,5.13,2208.0,4.79
Bull?,イトーキ,7972,東証PR,2026/06/04,2026/06/05,73.0,0.973,2369.0,-3.15,339600.0,24.0,-11.477,揉み合い(0),0.33,0.0,1.0,0.0,―,―,,2422.0,2.24,189300.0,29.1,-8.306,揉み合い(0),0.01,0.0,0.0,0.0,2425.0,0.12,2403.0,-0.78,2408.0,-0.58,2416.0,-0.25,2438.0,0.66,2449.0,1.11,2455.0,1.36,2431.0,0.37,2486.0,2.64,2515.0,3.84,2571.0,2425.0,-0.91,-0.7,-0.37,0.54,0.99,1.24,0.25,2.52,3.71,6.02,1.0,2026/06/04,2026/06/05,2422.0,2.24,2425.0,2.36,2403.0,1.44,2408.0,1.65,2416.0,1.98,2438.0,2.91,2449.0,3.38,2455.0,3.63,2431.0,2.62,2486.0,4.94
Bull?,サンセイランディック,3277,東証ST,2026/06/04,2026/06/05,70.0,0.185,1233.0,-1.99,17100.0,33.7,-2.082,下降(-1),-1.41,0.0,0.0,0.0,―,―,,1258.0,2.03,8100.0,40.3,-1.02,下降(-1),-1.41,0.0,0.0,0.0,1251.0,-0.56,1251.0,-0.56,1245.0,-1.03,1240.0,-1.43,1259.0,0.08,1258.0,0.0,1255.0,-0.24,1272.0,1.11,1274.0,1.27,1263.0,0.4,1259.0,1251.0,0.0,-0.48,-0.88,0.64,0.56,0.32,1.68,1.84,0.96,0.64,,,,,,,,,,,,,,,,,,,,,,,
Bull?,リゾートトラスト,4681,東証PR,2026/06/04,2026/06/05,70.0,0.908,1608.0,-3.07,635000.0,30.8,-7.023,下降(-1),-2.27,0.0,1.0,0.0,―,―,,1630.0,1.37,479200.0,36.0,-6.433,下降(-1),-2.25,0.0,0.0,0.0,1635.5,0.34,1702.5,4.45,1687.5,3.53,1678.5,2.98,1719.5,5.49,1705.0,4.6,1722.0,5.64,1709.0,4.85,1729.5,6.1,1728.5,6.04,1727.0,1635.5,4.1,3.18,2.63,5.14,4.25,5.29,4.49,5.75,5.69,5.59,1.0,2026/06/08,2026/06/09,1702.5,4.1,1687.5,3.18,1678.5,2.63,1719.5,5.14,1705.0,4.25,1722.0,5.29,1709.0,4.49,1729.5,5.75,1728.5,5.69,1727.0,5.59
Bull?,極洋,1301,東証PR,2026/06/04,2026/06/05,65.0,0.156,4165.0,-1.54,62000.0,29.5,-6.107,下降(-1),-3.54,0.0,1.0,0.0,―,―,,4285.0,2.88,78800.0,39.5,-0.783,下降(-1),-3.7,0.0,0.0,0.0,4290.0,0.12,4265.0,-0.47,4280.0,-0.12,4280.0,-0.12,4255.0,-0.7,4270.0,-0.35,4250.0,-0.82,4290.0,0.12,4325.0,0.93,4320.0,0.82,4405.0,4290.0,-0.58,-0.23,-0.23,-0.82,-0.47,-0.93,0.0,0.82,0.7,2.68,1.0,2026/06/04,2026/06/05,4285.0,2.88,4290.0,3.0,4265.0,2.4,4280.0,2.76,4280.0,2.76,4255.0,2.16,4270.0,2.52,4250.0,2.04,4290.0,3.0,4325.0,3.84
Bull?,東建コーポレーション,1766,東証PR,2026/06/04,2026/06/05,65.0,0.643,12000.0,-1.23,16600.0,29.2,-84.145,下降(-1),-4.11,0.0,0.0,0.0,―,―,,12100.0,0.83,17900.0,32.4,-75.577,下降(-1),-4.22,0.0,0.0,0.0,12310.0,1.74,12140.0,0.33,12340.0,1.98,12230.0,1.07,12210.0,0.91,12310.0,1.74,12150.0,0.41,12570.0,3.88,12510.0,3.39,12420.0,2.64,12440.0,12310.0,-1.38,0.24,-0.65,-0.81,0.0,-1.3,2.11,1.62,0.89,1.06,,,,,,,,,,,,,,,,,,,,,,,
Bull?,Ｅ・Ｊホールディングス,2153,東証PR,2026/06/04,2026/06/05,65.0,0.958,1552.0,-1.08,49400.0,22.3,-6.904,下降(-1),-2.43,0.0,1.0,0.0,―,―,,1575.0,1.48,61200.0,31.2,-5.599,下降(-1),-2.6,0.0,0.0,0.0,1571.0,-0.25,1569.0,-0.38,1579.0,0.25,1582.0,0.44,1589.0,0.89,1601.0,1.65,1585.0,0.63,1589.0,0.89,1596.0,1.33,1596.0,1.33,1590.0,1571.0,-0.13,0.51,0.7,1.15,1.91,0.89,1.15,1.59,1.59,1.21,1.0,2026/06/04,2026/06/05,1575.0,1.48,1571.0,1.22,1569.0,1.1,1579.0,1.74,1582.0,1.93,1589.0,2.38,1601.0,3.16,1585.0,2.13,1589.0,2.38,1596.0,2.84
Bull?,パソナグループ,2168,東証PR,2026/06/04,2026/06/05,65.0,0.915,1495.0,1.01,298700.0,29.7,-19.103,下降(-1),-5.5,0.0,1.0,0.0,―,―,,1549.0,3.61,449900.0,37.8,-14.743,下降(-1),-5.51,0.0,0.0,0.0,1507.0,-2.71,1517.0,-2.07,1510.0,-2.52,1507.0,-2.71,1500.0,-3.16,1494.0,-3.55,1502.0,-3.03,1498.0,-3.29,1495.0,-3.49,1477.0,-4.65,1473.0,1507.0,0.66,0.2,0.0,-0.46,-0.86,-0.33,-0.6,-0.8,-1.99,-2.26,1.0,2026/06/04,2026/06/05,1549.0,3.61,1507.0,0.8,1517.0,1.47,1510.0,1.0,1507.0,0.8,1500.0,0.33,1494.0,-0.07,1502.0,0.47,1498.0,0.2,1495.0,0.0
Bull?,プリマハム,2281,東証PR,2026/06/04,2026/06/05,65.0,0.237,2288.0,-1.25,100700.0,26.3,-6.403,下降(-1),-3.71,0.0,1.0,0.0,―,―,,2312.0,1.05,63200.0,31.0,-5.577,下降(-1),-3.84,0.0,0.0,0.0,2322.0,0.43,2318.0,0.26,2375.0,2.72,2373.0,2.64,2357.0,1.95,2368.0,2.42,2345.0,1.43,2301.0,-0.48,2319.0,0.3,2319.0,0.3,2290.0,2322.0,-0.17,2.28,2.2,1.51,1.98,0.99,-0.9,-0.13,-0.13,-1.38,1.0,2026/06/04,2026/06/05,2312.0,1.05,2322.0,1.49,2318.0,1.31,2375.0,3.8,2373.0,3.72,2357.0,3.02,2368.0,3.5,2345.0,2.49,2301.0,0.57,2319.0,1.35
Bull?,新日本科学,2395,東証PR,2026/06/04,2026/06/05,65.0,0.328,1092.0,-1.18,165300.0,25.7,-9.026,下降(-1),-7.06,0.0,0.0,0.0,―,―,,1123.0,2.84,189800.0,31.8,-6.2,下降(-1),-7.42,0.0,0.0,0.0,1085.0,-3.38,1084.0,-3.47,1102.0,-1.87,1090.0,-2.94,1085.0,-3.38,1079.0,-3.92,1083.0,-3.56,1092.0,-2.76,1091.0,-2.85,1084.0,-3.47,1092.0,1085.0,-0.09,1.57,0.46,0.0,-0.55,-0.18,0.65,0.55,-0.09,0.65,,,,,,,,,,,,,,,,,,,,,,,
Bull?,ブルドックソース,2804,東証PR,2026/06/04,2026/06/05,65.0,0.886,1692.0,-0.99,14300.0,29.3,-3.612,下降(-1),-2.21,0.0,0.0,0.0,―,―,,1704.0,0.71,18300.0,33.9,-2.49,下降(-1),-2.31,0.0,0.0,0.0,1714.0,0.59,1730.0,1.53,1749.0,2.64,1762.0,3.4,1769.0,3.81,1749.0,2.64,1744.0,2.35,1736.0,1.88,1728.0,1.41,1734.0,1.76,1716.0,1714.0,0.93,2.04,2.8,3.21,2.04,1.75,1.28,0.82,1.17,0.12,,,,,,,,,,,,,,,,,,,,,,,
Bull?,ドトール・日レスホールディングス,3087,東証PR,2026/06/04,2026/06/05,65.0,0.638,2578.0,-1.11,120600.0,27.1,-15.947,下降(-1),-0.71,0.0,0.0,0.0,Tier2,bull_div + RSI<30,,2575.0,-0.12,123200.0,26.9,-14.942,下降(-1),-0.96,0.0,1.0,0.0,2628.0,2.06,2581.0,0.23,2670.0,3.69,2707.0,5.13,2677.0,3.96,2682.0,4.16,2644.0,2.68,2649.0,2.87,2639.0,2.49,2647.0,2.8,2627.0,2628.0,-1.79,1.6,3.01,1.86,2.05,0.61,0.8,0.42,0.72,-0.04,1.0,2026/06/05,2026/06/08,2628.0,2.06,2581.0,0.23,2670.0,3.69,2707.0,5.13,2677.0,3.96,2682.0,4.16,2644.0,2.68,2649.0,2.87,2639.0,2.49,2647.0,2.8
Bull?,ありがとうサービス,3177,東証ST,2026/06/04,2026/06/05,65.0,0.603,3235.0,0.47,400.0,29.8,-30.239,下降(-1),-2.35,0.0,0.0,0.0,―,―,,3290.0,1.7,1100.0,36.3,-25.07,下降(-1),-2.5,0.0,0.0,0.0,3360.0,2.13,3410.0,3.65,3400.0,3.34,3450.0,4.86,3440.0,4.56,3475.0,5.62,3465.0,5.32,3455.0,5.02,3445.0,4.71,3410.0,3.65,3450.0,3360.0,1.49,1.19,2.68,2.38,3.42,3.12,2.83,2.53,1.49,2.68,,,,,,,,,,,,,,,,,,,,,,,
Bull?,プロパスト,3236,東証ST,2026/06/04,2026/06/05,65.0,0.809,259.0,-2.63,170500.0,24.6,-2.727,下降(-1),-6.03,0.0,0.0,0.0,―,―,,274.0,5.79,200000.0,36.0,-1.777,下降(-1),-6.36,0.0,0.0,0.0,268.0,-2.19,267.0,-2.55,271.0,-1.09,263.0,-4.01,267.0,-2.55,271.0,-1.09,272.0,-0.73,275.0,0.36,276.0,0.73,272.0,-0.73,270.0,268.0,-0.37,1.12,-1.87,-0.37,1.12,1.49,2.61,2.99,1.49,0.75,,,,,,,,,,,,,,,,,,,,,,,
Bull?,エイトレッド,3969,東証ST,2026/06/04,2026/06/05,65.0,0.44,1321.0,-0.6,2900.0,24.0,-4.738,下降(-1),-2.15,0.0,0.0,0.0,―,―,,1357.0,2.73,19100.0,45.6,-2.309,下降(-1),-2.11,0.0,0.0,0.0,1333.0,-1.77,1321.0,-2.65,1329.0,-2.06,1314.0,-3.17,1320.0,-2.73,1324.0,-2.43,1328.0,-2.14,1351.0,-0.44,1376.0,1.4,1350.0,-0.52,1349.0,1333.0,-0.9,-0.3,-1.43,-0.98,-0.68,-0.38,1.35,3.23,1.28,1.2,1.0,2026/06/12,2026/06/15,1324.0,0.3,1328.0,0.61,1351.0,2.35,1376.0,4.24,1350.0,2.27,1349.0,2.2,1337.0,1.29,1345.0,1.89,1333.0,0.98,1342.0,1.67
Bull?,ニューラルポケット,4056,東証GR,2026/06/04,2026/06/05,65.0,0.636,222.0,-0.45,25300.0,28.8,-1.67,下降(-1),-11.37,0.0,0.0,0.0,―,―,,232.0,4.5,63700.0,35.3,-0.815,下降(-1),-11.63,0.0,0.0,0.0,227.0,-2.16,223.0,-3.88,217.0,-6.47,216.0,-6.9,209.0,-9.91,211.0,-9.05,214.0,-7.76,217.0,-6.47,214.0,-7.76,209.0,-9.91,211.0,227.0,-1.76,-4.41,-4.85,-7.93,-7.05,-5.73,-4.41,-5.73,-7.93,-7.05,1.0,2026/06/12,2026/06/15,211.0,0.96,214.0,2.39,217.0,3.83,214.0,2.39,209.0,0.0,211.0,0.96,206.0,-1.44,204.0,-2.39,206.0,-1.44,205.0,-1.91
Bear?,電気化学工業,4061,東証PR,2026/06/04,2026/06/05,65.0,0.23,4220.0,-0.31,530800.0,57.0,12.187,上昇(+1),8.13,0.0,0.0,0.0,―,―,,4111.0,-2.58,1181800.0,52.7,4.158,上昇(+1),7.95,0.0,0.0,0.0,3808.0,-7.37,3891.0,-5.35,3817.0,-7.15,3835.0,-6.71,4029.0,-1.99,4227.0,2.82,4202.0,2.21,4324.0,5.18,4508.0,9.66,4439.0,7.98,4533.0,3808.0,2.18,0.24,0.71,5.8,11.0,10.35,13.55,18.38,16.57,19.04,,,,,,,,,,,,,,,,,,,,,,,
Bull?,ソルクシーズ,4284,東証ST,2026/06/04,2026/06/05,65.0,0.67,410.0,0.0,35600.0,27.5,-2.085,下降(-1),-5.19,0.0,0.0,0.0,―,―,,417.0,1.71,57900.0,35.5,-1.462,下降(-1),-5.28,0.0,0.0,0.0,407.0,-2.4,410.0,-1.68,409.0,-1.92,405.0,-2.88,404.0,-3.12,407.0,-2.4,407.0,-2.4,418.0,0.24,422.0,1.2,420.0,0.72,426.0,407.0,0.74,0.49,-0.49,-0.74,0.0,0.0,2.7,3.69,3.19,4.67,1.0,2026/06/12,2026/06/15,407.0,0.74,407.0,0.74,418.0,3.47,422.0,4.46,420.0,3.96,426.0,5.45,416.0,2.97,420.0,3.96,418.0,3.47,418.0,3.47
Bull?,ＺＵＵ,4387,東証GR,2026/06/04,2026/06/05,65.0,0.127,482.0,-1.43,100.0,29.2,-0.946,下降(-1),-6.3,0.0,0.0,0.0,―,―,,495.0,2.7,2100.0,37.0,-0.154,下降(-1),-6.48,0.0,0.0,0.0,487.0,-1.62,481.0,-2.83,475.0,-4.04,475.0,-4.04,485.0,-2.02,480.0,-3.03,471.0,-4.85,486.0,-1.82,483.0,-2.42,481.0,-2.83,473.0,487.0,-1.23,-2.46,-2.46,-0.41,-1.44,-3.29,-0.21,-0.82,-1.23,-2.87,,,,,,,,,,,,,,,,,,,,,,,
Bull?,ダイト,4577,東証PR,2026/06/04,2026/06/05,65.0,0.35,1131.0,-0.62,67000.0,22.4,-4.429,下降(-1),-2.64,0.0,1.0,0.0,―,―,,1154.0,2.03,119400.0,31.2,-2.841,下降(-1),-2.73,0.0,0.0,0.0,1157.0,0.26,1182.0,2.43,1194.0,3.47,1203.0,4.25,1209.0,4.77,1207.0,4.59,1209.0,4.77,1212.0,5.03,1215.0,5.29,1187.0,2.86,1199.0,1157.0,2.16,3.2,3.98,4.49,4.32,4.49,4.75,5.01,2.59,3.63,1.0,2026/06/04,2026/06/05,1154.0,2.03,1157.0,2.3,1182.0,4.51,1194.0,5.57,1203.0,6.37,1209.0,6.9,1207.0,6.72,1209.0,6.9,1212.0,7.16,1215.0,7.43
Bull?,シンバイオ製薬,4582,東証GR,2026/06/04,2026/06/05,65.0,0.97,71.0,-2.74,500800.0,20.2,-0.315,下降(-1),-1.81,0.0,0.0,0.0,―,―,,75.0,5.63,472200.0,32.6,-0.061,下降(-1),-1.98,0.0,0.0,0.0,72.0,-4.0,71.0,-5.33,71.0,-5.33,71.0,-5.33,70.0,-6.67,69.0,-8.0,69.0,-8.0,70.0,-6.67,70.0,-6.67,68.0,-9.33,69.0,72.0,-1.39,-1.39,-1.39,-2.78,-4.17,-4.17,-2.78,-2.78,-5.56,-4.17,1.0,2026/06/09,2026/06/10,71.0,0.0,71.0,0.0,70.0,-1.41,69.0,-2.82,69.0,-2.82,70.0,-1.41,70.0,-1.41,68.0,-4.23,69.0,-2.82,68.0,-4.23
Bull?,クオリプス,4894,東証GR,2026/06/04,2026/06/05,65.0,0.376,4180.0,-4.24,94300.0,18.7,-83.098,下降(-1),-9.48,0.0,0.0,0.0,―,―,,4295.0,2.75,150400.0,22.9,-67.404,下降(-1),-9.93,0.0,0.0,0.0,4095.0,-4.66,4060.0,-5.47,4015.0,-6.52,3690.0,-14.09,3835.0,-10.71,3830.0,-10.83,3780.0,-11.99,3960.0,-7.8,4055.0,-5.59,3860.0,-10.13,3990.0,4095.0,-0.85,-1.95,-9.89,-6.35,-6.47,-7.69,-3.3,-0.98,-5.74,-2.56,1.0,2026/06/11,2026/06/12,3835.0,3.93,3830.0,3.79,3780.0,2.44,3960.0,7.32,4055.0,9.89,3860.0,4.61,3990.0,8.13,3780.0,2.44,3715.0,0.68,3900.0,5.69
Bull?,Ａｒｅｎｔ,5254,東証GR,2026/06/04,2026/06/05,65.0,0.486,3200.0,-9.86,44400.0,29.2,-47.575,上昇(+1),1.3,0.0,1.0,0.0,―,―,,3445.0,7.66,35800.0,38.4,-46.002,上昇(+1),0.98,0.0,0.0,0.0,3280.0,-4.79,3300.0,-4.21,3300.0,-4.21,3295.0,-4.35,3330.0,-3.34,3385.0,-1.74,3440.0,-0.15,3485.0,1.16,3480.0,1.02,3375.0,-2.03,3390.0,3280.0,0.61,0.61,0.46,1.52,3.2,4.88,6.25,6.1,2.9,3.35,1.0,2026/06/04,2026/06/05,3445.0,7.66,3280.0,2.5,3300.0,3.12,3300.0,3.12,3295.0,2.97,3330.0,4.06,3385.0,5.78,3440.0,7.5,3485.0,8.91,3480.0,8.75
Bull?,日本ヒューム,5262,東証PR,2026/06/04,2026/06/05,65.0,0.202,987.0,-1.89,315300.0,27.5,-6.265,下降(-1),-10.76,0.0,1.0,0.0,―,―,,1048.0,6.18,486200.0,43.0,-2.053,下降(-1),-11.06,0.0,0.0,0.0,1036.0,-1.15,1074.0,2.48,1080.0,3.05,1024.0,-2.29,1025.0,-2.19,1040.0,-0.76,1013.0,-3.34,1058.0,0.95,1033.0,-1.43,1025.0,-2.19,1030.0,1036.0,3.67,4.25,-1.16,-1.06,0.39,-2.22,2.12,-0.29,-1.06,-0.58,1.0,2026/06/04,2026/06/05,1048.0,6.18,1036.0,4.96,1074.0,8.81,1080.0,9.42,1024.0,3.75,1025.0,3.85,1040.0,5.37,1013.0,2.63,1058.0,7.19,1033.0,4.66
Bear?,フジミインコーポレーテッド,5384,東証PR,2026/06/04,2026/06/05,65.0,0.835,4275.0,1.3,514300.0,75.3,59.598,上昇(+1),8.31,0.0,0.0,1.0,―,―,,4020.0,-5.96,617000.0,62.9,39.586,上昇(+1),8.3,0.0,0.0,0.0,3795.0,-5.6,3925.0,-2.36,3750.0,-6.72,3870.0,-3.73,4145.0,3.11,4265.0,6.09,4220.0,4.98,4445.0,10.57,4650.0,15.67,4800.0,19.4,5090.0,3795.0,3.43,-1.19,1.98,9.22,12.38,11.2,17.13,22.53,26.48,34.12,1.0,2026/06/04,2026/06/05,4020.0,-5.96,3795.0,-11.23,3925.0,-8.19,3750.0,-12.28,3870.0,-9.47,4145.0,-3.04,4265.0,-0.23,4220.0,-1.29,4445.0,3.98,4650.0,8.77
Bear?,妙徳,6265,東証ST,2026/06/04,2026/06/05,65.0,0.639,3435.0,1.03,600.0,67.5,20.533,上昇(+1),7.29,0.0,0.0,0.0,―,―,,3390.0,-1.31,500.0,64.3,17.607,上昇(+1),7.38,0.0,0.0,0.0,3220.0,-5.01,3285.0,-3.1,3245.0,-4.28,3300.0,-2.65,3305.0,-2.51,3310.0,-2.36,3310.0,-2.36,3440.0,1.47,3565.0,5.16,3695.0,9.0,3840.0,3220.0,2.02,0.78,2.48,2.64,2.8,2.8,6.83,10.71,14.75,19.25,,,,,,,,,,,,,,,,,,,,,,,
Bull?,中北製作所,6496,東証ST,2026/06/04,2026/06/05,65.0,0.259,4580.0,-2.97,8700.0,23.2,-44.687,下降(-1),-5.85,0.0,0.0,0.0,Tier3,bull_div（全体）,,4780.0,4.37,12800.0,32.5,-34.003,下降(-1),-6.0,0.0,1.0,0.0,4575.0,-4.29,4590.0,-3.97,4505.0,-5.75,4430.0,-7.32,4575.0,-4.29,4860.0,1.67,4750.0,-0.63,4900.0,2.51,4920.0,2.93,4930.0,3.14,4970.0,4575.0,0.33,-1.53,-3.17,0.0,6.23,3.83,7.1,7.54,7.76,8.63,1.0,2026/06/11,2026/06/12,4575.0,3.27,4860.0,9.71,4750.0,7.22,4900.0,10.61,4920.0,11.06,4930.0,11.29,4970.0,12.19,4900.0,10.61,4760.0,7.45,4825.0,8.92
Bear?,パナソニック,6752,東証PR,2026/06/04,2026/06/05,65.0,0.615,3800.0,-2.96,13402400.0,65.9,18.069,上昇(+1),12.7,0.0,0.0,0.0,―,―,,3754.0,-1.21,10487900.0,63.5,12.689,上昇(+1),12.65,0.0,0.0,0.0,3574.0,-4.79,3924.0,4.53,3756.0,0.05,3767.0,0.35,3800.0,1.23,4010.0,6.82,4079.0,8.66,4200.0,11.88,4305.0,14.68,4419.0,17.71,4393.0,3574.0,9.79,5.09,5.4,6.32,12.2,14.13,17.52,20.45,23.64,22.92,,,,,,,,,,,,,,,,,,,,,,,
Bull?,原田工業,6904,東証ST,2026/06/04,2026/06/05,65.0,0.207,441.0,-0.23,2700.0,23.8,-0.694,下降(-1),-1.84,0.0,0.0,0.0,―,―,,441.0,0.0,4400.0,23.8,-0.675,下降(-1),-2.0,0.0,0.0,0.0,443.0,0.45,445.0,0.91,445.0,0.91,446.0,1.13,445.0,0.91,445.0,0.91,443.0,0.45,443.0,0.45,443.0,0.45,443.0,0.45,444.0,443.0,0.45,0.45,0.68,0.45,0.45,0.0,0.0,0.0,0.0,0.23,1.0,2026/06/08,2026/06/09,445.0,0.45,445.0,0.45,446.0,0.68,445.0,0.45,445.0,0.45,443.0,0.0,443.0,0.0,443.0,0.0,443.0,0.0,444.0,0.23
Bull?,日本車輌製造,7102,東証PR,2026/06/04,2026/06/05,65.0,0.458,3165.0,-0.63,27200.0,28.1,-15.846,下降(-1),-3.85,0.0,0.0,0.0,―,―,,3230.0,2.05,25300.0,35.8,-10.387,下降(-1),-4.18,0.0,0.0,0.0,3160.0,-2.17,3135.0,-2.94,3150.0,-2.48,3085.0,-4.49,3110.0,-3.72,3240.0,0.31,3200.0,-0.93,3230.0,0.0,3280.0,1.55,3275.0,1.39,3255.0,3160.0,-0.79,-0.32,-2.37,-1.58,2.53,1.27,2.22,3.8,3.64,3.01,1.0,2026/06/11,2026/06/12,3110.0,0.81,3240.0,5.02,3200.0,3.73,3230.0,4.7,3280.0,6.32,3275.0,6.16,3255.0,5.51,3190.0,3.4,3100.0,0.49,3120.0,1.13
Bull?,ドウシシャ,7483,東証PR,2026/06/04,2026/06/05,65.0,0.958,2830.0,-1.15,70000.0,21.9,-3.793,下降(-1),-2.59,0.0,1.0,0.0,―,―,,2863.0,1.17,61800.0,27.8,-1.651,下降(-1),-2.79,0.0,0.0,0.0,2884.0,0.73,2857.0,-0.21,2886.0,0.8,2878.0,0.52,2894.0,1.08,2878.0,0.52,2845.0,-0.63,2829.0,-1.19,2828.0,-1.22,2864.0,0.03,2831.0,2884.0,-0.94,0.07,-0.21,0.35,-0.21,-1.35,-1.91,-1.94,-0.69,-1.84,1.0,2026/06/04,2026/06/05,2863.0,1.17,2884.0,1.91,2857.0,0.95,2886.0,1.98,2878.0,1.7,2894.0,2.26,2878.0,1.7,2845.0,0.53,2829.0,-0.04,2828.0,-0.07
Bull?,アルゴグラフィックス,7595,東証PR,2026/06/04,2026/06/05,65.0,0.418,1247.0,-0.08,203300.0,28.9,-4.334,下降(-1),-3.79,0.0,1.0,0.0,―,―,,1254.0,0.56,224300.0,31.2,-3.356,下降(-1),-3.86,0.0,0.0,0.0,1239.0,-1.2,1228.0,-2.07,1226.0,-2.23,1215.0,-3.11,1219.0,-2.79,1210.0,-3.51,1192.0,-4.94,1184.0,-5.58,1201.0,-4.23,1190.0,-5.1,1188.0,1239.0,-0.89,-1.05,-1.94,-1.61,-2.34,-3.79,-4.44,-3.07,-3.95,-4.12,1.0,2026/06/16,2026/06/17,1184.0,-0.67,1201.0,0.76,1190.0,-0.17,1188.0,-0.34,1174.0,-1.51,1180.0,-1.01,1184.0,-0.67,1188.0,-0.34,,,,
Bear?,信越ポリマー,7970,東証PR,2026/06/04,2026/06/05,65.0,0.393,2363.0,-0.88,167000.0,64.8,7.797,上昇(+1),2.44,0.0,0.0,0.0,―,―,,2345.0,-0.76,107400.0,62.1,6.863,上昇(+1),2.49,0.0,0.0,0.0,2222.0,-5.25,2230.0,-4.9,2199.0,-6.23,2197.0,-6.31,2271.0,-3.16,2333.0,-0.51,2295.0,-2.13,2313.0,-1.36,2320.0,-1.07,2324.0,-0.9,2348.0,2222.0,0.36,-1.04,-1.13,2.21,5.0,3.29,4.1,4.41,4.59,5.67,,,,,,,,,,,,,,,,,,,,,,,
Bull?,リヒトラブ,7975,東証ST,2026/06/04,2026/06/05,65.0,0.66,1068.0,-1.66,800.0,24.6,-9.097,下降(-1),-3.05,0.0,0.0,0.0,―,―,,1066.0,-0.19,2200.0,24.3,-8.627,下降(-1),-3.15,0.0,0.0,0.0,1061.0,-0.47,1065.0,-0.09,1078.0,1.13,1072.0,0.56,1070.0,0.38,1076.0,0.94,1071.0,0.47,1077.0,1.03,1070.0,0.38,1060.0,-0.56,1060.0,1061.0,0.38,1.6,1.04,0.85,1.41,0.94,1.51,0.85,-0.09,-0.09,1.0,2026/06/09,2026/06/10,1078.0,1.22,1072.0,0.66,1070.0,0.47,1076.0,1.03,1071.0,0.56,1077.0,1.13,1070.0,0.47,1060.0,-0.47,1060.0,-0.47,1057.0,-0.75
Bull?,東海旅客鉄道,9022,東証PR,2026/06/04,2026/06/05,65.0,0.076,3297.0,-0.84,2570600.0,22.2,-4.49,下降(-1),-5.4,0.0,1.0,0.0,―,―,,3345.0,1.46,2342400.0,28.2,-1.146,下降(-1),-5.57,0.0,0.0,0.0,3394.0,1.46,3463.0,3.53,3507.0,4.84,3405.0,1.79,3365.0,0.6,3350.0,0.15,3351.0,0.18,3297.0,-1.43,3331.0,-0.42,3256.0,-2.66,3259.0,3394.0,2.03,3.33,0.32,-0.85,-1.3,-1.27,-2.86,-1.86,-4.07,-3.98,1.0,2026/06/04,2026/06/05,3345.0,1.46,3394.0,2.94,3463.0,5.03,3507.0,6.37,3405.0,3.28,3365.0,2.06,3350.0,1.61,3351.0,1.64,3297.0,0.0,3331.0,1.03
Bull?,サンウェルズ,9229,東証PR,2026/06/04,2026/06/05,65.0,0.26,151.0,-5.03,73500.0,26.2,-1.081,下降(-1),-17.18,0.0,1.0,0.0,―,―,,156.0,3.31,152800.0,30.6,-0.92,下降(-1),-17.27,0.0,0.0,0.0,154.0,-1.28,152.0,-2.56,148.0,-5.13,148.0,-5.13,148.0,-5.13,145.0,-7.05,141.0,-9.62,143.0,-8.33,134.0,-14.1,128.0,-17.95,123.0,154.0,-1.3,-3.9,-3.9,-3.9,-5.84,-8.44,-7.14,-12.99,-16.88,-20.13,1.0,2026/06/16,2026/06/17,143.0,1.42,134.0,-4.96,128.0,-9.22,123.0,-12.77,112.0,-20.57,127.0,-9.93,116.0,-17.73,118.0,-16.31,,,,
Bull?,バリュークリエーション,9238,東証GR,2026/06/04,2026/06/05,65.0,0.12,483.0,0.42,4900.0,24.4,-8.438,下降(-1),-21.27,0.0,1.0,0.0,―,―,,488.0,1.04,1400.0,27.2,-7.82,下降(-1),-21.69,0.0,0.0,0.0,469.0,-3.89,452.0,-7.38,448.0,-8.2,418.0,-14.34,390.0,-20.08,400.0,-18.03,394.0,-19.26,395.0,-19.06,393.0,-19.47,385.0,-21.11,388.0,469.0,-3.62,-4.48,-10.87,-16.84,-14.71,-15.99,-15.78,-16.2,-17.91,-17.27,1.0,2026/06/23,2026/06/24,385.0,1.05,373.0,-2.1,383.0,0.52,,,,,,,,,,,,,,
Bull?,ラストワンマイル,9252,東証GR,2026/06/04,2026/06/05,65.0,0.395,3445.0,-1.29,6600.0,29.4,-21.669,下降(-1),-4.44,0.0,1.0,0.0,―,―,,3565.0,3.48,18200.0,39.5,-14.606,下降(-1),-4.69,0.0,0.0,0.0,3480.0,-2.38,3455.0,-3.09,3470.0,-2.66,3410.0,-4.35,3355.0,-5.89,3385.0,-5.05,3365.0,-5.61,3360.0,-5.75,3405.0,-4.49,3405.0,-4.49,3430.0,3480.0,-0.72,-0.29,-2.01,-3.59,-2.73,-3.3,-3.45,-2.16,-2.16,-1.44,1.0,2026/06/12,2026/06/15,3385.0,0.89,3365.0,0.3,3360.0,0.15,3405.0,1.49,3405.0,1.49,3430.0,2.24,3400.0,1.34,3385.0,0.89,3440.0,2.53,3440.0,2.53
Bull?,ナガセ,9733,東証ST,2026/06/04,2026/06/05,65.0,0.012,2187.0,-0.91,21400.0,29.2,-0.573,下降(-1),-4.13,0.0,1.0,0.0,―,―,,2204.0,0.78,13700.0,33.3,-0.294,下降(-1),-4.23,0.0,0.0,0.0,2200.0,-0.18,2251.0,2.13,2246.0,1.91,2225.0,0.95,2235.0,1.41,2226.0,1.0,2203.0,-0.05,2201.0,-0.14,2200.0,-0.18,2212.0,0.36,2220.0,2200.0,2.32,2.09,1.14,1.59,1.18,0.14,0.05,0.0,0.55,0.91,1.0,2026/06/04,2026/06/05,2204.0,0.78,2200.0,0.59,2251.0,2.93,2246.0,2.7,2225.0,1.74,2235.0,2.19,2226.0,1.78,2203.0,0.73,2201.0,0.64,2200.0,0.59
Bull?,丸紅建材リース,9763,東証ST,2026/06/04,2026/06/05,65.0,0.119,1184.0,-1.09,20600.0,26.8,-2.188,下降(-1),-5.05,0.0,1.0,0.0,―,―,,1217.0,2.79,20400.0,37.6,-0.437,下降(-1),-5.22,0.0,0.0,0.0,1186.0,-2.55,1191.0,-2.14,1188.0,-2.38,1160.0,-4.68,1174.0,-3.53,1188.0,-2.38,1196.0,-1.73,1197.0,-1.64,1198.0,-1.56,1194.0,-1.89,1187.0,1186.0,0.42,0.17,-2.19,-1.01,0.17,0.84,0.93,1.01,0.67,0.08,1.0,2026/06/11,2026/06/12,1174.0,1.21,1188.0,2.41,1196.0,3.1,1197.0,3.19,1198.0,3.28,1194.0,2.93,1187.0,2.33,1171.0,0.95,1186.0,2.24,1178.0,1.55
Bull?,旭情報サービス,9799,東証ST,2026/06/04,2026/06/05,65.0,0.38,887.0,-1.33,20000.0,27.8,-1.795,下降(-1),-7.88,0.0,1.0,0.0,―,―,,897.0,1.13,21200.0,32.2,-1.786,下降(-1),-7.86,0.0,0.0,0.0,878.0,-2.12,876.0,-2.34,865.0,-3.57,871.0,-2.9,865.0,-3.57,864.0,-3.68,866.0,-3.46,869.0,-3.12,858.0,-4.35,850.0,-5.24,844.0,878.0,-0.23,-1.48,-0.8,-1.48,-1.59,-1.37,-1.03,-2.28,-3.19,-3.87,1.0,2026/06/16,2026/06/17,869.0,0.35,858.0,-0.92,850.0,-1.85,844.0,-2.54,843.0,-2.66,847.0,-2.19,848.0,-2.08,865.0,-0.12,,,,
Bull?,伏木海陸運送,9361,東証ST,2026/06/04,2026/06/05,63.0,0.491,2012.0,0.05,1100.0,31.5,-14.289,揉み合い(0),0.43,0.0,0.0,0.0,―,―,,2070.0,2.88,100.0,40.1,-11.389,揉み合い(0),0.27,0.0,0.0,0.0,1992.0,-3.77,1992.0,-3.77,1993.0,-3.72,2000.0,-3.38,2000.0,-3.38,2049.0,-1.01,,,2088.0,0.87,,,,,2128.0,1992.0,0.0,0.05,0.4,0.4,2.86,,4.82,,,6.83,1.0,2026/06/08,2026/06/09,1992.0,0.0,1993.0,0.05,2000.0,0.4,2000.0,0.4,2049.0,2.86,,,2088.0,4.82,,,,,2128.0,6.83
Bull?,日清製粉グループ本社,2002,東証PR,2026/06/04,2026/06/05,60.0,0.421,1896.0,-1.15,1111000.0,39.2,-7.86,下降(-1),-0.6,0.0,0.0,0.0,―,―,,1892.0,-0.21,785200.0,38.7,-7.649,下降(-1),-0.79,0.0,0.0,0.0,1926.0,1.8,1930.0,2.01,1962.5,3.73,1969.5,4.1,1967.0,3.96,1948.0,2.96,1918.5,1.4,1901.0,0.48,1905.0,0.69,1923.0,1.64,1927.0,1926.0,0.21,1.9,2.26,2.13,1.14,-0.39,-1.3,-1.09,-0.16,0.05,,,,,,,,,,,,,,,,,,,,,,,
Bull?,モロゾフ,2217,東証PR,2026/06/04,2026/06/05,60.0,0.493,1460.0,-1.15,30500.0,40.4,-2.895,下降(-1),-1.05,0.0,0.0,0.0,―,―,,1475.0,1.03,16700.0,45.9,-2.087,下降(-1),-0.99,0.0,0.0,0.0,1474.0,-0.07,1494.0,1.29,1486.0,0.75,1502.0,1.83,1504.0,1.97,1512.0,2.51,1512.0,2.51,1511.0,2.44,1520.0,3.05,1521.0,3.12,1521.0,1474.0,1.36,0.81,1.9,2.04,2.58,2.58,2.51,3.12,3.19,3.19,,,,,,,,,,,,,,,,,,,,,,,
Bull?,シダー,2435,東証ST,2026/06/04,2026/06/05,60.0,0.087,205.0,0.0,28900.0,35.7,-0.089,下降(-1),-0.87,0.0,1.0,0.0,―,―,,206.0,0.49,2000.0,38.6,-0.073,下降(-1),-0.97,0.0,0.0,0.0,204.0,-0.97,207.0,0.49,203.0,-1.46,204.0,-0.97,206.0,0.0,207.0,0.49,208.0,0.97,207.0,0.49,208.0,0.97,206.0,0.0,207.0,204.0,1.47,-0.49,0.0,0.98,1.47,1.96,1.47,1.96,0.98,1.47,1.0,2026/06/08,2026/06/09,207.0,1.47,203.0,-0.49,204.0,0.0,206.0,0.98,207.0,1.47,208.0,1.96,207.0,1.47,208.0,1.96,206.0,0.98,207.0,1.47
Bull?,シー・ヴイ・エス・ベイエリア,2687,東証ST,2026/06/04,2026/06/05,60.0,0.717,476.0,0.0,7100.0,35.2,-0.757,下降(-1),-1.64,0.0,0.0,0.0,Tier3,bull_div（全体）,,476.0,0.0,8600.0,35.2,-0.726,下降(-1),-1.7,0.0,1.0,0.0,481.0,1.05,478.0,0.42,478.0,0.42,477.0,0.21,476.0,0.0,475.0,-0.21,473.0,-0.63,472.0,-0.84,472.0,-0.84,474.0,-0.42,476.0,481.0,-0.62,-0.62,-0.83,-1.04,-1.25,-1.66,-1.87,-1.87,-1.46,-1.04,1.0,2026/06/05,2026/06/08,481.0,1.05,478.0,0.42,478.0,0.42,477.0,0.21,476.0,0.0,475.0,-0.21,473.0,-0.63,472.0,-0.84,472.0,-0.84,474.0,-0.42
Bull?,北の達人コーポレーション,2930,東証PR,2026/06/04,2026/06/05,60.0,0.571,121.0,-2.42,374500.0,37.7,-0.426,下降(-1),-3.62,0.0,0.0,0.0,―,―,,122.0,0.83,204800.0,40.6,-0.38,下降(-1),-3.71,0.0,0.0,0.0,121.0,-0.82,121.0,-0.82,119.0,-2.46,119.0,-2.46,119.0,-2.46,119.0,-2.46,118.0,-3.28,119.0,-2.46,119.0,-2.46,115.0,-5.74,114.0,121.0,0.0,-1.65,-1.65,-1.65,-1.65,-2.48,-1.65,-1.65,-4.96,-5.79,1.0,2026/06/23,2026/06/24,113.0,-0.88,114.0,0.0,114.0,0.0,,,,,,,,,,,,,,
Bull?,ヒマラヤ,7514,東証ST,2026/06/04,2026/06/05,60.0,0.562,845.0,-0.24,4300.0,39.3,-0.185,下降(-1),-0.95,0.0,1.0,0.0,―,―,,847.0,0.24,1500.0,44.7,-0.137,下降(-1),-0.97,0.0,0.0,0.0,849.0,0.24,854.0,0.83,854.0,0.83,857.0,1.18,858.0,1.3,853.0,0.71,853.0,0.71,851.0,0.47,850.0,0.35,852.0,0.59,853.0,849.0,0.59,0.59,0.94,1.06,0.47,0.47,0.24,0.12,0.35,0.47,1.0,2026/06/04,2026/06/05,847.0,0.24,849.0,0.47,854.0,1.07,854.0,1.07,857.0,1.42,858.0,1.54,853.0,0.95,853.0,0.95,851.0,0.71,850.0,0.59
Bull?,ベストブライダル,2418,東証ST,2026/06/04,2026/06/05,58.0,0.463,559.0,-0.71,53900.0,28.7,-2.68,揉み合い(0),0.41,0.0,0.0,0.0,―,―,,573.0,2.5,135200.0,38.3,-1.539,揉み合い(0),0.12,0.0,0.0,0.0,567.0,-1.05,565.0,-1.4,579.0,1.05,576.0,0.52,585.0,2.09,602.0,5.06,596.0,4.01,591.0,3.14,591.0,3.14,596.0,4.01,599.0,567.0,-0.35,2.12,1.59,3.17,6.17,5.11,4.23,4.23,5.11,5.64,,,,,,,,,,,,,,,,,,,,,,,
Bull?,日本空港ビルデング,9706,東証PR,2026/06/04,2026/06/05,58.0,0.549,4601.0,-2.75,227100.0,29.8,-27.268,揉み合い(0),0.0,0.0,1.0,0.0,―,―,,4641.0,0.87,199300.0,33.0,-26.832,揉み合い(0),-0.35,0.0,0.0,0.0,4719.0,1.68,4750.0,2.35,4677.0,0.78,4644.0,0.06,4701.0,1.29,4839.0,4.27,4825.0,3.96,4814.0,3.73,4657.0,0.34,4657.0,0.34,4710.0,4719.0,0.66,-0.89,-1.59,-0.38,2.54,2.25,2.01,-1.31,-1.31,-0.19,1.0,2026/06/10,2026/06/11,4644.0,-0.71,4701.0,0.51,4839.0,3.46,4825.0,3.16,4814.0,2.93,4657.0,-0.43,4657.0,-0.43,4710.0,0.71,4695.0,0.38,4875.0,4.23
Bull?,不二家,2211,東証PR,2026/06/04,2026/06/05,55.0,0.878,2268.0,-0.7,29300.0,31.3,-4.505,下降(-1),-2.41,0.0,0.0,0.0,―,―,,2287.0,0.84,27000.0,36.7,-3.138,下降(-1),-2.45,0.0,0.0,0.0,2318.0,1.36,2330.0,1.88,2347.0,2.62,2359.0,3.15,2360.0,3.19,2349.0,2.71,2336.0,2.14,2349.0,2.71,2348.0,2.67,2327.0,1.75,2296.0,2318.0,0.52,1.25,1.77,1.81,1.34,0.78,1.34,1.29,0.39,-0.95,,,,,,,,,,,,,,,,,,,,,,,
Bull?,綜合警備保障,2331,東証PR,2026/06/04,2026/06/05,55.0,0.544,1064.0,-0.93,1526500.0,31.4,-6.1,下降(-1),-1.83,0.0,0.0,0.0,―,―,,1074.0,0.94,1406900.0,34.2,-5.532,下降(-1),-1.85,0.0,0.0,0.0,1075.0,0.09,1072.5,-0.14,1080.5,0.61,1088.0,1.3,1077.5,0.33,1073.0,-0.09,1055.0,-1.77,1068.0,-0.56,1068.0,-0.56,1064.5,-0.88,1062.5,1075.0,-0.23,0.51,1.21,0.23,-0.19,-1.86,-0.65,-0.65,-0.98,-1.16,,,,,,,,,,,,,,,,,,,,,,,
Bull?,ゲンダイエージェンシー,2411,東証ST,2026/06/04,2026/06/05,55.0,0.821,439.0,-0.68,7700.0,33.4,-0.983,下降(-1),-1.74,0.0,0.0,0.0,Tier3,bull_div（全体）,,440.0,0.23,25300.0,34.8,-0.891,下降(-1),-1.82,0.0,1.0,0.0,444.0,0.91,444.0,0.91,446.0,1.36,447.0,1.59,449.0,2.05,446.0,1.36,448.0,1.82,451.0,2.5,452.0,2.73,453.0,2.95,447.0,444.0,0.0,0.45,0.68,1.13,0.45,0.9,1.58,1.8,2.03,0.68,1.0,2026/06/05,2026/06/08,444.0,0.91,444.0,0.91,446.0,1.36,447.0,1.59,449.0,2.05,446.0,1.36,448.0,1.82,451.0,2.5,452.0,2.73,453.0,2.95
Bull?,ピックルスホールディングス,2935,東証PR,2026/06/04,2026/06/05,55.0,0.024,1070.0,-1.38,18700.0,32.3,-0.265,下降(-1),-3.8,0.0,1.0,0.0,―,―,,1081.0,1.03,21000.0,38.7,-0.075,下降(-1),-3.81,0.0,0.0,0.0,1077.0,-0.37,1092.0,1.02,1105.0,2.22,1105.0,2.22,1100.0,1.76,1098.0,1.57,1103.0,2.04,1104.0,2.13,1100.0,1.76,1105.0,2.22,1103.0,1077.0,1.39,2.6,2.6,2.14,1.95,2.41,2.51,2.14,2.6,2.41,1.0,2026/06/04,2026/06/05,1081.0,1.03,1077.0,0.65,1092.0,2.06,1105.0,3.27,1105.0,3.27,1100.0,2.8,1098.0,2.62,1103.0,3.08,1104.0,3.18,1100.0,2.8
Bull?,ヒューリック,3003,東証PR,2026/06/04,2026/06/05,55.0,0.476,1632.0,-1.09,3286700.0,33.6,-2.734,下降(-1),-1.69,0.0,0.0,0.0,―,―,,1656.0,1.47,2105800.0,38.7,-0.756,下降(-1),-1.95,0.0,0.0,0.0,1677.0,1.27,1676.0,1.21,1727.5,4.32,1721.5,3.96,1725.5,4.2,1739.5,5.04,1704.5,2.93,1716.0,3.62,1715.5,3.59,1706.5,3.05,1686.0,1677.0,-0.06,3.01,2.65,2.89,3.73,1.64,2.33,2.3,1.76,0.54,,,,,,,,,,,,,,,,,,,,,,,
Bull?,オープンハウス,3288,東証PR,2026/06/04,2026/06/05,55.0,0.398,8174.0,-0.1,300900.0,31.6,-26.962,下降(-1),-1.4,0.0,0.0,0.0,―,―,,8364.0,2.32,311700.0,38.0,-11.745,下降(-1),-1.71,0.0,0.0,0.0,8445.0,0.97,8397.0,0.39,8844.0,5.74,8519.0,1.85,8498.0,1.6,8686.0,3.85,8438.0,0.88,8463.0,1.18,8337.0,-0.32,8399.0,0.42,8329.0,8445.0,-0.57,4.72,0.88,0.63,2.85,-0.08,0.21,-1.28,-0.54,-1.37,,,,,,,,,,,,,,,,,,,,,,,
Bull?,デリカフーズ,3392,東証ST,2026/06/04,2026/06/05,55.0,0.319,801.0,-0.99,7200.0,33.5,-3.064,下降(-1),-2.01,0.0,0.0,0.0,―,―,,808.0,0.87,12300.0,37.0,-2.473,下降(-1),-2.17,0.0,0.0,0.0,796.0,-1.49,797.0,-1.36,805.0,-0.37,787.0,-2.6,797.0,-1.36,810.0,0.25,806.0,-0.25,815.0,0.87,811.0,0.37,826.0,2.23,837.0,796.0,0.13,1.13,-1.13,0.13,1.76,1.26,2.39,1.88,3.77,5.15,1.0,2026/06/11,2026/06/12,797.0,1.27,810.0,2.92,806.0,2.41,815.0,3.56,811.0,3.05,826.0,4.96,837.0,6.35,813.0,3.3,823.0,4.57,824.0,4.7
Bull?,フェイスネットワーク,3489,東証ST,2026/06/04,2026/06/05,55.0,0.265,682.0,-1.59,74800.0,32.0,-1.183,下降(-1),-3.8,0.0,1.0,0.0,―,―,,695.0,1.91,47500.0,37.9,-0.734,下降(-1),-3.88,0.0,0.0,0.0,685.0,-1.44,692.0,-0.43,697.0,0.29,693.0,-0.29,697.0,0.29,705.0,1.44,698.0,0.43,714.0,2.73,729.0,4.89,731.0,5.18,741.0,685.0,1.02,1.75,1.17,1.75,2.92,1.9,4.23,6.42,6.72,8.18,1.0,2026/06/04,2026/06/05,695.0,1.91,685.0,0.44,692.0,1.47,697.0,2.2,693.0,1.61,697.0,2.2,705.0,3.37,698.0,2.35,714.0,4.69,729.0,6.89
Bull?,アズーム,3496,東証PR,2026/06/04,2026/06/05,55.0,0.424,3965.0,-1.37,81100.0,33.9,-15.604,下降(-1),-3.1,0.0,1.0,0.0,―,―,,4075.0,2.77,81300.0,43.0,-10.816,下降(-1),-2.96,0.0,0.0,0.0,4085.0,0.25,4250.0,4.29,4405.0,8.1,4355.0,6.87,4290.0,5.28,4235.0,3.93,4265.0,4.66,4270.0,4.79,4210.0,3.31,4165.0,2.21,4095.0,4085.0,4.04,7.83,6.61,5.02,3.67,4.41,4.53,3.06,1.96,0.24,1.0,2026/06/04,2026/06/05,4075.0,2.77,4085.0,3.03,4250.0,7.19,4405.0,11.1,4355.0,9.84,4290.0,8.2,4235.0,6.81,4265.0,7.57,4270.0,7.69,4210.0,6.18
Bull?,伊勢化学工業,4107,東証ST,2026/06/04,2026/06/05,55.0,0.101,4010.0,-5.2,214600.0,34.0,-6.158,下降(-1),-8.46,0.0,0.0,0.0,―,―,,4105.0,2.37,189500.0,37.4,-3.794,下降(-1),-8.96,0.0,0.0,0.0,3965.0,-3.41,4010.0,-2.31,3910.0,-4.75,3680.0,-10.35,3825.0,-6.82,3815.0,-7.06,3690.0,-10.11,3815.0,-7.06,3755.0,-8.53,3910.0,-4.75,3955.0,3965.0,1.13,-1.39,-7.19,-3.53,-3.78,-6.94,-3.78,-5.3,-1.39,-0.25,,,,,,,,,,,,,,,,,,,,,,,
Bull?,Ｌｉｎｋ‐Ｕ,4446,東証PR,2026/06/04,2026/06/05,55.0,0.109,567.0,-1.22,63900.0,32.5,-3.357,下降(-1),-14.52,0.0,0.0,0.0,―,―,,590.0,4.06,59000.0,37.9,-1.814,下降(-1),-14.68,0.0,0.0,0.0,560.0,-5.08,566.0,-4.07,595.0,0.85,695.0,17.8,630.0,6.78,730.0,23.73,785.0,33.05,707.0,19.83,791.0,34.07,736.0,24.75,719.0,560.0,1.07,6.25,24.11,12.5,30.36,40.18,26.25,41.25,31.43,28.39,,,,,,,,,,,,,,,,,,,,,,,
Bull?,古河機械金属,5715,東証PR,2026/06/04,2026/06/05,55.0,0.368,3695.0,-3.27,206700.0,34.5,-10.223,下降(-1),-4.57,0.0,0.0,0.0,Tier3,bull_div（全体）,,3835.0,3.79,337800.0,41.0,-6.133,下降(-1),-5.16,0.0,1.0,0.0,3640.0,-5.08,3655.0,-4.69,3625.0,-5.48,3575.0,-6.78,3725.0,-2.87,4125.0,7.56,4055.0,5.74,4135.0,7.82,4145.0,8.08,4070.0,6.13,4175.0,3640.0,0.41,-0.41,-1.79,2.34,13.32,11.4,13.6,13.87,11.81,14.7,1.0,2026/06/11,2026/06/12,3725.0,4.2,4125.0,15.38,4055.0,13.43,4135.0,15.66,4145.0,15.94,4070.0,13.85,4175.0,16.78,3840.0,7.41,3770.0,5.45,3680.0,2.94
Bull?,フリークアウト,6094,東証GR,2026/06/04,2026/06/05,55.0,0.805,585.0,-4.88,61400.0,30.4,-7.223,上昇(+1),5.2,0.0,1.0,0.0,―,―,,610.0,4.27,27900.0,38.5,-5.987,上昇(+1),4.83,0.0,0.0,0.0,551.0,-9.67,555.0,-9.02,555.0,-9.02,520.0,-14.75,530.0,-13.11,532.0,-12.79,522.0,-14.43,525.0,-13.93,534.0,-12.46,524.0,-14.1,530.0,551.0,0.73,0.73,-5.63,-3.81,-3.45,-5.26,-4.72,-3.09,-4.9,-3.81,1.0,2026/06/11,2026/06/12,530.0,1.92,532.0,2.31,522.0,0.38,525.0,0.96,534.0,2.69,524.0,0.77,530.0,1.92,528.0,1.54,517.0,-0.58,517.0,-0.58
Bull?,不二精機,6400,東証ST,2026/06/04,2026/06/05,55.0,0.422,262.0,-0.38,13200.0,31.2,-1.332,下降(-1),-2.87,0.0,0.0,0.0,―,―,,264.0,0.76,14000.0,35.3,-1.177,下降(-1),-3.13,0.0,0.0,0.0,261.0,-1.14,261.0,-1.14,258.0,-2.27,261.0,-1.14,260.0,-1.52,260.0,-1.52,258.0,-2.27,263.0,-0.38,263.0,-0.38,260.0,-1.52,260.0,261.0,0.0,-1.15,0.0,-0.38,-0.38,-1.15,0.77,0.77,-0.38,-0.38,1.0,2026/06/11,2026/06/12,260.0,-0.38,260.0,-0.38,258.0,-1.15,263.0,0.77,263.0,0.77,260.0,-0.38,260.0,-0.38,260.0,-0.38,262.0,0.38,259.0,-0.77
Bull?,アマノ,6436,東証PR,2026/06/04,2026/06/05,55.0,0.118,3512.0,-0.59,217300.0,32.0,-1.853,下降(-1),-3.21,0.0,1.0,0.0,―,―,,3530.0,0.51,165700.0,35.4,-0.239,下降(-1),-3.23,0.0,0.0,0.0,3562.0,0.91,3574.0,1.25,3632.0,2.89,3597.0,1.9,3588.0,1.64,3577.0,1.33,3563.0,0.93,3565.0,0.99,3574.0,1.25,3577.0,1.33,3597.0,3562.0,0.34,1.97,0.98,0.73,0.42,0.03,0.08,0.34,0.42,0.98,1.0,2026/06/04,2026/06/05,3530.0,0.51,3562.0,1.42,3574.0,1.77,3632.0,3.42,3597.0,2.42,3588.0,2.16,3577.0,1.85,3563.0,1.45,3565.0,1.51,3574.0,1.77
Bear?,日本電子,6951,東証PR,2026/06/04,2026/06/05,55.0,0.894,7320.0,0.05,356600.0,66.5,48.558,上昇(+1),3.48,0.0,0.0,0.0,―,―,,7084.0,-3.22,464600.0,58.0,29.795,上昇(+1),3.37,0.0,0.0,0.0,6516.0,-8.02,6502.0,-8.22,6282.0,-11.32,6302.0,-11.04,6456.0,-8.87,6606.0,-6.75,6674.0,-5.79,6895.0,-2.67,6993.0,-1.28,7066.0,-0.25,7343.0,6516.0,-0.21,-3.59,-3.28,-0.92,1.38,2.42,5.82,7.32,8.44,12.69,,,,,,,,,,,,,,,,,,,,,,,
Bull?,フルサト・マルカホールディングス,7128,東証PR,2026/06/04,2026/06/05,55.0,0.196,2018.0,-0.35,50800.0,33.5,-1.995,下降(-1),-3.06,0.0,0.0,0.0,―,―,,2042.0,1.19,50800.0,39.7,-0.365,下降(-1),-3.17,0.0,0.0,0.0,2023.0,-0.93,2011.0,-1.52,2018.0,-1.18,2019.0,-1.13,2037.0,-0.24,2053.0,0.54,2035.0,-0.34,2044.0,0.1,2049.0,0.34,2064.0,1.08,2065.0,2023.0,-0.59,-0.25,-0.2,0.69,1.48,0.59,1.04,1.29,2.03,2.08,,,,,,,,,,,,,,,,,,,,,,,
Bull?,コパ・コーポレーション,7689,東証GR,2026/06/04,2026/06/05,55.0,0.622,386.0,1.05,300.0,31.6,-1.991,下降(-1),-1.7,0.0,0.0,0.0,―,―,,384.0,-0.52,600.0,30.8,-1.987,下降(-1),-2.05,0.0,0.0,0.0,373.0,-2.86,373.0,-2.86,366.0,-4.69,360.0,-6.25,363.0,-5.47,343.0,-10.68,336.0,-12.5,333.0,-13.28,332.0,-13.54,306.0,-20.31,305.0,373.0,0.0,-1.88,-3.49,-2.68,-8.04,-9.92,-10.72,-10.99,-17.96,-18.23,1.0,2026/06/26,,,,,,,,,,,,,,,,,,,,,
Bull?,スターツコーポレーション,8850,東証PR,2026/06/04,2026/06/05,55.0,0.399,4450.0,-1.0,57700.0,33.6,-13.653,下降(-1),-1.52,0.0,0.0,0.0,―,―,,4460.0,0.22,41000.0,34.6,-11.626,下降(-1),-1.65,0.0,0.0,0.0,4445.0,-0.34,4420.0,-0.9,4540.0,1.79,4550.0,2.02,4515.0,1.23,4525.0,1.46,4515.0,1.23,4495.0,0.78,4515.0,1.23,4515.0,1.23,4470.0,4445.0,-0.56,2.14,2.36,1.57,1.8,1.57,1.12,1.57,1.57,0.56,,,,,,,,,,,,,,,,,,,,,,,
Bull?,丸全昭和運輸,9068,東証PR,2026/06/04,2026/06/05,55.0,0.473,7470.0,-1.19,19900.0,34.1,-27.59,下降(-1),-2.0,0.0,0.0,0.0,―,―,,7560.0,1.2,14700.0,39.0,-21.988,下降(-1),-2.23,0.0,0.0,0.0,7470.0,-1.19,7510.0,-0.66,7570.0,0.13,7380.0,-2.38,7350.0,-2.78,7560.0,0.0,7490.0,-0.93,7420.0,-1.85,7410.0,-1.98,7520.0,-0.53,7380.0,7470.0,0.54,1.34,-1.2,-1.61,1.2,0.27,-0.67,-0.8,0.67,-1.2,1.0,2026/06/12,2026/06/15,7560.0,2.86,7490.0,1.9,7420.0,0.95,7410.0,0.82,7520.0,2.31,7380.0,0.41,7390.0,0.54,7270.0,-1.09,7230.0,-1.63,7330.0,-0.27
Bull?,ウィルソン・ラーニング　ワールドワイド,9610,東証ST,2026/06/04,2026/06/05,55.0,0.513,109.0,-5.22,125500.0,33.9,-2.218,下降(-1),-15.04,0.0,0.0,0.0,―,―,,110.0,0.92,98700.0,34.8,-2.095,下降(-1),-15.48,0.0,0.0,0.0,104.0,-5.45,100.0,-9.09,93.0,-15.45,97.0,-11.82,96.0,-12.73,95.0,-13.64,96.0,-12.73,102.0,-7.27,107.0,-2.73,100.0,-9.09,98.0,104.0,-3.85,-10.58,-6.73,-7.69,-8.65,-7.69,-1.92,2.88,-3.85,-5.77,1.0,2026/06/11,2026/06/12,96.0,-1.03,95.0,-2.06,96.0,-1.03,102.0,5.15,107.0,10.31,100.0,3.09,98.0,1.03,102.0,5.15,103.0,6.19,101.0,4.12
Bull?,船井総合研究所,9757,東証PR,2026/06/04,2026/06/05,55.0,0.703,1041.0,-1.42,336200.0,31.1,-1.525,下降(-1),-1.55,0.0,0.0,0.0,―,―,,1056.0,1.44,287000.0,38.7,-0.93,下降(-1),-1.55,0.0,0.0,0.0,1067.0,1.04,1066.0,0.95,1074.0,1.7,1086.0,2.84,1080.0,2.27,1077.0,1.99,1071.0,1.42,1068.0,1.14,1068.0,1.14,1057.0,0.09,1062.0,1067.0,-0.09,0.66,1.78,1.22,0.94,0.37,0.09,0.09,-0.94,-0.47,,,,,,,,,,,,,,,,,,,,,,,
Bull?,パーカーコーポレーション,9845,東証ST,2026/06/04,2026/06/05,55.0,0.157,1290.0,-1.68,3600.0,34.1,-4.577,下降(-1),-2.87,0.0,0.0,0.0,―,―,,1320.0,2.33,3400.0,40.8,-3.091,下降(-1),-2.94,0.0,0.0,0.0,1285.0,-2.65,1293.0,-2.05,1288.0,-2.42,1250.0,-5.3,1297.0,-1.74,1324.0,0.3,1329.0,0.68,1346.0,1.97,1370.0,3.79,1383.0,4.77,1375.0,1285.0,0.62,0.23,-2.72,0.93,3.04,3.42,4.75,6.61,7.63,7.0,,,,,,,,,,,,,,,,,,,,,,,
Bull?,---,7075,―,2026/06/04,2026/06/05,53.0,0.912,767.0,-0.9,7900.0,40.6,-2.507,揉み合い(0),0.28,0.0,0.0,0.0,―,―,,773.0,0.78,4300.0,44.8,-2.184,揉み合い(0),0.2,0.0,0.0,0.0,773.0,0.0,774.0,0.13,771.0,-0.26,770.0,-0.39,766.0,-0.91,762.0,-1.42,762.0,-1.42,767.0,-0.78,772.0,-0.13,777.0,0.52,771.0,773.0,0.13,-0.26,-0.39,-0.91,-1.42,-1.42,-0.78,-0.13,0.52,-0.26,,,,,,,,,,,,,,,,,,,,,,,
Bear?,マーケットエンタープライズ,3135,東証PR,2026/06/04,2026/06/05,50.0,0.908,1304.0,-1.06,20300.0,70.0,20.209,下降(-1),-5.66,0.0,0.0,0.0,―,―,,1283.0,-1.61,39900.0,65.5,18.361,下降(-1),-5.61,0.0,0.0,0.0,1283.0,0.0,1329.0,3.59,1380.0,7.56,1407.0,9.66,1395.0,8.73,1389.0,8.26,1365.0,6.39,1374.0,7.09,1442.0,12.39,1414.0,10.21,1433.0,1283.0,3.59,7.56,9.66,8.73,8.26,6.39,7.09,12.39,10.21,11.69,1.0,2026/06/23,2026/06/24,1424.0,-0.21,1419.0,-0.56,1385.0,-2.94,,,,,,,,,,,,,,
Bear?,プレイド,4165,東証GR,2026/06/04,2026/06/05,50.0,0.671,639.0,-0.78,558600.0,65.1,13.622,下降(-1),-9.59,0.0,0.0,0.0,―,―,,633.0,-0.94,466300.0,63.3,12.576,下降(-1),-9.2,0.0,0.0,0.0,589.0,-6.95,549.0,-13.27,518.0,-18.17,513.0,-18.96,495.0,-21.8,488.0,-22.91,469.0,-25.91,455.0,-28.12,451.0,-28.75,453.0,-28.44,451.0,589.0,-6.79,-12.05,-12.9,-15.96,-17.15,-20.37,-22.75,-23.43,-23.09,-23.43,,,,,,,,,,,,,,,,,,,,,,,
Bull?,ヨシックス,3221,東証PR,2026/06/04,2026/06/05,48.0,0.554,3050.0,-2.09,20200.0,34.1,-16.212,揉み合い(0),0.29,0.0,0.0,0.0,―,―,,3105.0,1.8,10800.0,39.8,-14.06,揉み合い(0),0.13,0.0,0.0,0.0,3095.0,-0.32,3095.0,-0.32,3175.0,2.25,3150.0,1.45,3150.0,1.45,3250.0,4.67,3175.0,2.25,3170.0,2.09,3130.0,0.81,3195.0,2.9,3145.0,3095.0,0.0,2.58,1.78,1.78,5.01,2.58,2.42,1.13,3.23,1.62,,,,,,,,,,,,,,,,,,,,,,,
Bull?,コタ,4923,東証PR,2026/06/04,2026/06/05,48.0,0.164,1061.0,-0.47,39800.0,30.2,-3.852,揉み合い(0),-0.45,0.0,1.0,0.0,―,―,,1084.0,2.17,21900.0,39.5,-2.092,下降(-1),-0.66,0.0,0.0,0.0,1094.0,0.92,1129.0,4.15,1130.0,4.24,1129.0,4.15,1143.0,5.44,1140.0,5.17,1118.0,3.14,1129.0,4.15,1110.0,2.4,1121.0,3.41,1120.0,1094.0,3.2,3.29,3.2,4.48,4.2,2.19,3.2,1.46,2.47,2.38,1.0,2026/06/04,2026/06/05,1084.0,2.17,1094.0,3.11,1129.0,6.41,1130.0,6.5,1129.0,6.41,1143.0,7.73,1140.0,7.45,1118.0,5.37,1129.0,6.41,1110.0,4.62
Bull?,テリロジーホールディングス,5133,東証ST,2026/06/04,2026/06/05,48.0,0.822,293.0,-1.68,77700.0,32.4,-3.174,揉み合い(0),-0.33,0.0,1.0,0.0,―,―,,302.0,3.07,60800.0,39.5,-2.461,揉み合い(0),-0.47,0.0,0.0,0.0,290.0,-3.97,284.0,-5.96,275.0,-8.94,272.0,-9.93,279.0,-7.62,281.0,-6.95,277.0,-8.28,284.0,-5.96,285.0,-5.63,278.0,-7.95,280.0,290.0,-2.07,-5.17,-6.21,-3.79,-3.1,-4.48,-2.07,-1.72,-4.14,-3.45,1.0,2026/06/11,2026/06/12,279.0,2.57,281.0,3.31,277.0,1.84,284.0,4.41,285.0,4.78,278.0,2.21,280.0,2.94,276.0,1.47,278.0,2.21,277.0,1.84
Bull?,日本精密,7771,東証ST,2026/06/04,2026/06/05,48.0,0.13,315.0,-2.17,172800.0,33.3,-4.754,揉み合い(0),-0.3,0.0,1.0,0.0,―,―,,325.0,3.17,186100.0,37.5,-3.935,下降(-1),-2.93,0.0,0.0,0.0,310.0,-4.62,306.0,-5.85,300.0,-7.69,285.0,-12.31,330.0,1.54,316.0,-2.77,320.0,-1.54,322.0,-0.92,318.0,-2.15,314.0,-3.38,340.0,310.0,-1.29,-3.23,-8.06,6.45,1.94,3.23,3.87,2.58,1.29,9.68,1.0,2026/06/11,2026/06/12,330.0,15.79,316.0,10.88,320.0,12.28,322.0,12.98,318.0,11.58,314.0,10.18,340.0,19.3,315.0,10.53,322.0,12.98,318.0,11.58
Bull?,オーテック,1736,東証ST,2026/06/04,2026/06/05,45.0,0.543,2296.0,-0.13,6000.0,45.6,-4.786,下降(-1),-3.29,0.0,0.0,0.0,Tier3,bull_div（全体）,,2314.0,0.78,7000.0,47.6,-3.444,下降(-1),-3.23,0.0,1.0,0.0,2250.0,-2.77,2276.0,-1.64,2256.0,-2.51,2259.0,-2.38,2324.0,0.43,2317.0,0.13,2349.0,1.51,2332.0,0.78,2410.0,4.15,2424.0,4.75,2403.0,2250.0,1.16,0.27,0.4,3.29,2.98,4.4,3.64,7.11,7.73,6.8,1.0,2026/06/11,2026/06/12,2324.0,2.88,2317.0,2.57,2349.0,3.98,2332.0,3.23,2410.0,6.68,2424.0,7.3,2403.0,6.37,2428.0,7.48,2421.0,7.17,2384.0,5.53
Bull?,長谷工コーポレーション,1808,東証PR,2026/06/04,2026/06/05,45.0,0.444,2626.0,-0.15,643300.0,38.9,-4.154,下降(-1),-4.71,0.0,0.0,0.0,―,―,,2654.0,1.07,710000.0,42.4,-2.019,下降(-1),-4.86,0.0,0.0,0.0,2647.0,-0.26,2674.0,0.75,2727.5,2.77,2731.0,2.9,2691.0,1.39,2706.5,1.98,2690.0,1.36,2706.5,1.98,2667.0,0.49,2730.0,2.86,2718.0,2647.0,1.02,3.04,3.17,1.66,2.25,1.62,2.25,0.76,3.14,2.68,,,,,,,,,,,,,,,,,,,,,,,
Bull?,大豊建設,1822,東証ST,2026/06/04,2026/06/05,45.0,0.269,719.0,-0.14,81600.0,35.3,-2.239,下降(-1),-2.01,0.0,0.0,0.0,―,―,,730.0,1.53,96200.0,42.6,-1.374,下降(-1),-2.09,0.0,0.0,0.0,735.0,0.68,732.0,0.27,733.0,0.41,733.0,0.41,741.0,1.51,752.0,3.01,737.0,0.96,737.0,0.96,740.0,1.37,740.0,1.37,733.0,735.0,-0.41,-0.27,-0.27,0.82,2.31,0.27,0.27,0.68,0.68,-0.27,,,,,,,,,,,,,,,,,,,,,,,
Bull?,丸大食品,2288,東証PR,2026/06/04,2026/06/05,45.0,0.199,2151.0,-2.23,83700.0,39.3,-4.539,下降(-1),-0.78,0.0,1.0,0.0,―,―,,2194.0,2.0,82500.0,45.4,-3.661,下降(-1),-0.87,0.0,0.0,0.0,2217.0,1.05,2208.0,0.64,2227.0,1.5,2241.0,2.14,2222.0,1.28,2212.0,0.82,2205.0,0.5,2185.0,-0.41,2199.0,0.23,2219.0,1.14,2206.0,2217.0,-0.41,0.45,1.08,0.23,-0.23,-0.54,-1.44,-0.81,0.09,-0.5,1.0,2026/06/04,2026/06/05,2194.0,2.0,2217.0,3.07,2208.0,2.65,2227.0,3.53,2241.0,4.18,2222.0,3.3,2212.0,2.84,2205.0,2.51,2185.0,1.58,2199.0,2.23
Bull?,ブラス,2424,東証ST,2026/06/04,2026/06/05,45.0,0.323,594.0,-0.5,2200.0,38.8,-0.174,下降(-1),-2.21,0.0,1.0,0.0,―,―,,595.0,0.17,3200.0,40.7,-0.092,下降(-1),-2.16,0.0,0.0,0.0,595.0,0.0,597.0,0.34,600.0,0.84,603.0,1.34,600.0,0.84,615.0,3.36,603.0,1.34,612.0,2.86,603.0,1.34,612.0,2.86,607.0,595.0,0.34,0.84,1.34,0.84,3.36,1.34,2.86,1.34,2.86,2.02,1.0,2026/06/04,2026/06/05,595.0,0.17,595.0,0.17,597.0,0.51,600.0,1.01,603.0,1.52,600.0,1.01,615.0,3.54,603.0,1.52,612.0,3.03,603.0,1.52
Bull?,アリアケジャパン,2815,東証PR,2026/06/04,2026/06/05,45.0,0.526,5170.0,-0.96,42600.0,36.7,-16.831,下降(-1),-1.06,0.0,0.0,0.0,―,―,,5180.0,0.19,53500.0,37.4,-16.626,下降(-1),-1.22,0.0,0.0,0.0,5100.0,-1.54,5030.0,-2.9,5170.0,-0.19,5190.0,0.19,5110.0,-1.35,5010.0,-3.28,4985.0,-3.76,4955.0,-4.34,4970.0,-4.05,5020.0,-3.09,4970.0,5100.0,-1.37,1.37,1.76,0.2,-1.76,-2.25,-2.84,-2.55,-1.57,-2.55,1.0,2026/06/18,2026/06/19,5020.0,1.01,4970.0,0.0,4970.0,0.0,5000.0,0.6,4995.0,0.5,5010.0,0.8,,,,,,,,
Bear?,一正蒲鉾,2904,東証ST,2026/06/04,2026/06/05,45.0,0.953,774.0,0.39,4100.0,62.0,0.403,上昇(+1),0.74,0.0,0.0,0.0,―,―,,771.0,-0.39,7400.0,56.3,0.313,上昇(+1),0.74,0.0,0.0,0.0,771.0,0.0,776.0,0.65,772.0,0.13,771.0,0.0,773.0,0.26,774.0,0.39,784.0,1.69,782.0,1.43,782.0,1.43,781.0,1.3,783.0,771.0,0.65,0.13,0.0,0.26,0.39,1.69,1.43,1.43,1.3,1.56,,,,,,,,,,,,,,,,,,,,,,,
Bull?,紀文食品,2933,東証PR,2026/06/04,2026/06/05,45.0,0.326,1022.0,-0.58,15700.0,40.5,-1.007,下降(-1),-1.67,0.0,0.0,0.0,―,―,,1030.0,0.78,21500.0,46.5,-0.606,下降(-1),-1.73,0.0,0.0,0.0,1035.0,0.49,1044.0,1.36,1048.0,1.75,1050.0,1.94,1044.0,1.36,1045.0,1.46,1044.0,1.36,1050.0,1.94,1056.0,2.52,1065.0,3.4,1058.0,1035.0,0.87,1.26,1.45,0.87,0.97,0.87,1.45,2.03,2.9,2.22,,,,,,,,,,,,,,,,,,,,,,,
Bull?,片倉工業,3001,東証ST,2026/06/04,2026/06/05,45.0,0.538,2417.0,0.12,36000.0,35.4,-9.439,下降(-1),-4.19,0.0,0.0,0.0,―,―,,2459.0,1.74,34500.0,40.4,-6.59,下降(-1),-4.32,0.0,0.0,0.0,2383.0,-3.09,2341.0,-4.8,2351.0,-4.39,2347.0,-4.55,2363.0,-3.9,2403.0,-2.28,2377.0,-3.33,2406.0,-2.16,2385.0,-3.01,2406.0,-2.16,2353.0,2383.0,-1.76,-1.34,-1.51,-0.84,0.84,-0.25,0.97,0.08,0.97,-1.26,1.0,2026/06/10,2026/06/11,2347.0,-0.17,2363.0,0.51,2403.0,2.21,2377.0,1.11,2406.0,2.34,2385.0,1.45,2406.0,2.34,2353.0,0.09,2335.0,-0.68,2358.0,0.3
Bull?,ワイエスフード,3358,東証ST,2026/06/04,2026/06/05,45.0,0.502,89.0,0.0,158200.0,37.7,-0.26,下降(-1),-0.51,0.0,0.0,0.0,―,―,,89.0,0.0,226900.0,37.7,-0.227,下降(-1),-0.7,0.0,0.0,0.0,90.0,1.12,88.0,-1.12,89.0,0.0,91.0,2.25,88.0,-1.12,89.0,0.0,91.0,2.25,91.0,2.25,91.0,2.25,90.0,1.12,89.0,90.0,-2.22,-1.11,1.11,-2.22,-1.11,1.11,1.11,1.11,0.0,-1.11,1.0,2026/06/24,2026/06/25,85.0,2.41,91.0,9.64,,,,,,,,,,,,,,,,
Bear?,ラサ工業,4022,東証PR,2026/06/04,2026/06/05,45.0,0.796,2472.0,-6.82,6008000.0,64.8,48.36,上昇(+1),9.81,0.0,0.0,1.0,―,―,,2296.0,-7.12,2874600.0,57.5,42.779,上昇(+1),9.45,0.0,0.0,0.0,2062.0,-10.19,2055.0,-10.5,1851.0,-19.38,1832.0,-20.21,1945.0,-15.29,2170.0,-5.49,2313.0,0.74,2325.0,1.26,2326.0,1.31,2243.0,-2.31,2445.0,2062.0,-0.34,-10.23,-11.15,-5.67,5.24,12.17,12.75,12.8,8.78,18.57,1.0,2026/06/04,2026/06/05,2296.0,-7.12,2062.0,-16.59,2055.0,-16.87,1851.0,-25.12,1832.0,-25.89,1945.0,-21.32,2170.0,-12.22,2313.0,-6.43,2325.0,-5.95,2326.0,-5.91
Bull?,Ｊストリーム,4308,東証GR,2026/06/04,2026/06/05,45.0,0.536,345.0,0.29,21500.0,37.0,-0.499,下降(-1),-1.51,0.0,0.0,0.0,―,―,,351.0,1.74,36700.0,45.8,-0.122,下降(-1),-1.52,0.0,0.0,0.0,346.0,-1.42,349.0,-0.57,345.0,-1.71,345.0,-1.71,343.0,-2.28,345.0,-1.71,343.0,-2.28,350.0,-0.28,348.0,-0.85,345.0,-1.71,344.0,346.0,0.87,-0.29,-0.29,-0.87,-0.29,-0.87,1.16,0.58,-0.29,-0.58,1.0,2026/06/08,2026/06/09,349.0,0.87,345.0,-0.29,345.0,-0.29,343.0,-0.87,345.0,-0.29,343.0,-0.87,350.0,1.16,348.0,0.58,345.0,-0.29,344.0,-0.58
Bull?,川口化学工業,4361,東証ST,2026/06/04,2026/06/05,45.0,0.913,1408.0,-0.28,1600.0,35.8,-2.363,下降(-1),-2.23,0.0,0.0,0.0,―,―,,1432.0,1.7,1100.0,45.1,-1.152,下降(-1),-2.37,0.0,0.0,0.0,1414.0,-1.26,1424.0,-0.56,1433.0,0.07,1416.0,-1.12,1402.0,-2.09,1415.0,-1.19,1413.0,-1.33,1404.0,-1.96,1425.0,-0.49,1425.0,-0.49,1410.0,1414.0,0.71,1.34,0.14,-0.85,0.07,-0.07,-0.71,0.78,0.78,-0.28,1.0,2026/06/09,2026/06/10,1433.0,0.63,1416.0,-0.56,1402.0,-1.54,1415.0,-0.63,1413.0,-0.77,1404.0,-1.4,1425.0,0.07,1425.0,0.07,1410.0,-0.98,1412.0,-0.84
Bull?,明光ネットワークジャパン,4668,東証PR,2026/06/04,2026/06/05,45.0,0.142,670.0,-0.59,32300.0,35.7,-0.504,下降(-1),-1.44,0.0,0.0,0.0,―,―,,678.0,1.19,29800.0,44.7,-0.169,下降(-1),-1.46,0.0,0.0,0.0,675.0,-0.44,676.0,-0.29,682.0,0.59,684.0,0.88,682.0,0.59,681.0,0.44,680.0,0.29,681.0,0.44,682.0,0.59,686.0,1.18,682.0,675.0,0.15,1.04,1.33,1.04,0.89,0.74,0.89,1.04,1.63,1.04,,,,,,,,,,,,,,,,,,,,,,,
Bull?,城南進学研究社,4720,東証ST,2026/06/04,2026/06/05,45.0,0.215,229.0,-0.43,5100.0,35.8,-0.469,下降(-1),-4.31,0.0,0.0,0.0,―,―,,229.0,0.0,8800.0,35.8,-0.417,下降(-1),-4.41,0.0,0.0,0.0,229.0,0.0,230.0,0.44,231.0,0.87,231.0,0.87,229.0,0.0,229.0,0.0,228.0,-0.44,231.0,0.87,228.0,-0.44,228.0,-0.44,228.0,229.0,0.44,0.87,0.87,0.0,0.0,-0.44,0.87,-0.44,-0.44,-0.44,,,,,,,,,,,,,,,,,,,,,,,
Bull?,東京鐵鋼,5445,東証PR,2026/06/04,2026/06/05,45.0,0.209,1763.0,-1.62,202300.0,37.2,-3.089,下降(-1),-3.94,0.0,1.0,0.0,―,―,,1789.0,1.47,146200.0,41.7,-2.343,下降(-1),-4.02,0.0,0.0,0.0,1763.0,-1.45,1771.0,-1.01,1798.0,0.5,1794.0,0.28,1840.0,2.85,1850.0,3.41,1823.0,1.9,1823.0,1.9,1813.0,1.34,1841.0,2.91,1829.0,1763.0,0.45,1.99,1.76,4.37,4.93,3.4,3.4,2.84,4.42,3.74,1.0,2026/06/08,2026/06/09,1771.0,0.45,1798.0,1.99,1794.0,1.76,1840.0,4.37,1850.0,4.93,1823.0,3.4,1823.0,3.4,1813.0,2.84,1841.0,4.42,1829.0,3.74
Bull?,日本金属,5491,東証ST,2026/06/04,2026/06/05,45.0,0.753,883.0,-1.89,27600.0,39.0,-2.576,下降(-1),-1.81,0.0,1.0,0.0,―,―,,910.0,3.06,13300.0,47.0,-1.257,下降(-1),-1.9,0.0,0.0,0.0,875.0,-3.85,868.0,-4.62,842.0,-7.47,816.0,-10.33,816.0,-10.33,829.0,-8.9,822.0,-9.67,841.0,-7.58,868.0,-4.62,874.0,-3.96,871.0,875.0,-0.8,-3.77,-6.74,-6.74,-5.26,-6.06,-3.89,-0.8,-0.11,-0.46,,,,,,,,,,,,,,,,,,,,,,,
Bull?,技研製作所,6289,東証PR,2026/06/04,2026/06/05,45.0,0.158,1742.0,-1.25,45200.0,35.6,-1.988,下降(-1),-3.68,0.0,1.0,0.0,―,―,,1761.0,1.09,37000.0,39.9,-1.351,下降(-1),-3.82,0.0,0.0,0.0,1746.0,-0.85,1737.0,-1.36,1732.0,-1.65,1721.0,-2.27,1739.0,-1.25,1811.0,2.84,1788.0,1.53,1805.0,2.5,1804.0,2.44,1784.0,1.31,1766.0,1746.0,-0.52,-0.8,-1.43,-0.4,3.72,2.41,3.38,3.32,2.18,1.15,1.0,2026/06/11,2026/06/12,1739.0,1.05,1811.0,5.23,1788.0,3.89,1805.0,4.88,1804.0,4.82,1784.0,3.66,1766.0,2.61,1714.0,-0.41,1719.0,-0.12,1715.0,-0.35
Bull?,福島工業,6420,東証PR,2026/06/04,2026/06/05,45.0,0.599,3335.0,-1.04,54300.0,40.2,-14.568,下降(-1),-2.81,0.0,0.0,0.0,―,―,,3335.0,0.0,60100.0,40.2,-13.946,下降(-1),-2.81,0.0,0.0,0.0,3335.0,0.0,3380.0,1.35,3380.0,1.35,3395.0,1.8,3400.0,1.95,3405.0,2.1,3310.0,-0.75,3330.0,-0.15,3335.0,0.0,3375.0,1.2,3320.0,3335.0,1.35,1.35,1.8,1.95,2.1,-0.75,-0.15,0.0,1.2,-0.45,,,,,,,,,,,,,,,,,,,,,,,
Bear?,不二電機工業,6654,東証ST,2026/06/04,2026/06/05,45.0,0.799,1110.0,1.83,30000.0,62.6,3.035,下降(-1),-0.55,1.0,0.0,1.0,―,―,,1061.0,-4.41,42000.0,40.8,0.258,下降(-1),-0.55,0.0,0.0,0.0,1060.0,-0.09,1070.0,0.85,1064.0,0.28,1064.0,0.28,1064.0,0.28,1079.0,1.7,1074.0,1.23,1082.0,1.98,1090.0,2.73,1081.0,1.89,1085.0,1060.0,0.94,0.38,0.38,0.38,1.79,1.32,2.08,2.83,1.98,2.36,1.0,2026/06/04,2026/06/05,1061.0,-4.41,1060.0,-4.5,1070.0,-3.6,1064.0,-4.14,1064.0,-4.14,1064.0,-4.14,1079.0,-2.79,1074.0,-3.24,1082.0,-2.52,1090.0,-1.8
Bull?,日本光電,6849,東証PR,2026/06/04,2026/06/05,45.0,0.549,1410.0,-0.77,519100.0,40.4,-3.628,下降(-1),-5.11,0.0,0.0,0.0,―,―,,1420.0,0.71,378700.0,42.7,-2.747,下降(-1),-5.12,0.0,0.0,0.0,1394.5,-1.8,1395.5,-1.73,1394.0,-1.83,1388.0,-2.25,1351.0,-4.86,1337.5,-5.81,1358.0,-4.37,1379.5,-2.85,1385.0,-2.46,1385.5,-2.43,1387.0,1394.5,0.07,-0.04,-0.47,-3.12,-4.09,-2.62,-1.08,-0.68,-0.65,-0.54,1.0,2026/06/16,2026/06/17,1379.5,1.58,1385.0,1.99,1385.5,2.03,1387.0,2.14,1410.0,3.83,1400.5,3.13,1415.0,4.2,1426.5,5.04,,,,
Bull?,イリソ電子工業,6908,東証PR,2026/06/04,2026/06/05,45.0,0.428,3110.0,-1.74,74800.0,38.6,-12.542,下降(-1),-1.14,0.0,0.0,0.0,―,―,,3170.0,1.93,138900.0,43.0,-7.945,下降(-1),-1.34,0.0,0.0,0.0,3095.0,-2.37,3065.0,-3.31,3005.0,-5.21,2979.0,-6.03,2920.0,-7.89,3010.0,-5.05,3025.0,-4.57,3055.0,-3.63,3075.0,-3.0,3060.0,-3.47,3005.0,3095.0,-0.97,-2.91,-3.75,-5.65,-2.75,-2.26,-1.29,-0.65,-1.13,-2.91,,,,,,,,,,,,,,,,,,,,,,,
Bull?,ＩＨＩ,7013,東証PR,2026/06/04,2026/06/05,45.0,0.101,2538.0,2.09,17891400.0,36.7,-1.945,下降(-1),-7.0,0.0,1.0,0.0,―,―,,2574.0,1.42,11346800.0,38.8,-0.72,下降(-1),-7.45,0.0,0.0,0.0,2505.0,-2.68,2457.5,-4.53,2439.5,-5.23,2358.0,-8.39,2430.0,-5.59,2705.0,5.09,2774.5,7.79,2916.5,13.31,2866.0,11.34,2817.0,9.44,2816.5,2505.0,-1.9,-2.61,-5.87,-2.99,7.98,10.76,16.43,14.41,12.46,12.44,1.0,2026/06/11,2026/06/12,2430.0,3.05,2705.0,14.72,2774.5,17.66,2916.5,23.69,2866.0,21.54,2817.0,19.47,2816.5,19.44,2717.5,15.25,2782.5,18.0,2719.0,15.31
Bull?,イーディーピー,7794,東証GR,2026/06/04,2026/06/05,45.0,0.118,1005.0,-6.07,718500.0,38.9,-11.183,上昇(+1),10.57,0.0,0.0,0.0,―,―,,1085.0,7.96,537700.0,44.6,-8.371,上昇(+1),8.8,0.0,0.0,0.0,1110.0,2.3,1118.0,3.04,1090.0,0.46,1064.0,-1.94,1078.0,-0.65,1083.0,-0.18,1068.0,-1.57,1097.0,1.11,1103.0,1.66,1094.0,0.83,1208.0,1110.0,0.72,-1.8,-4.14,-2.88,-2.43,-3.78,-1.17,-0.63,-1.44,8.83,,,,,,,,,,,,,,,,,,,,,,,
Bull?,プロネクサス,7893,東証PR,2026/06/04,2026/06/05,45.0,0.603,1033.0,-0.19,23200.0,37.8,-3.177,下降(-1),-2.32,0.0,0.0,0.0,―,―,,1046.0,1.26,24600.0,42.8,-2.077,下降(-1),-2.39,0.0,0.0,0.0,1043.0,-0.29,1030.0,-1.53,1038.0,-0.76,1044.0,-0.19,1038.0,-0.76,1037.0,-0.86,1046.0,0.0,1053.0,0.67,1053.0,0.67,1066.0,1.91,1055.0,1043.0,-1.25,-0.48,0.1,-0.48,-0.58,0.29,0.96,0.96,2.21,1.15,,,,,,,,,,,,,,,,,,,,,,,
Bull?,ナカバヤシ,7987,東証ST,2026/06/04,2026/06/05,45.0,0.645,545.0,-1.45,34500.0,38.2,-0.625,下降(-1),-1.56,0.0,0.0,0.0,―,―,,548.0,0.55,43200.0,40.3,-0.591,下降(-1),-1.66,0.0,0.0,0.0,549.0,0.18,543.0,-0.91,550.0,0.36,551.0,0.55,554.0,1.09,555.0,1.28,553.0,0.91,554.0,1.09,553.0,0.91,559.0,2.01,554.0,549.0,-1.09,0.18,0.36,0.91,1.09,0.73,0.91,0.73,1.82,0.91,,,,,,,,,,,,,,,,,,,,,,,
Bull?,ミズノ,8022,東証PR,2026/06/04,2026/06/05,45.0,0.751,3090.0,-3.44,211000.0,35.4,-11.094,下降(-1),-0.52,0.0,1.0,0.0,―,―,,3265.0,5.66,354000.0,48.2,-2.377,下降(-1),-0.86,0.0,0.0,0.0,3240.0,-0.77,3405.0,4.29,3480.0,6.58,3415.0,4.59,3360.0,2.91,3405.0,4.29,3425.0,4.9,3450.0,5.67,3405.0,4.29,3380.0,3.52,3410.0,3240.0,5.09,7.41,5.4,3.7,5.09,5.71,6.48,5.09,4.32,5.25,1.0,2026/06/04,2026/06/05,3265.0,5.66,3240.0,4.85,3405.0,10.19,3480.0,12.62,3415.0,10.52,3360.0,8.74,3405.0,10.19,3425.0,10.84,3450.0,11.65,3405.0,10.19
Bull?,ユアサ商事,8074,東証PR,2026/06/04,2026/06/05,45.0,0.33,5350.0,-1.29,26000.0,37.9,-18.606,下降(-1),-0.75,0.0,0.0,0.0,―,―,,5420.0,1.31,29600.0,40.9,-15.544,下降(-1),-1.01,0.0,0.0,0.0,5330.0,-1.66,5330.0,-1.66,5310.0,-2.03,5270.0,-2.77,5320.0,-1.85,5370.0,-0.92,5290.0,-2.4,5310.0,-2.03,5250.0,-3.14,5270.0,-2.77,5210.0,5330.0,0.0,-0.38,-1.13,-0.19,0.75,-0.75,-0.38,-1.5,-1.13,-2.25,1.0,2026/06/11,2026/06/12,5320.0,0.95,5370.0,1.9,5290.0,0.38,5310.0,0.76,5250.0,-0.38,5270.0,0.0,5210.0,-1.14,5180.0,-1.71,5140.0,-2.47,5130.0,-2.66
Bull?,正栄食品工業,8079,東証PR,2026/06/04,2026/06/05,45.0,0.077,3895.0,-1.27,54600.0,36.6,-2.018,下降(-1),-0.78,0.0,1.0,0.0,―,―,,3940.0,1.16,39700.0,42.7,-0.474,下降(-1),-0.8,0.0,0.0,0.0,4000.0,1.52,4040.0,2.54,4065.0,3.17,4075.0,3.43,4155.0,5.46,4435.0,12.56,4350.0,10.41,4255.0,7.99,4295.0,9.01,4220.0,7.11,4195.0,4000.0,1.0,1.62,1.88,3.88,10.88,8.75,6.38,7.38,5.5,4.88,1.0,2026/06/04,2026/06/05,3940.0,1.16,4000.0,2.7,4040.0,3.72,4065.0,4.36,4075.0,4.62,4155.0,6.68,4435.0,13.86,4350.0,11.68,4255.0,9.24,4295.0,10.27
Bull?,レオパレス２１,8848,東証PR,2026/06/04,2026/06/05,45.0,0.384,612.0,-1.29,862600.0,38.1,-1.564,下降(-1),-2.36,0.0,0.0,0.0,―,―,,618.0,0.98,917200.0,41.3,-1.039,下降(-1),-2.49,0.0,0.0,0.0,613.0,-0.81,614.0,-0.65,618.0,0.0,612.0,-0.97,618.0,0.0,623.0,0.81,616.0,-0.32,613.0,-0.81,613.0,-0.81,618.0,0.0,618.0,613.0,0.16,0.82,-0.16,0.82,1.63,0.49,0.0,0.0,0.82,0.82,,,,,,,,,,,,,,,,,,,,,,,
Bull?,トーセイ,8923,東証PR,2026/06/04,2026/06/05,45.0,0.394,1535.0,-1.03,269800.0,38.2,-5.045,下降(-1),-0.76,0.0,0.0,0.0,―,―,,1555.0,1.3,144900.0,42.2,-4.425,下降(-1),-0.71,0.0,0.0,0.0,1526.0,-1.86,1538.0,-1.09,1571.0,1.03,1557.0,0.13,1566.0,0.71,1591.0,2.32,1583.0,1.8,1550.0,-0.32,1625.0,4.5,1678.0,7.91,1691.0,1526.0,0.79,2.95,2.03,2.62,4.26,3.74,1.57,6.49,9.96,10.81,,,,,,,,,,,,,,,,,,,,,,,
Bull?,デリバリーコンサルティング,9240,東証GR,2026/06/04,2026/06/05,45.0,0.485,430.0,-0.92,7700.0,36.4,-2.633,下降(-1),-4.57,0.0,0.0,0.0,Tier3,bull_div（全体）,,431.0,0.23,15900.0,37.1,-2.617,下降(-1),-4.53,0.0,1.0,0.0,423.0,-1.86,439.0,1.86,457.0,6.03,450.0,4.41,476.0,10.44,419.0,-2.78,408.0,-5.34,413.0,-4.18,401.0,-6.96,383.0,-11.14,389.0,423.0,3.78,8.04,6.38,12.53,-0.95,-3.55,-2.36,-5.2,-9.46,-8.04,1.0,2026/06/05,2026/06/08,423.0,-1.86,439.0,1.86,457.0,6.03,450.0,4.41,476.0,10.44,419.0,-2.78,408.0,-5.34,413.0,-4.18,401.0,-6.96,383.0,-11.14
Bull?,東京衡機,7719,東証ST,2026/06/04,2026/06/05,40.0,0.459,420.0,-5.41,136500.0,34.8,-9.171,上昇(+1),9.8,0.0,0.0,0.0,―,―,,426.0,1.43,335900.0,35.9,-8.79,上昇(+1),9.36,0.0,0.0,0.0,412.0,-3.29,415.0,-2.58,400.0,-6.1,387.0,-9.15,390.0,-8.45,391.0,-8.22,387.0,-9.15,433.0,1.64,431.0,1.17,425.0,-0.23,486.0,412.0,0.73,-2.91,-6.07,-5.34,-5.1,-6.07,5.1,4.61,3.16,17.96,1.0,2026/06/16,2026/06/17,433.0,11.89,431.0,11.37,425.0,9.82,486.0,25.58,440.0,13.7,440.0,13.7,461.0,19.12,445.0,14.99,,,,
Bull?,明星工業,1976,東証PR,2026/06/04,2026/06/05,38.0,0.582,1667.0,-0.24,67100.0,35.1,-10.561,揉み合い(0),-0.07,0.0,0.0,0.0,―,―,,1687.0,1.2,59900.0,38.9,-8.698,揉み合い(0),-0.22,0.0,0.0,0.0,1715.0,1.66,1691.0,0.24,1690.0,0.18,1672.0,-0.89,1688.0,0.06,1758.0,4.21,1740.0,3.14,1753.0,3.91,1783.0,5.69,1820.0,7.88,1844.0,1715.0,-1.4,-1.46,-2.51,-1.57,2.51,1.46,2.22,3.97,6.12,7.52,,,,,,,,,,,,,,,,,,,,,,,
Bull?,ラクーン,3031,東証PR,2026/06/04,2026/06/05,38.0,0.146,620.0,-0.8,76800.0,37.5,-1.118,揉み合い(0),-0.33,0.0,1.0,0.0,―,―,,634.0,2.26,89100.0,46.0,-0.592,揉み合い(0),-0.35,0.0,0.0,0.0,629.0,-0.79,630.0,-0.63,639.0,0.79,634.0,0.0,568.0,-10.41,571.0,-9.94,571.0,-9.94,581.0,-8.36,570.0,-10.09,566.0,-10.73,558.0,629.0,0.16,1.59,0.79,-9.7,-9.22,-9.22,-7.63,-9.38,-10.02,-11.29,1.0,2026/06/04,2026/06/05,634.0,2.26,629.0,1.45,630.0,1.61,639.0,3.06,634.0,2.26,568.0,-8.39,571.0,-7.9,571.0,-7.9,581.0,-6.29,570.0,-8.06
Bull?,古林紙工,3944,東証ST,2026/06/04,2026/06/05,38.0,0.012,2333.0,0.0,200.0,41.5,-0.373,揉み合い(0),-0.47,0.0,0.0,0.0,―,―,,2333.0,0.0,200.0,41.5,-0.183,下降(-1),-0.63,0.0,0.0,0.0,,,2333.0,0.0,2333.0,0.0,2321.0,-0.51,,,,,2321.0,-0.51,2344.0,0.47,2350.0,0.73,2351.0,0.77,2542.0,,,,,,,,,,,,,,,,,,,,,,,,,,,,,,,,,,
Bull?,アイコム,6820,東証PR,2026/06/04,2026/06/05,38.0,0.485,2954.0,-0.47,7800.0,41.2,-9.596,揉み合い(0),0.03,0.0,0.0,0.0,―,―,,3010.0,1.9,5000.0,47.3,-7.09,揉み合い(0),0.01,0.0,0.0,0.0,3005.0,-0.17,3010.0,0.0,3010.0,0.0,2948.0,-2.06,2993.0,-0.56,3040.0,1.0,3030.0,0.66,3045.0,1.16,3025.0,0.5,2945.0,-2.16,2978.0,3005.0,0.17,0.17,-1.9,-0.4,1.16,0.83,1.33,0.67,-2.0,-0.9,,,,,,,,,,,,,,,,,,,,,,,
Bull?,藍澤證券,8708,東証PR,2026/06/04,2026/06/05,38.0,0.163,1408.0,-0.98,77900.0,38.0,-3.221,揉み合い(0),0.42,0.0,0.0,0.0,―,―,,1434.0,1.85,70500.0,45.2,-1.368,揉み合い(0),0.38,0.0,0.0,0.0,1429.0,-0.35,1446.0,0.84,1458.0,1.67,1466.0,2.23,1473.0,2.72,1474.0,2.79,1472.0,2.65,1463.0,2.02,1465.0,2.16,1466.0,2.23,1478.0,1429.0,1.19,2.03,2.59,3.08,3.15,3.01,2.38,2.52,2.59,3.43,,,,,,,,,,,,,,,,,,,,,,,
Bull?,九電工,1959,東証PR,2026/06/04,2026/06/05,30.0,0.367,8628.0,-0.6,157700.0,37.1,-45.224,上昇(+1),1.89,0.0,0.0,0.0,―,―,,8730.0,1.18,152700.0,40.1,-41.599,上昇(+1),1.61,0.0,0.0,0.0,8531.0,-2.28,8651.0,-0.9,8738.0,0.09,8659.0,-0.81,8792.0,0.71,9282.0,6.32,9199.0,5.37,9297.0,6.49,9640.0,10.42,9463.0,8.4,9549.0,8531.0,1.41,2.43,1.5,3.06,8.8,7.83,8.98,13.0,10.92,11.93,,,,,,,,,,,,,,,,,,,,,,,
Bull?,太平電業,1968,東証PR,2026/06/04,2026/06/05,30.0,0.52,2565.0,-1.08,97000.0,39.2,-16.089,上昇(+1),4.08,0.0,0.0,0.0,―,―,,2631.0,2.57,103200.0,43.3,-11.793,上昇(+1),3.76,0.0,0.0,0.0,2561.0,-2.66,2641.0,0.38,2602.0,-1.1,2588.0,-1.63,2627.0,-0.15,2699.0,2.58,2642.0,0.42,2661.0,1.14,2743.0,4.26,2623.0,-0.3,2677.0,2561.0,3.12,1.6,1.05,2.58,5.39,3.16,3.9,7.11,2.42,4.53,,,,,,,,,,,,,,,,,,,,,,,
Bear?,カルラ,2789,東証ST,2026/06/04,2026/06/05,30.0,0.741,456.0,-0.22,1200.0,46.4,0.167,下降(-1),-1.9,0.0,0.0,0.0,―,―,,455.0,-0.22,1900.0,44.3,0.121,下降(-1),-1.9,0.0,0.0,0.0,459.0,0.88,462.0,1.54,461.0,1.32,460.0,1.1,463.0,1.76,465.0,2.2,465.0,2.2,464.0,1.98,,,464.0,1.98,464.0,459.0,0.65,0.44,0.22,0.87,1.31,1.31,1.09,,1.09,1.09,,,,,,,,,,,,,,,,,,,,,,,
Bull?,三洋堂ホールディングス,3058,東証ST,2026/06/04,2026/06/05,30.0,0.745,681.0,-0.58,600.0,39.7,-3.609,上昇(+1),0.53,0.0,0.0,0.0,―,―,,686.0,0.73,700.0,43.5,-3.23,揉み合い(0),0.49,0.0,0.0,0.0,692.0,0.87,686.0,0.0,689.0,0.44,689.0,0.44,683.0,-0.44,690.0,0.58,685.0,-0.15,687.0,0.15,692.0,0.87,695.0,1.31,689.0,692.0,-0.87,-0.43,-0.43,-1.3,-0.29,-1.01,-0.72,0.0,0.43,-0.43,1.0,2026/06/12,2026/06/15,690.0,1.02,685.0,0.29,687.0,0.59,692.0,1.32,695.0,1.76,689.0,0.88,687.0,0.59,685.0,0.29,691.0,1.17,685.0,0.29
Bull?,片倉チッカリン,4031,東証ST,2026/06/04,2026/06/05,30.0,0.567,1102.0,-3.59,48500.0,36.1,-21.747,上昇(+1),6.23,0.0,1.0,0.0,―,―,,1131.0,2.63,36700.0,40.0,-18.772,上昇(+1),6.11,0.0,0.0,0.0,1111.0,-1.77,1098.0,-2.92,1040.0,-8.05,1044.0,-7.69,1037.0,-8.31,1022.0,-9.64,970.0,-14.24,980.0,-13.35,1007.0,-10.96,1000.0,-11.58,1001.0,1111.0,-1.17,-6.39,-6.03,-6.66,-8.01,-12.69,-11.79,-9.36,-9.99,-9.9,1.0,2026/06/16,2026/06/17,980.0,1.03,1007.0,3.81,1000.0,3.09,1001.0,3.2,1024.0,5.57,1016.0,4.74,1024.0,5.57,1026.0,5.77,,,,
Bull?,クミアイ化学工業,4996,東証PR,2026/06/04,2026/06/05,30.0,0.378,740.0,-1.07,276200.0,43.2,-2.271,上昇(+1),2.06,0.0,0.0,0.0,―,―,,747.0,0.95,334300.0,46.3,-1.673,上昇(+1),1.98,0.0,0.0,0.0,720.0,-3.61,782.0,4.69,734.0,-1.74,739.0,-1.07,725.0,-2.95,746.0,-0.13,730.0,-2.28,725.0,-2.95,731.0,-2.14,728.0,-2.54,717.0,720.0,8.61,1.94,2.64,0.69,3.61,1.39,0.69,1.53,1.11,-0.42,,,,,,,,,,,,,,,,,,,,,,,
Bull?,日本ナレッジ,5252,東証GR,2026/06/04,2026/06/05,30.0,0.015,767.0,-0.26,2300.0,41.3,-0.381,上昇(+1),4.69,0.0,1.0,0.0,―,―,,770.0,0.39,900.0,43.1,-0.342,上昇(+1),4.38,0.0,0.0,0.0,,,768.0,-0.26,768.0,-0.26,768.0,-0.26,763.0,-0.91,690.0,-10.39,718.0,-6.75,700.0,-9.09,696.0,-9.61,698.0,-9.35,710.0,,,,,,,,,,,,1.0,2026/06/15,2026/06/16,718.0,4.06,700.0,1.45,696.0,0.87,698.0,1.16,710.0,2.9,744.0,7.83,737.0,6.81,737.0,6.81,749.0,8.55,,
Bear?,小田原エンジニアリング,6149,東証ST,2026/06/04,2026/06/05,30.0,0.996,2099.0,0.57,27400.0,60.9,9.545,下降(-1),-2.29,0.0,0.0,0.0,―,―,,2076.0,-1.1,11200.0,57.2,7.551,下降(-1),-2.31,0.0,0.0,0.0,2050.0,-1.25,2049.0,-1.3,2068.0,-0.39,2057.0,-0.92,2052.0,-1.16,2044.0,-1.54,2055.0,-1.01,2040.0,-1.73,2100.0,1.16,2109.0,1.59,2137.0,2050.0,-0.05,0.88,0.34,0.1,-0.29,0.24,-0.49,2.44,2.88,4.24,1.0,2026/06/23,2026/06/24,2109.0,0.81,2092.0,0.0,2101.0,0.43,,,,,,,,,,,,,,
Bull?,ヒーハイスト精工,6433,東証ST,2026/06/04,2026/06/05,30.0,0.5,1169.0,2.54,226400.0,37.4,-41.212,上昇(+1),3.93,0.0,0.0,0.0,―,―,,1195.0,2.22,137500.0,38.9,-37.679,上昇(+1),2.57,0.0,0.0,0.0,1135.0,-5.02,1116.0,-6.61,1038.0,-13.14,1004.0,-15.98,1020.0,-14.64,999.0,-16.4,1005.0,-15.9,1037.0,-13.22,1160.0,-2.93,1141.0,-4.52,1441.0,1135.0,-1.67,-8.55,-11.54,-10.13,-11.98,-11.45,-8.63,2.2,0.53,26.96,1.0,2026/06/12,2026/06/15,999.0,-2.06,1005.0,-1.47,1037.0,1.67,1160.0,13.73,1141.0,11.86,1441.0,41.27,1235.0,21.08,1158.0,13.53,1152.0,12.94,1095.0,7.35
Bull?,東亜バルブエンジニアリング,6466,東証ST,2026/06/04,2026/06/05,30.0,0.367,3725.0,-1.72,5500.0,35.2,-60.83,上昇(+1),8.02,0.0,1.0,0.0,―,―,,3990.0,7.11,11900.0,44.2,-40.751,上昇(+1),7.52,0.0,0.0,0.0,3710.0,-7.02,3710.0,-7.02,3615.0,-9.4,3565.0,-10.65,3695.0,-7.39,3995.0,0.13,4045.0,1.38,4430.0,11.03,4415.0,10.65,4490.0,12.53,4630.0,3710.0,0.0,-2.56,-3.91,-0.4,7.68,9.03,19.41,19.0,21.02,24.8,1.0,2026/06/11,2026/06/12,3695.0,3.65,3995.0,12.06,4045.0,13.46,4430.0,24.26,4415.0,23.84,4490.0,25.95,4630.0,29.87,4350.0,22.02,4395.0,23.28,4440.0,24.54
Bear?,シャープ,6753,東証PR,2026/06/04,2026/06/05,30.0,0.745,672.0,0.6,3776300.0,64.5,6.396,下降(-1),-4.84,0.0,0.0,0.0,Tier3,bear_div（全体）,,658.0,-2.08,3247900.0,60.1,5.563,下降(-1),-4.42,0.0,0.0,1.0,657.2,-0.12,639.8,-2.77,636.2,-3.31,620.5,-5.7,609.2,-7.42,614.2,-6.66,593.8,-9.76,594.4,-9.67,596.3,-9.38,573.2,-12.89,585.0,657.2,-2.65,-3.2,-5.58,-7.3,-6.54,-9.65,-9.56,-9.27,-12.78,-10.99,1.0,2026/06/05,2026/06/08,657.2,-0.14,639.8,-2.78,636.2,-3.33,620.5,-5.71,609.2,-7.43,614.2,-6.67,593.8,-9.77,594.4,-9.68,596.3,-9.39,573.2,-12.9
Bull?,川崎重工業,7012,東証PR,2026/06/04,2026/06/05,30.0,0.5,2845.0,0.32,9563300.0,41.6,-24.669,上昇(+1),2.17,0.0,0.0,0.0,―,―,,2890.0,1.58,10084400.0,43.5,-21.959,上昇(+1),1.67,0.0,0.0,0.0,2754.0,-4.71,2795.0,-3.29,2859.5,-1.06,2749.5,-4.86,2834.0,-1.94,2905.5,0.54,3031.0,4.88,3266.0,13.01,3160.0,9.34,3191.0,10.42,3243.0,2754.0,1.49,3.83,-0.16,2.9,5.5,10.06,18.59,14.74,15.87,17.76,1.0,2026/06/11,2026/06/12,2834.0,3.07,2905.5,5.67,3031.0,10.24,3266.0,18.79,3160.0,14.93,3191.0,16.06,3243.0,17.95,3081.0,12.06,3060.0,11.29,2941.5,6.98
Bear?,富士重工業,7270,東証PR,2026/06/04,2026/06/05,30.0,0.858,2474.0,0.12,3891200.0,51.7,9.737,下降(-1),-8.96,0.0,0.0,0.0,―,―,,2454.0,-0.81,3541800.0,49.6,8.481,下降(-1),-8.76,0.0,0.0,0.0,2493.0,1.59,2523.0,2.81,2535.5,3.32,2480.0,1.06,2474.0,0.81,2568.0,4.65,2564.5,4.5,2582.5,5.24,2577.0,5.01,2440.5,-0.55,2427.5,2493.0,1.2,1.7,-0.52,-0.76,3.01,2.87,3.59,3.37,-2.11,-2.63,,,,,,,,,,,,,,,,,,,,,,,
Bull?,コーナン商事,7516,東証PR,2026/06/04,2026/06/05,30.0,0.214,3990.0,-0.5,51700.0,41.4,-8.197,上昇(+1),0.98,0.0,0.0,0.0,―,―,,4055.0,1.63,90200.0,47.8,-4.177,上昇(+1),0.94,0.0,0.0,0.0,4095.0,0.99,4110.0,1.36,4165.0,2.71,4160.0,2.59,4185.0,3.21,4110.0,1.36,4075.0,0.49,4030.0,-0.62,4015.0,-0.99,4045.0,-0.25,3965.0,4095.0,0.37,1.71,1.59,2.2,0.37,-0.49,-1.59,-1.95,-1.22,-3.17,,,,,,,,,,,,,,,,,,,,,,,
日経,日経平均株価,0001,指数,2026/06/05,2026/06/08,,,66588.12,-1.31,,72.6,179.232,1.0,1.31,,,,,,,64024.6,-3.85,,61.5,-86.984,1.0,1.16,,,,65416.63,2.17,64179.27,0.24,64217.27,0.3,66020.04,3.12,69317.5,8.27,69404.5,8.4,69902.25,9.18,71053.49,10.98,71250.06,11.29,72353.96,13.01,,,,,,,,,,,,,,,,,,,,,,,,,,,,,,,,,,,
Bear?,イオレ,2334,東証GR,2026/06/05,2026/06/08,83.0,0.589,661.0,3.61,7742800.0,73.6,8.68,揉み合い(0),,1.0,0.0,1.0,―,―,,576.0,-12.86,5669400.0,57.1,6.51,揉み合い(0),,0.0,0.0,0.0,622.0,7.99,570.0,-1.04,564.0,-2.08,557.0,-3.3,546.0,-5.21,570.0,-1.04,572.0,-0.69,672.0,16.67,619.0,7.47,679.0,17.88,620.0,622.0,-8.36,-9.32,-10.45,-12.22,-8.36,-8.04,8.04,-0.48,9.16,-0.32,1.0,2026/06/05,2026/06/08,576.0,-12.86,622.0,-5.9,570.0,-13.77,564.0,-14.67,557.0,-15.73,546.0,-17.4,570.0,-13.77,572.0,-13.46,672.0,1.66,619.0,-6.35
Bear?,ユーザーローカル,3984,東証PR,2026/06/05,2026/06/08,83.0,0.332,1910.0,5.7,208700.0,69.9,9.093,揉み合い(0),,1.0,0.0,1.0,―,―,,1825.0,-4.45,282000.0,59.3,6.497,揉み合い(0),,0.0,0.0,0.0,1811.0,-0.77,1791.0,-1.86,1800.0,-1.37,1753.0,-3.95,1775.0,-2.74,1773.0,-2.85,1810.0,-0.82,1813.0,-0.66,1735.0,-4.93,1750.0,-4.11,1685.0,1811.0,-1.1,-0.61,-3.2,-1.99,-2.1,-0.06,0.11,-4.2,-3.37,-6.96,1.0,2026/06/05,2026/06/08,1825.0,-4.45,1811.0,-5.18,1791.0,-6.23,1800.0,-5.76,1753.0,-8.22,1775.0,-7.07,1773.0,-7.17,1810.0,-5.24,1813.0,-5.08,1735.0,-9.16
Bear?,シークス,7613,東証PR,2026/06/05,2026/06/08,78.0,0.354,1456.0,-0.27,165600.0,70.4,6.288,揉み合い(0),,0.0,0.0,0.0,―,―,,1398.0,-3.98,206500.0,54.4,2.175,揉み合い(0),,0.0,0.0,0.0,1404.0,0.43,1393.0,-0.36,1388.0,-0.72,1376.0,-1.57,1403.0,0.36,1379.0,-1.36,1382.0,-1.14,1393.0,-0.36,1387.0,-0.79,1373.0,-1.79,1346.0,1404.0,-0.78,-1.14,-1.99,-0.07,-1.78,-1.57,-0.78,-1.21,-2.21,-4.13,,,,,,,,,,,,,,,,,,,,,,,
Bull?,テクノマセマティカル,3787,東証ST,2026/06/05,2026/06/08,73.0,0.304,263.0,1.94,59300.0,23.2,-4.107,揉み合い(0),,0.0,1.0,0.0,―,―,,289.0,9.89,249200.0,32.2,-3.335,揉み合い(0),,0.0,0.0,0.0,269.0,-6.92,274.0,-5.19,280.0,-3.11,282.0,-2.42,278.0,-3.81,277.0,-4.15,287.0,-0.69,298.0,3.11,296.0,2.42,297.0,2.77,296.0,269.0,1.86,4.09,4.83,3.35,2.97,6.69,10.78,10.04,10.41,10.04,1.0,2026/06/05,2026/06/08,289.0,9.89,269.0,2.28,274.0,4.18,280.0,6.46,282.0,7.22,278.0,5.7,277.0,5.32,287.0,9.13,298.0,13.31,296.0,12.55
Bull?,マルゼン,5982,東証ST,2026/06/05,2026/06/08,73.0,0.571,3410.0,-0.15,10500.0,29.9,-17.52,揉み合い(0),,0.0,0.0,0.0,―,―,,3600.0,5.57,63800.0,47.7,-4.919,揉み合い(0),,0.0,0.0,0.0,3805.0,5.69,3740.0,3.89,3780.0,5.0,3800.0,5.56,3830.0,6.39,3935.0,9.31,3900.0,8.33,3835.0,6.53,3770.0,4.72,3780.0,5.0,3780.0,3805.0,-1.71,-0.66,-0.13,0.66,3.42,2.5,0.79,-0.92,-0.66,-0.66,,,,,,,,,,,,,,,,,,,,,,,
Bear?,竹内製作所,6432,東証PR,2026/06/05,2026/06/08,73.0,0.696,7790.0,3.73,658100.0,69.3,71.253,揉み合い(0),,1.0,0.0,1.0,―,―,,7410.0,-4.88,466200.0,58.4,68.471,揉み合い(0),,0.0,0.0,0.0,7580.0,2.29,7380.0,-0.4,7290.0,-1.62,7380.0,-0.4,7610.0,2.7,7400.0,-0.13,7390.0,-0.27,7470.0,0.81,7460.0,0.67,7560.0,2.02,7330.0,7580.0,-2.64,-3.83,-2.64,0.4,-2.37,-2.51,-1.45,-1.58,-0.26,-3.3,1.0,2026/06/05,2026/06/08,7410.0,-4.88,7580.0,-2.7,7380.0,-5.26,7290.0,-6.42,7380.0,-5.26,7610.0,-2.31,7400.0,-5.01,7390.0,-5.13,7470.0,-4.11,7460.0,-4.24
Bear?,帝国通信工業,6763,東証PR,2026/06/05,2026/06/08,73.0,0.835,3235.0,1.89,19500.0,71.4,31.083,揉み合い(0),,1.0,0.0,1.0,―,―,,3045.0,-5.87,14500.0,55.5,21.353,揉み合い(0),,0.0,0.0,0.0,3075.0,0.99,3015.0,-0.99,2940.0,-3.45,2885.0,-5.25,2917.0,-4.2,2849.0,-6.44,2934.0,-3.65,3105.0,1.97,3080.0,1.15,3065.0,0.66,3000.0,3075.0,-1.95,-4.39,-6.18,-5.14,-7.35,-4.59,0.98,0.16,-0.33,-2.44,1.0,2026/06/05,2026/06/08,3045.0,-5.87,3075.0,-4.95,3015.0,-6.8,2940.0,-9.12,2885.0,-10.82,2917.0,-9.83,2849.0,-11.93,2934.0,-9.3,3105.0,-4.02,3080.0,-4.79
Bear?,スミダ　コーポレーション,6817,東証PR,2026/06/05,2026/06/08,73.0,0.961,1610.0,3.01,437500.0,74.1,16.414,揉み合い(0),,1.0,0.0,1.0,―,―,,1549.0,-3.79,397300.0,64.8,13.04,揉み合い(0),,0.0,0.0,0.0,1515.0,-2.19,1482.0,-4.33,1427.0,-7.88,1410.0,-8.97,1433.0,-7.49,1412.0,-8.84,1423.0,-8.13,1426.0,-7.94,1442.0,-6.91,1436.0,-7.3,1394.0,1515.0,-2.18,-5.81,-6.93,-5.41,-6.8,-6.07,-5.87,-4.82,-5.21,-7.99,1.0,2026/06/05,2026/06/08,1549.0,-3.79,1515.0,-5.9,1482.0,-7.95,1427.0,-11.37,1410.0,-12.42,1433.0,-10.99,1412.0,-12.3,1423.0,-11.61,1426.0,-11.43,1442.0,-10.43
Bear?,ムーンバット,8115,東証ST,2026/06/05,2026/06/08,73.0,0.614,1678.0,2.13,6200.0,67.5,6.945,揉み合い(0),,1.0,0.0,0.0,―,―,,1638.0,-2.38,5100.0,59.8,4.684,揉み合い(0),,0.0,0.0,1.0,1661.0,1.4,1668.0,1.83,1665.0,1.65,1710.0,4.4,1713.0,4.58,1711.0,4.46,1719.0,4.95,1739.0,6.17,1745.0,6.53,1811.0,10.56,1787.0,1661.0,0.42,0.24,2.95,3.13,3.01,3.49,4.7,5.06,9.03,7.59,1.0,2026/06/24,2026/06/25,1768.0,-3.97,1749.0,-5.0,,,,,,,,,,,,,,,,
Bull?,松屋フーズ,9887,東証PR,2026/06/05,2026/06/08,73.0,0.699,4415.0,-0.67,93400.0,19.4,-32.105,揉み合い(0),,0.0,1.0,0.0,―,―,,4565.0,3.4,147500.0,31.2,-20.848,揉み合い(0),,0.0,0.0,0.0,4555.0,-0.22,4700.0,2.96,4780.0,4.71,4695.0,2.85,4720.0,3.4,4610.0,0.99,4565.0,0.0,4540.0,-0.55,4480.0,-1.86,4445.0,-2.63,4485.0,4555.0,3.18,4.94,3.07,3.62,1.21,0.22,-0.33,-1.65,-2.41,-1.54,1.0,2026/06/05,2026/06/08,4565.0,3.4,4555.0,3.17,4700.0,6.46,4780.0,8.27,4695.0,6.34,4720.0,6.91,4610.0,4.42,4565.0,3.4,4540.0,2.83,4480.0,1.47
Bear?,ＴＯＴＯ,5332,東証PR,2026/06/05,2026/06/08,68.0,0.297,8003.0,-0.29,1685500.0,69.2,62.043,揉み合い(0),,0.0,0.0,0.0,―,―,,7664.0,-4.24,2109800.0,61.4,33.66,揉み合い(0),,0.0,0.0,0.0,7558.0,-1.38,7500.0,-2.14,7450.0,-2.79,7681.0,0.22,8190.0,6.86,8144.0,6.26,8297.0,8.26,8262.0,7.8,8390.0,9.47,9315.0,21.54,8853.0,7558.0,-0.77,-1.43,1.63,8.36,7.75,9.78,9.31,11.01,23.25,17.13,,,,,,,,,,,,,,,,,,,,,,,
Bear?,牧野フライス製作所,6135,東証PR,2026/06/05,2026/06/08,68.0,0.177,14510.0,3.27,313900.0,67.2,43.106,揉み合い(0),,0.0,0.0,1.0,―,―,,14190.0,-2.21,255500.0,61.8,37.716,揉み合い(0),,0.0,0.0,0.0,14920.0,5.14,14490.0,2.11,14150.0,-0.28,13980.0,-1.48,14170.0,-0.14,14390.0,1.41,14250.0,0.42,14320.0,0.92,14560.0,2.61,14550.0,2.54,14120.0,14920.0,-2.88,-5.16,-6.3,-5.03,-3.55,-4.49,-4.02,-2.41,-2.48,-5.36,1.0,2026/06/09,2026/06/10,14490.0,-2.88,14150.0,-5.16,13980.0,-6.3,14170.0,-5.03,14390.0,-3.55,14250.0,-4.49,14320.0,-4.02,14560.0,-2.41,14550.0,-2.48,14120.0,-5.36
Bear?,トレンドマイクロ,4704,東証PR,2026/06/05,2026/06/08,63.0,0.8,6678.0,7.28,2647200.0,66.6,41.454,揉み合い(0),,1.0,0.0,1.0,―,―,,6328.0,-5.24,1157200.0,56.9,27.96,揉み合い(0),,0.0,0.0,0.0,6231.0,-1.53,6217.0,-1.75,6135.0,-3.05,5900.0,-6.76,5865.0,-7.32,5749.0,-9.15,5820.0,-8.03,5909.0,-6.62,5606.0,-11.41,5646.0,-10.78,5490.0,6231.0,-0.22,-1.54,-5.31,-5.87,-7.74,-6.6,-5.17,-10.03,-9.39,-11.89,1.0,2026/06/05,2026/06/08,6328.0,-5.24,6231.0,-6.69,6217.0,-6.9,6135.0,-8.13,5900.0,-11.65,5865.0,-12.17,5749.0,-13.91,5820.0,-12.85,5909.0,-11.52,5606.0,-16.05
Bull?,小林製薬,4967,東証PR,2026/06/05,2026/06/08,63.0,0.762,5577.0,-0.89,215000.0,34.5,-27.135,揉み合い(0),,0.0,1.0,0.0,―,―,,5641.0,1.15,225400.0,40.3,-24.497,揉み合い(0),,0.0,0.0,0.0,5504.0,-2.43,5536.0,-1.86,5550.0,-1.61,5521.0,-2.13,5468.0,-3.07,5395.0,-4.36,5375.0,-4.72,5283.0,-6.35,5300.0,-6.05,5340.0,-5.34,5370.0,5504.0,0.58,0.84,0.31,-0.65,-1.98,-2.34,-4.02,-3.71,-2.98,-2.43,1.0,2026/06/19,2026/06/22,5340.0,0.75,5370.0,1.32,5422.0,2.3,5544.0,4.6,5580.0,5.28,,,,,,,,,,
Bear?,ＴＰＲ,6463,東証PR,2026/06/05,2026/06/08,63.0,1.0,1444.0,3.66,184200.0,69.3,12.095,揉み合い(0),,1.0,0.0,1.0,―,―,,1410.0,-2.35,196500.0,62.1,9.74,揉み合い(0),,0.0,0.0,0.0,1422.0,0.85,1420.0,0.71,1410.0,0.0,1412.0,0.14,1434.0,1.7,1431.0,1.49,1435.0,1.77,1454.0,3.12,1424.0,0.99,1410.0,0.0,1402.0,1422.0,-0.14,-0.84,-0.7,0.84,0.63,0.91,2.25,0.14,-0.84,-1.41,1.0,2026/06/18,2026/06/19,1424.0,-2.06,1410.0,-3.03,1402.0,-3.58,1420.0,-2.34,1410.0,-3.03,1402.0,-3.58,,,,,,,,
Bear?,シグマ光機,7713,東証ST,2026/06/05,2026/06/08,63.0,0.855,2557.0,6.59,154600.0,68.8,25.39,揉み合い(0),,1.0,0.0,0.0,―,―,,2330.0,-8.88,147100.0,55.9,15.27,揉み合い(0),,0.0,0.0,0.0,2233.0,-4.16,2047.0,-12.15,2025.0,-13.09,2035.0,-12.66,2120.0,-9.01,2135.0,-8.37,2282.0,-2.06,2326.0,-0.17,2507.0,7.6,2457.0,5.45,2377.0,2233.0,-8.33,-9.31,-8.87,-5.06,-4.39,2.19,4.16,12.27,10.03,6.45,1.0,2026/06/22,2026/06/23,2377.0,-3.26,2316.0,-5.74,2426.0,-1.26,2245.0,-8.63,,,,,,,,,,,,
Bear?,立花エレテック,8159,東証PR,2026/06/05,2026/06/08,63.0,0.98,3280.0,2.82,54200.0,66.0,16.802,揉み合い(0),,1.0,0.0,0.0,―,―,,3135.0,-4.42,66200.0,53.5,8.82,揉み合い(0),,0.0,0.0,0.0,3165.0,0.96,3065.0,-2.23,3045.0,-2.87,3040.0,-3.03,3085.0,-1.59,3010.0,-3.99,3010.0,-3.99,3040.0,-3.03,3095.0,-1.28,3130.0,-0.16,3165.0,3165.0,-3.16,-3.79,-3.95,-2.53,-4.9,-4.9,-3.95,-2.21,-1.11,0.0,1.0,2026/06/24,2026/06/25,3235.0,1.57,3185.0,0.0,,,,,,,,,,,,,,,,
Bull?,サンマルクホールディングス,3395,東証PR,2026/06/05,2026/06/08,58.0,0.251,2411.0,-0.12,96200.0,26.9,-6.949,揉み合い(0),,0.0,1.0,0.0,―,―,,2438.0,1.12,141300.0,31.9,-4.317,揉み合い(0),,0.0,0.0,0.0,2390.0,-1.97,2438.0,0.0,2439.0,0.04,2432.0,-0.25,2440.0,0.08,2414.0,-0.98,2407.0,-1.27,2423.0,-0.62,2450.0,0.49,2454.0,0.66,2442.0,2390.0,2.01,2.05,1.76,2.09,1.0,0.71,1.38,2.51,2.68,2.18,1.0,2026/06/10,2026/06/11,2439.0,0.04,2432.0,-0.25,2440.0,0.08,2414.0,-0.98,2407.0,-1.27,2423.0,-0.62,2450.0,0.49,2454.0,0.66,2442.0,0.16,2453.0,0.62
Bear?,オロ,3983,東証PR,2026/06/05,2026/06/08,58.0,0.271,2111.0,3.79,93400.0,59.9,4.323,揉み合い(0),,0.0,0.0,1.0,―,―,,2064.0,-2.23,42500.0,53.8,2.582,揉み合い(0),,0.0,0.0,0.0,2041.0,-1.11,2034.0,-1.45,2030.0,-1.65,2030.0,-1.65,2026.0,-1.84,2044.0,-0.97,2035.0,-1.41,2055.0,-0.44,2011.0,-2.57,1953.0,-5.38,1953.0,2041.0,-0.34,-0.54,-0.54,-0.73,0.15,-0.29,0.69,-1.47,-4.31,-4.31,1.0,2026/06/05,2026/06/08,2064.0,-2.23,2041.0,-3.32,2034.0,-3.65,2030.0,-3.84,2030.0,-3.84,2026.0,-4.03,2044.0,-3.17,2035.0,-3.6,2055.0,-2.65,2011.0,-4.74
Bear?,ミライアル,4238,東証ST,2026/06/05,2026/06/08,58.0,0.969,1646.0,4.71,99400.0,71.2,18.406,揉み合い(0),,0.0,0.0,0.0,―,―,,1602.0,-2.67,230500.0,65.6,15.071,揉み合い(0),,0.0,0.0,0.0,1789.0,11.67,1725.0,7.68,1718.0,7.24,1903.0,18.79,1990.0,24.22,1928.0,20.35,1981.0,23.66,2020.0,26.09,2000.0,24.84,1995.0,24.53,1943.0,1789.0,-3.58,-3.97,6.37,11.24,7.77,10.73,12.91,11.79,11.51,8.61,,,,,,,,,,,,,,,,,,,,,,,
Bull?,ナノキャリア,4571,東証GR,2026/06/05,2026/06/08,58.0,0.625,103.0,-4.63,670900.0,18.4,-1.855,揉み合い(0),,0.0,0.0,0.0,―,―,,105.0,1.94,618200.0,22.6,-1.641,揉み合い(0),,0.0,1.0,0.0,102.0,-2.86,99.0,-5.71,102.0,-2.86,101.0,-3.81,97.0,-7.62,98.0,-6.67,105.0,0.0,103.0,-1.9,100.0,-4.76,99.0,-5.71,98.0,102.0,-2.94,0.0,-0.98,-4.9,-3.92,2.94,0.98,-1.96,-2.94,-3.92,1.0,2026/06/16,2026/06/17,105.0,7.14,103.0,5.1,100.0,2.04,99.0,1.02,98.0,0.0,98.0,0.0,100.0,2.04,96.0,-2.04,,,,
Bear?,コニカミノルタ,4902,東証PR,2026/06/05,2026/06/08,58.0,0.653,631.0,-0.47,3399700.0,65.3,4.628,揉み合い(0),,0.0,0.0,0.0,―,―,,606.0,-3.96,4149100.0,55.9,2.74,揉み合い(0),,0.0,0.0,0.0,620.1,2.33,597.0,-1.49,591.0,-2.48,577.7,-4.67,589.7,-2.69,587.8,-3.0,592.2,-2.28,582.8,-3.83,556.9,-8.1,559.2,-7.72,558.0,620.1,-3.73,-4.69,-6.84,-4.9,-5.21,-4.5,-6.02,-10.19,-9.82,-10.01,,,,,,,,,,,,,,,,,,,,,,,
Bear?,オムロン,6645,東証PR,2026/06/05,2026/06/08,58.0,0.29,6162.0,-1.12,1244500.0,62.2,35.454,揉み合い(0),,0.0,0.0,0.0,―,―,,5862.0,-4.87,1989800.0,54.2,14.462,揉み合い(0),,0.0,0.0,0.0,5746.0,-1.98,5487.0,-6.4,5578.0,-4.84,5490.0,-6.35,5812.0,-0.85,5696.0,-2.83,5620.0,-4.13,5830.0,-0.55,6134.0,4.64,6101.0,4.08,5764.0,5746.0,-4.51,-2.92,-4.46,1.15,-0.87,-2.19,1.46,6.75,6.18,0.31,,,,,,,,,,,,,,,,,,,,,,,
Bull?,ロイヤルホールディングス,8179,東証PR,2026/06/05,2026/06/08,58.0,0.586,1205.0,0.25,383200.0,22.3,-7.923,揉み合い(0),,0.0,0.0,0.0,―,―,,1218.0,1.08,827700.0,27.3,-6.405,揉み合い(0),,0.0,0.0,0.0,1204.0,-1.15,1233.0,1.23,1233.0,1.23,1236.0,1.48,1240.0,1.81,1221.0,0.25,1230.0,0.99,1210.0,-0.66,1205.0,-1.07,1202.0,-1.31,1195.0,1204.0,2.41,2.41,2.66,2.99,1.41,2.16,0.5,0.08,-0.17,-0.75,,,,,,,,,,,,,,,,,,,,,,,
Bull?,シイエム・シイ,2185,東証ST,2026/06/05,2026/06/08,53.0,0.564,1801.0,-0.5,5500.0,38.4,-1.842,揉み合い(0),,0.0,1.0,0.0,―,―,,1809.0,0.44,1800.0,41.3,-1.383,揉み合い(0),,0.0,0.0,0.0,1830.0,1.16,1826.0,0.94,1795.0,-0.77,1815.0,0.33,1810.0,0.06,1802.0,-0.39,1820.0,0.61,1806.0,-0.17,1805.0,-0.22,1799.0,-0.55,1790.0,1830.0,-0.22,-1.91,-0.82,-1.09,-1.53,-0.55,-1.31,-1.37,-1.69,-2.19,1.0,2026/06/05,2026/06/08,1809.0,0.44,1830.0,1.61,1826.0,1.39,1795.0,-0.33,1815.0,0.78,1810.0,0.5,1802.0,0.06,1820.0,1.05,1806.0,0.28,1805.0,0.22
Bull?,ポバール興業,4247,東証ST,2026/06/05,2026/06/08,53.0,0.285,1245.0,-0.8,,37.0,-4.216,揉み合い(0),,0.0,1.0,0.0,―,―,,1245.0,0.0,200.0,37.0,-4.122,揉み合い(0),,0.0,0.0,0.0,1247.0,0.16,1245.0,0.0,1259.0,1.12,1245.0,0.0,1250.0,0.4,1246.0,0.08,1265.0,1.61,1278.0,2.65,1300.0,4.42,1290.0,3.61,1267.0,1247.0,-0.16,0.96,-0.16,0.24,-0.08,1.44,2.49,4.25,3.45,1.6,,,,,,,,,,,,,,,,,,,,,,,
Bull?,ヒューマン・メタボローム・テクノロジーズ,6090,東証ST,2026/06/05,2026/06/08,53.0,0.353,617.0,2.83,17900.0,38.2,-2.824,揉み合い(0),,0.0,0.0,0.0,―,―,,620.0,0.49,8700.0,39.4,-2.404,揉み合い(0),,0.0,0.0,0.0,629.0,1.45,616.0,-0.65,611.0,-1.45,610.0,-1.61,611.0,-1.45,651.0,5.0,653.0,5.32,668.0,7.74,653.0,5.32,660.0,6.45,639.0,629.0,-2.07,-2.86,-3.02,-2.86,3.5,3.82,6.2,3.82,4.93,1.59,,,,,,,,,,,,,,,,,,,,,,,
Bull?,江崎グリコ,2206,東証PR,2026/06/05,2026/06/08,48.0,0.204,5270.0,0.78,125000.0,32.6,-6.592,揉み合い(0),,0.0,1.0,0.0,―,―,,5306.0,0.68,176400.0,36.1,-3.585,揉み合い(0),,0.0,0.0,0.0,5294.0,-0.23,5350.0,0.83,5418.0,2.11,5444.0,2.6,5407.0,1.9,5364.0,1.09,5287.0,-0.36,5333.0,0.51,5320.0,0.26,5379.0,1.38,5413.0,5294.0,1.06,2.34,2.83,2.13,1.32,-0.13,0.74,0.49,1.61,2.25,1.0,2026/06/05,2026/06/08,5306.0,0.68,5294.0,0.46,5350.0,1.52,5418.0,2.81,5444.0,3.3,5407.0,2.6,5364.0,1.78,5287.0,0.32,5333.0,1.2,5320.0,0.95
Bull?,カルビー,2229,東証PR,2026/06/05,2026/06/08,48.0,0.286,2824.0,-0.32,333900.0,32.0,-4.986,揉み合い(0),,0.0,1.0,0.0,―,―,,2853.0,1.03,524100.0,38.4,-3.53,揉み合い(0),,0.0,0.0,0.0,2832.5,-0.72,2854.0,0.04,2877.0,0.84,2846.5,-0.23,2810.0,-1.51,2808.5,-1.56,2785.0,-2.38,2788.5,-2.26,2797.5,-1.95,2771.0,-2.87,2823.5,2832.5,0.76,1.57,0.49,-0.79,-0.85,-1.68,-1.55,-1.24,-2.17,-0.32,1.0,2026/06/09,2026/06/10,2854.0,0.76,2877.0,1.57,2846.5,0.49,2810.0,-0.79,2808.5,-0.85,2785.0,-1.68,2788.5,-1.55,2797.5,-1.24,2771.0,-2.17,2823.5,-0.32
Bull?,栄研化学,4549,東証PR,2026/06/05,2026/06/08,48.0,0.504,2670.0,-1.11,99300.0,32.9,-22.401,揉み合い(0),,0.0,0.0,0.0,―,―,,2732.0,2.32,230300.0,38.5,-17.59,揉み合い(0),,0.0,0.0,0.0,2744.0,0.44,2724.0,-0.29,2704.0,-1.02,2700.0,-1.17,2658.0,-2.71,2659.0,-2.67,2629.0,-3.77,2670.0,-2.27,2634.0,-3.59,2666.0,-2.42,2548.0,2744.0,-0.73,-1.46,-1.6,-3.13,-3.1,-4.19,-2.7,-4.01,-2.84,-7.14,1.0,2026/06/16,2026/06/17,2629.0,-1.13,2670.0,0.41,2634.0,-0.94,2666.0,0.26,2548.0,-4.17,2526.0,-5.0,2489.0,-6.39,2525.0,-5.04,,,,
Bear?,日本オラクル,4716,東証ST,2026/06/05,2026/06/08,48.0,0.564,9396.0,2.19,494200.0,55.4,73.824,揉み合い(0),,0.0,0.0,0.0,―,―,,8959.0,-4.65,545600.0,49.0,42.233,揉み合い(0),,0.0,0.0,0.0,8895.0,-0.71,8966.0,0.08,8856.0,-1.15,8525.0,-4.84,8699.0,-2.9,8528.0,-4.81,8510.0,-5.01,8627.0,-3.71,8572.0,-4.32,8446.0,-5.73,8230.0,8895.0,0.8,-0.44,-4.16,-2.2,-4.13,-4.33,-3.01,-3.63,-5.05,-7.48,,,,,,,,,,,,,,,,,,,,,,,
Bear?,ワイエイシイ,6298,東証PR,2026/06/05,2026/06/08,48.0,0.894,1484.0,1.3,390000.0,68.4,16.511,揉み合い(0),,0.0,0.0,0.0,―,―,,1373.0,-7.48,507600.0,56.1,10.526,揉み合い(0),,0.0,0.0,0.0,1334.0,-2.84,1313.0,-4.37,1286.0,-6.34,1319.0,-3.93,1360.0,-0.95,1385.0,0.87,1419.0,3.35,1466.0,6.77,1475.0,7.43,1543.0,12.38,1437.0,1334.0,-1.57,-3.6,-1.12,1.95,3.82,6.37,9.9,10.57,15.67,7.72,1.0,2026/06/23,2026/06/24,1415.0,-1.53,1418.0,-1.32,1380.0,-3.97,,,,,,,,,,,,,,
Bear?,東京自働機械製作所,6360,東証ST,2026/06/05,2026/06/08,48.0,0.862,4325.0,0.58,600.0,68.2,18.57,揉み合い(0),,0.0,0.0,0.0,―,―,,4300.0,-0.58,1100.0,65.3,17.309,揉み合い(0),,0.0,0.0,0.0,4255.0,-1.05,4250.0,-1.16,4320.0,0.47,4400.0,2.33,4395.0,2.21,4395.0,2.21,4335.0,0.81,4400.0,2.33,4440.0,3.26,4415.0,2.67,4470.0,4255.0,-0.12,1.53,3.41,3.29,3.29,1.88,3.41,4.35,3.76,5.05,,,,,,,,,,,,,,,,,,,,,,,
Bear?,指月電機製作所,6994,東証ST,2026/06/05,2026/06/08,48.0,0.563,1287.0,3.46,453300.0,59.7,19.006,揉み合い(0),,0.0,0.0,0.0,―,―,,1171.0,-9.01,424500.0,51.5,10.328,揉み合い(0),,0.0,0.0,0.0,1187.0,1.37,1100.0,-6.06,1078.0,-7.94,1073.0,-8.37,1149.0,-1.88,1157.0,-1.2,1196.0,2.13,1250.0,6.75,1255.0,7.17,1271.0,8.54,1400.0,1187.0,-7.33,-9.18,-9.6,-3.2,-2.53,0.76,5.31,5.73,7.08,17.94,,,,,,,,,,,,,,,,,,,,,,,
Bear?,ＳＨＯＥＩ,7839,東証PR,2026/06/05,2026/06/08,48.0,0.69,1871.0,1.57,175400.0,64.1,12.799,揉み合い(0),,0.0,0.0,0.0,―,―,,1849.0,-1.18,245200.0,60.6,11.873,揉み合い(0),,0.0,0.0,0.0,1871.0,1.19,1915.0,3.57,1840.0,-0.49,1824.0,-1.35,1830.0,-1.03,1805.0,-2.38,1831.0,-0.97,1806.0,-2.33,1797.0,-2.81,1812.0,-2.0,1790.0,1871.0,2.35,-1.66,-2.51,-2.19,-3.53,-2.14,-3.47,-3.96,-3.15,-4.33,,,,,,,,,,,,,,,,,,,,,,,
Bull?,セブン工業,7896,東証ST,2026/06/05,2026/06/08,48.0,0.038,489.0,-0.2,1800.0,33.7,-0.185,揉み合い(0),,0.0,0.0,0.0,―,―,,490.0,0.2,1100.0,35.3,-0.157,揉み合い(0),,0.0,0.0,0.0,490.0,0.0,491.0,0.2,488.0,-0.41,488.0,-0.41,489.0,-0.2,487.0,-0.61,489.0,-0.2,489.0,-0.2,489.0,-0.2,489.0,-0.2,490.0,490.0,0.2,-0.41,-0.41,-0.2,-0.61,-0.2,-0.2,-0.2,-0.2,0.0,,,,,,,,,,,,,,,,,,,,,,,
Bull?,日本電信電話,9432,東証PR,2026/06/05,2026/06/08,48.0,0.725,146.0,-0.68,233749500.0,33.0,-0.49,揉み合い(0),,0.0,0.0,0.0,―,―,,147.0,0.68,337260800.0,39.1,-0.408,揉み合い(0),,0.0,1.0,0.0,146.7,-0.2,149.0,1.36,150.7,2.52,148.0,0.68,146.6,-0.27,145.9,-0.75,146.9,-0.07,147.9,0.61,144.4,-1.77,144.0,-2.04,144.2,146.7,1.57,2.73,0.89,-0.07,-0.55,0.14,0.82,-1.57,-1.84,-1.7,1.0,2026/06/08,2026/06/09,146.7,-0.41,149.0,1.15,150.7,2.31,148.0,0.48,146.6,-0.48,145.9,-0.95,146.9,-0.27,147.9,0.41,144.4,-1.97,144.0,-2.24
Bear?,キャリアデザインセンター,2410,東証PR,2026/06/05,2026/06/08,38.0,0.77,2565.0,0.94,14900.0,60.5,5.955,揉み合い(0),,0.0,0.0,0.0,―,―,,2536.0,-1.13,15900.0,54.9,3.749,揉み合い(0),,0.0,0.0,0.0,2543.0,0.28,2518.0,-0.71,2523.0,-0.51,2523.0,-0.51,2535.0,-0.04,2560.0,0.95,2814.0,10.96,2806.0,10.65,2876.0,13.41,2855.0,12.58,2869.0,2543.0,-0.98,-0.79,-0.79,-0.31,0.67,10.66,10.34,13.09,12.27,12.82,,,,,,,,,,,,,,,,,,,,,,,
Bull?,アサヒグループホールディングス,2502,東証PR,2026/06/05,2026/06/08,38.0,0.489,1476.0,-0.81,4633600.0,36.6,-3.979,揉み合い(0),,0.0,0.0,0.0,―,―,,1505.0,1.96,8739700.0,44.4,-1.795,揉み合い(0),,0.0,0.0,0.0,1492.5,-0.83,1543.5,2.56,1545.0,2.66,1496.5,-0.56,1510.0,0.33,1503.5,-0.1,1515.5,0.7,1523.0,1.2,1519.0,0.93,1510.0,0.33,1514.0,1492.5,3.42,3.52,0.27,1.17,0.74,1.54,2.04,1.78,1.17,1.44,,,,,,,,,,,,,,,,,,,,,,,
Bull?,くらコーポレーション,2695,東証PR,2026/06/05,2026/06/08,38.0,0.057,1537.0,0.72,250700.0,37.8,-1.459,揉み合い(0),,0.0,0.0,0.0,―,―,,1559.0,1.43,288400.0,41.6,-0.353,揉み合い(0),,0.0,0.0,0.0,1524.0,-2.25,1550.0,-0.58,1548.0,-0.71,1639.0,5.13,1550.0,-0.58,1565.0,0.38,1583.0,1.54,1563.0,0.26,1548.0,-0.71,1582.0,1.48,1520.0,1524.0,1.71,1.57,7.55,1.71,2.69,3.87,2.56,1.57,3.81,-0.26,,,,,,,,,,,,,,,,,,,,,,,
Bull?,ブロンコビリー,3091,東証PR,2026/06/05,2026/06/08,38.0,0.131,4115.0,1.11,52200.0,43.1,-6.542,揉み合い(0),,0.0,1.0,0.0,―,―,,4185.0,1.7,49100.0,49.1,-1.674,揉み合い(0),,0.0,0.0,0.0,4270.0,2.03,4285.0,2.39,4325.0,3.35,4350.0,3.94,4430.0,5.85,4465.0,6.69,4470.0,6.81,4530.0,8.24,4620.0,10.39,4570.0,9.2,4595.0,4270.0,0.35,1.29,1.87,3.75,4.57,4.68,6.09,8.2,7.03,7.61,1.0,2026/06/05,2026/06/08,4185.0,1.7,4270.0,3.77,4285.0,4.13,4325.0,5.1,4350.0,5.71,4430.0,7.65,4465.0,8.51,4470.0,8.63,4530.0,10.09,4620.0,12.27
Bear?,三越伊勢丹ホールディングス,3099,東証PR,2026/06/05,2026/06/08,38.0,0.75,3530.0,2.14,1776900.0,64.5,23.709,揉み合い(0),,0.0,0.0,0.0,―,―,,3483.0,-1.33,2339400.0,61.2,18.976,揉み合い(0),,0.0,0.0,0.0,3610.0,3.65,3612.0,3.7,3586.0,2.96,3755.0,7.81,3699.0,6.2,3722.0,6.86,3697.0,6.14,3871.0,11.14,3871.0,11.14,3959.0,13.67,3907.0,3610.0,0.06,-0.66,4.02,2.47,3.1,2.41,7.23,7.23,9.67,8.23,1.0,2026/06/25,2026/06/26,4119.0,-0.31,,,,,,,,,,,,,,,,,,
Bull?,イー・ギャランティ,8771,東証PR,2026/06/05,2026/06/08,38.0,0.986,1634.0,1.05,69300.0,39.0,-10.25,揉み合い(0),,0.0,0.0,0.0,―,―,,1642.0,0.49,149600.0,40.7,-9.345,揉み合い(0),,0.0,0.0,0.0,1636.0,-0.37,1723.0,4.93,1700.0,3.53,1705.0,3.84,1692.0,3.05,1683.0,2.5,1694.0,3.17,1690.0,2.92,1679.0,2.25,1678.0,2.19,1656.0,1636.0,5.32,3.91,4.22,3.42,2.87,3.55,3.3,2.63,2.57,1.22,,,,,,,,,,,,,,,,,,,,,,,
Bull?,吉野家ホールディングス,9861,東証PR,2026/06/05,2026/06/08,38.0,0.314,3075.0,-0.26,319400.0,36.2,-10.331,揉み合い(0),,0.0,0.0,0.0,―,―,,3091.0,0.52,475100.0,38.6,-8.937,揉み合い(0),,0.0,0.0,0.0,3022.0,-2.23,3107.0,0.52,3154.0,2.04,3141.0,1.62,3122.0,1.0,3120.0,0.94,3065.0,-0.84,3021.0,-2.26,3017.0,-2.39,3018.0,-2.36,3009.0,3022.0,2.81,4.37,3.94,3.31,3.24,1.42,-0.03,-0.17,-0.13,-0.43,1.0,2026/06/09,2026/06/10,3107.0,2.81,3154.0,4.37,3141.0,3.94,3122.0,3.31,3120.0,3.24,3065.0,1.42,3021.0,-0.03,3017.0,-0.17,3018.0,-0.13,3009.0,-0.43
日経,日経平均株価,0001,指数,2026/06/08,2026/06/09,,,64024.6,-3.85,,61.5,-86.984,1.0,1.16,,,,,,,65416.63,2.17,,67.9,-178.01,1.0,1.07,,,,64179.27,-1.89,64217.27,-1.83,66020.04,0.92,69317.5,5.96,69404.5,6.1,69902.25,6.86,71053.49,8.62,71250.06,8.92,72353.96,10.6,69788.38,6.68,,,,,,,,,,,,,,,,,,,,,,,,,,,,,,,,,,,
Bear?,ユニフォームネクスト,3566,東証GR,2026/06/08,2026/06/09,90.0,0.255,975.0,1.04,41800.0,67.1,3.481,上昇(+1),7.63,1.0,0.0,1.0,―,―,,952.0,-2.36,20800.0,61.8,2.963,上昇(+1),7.58,0.0,0.0,0.0,911.0,-4.31,916.0,-3.78,917.0,-3.68,930.0,-2.31,889.0,-6.62,899.0,-5.57,891.0,-6.41,889.0,-6.62,869.0,-8.72,855.0,-10.19,842.0,911.0,0.55,0.66,2.09,-2.41,-1.32,-2.2,-2.41,-4.61,-6.15,-7.57,1.0,2026/06/08,2026/06/09,952.0,-2.36,911.0,-6.56,916.0,-6.05,917.0,-5.95,930.0,-4.62,889.0,-8.82,899.0,-7.79,891.0,-8.62,889.0,-8.82,869.0,-10.87
Bear?,くろがね工作所,7997,東証ST,2026/06/08,2026/06/09,90.0,0.013,1038.0,7.01,43400.0,65.3,0.071,上昇(+1),1.25,1.0,0.0,1.0,―,―,,994.0,-4.24,6900.0,51.9,0.017,上昇(+1),1.27,0.0,0.0,0.0,1005.0,1.11,1005.0,1.11,995.0,0.1,987.0,-0.7,982.0,-1.21,985.0,-0.91,997.0,0.3,996.0,0.2,1008.0,1.41,987.0,-0.7,997.0,1005.0,0.0,-1.0,-1.79,-2.29,-1.99,-0.8,-0.9,0.3,-1.79,-0.8,1.0,2026/06/08,2026/06/09,994.0,-4.24,1005.0,-3.18,1005.0,-3.18,995.0,-4.14,987.0,-4.91,982.0,-5.39,985.0,-5.11,997.0,-3.95,996.0,-4.05,1008.0,-2.89
Bull?,リニカル,2183,東証ST,2026/06/08,2026/06/09,80.0,0.516,206.0,-2.83,50100.0,20.7,-0.416,下降(-1),-8.28,0.0,1.0,0.0,―,―,,211.0,2.43,33000.0,29.6,-0.25,下降(-1),-8.41,0.0,0.0,0.0,213.0,0.95,212.0,0.47,209.0,-0.95,206.0,-2.37,205.0,-2.84,215.0,1.9,214.0,1.42,208.0,-1.42,208.0,-1.42,209.0,-0.95,204.0,213.0,-0.47,-1.88,-3.29,-3.76,0.94,0.47,-2.35,-2.35,-1.88,-4.23,1.0,2026/06/08,2026/06/09,211.0,2.43,213.0,3.4,212.0,2.91,209.0,1.46,206.0,0.0,205.0,-0.49,215.0,4.37,214.0,3.88,208.0,0.97,208.0,0.97
Bull?,テンポイノベーション,3484,東証PR,2026/06/08,2026/06/09,80.0,0.137,1033.0,-1.15,12200.0,28.3,-1.399,下降(-1),-4.62,0.0,1.0,0.0,―,―,,1050.0,1.65,7300.0,36.7,-0.212,下降(-1),-4.74,0.0,0.0,0.0,1075.0,2.38,1079.0,2.76,1065.0,1.43,1061.0,1.05,1062.0,1.14,1090.0,3.81,1088.0,3.62,1088.0,3.62,1087.0,3.52,1081.0,2.95,1080.0,1075.0,0.37,-0.93,-1.3,-1.21,1.4,1.21,1.21,1.12,0.56,0.47,1.0,2026/06/08,2026/06/09,1050.0,1.65,1075.0,4.07,1079.0,4.45,1065.0,3.1,1061.0,2.71,1062.0,2.81,1090.0,5.52,1088.0,5.32,1088.0,5.32,1087.0,5.23
Bull?,高見澤,5283,東証ST,2026/06/08,2026/06/09,80.0,0.524,2962.0,-1.27,4000.0,26.3,-24.391,下降(-1),-1.88,0.0,1.0,0.0,―,―,,2965.0,0.1,600.0,26.8,-22.707,下降(-1),-2.05,0.0,0.0,0.0,2925.0,-1.35,2925.0,-1.35,2925.0,-1.35,2967.0,0.07,2942.0,-0.78,2965.0,0.0,2996.0,1.05,2986.0,0.71,3015.0,1.69,2994.0,0.98,3045.0,2925.0,0.0,0.0,1.44,0.58,1.37,2.43,2.09,3.08,2.36,4.1,1.0,2026/06/12,2026/06/15,2967.0,1.44,2942.0,0.58,2965.0,1.37,2996.0,2.43,2986.0,2.09,3015.0,3.08,2994.0,2.36,3045.0,4.1,3035.0,3.76,2978.0,1.81
Bull?,中北製作所,6496,東証ST,2026/06/08,2026/06/09,80.0,0.259,4575.0,-4.29,20200.0,28.7,-36.158,下降(-1),-6.14,0.0,1.0,0.0,―,―,,4590.0,0.33,8800.0,29.3,-32.124,下降(-1),-6.25,0.0,0.0,0.0,4505.0,-1.85,4430.0,-3.49,4575.0,-0.33,4860.0,5.88,4750.0,3.49,4900.0,6.75,4920.0,7.19,4930.0,7.41,4970.0,8.28,4900.0,6.75,4760.0,4505.0,-1.66,1.55,7.88,5.44,8.77,9.21,9.43,10.32,8.77,5.66,1.0,2026/06/11,2026/06/12,4575.0,3.27,4860.0,9.71,4750.0,7.22,4900.0,10.61,4920.0,11.06,4930.0,11.29,4970.0,12.19,4900.0,10.61,4760.0,7.45,4825.0,8.92
Bull?,エリアリンク,8914,東証ST,2026/06/08,2026/06/09,80.0,0.313,879.0,-0.9,86800.0,25.0,-3.041,下降(-1),-3.56,0.0,1.0,0.0,―,―,,890.0,1.25,64500.0,29.2,-2.808,下降(-1),-3.73,0.0,0.0,0.0,900.0,1.12,877.0,-1.46,893.0,0.34,888.0,-0.22,882.0,-0.9,903.0,1.46,898.0,0.9,896.0,0.67,861.0,-3.26,837.0,-5.96,810.0,900.0,-2.56,-0.78,-1.33,-2.0,0.33,-0.22,-0.44,-4.33,-7.0,-10.0,1.0,2026/06/12,2026/06/15,888.0,-0.56,882.0,-1.23,903.0,1.12,898.0,0.56,896.0,0.34,861.0,-3.58,837.0,-6.27,810.0,-9.29,854.0,-4.37,843.0,-5.6
Bull?,タカヨシ,9259,東証GR,2026/06/08,2026/06/09,73.0,0.049,767.0,-4.48,26100.0,29.2,-1.095,揉み合い(0),-0.21,0.0,1.0,0.0,―,―,,791.0,3.13,9200.0,36.4,-0.77,下降(-1),-0.55,0.0,0.0,0.0,782.0,-1.14,775.0,-2.02,785.0,-0.76,779.0,-1.52,774.0,-2.15,774.0,-2.15,782.0,-1.14,788.0,-0.38,770.0,-2.65,780.0,-1.39,779.0,782.0,-0.9,0.38,-0.38,-1.02,-1.02,0.0,0.77,-1.53,-0.26,-0.38,1.0,2026/06/08,2026/06/09,791.0,3.13,782.0,1.96,775.0,1.04,785.0,2.35,779.0,1.56,774.0,0.91,774.0,0.91,782.0,1.96,788.0,2.74,770.0,0.39
Bull?,アズマハウス,3293,東証ST,2026/06/08,2026/06/09,70.0,0.924,758.0,-0.52,6100.0,31.9,-0.31,下降(-1),-0.68,0.0,1.0,0.0,―,―,,759.0,0.13,5800.0,34.5,-0.301,下降(-1),-0.68,0.0,0.0,0.0,758.0,-0.13,756.0,-0.4,758.0,-0.13,761.0,0.26,759.0,0.0,761.0,0.26,763.0,0.53,761.0,0.26,760.0,0.13,761.0,0.26,761.0,758.0,-0.26,0.0,0.4,0.13,0.4,0.66,0.4,0.26,0.4,0.4,1.0,2026/06/10,2026/06/11,756.0,-0.26,758.0,0.0,761.0,0.4,759.0,0.13,761.0,0.4,763.0,0.66,761.0,0.4,760.0,0.26,761.0,0.4,761.0,0.4
Bull?,ソルクシーズ,4284,東証ST,2026/06/08,2026/06/09,70.0,0.67,407.0,-2.4,65400.0,30.3,-1.548,下降(-1),-5.28,0.0,0.0,0.0,―,―,,410.0,0.74,62200.0,33.4,-1.242,下降(-1),-5.25,0.0,0.0,0.0,409.0,-0.24,405.0,-1.22,404.0,-1.46,407.0,-0.73,407.0,-0.73,418.0,1.95,422.0,2.93,420.0,2.44,426.0,3.9,416.0,1.46,420.0,409.0,-0.98,-1.22,-0.49,-0.49,2.2,3.18,2.69,4.16,1.71,2.69,1.0,2026/06/12,2026/06/15,407.0,0.74,407.0,0.74,418.0,3.47,422.0,4.46,420.0,3.96,426.0,5.45,416.0,2.97,420.0,3.96,418.0,3.47,418.0,3.47
Bull?,ライドオン・エクスプレス,6082,東証ST,2026/06/08,2026/06/09,70.0,0.298,967.0,-0.72,17400.0,32.4,-0.311,下降(-1),-1.56,0.0,0.0,0.0,―,―,,968.0,0.1,8900.0,34.3,-0.236,下降(-1),-1.6,0.0,0.0,0.0,969.0,0.1,965.0,-0.31,965.0,-0.31,970.0,0.21,973.0,0.52,979.0,1.14,972.0,0.41,976.0,0.83,970.0,0.21,972.0,0.41,976.0,969.0,-0.41,-0.41,0.1,0.41,1.03,0.31,0.72,0.1,0.31,0.72,,,,,,,,,,,,,,,,,,,,,,,
Bull?,不二精機,6400,東証ST,2026/06/08,2026/06/09,70.0,0.422,261.0,-1.14,33300.0,32.2,-1.181,下降(-1),-3.19,0.0,1.0,0.0,―,―,,261.0,0.0,13000.0,32.2,-1.091,下降(-1),-3.47,0.0,0.0,0.0,258.0,-1.15,261.0,0.0,260.0,-0.38,260.0,-0.38,258.0,-1.15,263.0,0.77,263.0,0.77,260.0,-0.38,260.0,-0.38,260.0,-0.38,262.0,258.0,1.16,0.78,0.78,0.0,1.94,1.94,0.78,0.78,0.78,1.55,1.0,2026/06/11,2026/06/12,260.0,-0.38,260.0,-0.38,258.0,-1.15,263.0,0.77,263.0,0.77,260.0,-0.38,260.0,-0.38,260.0,-0.38,262.0,0.38,259.0,-0.77
Bull?,デリバリーコンサルティング,9240,東証GR,2026/06/08,2026/06/09,70.0,0.485,423.0,-1.86,11600.0,34.2,-2.913,下降(-1),-4.46,0.0,0.0,0.0,―,―,,439.0,3.78,5900.0,43.7,-1.853,下降(-1),-4.34,0.0,0.0,0.0,457.0,4.1,450.0,2.51,476.0,8.43,419.0,-4.56,408.0,-7.06,413.0,-5.92,401.0,-8.66,383.0,-12.76,389.0,-11.39,377.0,-14.12,380.0,457.0,-1.53,4.16,-8.32,-10.72,-9.63,-12.25,-16.19,-14.88,-17.51,-16.85,,,,,,,,,,,,,,,,,,,,,,,
Bull?,キムラユニティー,9368,東証ST,2026/06/08,2026/06/09,70.0,0.706,851.0,-1.28,37300.0,34.0,-2.112,下降(-1),-1.05,0.0,0.0,0.0,―,―,,865.0,1.65,15000.0,43.5,-1.08,下降(-1),-1.07,0.0,0.0,0.0,859.0,-0.69,856.0,-1.04,859.0,-0.69,860.0,-0.58,859.0,-0.69,860.0,-0.58,856.0,-1.04,856.0,-1.04,856.0,-1.04,857.0,-0.92,858.0,859.0,-0.35,0.0,0.12,0.0,0.12,-0.35,-0.35,-0.35,-0.23,-0.12,,,,,,,,,,,,,,,,,,,,,,,
Bear?,フジオフードシステム,2752,東証PR,2026/06/08,2026/06/09,65.0,0.909,1159.0,0.43,104400.0,74.9,2.077,上昇(+1),1.44,0.0,0.0,0.0,Tier1,bear_div + breakout,,1161.0,0.17,86700.0,75.7,2.048,上昇(+1),1.55,1.0,0.0,1.0,1167.0,0.52,1175.0,1.21,1175.0,1.21,1173.0,1.03,1170.0,0.78,1170.0,0.78,1167.0,0.52,1172.0,0.95,1170.0,0.78,1164.0,0.26,1162.0,1167.0,0.69,0.69,0.51,0.26,0.26,0.0,0.43,0.26,-0.26,-0.43,1.0,2026/06/11,2026/06/12,1175.0,0.0,1173.0,-0.17,1170.0,-0.43,1170.0,-0.43,1167.0,-0.68,1172.0,-0.26,1170.0,-0.43,1164.0,-0.94,1162.0,-1.11,1162.0,-1.11
Bear?,イントランス,3237,東証GR,2026/06/08,2026/06/09,65.0,0.394,75.0,-1.32,276900.0,62.8,0.404,上昇(+1),1.61,0.0,0.0,0.0,―,―,,73.0,-2.67,329500.0,57.0,0.305,上昇(+1),1.71,0.0,0.0,0.0,73.0,0.0,74.0,1.37,74.0,1.37,81.0,10.96,82.0,12.33,94.0,28.77,92.0,26.03,94.0,28.77,90.0,23.29,92.0,26.03,92.0,73.0,1.37,1.37,10.96,12.33,28.77,26.03,28.77,23.29,26.03,26.03,,,,,,,,,,,,,,,,,,,,,,,
Bull?,日本エンタープライズ,4829,東証ST,2026/06/08,2026/06/09,65.0,0.701,101.0,-1.94,259800.0,29.2,-0.919,下降(-1),-2.04,0.0,0.0,0.0,―,―,,102.0,0.99,189600.0,32.3,-0.786,下降(-1),-2.32,0.0,0.0,0.0,101.0,-0.98,101.0,-0.98,101.0,-0.98,101.0,-0.98,101.0,-0.98,100.0,-1.96,100.0,-1.96,100.0,-1.96,102.0,0.0,103.0,0.98,103.0,101.0,0.0,0.0,0.0,0.0,-0.99,-0.99,-0.99,0.99,1.98,1.98,,,,,,,,,,,,,,,,,,,,,,,
Bull?,マツモト,7901,東証ST,2026/06/08,2026/06/09,65.0,0.431,795.0,-1.97,8500.0,25.3,-6.23,下降(-1),-5.71,0.0,1.0,0.0,―,―,,805.0,1.26,5400.0,28.2,-5.779,下降(-1),-6.49,0.0,0.0,0.0,784.0,-2.61,792.0,-1.61,776.0,-3.6,817.0,1.49,775.0,-3.73,789.0,-1.99,791.0,-1.74,788.0,-2.11,782.0,-2.86,770.0,-4.35,780.0,784.0,1.02,-1.02,4.21,-1.15,0.64,0.89,0.51,-0.26,-1.79,-0.51,1.0,2026/06/11,2026/06/12,776.0,-2.02,817.0,3.16,775.0,-2.15,789.0,-0.38,791.0,-0.13,788.0,-0.51,782.0,-1.26,770.0,-2.78,780.0,-1.52,761.0,-3.91
Bull?,シンクレイヤ,1724,東証ST,2026/06/08,2026/06/09,60.0,0.892,693.0,-1.7,8800.0,42.0,-0.765,下降(-1),-0.85,0.0,0.0,0.0,―,―,,698.0,0.72,3500.0,45.0,-0.426,下降(-1),-0.86,0.0,0.0,0.0,694.0,-0.57,685.0,-1.86,686.0,-1.72,697.0,-0.14,693.0,-0.72,702.0,0.57,693.0,-0.72,698.0,0.0,696.0,-0.29,691.0,-1.0,686.0,694.0,-1.3,-1.15,0.43,-0.14,1.15,-0.14,0.58,0.29,-0.43,-1.15,,,,,,,,,,,,,,,,,,,,,,,
Bull?,オーテック,1736,東証ST,2026/06/08,2026/06/09,60.0,0.728,2250.0,-2.77,11000.0,41.7,-6.409,下降(-1),-3.17,0.0,0.0,0.0,―,―,,2276.0,1.16,1900.0,44.7,-6.161,下降(-1),-3.13,0.0,0.0,0.0,2256.0,-0.88,2259.0,-0.75,2324.0,2.11,2317.0,1.8,2349.0,3.21,2332.0,2.46,2410.0,5.89,2424.0,6.5,2403.0,5.58,2428.0,6.68,2421.0,2256.0,0.13,3.01,2.7,4.12,3.37,6.83,7.45,6.52,7.62,7.31,1.0,2026/06/11,2026/06/12,2324.0,2.88,2317.0,2.57,2349.0,3.98,2332.0,3.23,2410.0,6.68,2424.0,7.3,2403.0,6.37,2428.0,7.48,2421.0,7.17,2384.0,5.53
Bull?,カワニシホールディングス,2689,東証ST,2026/06/08,2026/06/09,60.0,0.465,2029.0,-0.1,3700.0,35.4,-1.929,下降(-1),-0.58,0.0,0.0,0.0,―,―,,2045.0,0.79,3500.0,42.6,-1.096,下降(-1),-0.62,0.0,0.0,0.0,2036.0,-0.44,2021.0,-1.17,2009.0,-1.76,1998.0,-2.3,2000.0,-2.2,1997.0,-2.35,1998.0,-2.3,1990.0,-2.69,1993.0,-2.54,1985.0,-2.93,1990.0,2036.0,-0.74,-1.33,-1.87,-1.77,-1.92,-1.87,-2.26,-2.11,-2.5,-2.26,1.0,2026/06/23,2026/06/24,1990.0,0.25,2015.0,1.51,2010.0,1.26,,,,,,,,,,,,,,
Bull?,北の達人コーポレーション,2930,東証PR,2026/06/08,2026/06/09,60.0,0.571,121.0,-0.82,363700.0,38.6,-0.382,下降(-1),-3.8,0.0,0.0,0.0,Tier3,bull_div（全体）,,121.0,0.0,339500.0,38.6,-0.349,下降(-1),-3.88,0.0,1.0,0.0,119.0,-1.65,119.0,-1.65,119.0,-1.65,119.0,-1.65,118.0,-2.48,119.0,-1.65,119.0,-1.65,115.0,-4.96,114.0,-5.79,114.0,-5.79,113.0,119.0,0.0,0.0,0.0,-0.84,0.0,0.0,-3.36,-4.2,-4.2,-5.04,1.0,2026/06/23,2026/06/24,113.0,-0.88,114.0,0.0,114.0,0.0,,,,,,,,,,,,,,
Bull?,川口化学工業,4361,東証ST,2026/06/08,2026/06/09,60.0,0.913,1414.0,-1.26,3400.0,40.4,-1.372,下降(-1),-2.5,0.0,0.0,0.0,Tier3,bull_div（全体）,,1424.0,0.71,4800.0,43.9,-0.688,下降(-1),-2.63,0.0,1.0,0.0,1433.0,0.63,1416.0,-0.56,1402.0,-1.54,1415.0,-0.63,1413.0,-0.77,1404.0,-1.4,1425.0,0.07,1425.0,0.07,1410.0,-0.98,1412.0,-0.84,1433.0,1433.0,-1.19,-2.16,-1.26,-1.4,-2.02,-0.56,-0.56,-1.61,-1.47,0.0,1.0,2026/06/09,2026/06/10,1433.0,0.63,1416.0,-0.56,1402.0,-1.54,1415.0,-0.63,1413.0,-0.77,1404.0,-1.4,1425.0,0.07,1425.0,0.07,1410.0,-0.98,1412.0,-0.84
Bull?,新日鐵住金,5401,東証PR,2026/06/08,2026/06/09,60.0,0.079,539.0,-1.46,36773100.0,38.7,-0.169,下降(-1),-4.86,0.0,1.0,0.0,―,―,,541.0,0.37,25736400.0,40.1,-0.15,下降(-1),-4.93,0.0,0.0,0.0,542.3,0.24,535.0,-1.11,551.6,1.96,574.2,6.14,566.0,4.62,557.5,3.05,565.4,4.51,559.8,3.48,562.3,3.94,551.0,1.85,547.2,542.3,-1.35,1.71,5.88,4.37,2.8,4.26,3.23,3.69,1.6,0.9,1.0,2026/06/08,2026/06/09,540.8,0.37,542.3,0.65,535.0,-0.71,551.6,2.38,574.2,6.57,566.0,5.05,557.5,3.47,565.4,4.94,559.8,3.9,562.3,4.36
Bull?,ミアヘルサホールディングス,7129,東証ST,2026/06/08,2026/06/09,60.0,0.884,1124.0,-0.09,1800.0,43.5,-0.424,下降(-1),-0.71,0.0,1.0,0.0,―,―,,1128.0,0.36,900.0,46.3,-0.263,下降(-1),-0.73,0.0,0.0,0.0,1138.0,0.89,1128.0,0.0,1128.0,0.0,1125.0,-0.27,1127.0,-0.09,1139.0,0.98,1130.0,0.18,1132.0,0.35,1130.0,0.18,1130.0,0.18,1130.0,1138.0,-0.88,-0.88,-1.14,-0.97,0.09,-0.7,-0.53,-0.7,-0.7,-0.7,1.0,2026/06/08,2026/06/09,1128.0,0.36,1138.0,1.25,1128.0,0.36,1128.0,0.36,1125.0,0.09,1127.0,0.27,1139.0,1.33,1130.0,0.53,1132.0,0.71,1130.0,0.53
Bull?,トヨタ自動車,7203,東証PR,2026/06/08,2026/06/09,60.0,0.186,2822.0,-0.98,30734900.0,35.2,-5.76,下降(-1),-5.1,0.0,1.0,0.0,―,―,,2830.0,0.28,22825800.0,36.1,-5.424,下降(-1),-5.12,0.0,0.0,0.0,2814.0,-0.57,2747.5,-2.92,2775.5,-1.93,2902.5,2.56,2847.5,0.62,2810.0,-0.71,2793.5,-1.29,2776.5,-1.89,2741.5,-3.13,2706.0,-4.38,2686.0,2814.0,-2.36,-1.37,3.14,1.19,-0.14,-0.73,-1.33,-2.58,-3.84,-4.55,1.0,2026/06/11,2026/06/12,2775.5,1.02,2902.5,5.64,2847.5,3.64,2810.0,2.27,2793.5,1.67,2776.5,1.06,2741.5,-0.22,2706.0,-1.51,2686.0,-2.24,2700.5,-1.71
Bull?,ムロコーポレーション,7264,東証ST,2026/06/08,2026/06/09,60.0,0.964,1250.0,-1.73,4100.0,37.0,-3.626,下降(-1),-2.38,0.0,1.0,0.0,―,―,,1265.0,1.2,800.0,42.3,-3.507,下降(-1),-2.42,0.0,0.0,0.0,1251.0,-1.11,1255.0,-0.79,1254.0,-0.87,1243.0,-1.74,1262.0,-0.24,1280.0,1.19,1272.0,0.55,1274.0,0.71,1290.0,1.98,1280.0,1.19,1273.0,1251.0,0.32,0.24,-0.64,0.88,2.32,1.68,1.84,3.12,2.32,1.76,,,,,,,,,,,,,,,,,,,,,,,
Bull?,創健社,7413,東証ST,2026/06/08,2026/06/09,60.0,0.155,2449.0,-1.84,800.0,39.9,-5.177,下降(-1),-1.53,0.0,0.0,0.0,―,―,,2550.0,4.12,300.0,49.4,-1.24,下降(-1),-1.61,0.0,0.0,0.0,,,2500.0,-1.96,2500.0,-1.96,,,2500.0,-1.96,,,2550.0,0.0,,,2550.0,0.0,2550.0,0.0,,,,,,,,,,,,,,,,,,,,,,,,,,,,,,,,,,,
Bull?,パーカーコーポレーション,9845,東証ST,2026/06/08,2026/06/09,60.0,0.157,1285.0,-2.65,13600.0,36.2,-3.979,下降(-1),-3.06,0.0,0.0,0.0,―,―,,1293.0,0.62,5500.0,37.9,-3.553,下降(-1),-3.18,0.0,0.0,0.0,1288.0,-0.39,1250.0,-3.33,1297.0,0.31,1324.0,2.4,1329.0,2.78,1346.0,4.1,1370.0,5.96,1383.0,6.96,1375.0,6.34,1357.0,4.95,1370.0,1288.0,-2.95,0.7,2.8,3.18,4.5,6.37,7.38,6.75,5.36,6.37,,,,,,,,,,,,,,,,,,,,,,,
Bull?,デリカフーズ,3392,東証ST,2026/06/08,2026/06/09,55.0,0.32,796.0,-1.49,17300.0,33.7,-2.604,下降(-1),-2.29,0.0,0.0,0.0,―,―,,797.0,0.13,23900.0,34.2,-2.345,下降(-1),-2.37,0.0,0.0,0.0,805.0,1.0,787.0,-1.25,797.0,0.0,810.0,1.63,806.0,1.13,815.0,2.26,811.0,1.76,826.0,3.64,837.0,5.02,813.0,2.01,823.0,805.0,-2.24,-0.99,0.62,0.12,1.24,0.75,2.61,3.98,0.99,2.24,1.0,2026/06/11,2026/06/12,797.0,1.27,810.0,2.92,806.0,2.41,815.0,3.56,811.0,3.05,826.0,4.96,837.0,6.35,813.0,3.3,823.0,4.57,824.0,4.7
Bull?,伊勢化学工業,4107,東証ST,2026/06/08,2026/06/09,55.0,0.147,3965.0,-3.41,271800.0,34.6,-8.917,下降(-1),-9.35,0.0,0.0,0.0,―,―,,4010.0,1.13,257600.0,36.2,-6.637,下降(-1),-9.89,0.0,0.0,0.0,3910.0,-2.49,3680.0,-8.23,3825.0,-4.61,3815.0,-4.86,3690.0,-7.98,3815.0,-4.86,3755.0,-6.36,3910.0,-2.49,3955.0,-1.37,3720.0,-7.23,3660.0,3910.0,-5.88,-2.17,-2.43,-5.63,-2.43,-3.96,0.0,1.15,-4.86,-6.39,,,,,,,,,,,,,,,,,,,,,,,
Bull?,Ｌｉｎｋ‐Ｕ,4446,東証PR,2026/06/08,2026/06/09,55.0,0.109,560.0,-5.08,61900.0,34.1,-2.316,下降(-1),-14.79,0.0,0.0,0.0,―,―,,566.0,1.07,65000.0,35.5,-1.772,下降(-1),-14.87,0.0,0.0,0.0,595.0,5.12,695.0,22.79,630.0,11.31,730.0,28.98,785.0,38.69,707.0,24.91,791.0,39.75,736.0,30.04,719.0,27.03,670.0,18.37,658.0,595.0,16.81,5.88,22.69,31.93,18.82,32.94,23.7,20.84,12.61,10.59,,,,,,,,,,,,,,,,,,,,,,,
Bull?,ダイサン,4750,東証ST,2026/06/08,2026/06/09,55.0,0.52,542.0,0.18,4800.0,34.0,-1.691,下降(-1),-1.85,0.0,0.0,0.0,―,―,,546.0,0.74,2300.0,38.3,-1.506,下降(-1),-1.88,0.0,0.0,0.0,548.0,0.37,546.0,0.0,546.0,0.0,544.0,-0.37,544.0,-0.37,546.0,0.0,541.0,-0.92,540.0,-1.1,535.0,-2.01,529.0,-3.11,531.0,548.0,-0.36,-0.36,-0.73,-0.73,-0.36,-1.28,-1.46,-2.37,-3.47,-3.1,1.0,2026/06/23,2026/06/24,531.0,0.38,535.0,1.13,539.0,1.89,,,,,,,,,,,,,,
Bull?,カナレ電気,5819,東証ST,2026/06/08,2026/06/09,55.0,0.318,1707.0,-3.12,6700.0,34.0,-2.421,下降(-1),-1.41,0.0,1.0,0.0,―,―,,1737.0,1.76,6700.0,40.9,-1.49,下降(-1),-1.5,0.0,0.0,0.0,1741.0,0.23,1734.0,-0.17,1741.0,0.23,1769.0,1.84,1760.0,1.32,1752.0,0.86,1776.0,2.25,1800.0,3.63,1804.0,3.86,1795.0,3.34,1801.0,1741.0,-0.4,0.0,1.61,1.09,0.63,2.01,3.39,3.62,3.1,3.45,1.0,2026/06/08,2026/06/09,1737.0,1.76,1741.0,1.99,1734.0,1.58,1741.0,1.99,1769.0,3.63,1760.0,3.1,1752.0,2.64,1776.0,4.04,1800.0,5.45,1804.0,5.68
Bull?,アンビスホールディングス,7071,東証PR,2026/06/08,2026/06/09,55.0,0.928,334.0,-2.05,528600.0,34.1,-1.736,下降(-1),-7.02,0.0,1.0,0.0,―,―,,343.0,2.69,448200.0,38.8,-1.233,下降(-1),-7.12,0.0,0.0,0.0,349.0,1.75,344.0,0.29,351.0,2.33,335.0,-2.33,330.0,-3.79,333.0,-2.92,328.0,-4.37,323.0,-5.83,329.0,-4.08,327.0,-4.66,327.0,349.0,-1.43,0.57,-4.01,-5.44,-4.58,-6.02,-7.45,-5.73,-6.3,-6.3,1.0,2026/06/08,2026/06/09,343.0,2.69,349.0,4.49,344.0,2.99,351.0,5.09,335.0,0.3,330.0,-1.2,333.0,-0.3,328.0,-1.8,323.0,-3.29,329.0,-1.5
Bull?,日本精密,7771,東証ST,2026/06/08,2026/06/09,55.0,0.13,310.0,-4.62,210800.0,34.0,-4.036,下降(-1),-4.96,0.0,1.0,0.0,―,―,,306.0,-1.29,157100.0,33.2,-3.996,下降(-1),-6.23,0.0,0.0,0.0,300.0,-1.96,285.0,-6.86,330.0,7.84,316.0,3.27,320.0,4.58,322.0,5.23,318.0,3.92,314.0,2.61,340.0,11.11,315.0,2.94,322.0,300.0,-5.0,10.0,5.33,6.67,7.33,6.0,4.67,13.33,5.0,7.33,1.0,2026/06/11,2026/06/12,330.0,15.79,316.0,10.88,320.0,12.28,322.0,12.98,318.0,11.58,314.0,10.18,340.0,19.3,315.0,10.53,322.0,12.98,318.0,11.58
Bull?,穴吹興産,8928,東証ST,2026/06/08,2026/06/09,55.0,0.344,2351.0,-1.63,23300.0,34.4,-11.089,上昇(+1),1.48,0.0,1.0,0.0,―,―,,2358.0,0.3,15200.0,35.5,-10.871,上昇(+1),1.27,0.0,0.0,0.0,2368.0,0.42,2351.0,-0.3,2380.0,0.93,2377.0,0.81,2350.0,-0.34,2360.0,0.08,2351.0,-0.3,2353.0,-0.21,2353.0,-0.21,2345.0,-0.55,2341.0,2368.0,-0.72,0.51,0.38,-0.76,-0.34,-0.72,-0.63,-0.63,-0.97,-1.14,1.0,2026/06/11,2026/06/12,2380.0,1.23,2377.0,1.11,2350.0,-0.04,2360.0,0.38,2351.0,0.0,2353.0,0.09,2353.0,0.09,2345.0,-0.26,2341.0,-0.43,2340.0,-0.47
Bull?,ラックランド,9612,東証PR,2026/06/08,2026/06/09,55.0,0.309,1220.0,-1.85,40500.0,31.7,-3.005,下降(-1),-8.63,0.0,1.0,0.0,―,―,,1230.0,0.82,26400.0,33.7,-2.055,下降(-1),-8.55,0.0,0.0,0.0,1223.0,-0.57,1196.0,-2.76,1157.0,-5.93,1240.0,0.81,1245.0,1.22,1254.0,1.95,1272.0,3.41,1248.0,1.46,1231.0,0.08,1203.0,-2.2,1199.0,1223.0,-2.21,-5.4,1.39,1.8,2.53,4.01,2.04,0.65,-1.64,-1.96,1.0,2026/06/12,2026/06/15,1240.0,7.17,1245.0,7.61,1254.0,8.38,1272.0,9.94,1248.0,7.87,1231.0,6.4,1203.0,3.98,1199.0,3.63,1185.0,2.42,1198.0,3.54
Bull?,丸紅建材リース,9763,東証ST,2026/06/08,2026/06/09,55.0,0.119,1186.0,-2.55,28100.0,32.8,-0.967,下降(-1),-5.39,0.0,0.0,0.0,―,―,,1191.0,0.42,15100.0,34.2,-0.6,下降(-1),-5.56,0.0,0.0,0.0,1188.0,-0.25,1160.0,-2.6,1174.0,-1.43,1188.0,-0.25,1196.0,0.42,1197.0,0.5,1198.0,0.59,1194.0,0.25,1187.0,-0.34,1171.0,-1.68,1186.0,1188.0,-2.36,-1.18,0.0,0.67,0.76,0.84,0.51,-0.08,-1.43,-0.17,1.0,2026/06/11,2026/06/12,1174.0,1.21,1188.0,2.41,1196.0,3.1,1197.0,3.19,1198.0,3.28,1194.0,2.93,1187.0,2.33,1171.0,0.95,1186.0,2.24,1178.0,1.55
Bull?,グローリー,6457,東証PR,2026/06/08,2026/06/09,53.0,0.649,3891.0,-2.24,197900.0,37.5,-19.277,揉み合い(0),-0.09,0.0,1.0,0.0,―,―,,3955.0,1.64,282400.0,42.7,-17.166,揉み合い(0),-0.04,0.0,0.0,0.0,3951.0,-0.1,3939.0,-0.4,3924.0,-0.78,3998.0,1.09,3970.0,0.38,4013.0,1.47,3976.0,0.53,4003.0,1.21,3956.0,0.03,3879.0,-1.92,3847.0,3951.0,-0.3,-0.68,1.19,0.48,1.57,0.63,1.32,0.13,-1.82,-2.63,1.0,2026/06/11,2026/06/12,3924.0,-0.38,3998.0,1.5,3970.0,0.79,4013.0,1.88,3976.0,0.94,4003.0,1.62,3956.0,0.43,3879.0,-1.52,3847.0,-2.34,3872.0,-1.7
Bull?,北恵,9872,東証ST,2026/06/08,2026/06/09,53.0,0.599,874.0,-0.91,4000.0,41.7,-0.388,揉み合い(0),-0.16,0.0,1.0,0.0,―,―,,885.0,1.26,900.0,50.7,-0.045,揉み合い(0),-0.15,0.0,0.0,0.0,880.0,-0.56,880.0,-0.56,880.0,-0.56,880.0,-0.56,880.0,-0.56,880.0,-0.56,881.0,-0.45,875.0,-1.13,877.0,-0.9,873.0,-1.36,875.0,880.0,0.0,0.0,0.0,0.0,0.0,0.11,-0.57,-0.34,-0.8,-0.57,1.0,2026/06/08,2026/06/09,885.0,1.26,880.0,0.69,880.0,0.69,880.0,0.69,880.0,0.69,880.0,0.69,880.0,0.69,881.0,0.8,875.0,0.11,877.0,0.34
Bear?,キューブシステム,2335,東証PR,2026/06/08,2026/06/09,50.0,0.439,1022.0,-0.39,73500.0,50.7,1.025,下降(-1),-1.78,0.0,0.0,1.0,―,―,,1015.0,-0.68,15700.0,47.8,0.914,下降(-1),-1.73,0.0,0.0,0.0,1019.0,0.39,1016.0,0.1,1010.0,-0.49,1020.0,0.49,1023.0,0.79,1027.0,1.18,1041.0,2.56,1015.0,0.0,1020.0,0.49,1015.0,0.0,1031.0,1019.0,-0.29,-0.88,0.1,0.39,0.79,2.16,-0.39,0.1,-0.39,1.18,,,,,,,,,,,,,,,,,,,,,,,
Bear?,セントラル総合開発,3238,東証ST,2026/06/08,2026/06/09,50.0,0.205,374.0,-2.35,51100.0,54.1,0.73,下降(-1),-3.33,0.0,0.0,0.0,―,―,,371.0,-0.8,26600.0,51.7,0.619,下降(-1),-3.34,0.0,0.0,0.0,366.0,-1.35,366.0,-1.35,369.0,-0.54,366.0,-1.35,368.0,-0.81,369.0,-0.54,367.0,-1.08,367.0,-1.08,364.0,-1.89,358.0,-3.5,365.0,366.0,0.0,0.82,0.0,0.55,0.82,0.27,0.27,-0.55,-2.19,-0.27,,,,,,,,,,,,,,,,,,,,,,,
Bull?,ハウスフリーダム,8996,東証ST,2026/06/08,2026/06/09,50.0,0.496,956.0,-0.73,1400.0,28.3,-4.262,上昇(+1),0.7,0.0,1.0,0.0,―,―,,967.0,1.15,1500.0,35.9,-3.394,揉み合い(0),0.42,0.0,0.0,0.0,962.0,-0.52,962.0,-0.52,958.0,-0.93,955.0,-1.24,960.0,-0.72,969.0,0.21,979.0,1.24,975.0,0.83,985.0,1.86,975.0,0.83,992.0,962.0,0.0,-0.42,-0.73,-0.21,0.73,1.77,1.35,2.39,1.35,3.12,1.0,2026/06/15,2026/06/16,960.0,0.52,969.0,1.47,979.0,2.51,975.0,2.09,985.0,3.14,975.0,2.09,992.0,3.87,993.0,3.98,971.0,1.68,,
Bull?,北海道コカ・コーラボトリング,2573,東証ST,2026/06/08,2026/06/09,45.0,0.353,4175.0,-0.12,10200.0,41.3,-8.265,上昇(+1),1.61,0.0,0.0,0.0,―,―,,4195.0,0.48,4900.0,45.5,-6.744,上昇(+1),1.6,0.0,0.0,0.0,4215.0,0.48,4210.0,0.36,4195.0,0.0,4190.0,-0.12,4190.0,-0.12,4180.0,-0.36,4165.0,-0.72,4125.0,-1.67,4100.0,-2.26,4030.0,-3.93,4020.0,4215.0,-0.12,-0.47,-0.59,-0.59,-0.83,-1.19,-2.14,-2.73,-4.39,-4.63,1.0,2026/06/26,,,,,,,,,,,,,,,,,,,,,
Bull?,フェイスネットワーク,3489,東証ST,2026/06/08,2026/06/09,45.0,0.265,685.0,-1.44,81000.0,35.4,-0.884,下降(-1),-3.93,0.0,0.0,0.0,―,―,,692.0,1.02,71000.0,38.5,-0.313,下降(-1),-4.07,0.0,0.0,0.0,697.0,0.72,693.0,0.14,697.0,0.72,705.0,1.88,698.0,0.87,714.0,3.18,729.0,5.35,731.0,5.64,741.0,7.08,734.0,6.07,727.0,697.0,-0.57,0.0,1.15,0.14,2.44,4.59,4.88,6.31,5.31,4.3,,,,,,,,,,,,,,,,,,,,,,,
Bull?,東京鐵鋼,5445,東証PR,2026/06/08,2026/06/09,45.0,0.213,1763.0,-1.45,182100.0,38.7,-3.15,下降(-1),-4.03,0.0,1.0,0.0,―,―,,1771.0,0.45,130000.0,40.1,-2.71,下降(-1),-4.07,0.0,0.0,0.0,1798.0,1.52,1794.0,1.3,1840.0,3.9,1850.0,4.46,1823.0,2.94,1823.0,2.94,1813.0,2.37,1841.0,3.95,1829.0,3.27,1801.0,1.69,1806.0,1798.0,-0.22,2.34,2.89,1.39,1.39,0.83,2.39,1.72,0.17,0.44,1.0,2026/06/08,2026/06/09,1771.0,0.45,1798.0,1.99,1794.0,1.76,1840.0,4.37,1850.0,4.93,1823.0,3.4,1823.0,3.4,1813.0,2.84,1841.0,4.42,1829.0,3.74
Bull?,冨士ダイス,6167,東証PR,2026/06/08,2026/06/09,45.0,0.007,963.0,-2.13,75600.0,39.2,-0.164,下降(-1),-3.62,0.0,1.0,0.0,―,―,,972.0,0.93,47100.0,41.8,-0.1,下降(-1),-3.88,0.0,0.0,0.0,957.0,-1.54,933.0,-4.01,952.0,-2.06,970.0,-0.21,970.0,-0.21,992.0,2.06,987.0,1.54,995.0,2.37,1018.0,4.73,988.0,1.65,984.0,957.0,-2.51,-0.52,1.36,1.36,3.66,3.13,3.97,6.37,3.24,2.82,1.0,2026/06/11,2026/06/12,952.0,2.04,970.0,3.97,970.0,3.97,992.0,6.32,987.0,5.79,995.0,6.65,1018.0,9.11,988.0,5.89,984.0,5.47,979.0,4.93
Bull?,東亜バルブエンジニアリング,6466,東証ST,2026/06/08,2026/06/09,45.0,0.367,3710.0,-7.02,24100.0,38.2,-42.775,上昇(+1),6.88,0.0,1.0,0.0,―,―,,3710.0,0.0,9200.0,38.2,-40.58,上昇(+1),6.35,0.0,0.0,0.0,3615.0,-2.56,3565.0,-3.91,3695.0,-0.4,3995.0,7.68,4045.0,9.03,4430.0,19.41,4415.0,19.0,4490.0,21.02,4630.0,24.8,4350.0,17.25,4395.0,3615.0,-1.38,2.21,10.51,11.89,22.54,22.13,24.2,28.08,20.33,21.58,1.0,2026/06/11,2026/06/12,3695.0,3.65,3995.0,12.06,4045.0,13.46,4430.0,24.26,4415.0,23.84,4490.0,25.95,4630.0,29.87,4350.0,22.02,4395.0,23.28,4440.0,24.54
Bull?,ＯＳＧコーポレーション,6757,東証ST,2026/06/08,2026/06/09,45.0,0.127,819.0,-1.33,2800.0,41.7,-0.698,下降(-1),-2.23,0.0,0.0,0.0,―,―,,827.0,0.98,1500.0,48.9,-0.486,下降(-1),-1.99,0.0,0.0,0.0,825.0,-0.24,820.0,-0.85,819.0,-0.97,819.0,-0.97,822.0,-0.6,818.0,-1.09,815.0,-1.45,832.0,0.6,825.0,-0.24,821.0,-0.73,814.0,825.0,-0.61,-0.73,-0.73,-0.36,-0.85,-1.21,0.85,0.0,-0.48,-1.33,,,,,,,,,,,,,,,,,,,,,,,
Bull?,エスケイジャパン,7608,東証ST,2026/06/08,2026/06/09,45.0,0.508,711.0,-3.66,66300.0,37.8,-2.235,下降(-1),-0.58,0.0,0.0,0.0,―,―,,719.0,1.13,80700.0,40.1,-1.7,下降(-1),-0.84,0.0,0.0,0.0,721.0,0.28,721.0,0.28,724.0,0.7,735.0,2.23,730.0,1.53,750.0,4.31,761.0,5.84,735.0,2.23,746.0,3.76,726.0,0.97,733.0,721.0,0.0,0.42,1.94,1.25,4.02,5.55,1.94,3.47,0.69,1.66,,,,,,,,,,,,,,,,,,,,,,,
Bull?,オーウエル,7670,東証ST,2026/06/08,2026/06/09,45.0,0.199,996.0,-0.9,3300.0,35.3,-4.191,下降(-1),-2.73,0.0,0.0,0.0,Tier3,bull_div（全体）,,998.0,0.2,2900.0,36.3,-4.108,下降(-1),-2.97,0.0,1.0,0.0,999.0,0.1,996.0,-0.2,987.0,-1.1,1022.0,2.4,1001.0,0.3,1008.0,1.0,1008.0,1.0,1000.0,0.2,1008.0,1.0,999.0,0.1,1000.0,999.0,-0.3,-1.2,2.3,0.2,0.9,0.9,0.1,0.9,0.0,0.1,1.0,2026/06/10,2026/06/11,996.0,-0.3,987.0,-1.2,1022.0,2.3,1001.0,0.2,1008.0,0.9,1008.0,0.9,1000.0,0.1,1008.0,0.9,999.0,0.0,1000.0,0.1
Bull?,岡本硝子,7746,東証ST,2026/06/08,2026/06/09,45.0,0.587,726.0,-6.68,550500.0,36.6,-10.018,下降(-1),-9.1,0.0,1.0,0.0,―,―,,737.0,1.52,318000.0,38.1,-9.674,下降(-1),-9.58,0.0,0.0,0.0,682.0,-7.46,700.0,-5.02,722.0,-2.04,747.0,1.36,897.0,21.71,828.0,12.35,830.0,12.62,796.0,8.01,802.0,8.82,768.0,4.21,760.0,682.0,2.64,5.87,9.53,31.52,21.41,21.7,16.72,17.6,12.61,11.44,1.0,2026/06/11,2026/06/12,722.0,3.14,747.0,6.71,897.0,28.14,828.0,18.29,830.0,18.57,796.0,13.71,802.0,14.57,768.0,9.71,760.0,8.57,764.0,9.14
Bull?,ユアサ商事,8074,東証PR,2026/06/08,2026/06/09,45.0,0.33,5330.0,-1.66,29200.0,38.3,-17.544,下降(-1),-1.14,0.0,0.0,0.0,―,―,,5330.0,0.0,46100.0,38.3,-16.826,下降(-1),-1.25,0.0,0.0,0.0,5310.0,-0.38,5270.0,-1.13,5320.0,-0.19,5370.0,0.75,5290.0,-0.75,5310.0,-0.38,5250.0,-1.5,5270.0,-1.13,5210.0,-2.25,5180.0,-2.81,5140.0,5310.0,-0.75,0.19,1.13,-0.38,0.0,-1.13,-0.75,-1.88,-2.45,-3.2,1.0,2026/06/11,2026/06/12,5320.0,0.95,5370.0,1.9,5290.0,0.38,5310.0,0.76,5250.0,-0.38,5270.0,0.0,5210.0,-1.14,5180.0,-1.71,5140.0,-2.47,5130.0,-2.66
Bull?,トーセイ,8923,東証PR,2026/06/08,2026/06/09,45.0,0.43,1526.0,-1.86,240400.0,38.3,-5.502,下降(-1),-0.69,0.0,0.0,0.0,―,―,,1538.0,0.79,205600.0,40.7,-4.956,下降(-1),-0.71,0.0,0.0,0.0,1571.0,2.15,1557.0,1.24,1566.0,1.82,1591.0,3.45,1583.0,2.93,1550.0,0.78,1625.0,5.66,1678.0,9.1,1691.0,9.95,1703.0,10.73,1645.0,1571.0,-0.89,-0.32,1.27,0.76,-1.34,3.44,6.81,7.64,8.4,4.71,,,,,,,,,,,,,,,,,,,,,,,
Bull?,丸全昭和運輸,9068,東証PR,2026/06/08,2026/06/09,45.0,0.473,7470.0,-1.19,21700.0,36.1,-22.036,下降(-1),-2.42,0.0,0.0,0.0,―,―,,7510.0,0.54,46600.0,38.3,-17.276,下降(-1),-2.57,0.0,0.0,0.0,7570.0,0.8,7380.0,-1.73,7350.0,-2.13,7560.0,0.67,7490.0,-0.27,7420.0,-1.2,7410.0,-1.33,7520.0,0.13,7380.0,-1.73,7390.0,-1.6,7270.0,7570.0,-2.51,-2.91,-0.13,-1.06,-1.98,-2.11,-0.66,-2.51,-2.38,-3.96,1.0,2026/06/12,2026/06/15,7560.0,2.86,7490.0,1.9,7420.0,0.95,7410.0,0.82,7520.0,2.31,7380.0,0.41,7390.0,0.54,7270.0,-1.09,7230.0,-1.63,7330.0,-0.27
Bear?,システム・テクノロジー・アイ,2345,東証ST,2026/06/08,2026/06/09,40.0,0.681,245.0,11.87,6539300.0,58.0,0.77,下降(-1),-0.77,0.0,0.0,1.0,―,―,,215.0,-12.24,1745500.0,44.7,0.237,下降(-1),-0.69,0.0,0.0,0.0,208.0,-3.26,197.0,-8.37,194.0,-9.77,195.0,-9.3,202.0,-6.05,176.0,-18.14,143.0,-33.49,122.0,-43.26,126.0,-41.4,115.0,-46.51,118.0,208.0,-5.29,-6.73,-6.25,-2.88,-15.38,-31.25,-41.35,-39.42,-44.71,-43.27,1.0,2026/06/08,2026/06/09,215.0,-12.24,208.0,-15.1,197.0,-19.59,194.0,-20.82,195.0,-20.41,202.0,-17.55,176.0,-28.16,143.0,-41.63,122.0,-50.2,126.0,-48.57
Bear?,ブリヂストン,5108,東証PR,2026/06/08,2026/06/09,40.0,0.516,3430.0,1.48,4140700.0,55.5,7.139,下降(-1),-1.62,0.0,0.0,0.0,―,―,,3436.0,0.17,4125600.0,56.1,7.098,下降(-1),-1.57,0.0,0.0,0.0,3417.0,-0.55,3360.0,-2.21,3396.0,-1.16,3513.0,2.24,3478.0,1.22,3504.0,1.98,3465.0,0.84,3426.0,-0.29,3435.0,-0.03,3394.0,-1.22,3364.0,3417.0,-1.67,-0.61,2.81,1.79,2.55,1.4,0.26,0.53,-0.67,-1.55,,,,,,,,,,,,,,,,,,,,,,,
Bull?,エリッツホールディングス,5533,東証ST,2026/06/08,2026/06/09,38.0,0.428,1845.0,-1.02,400.0,35.4,-5.512,揉み合い(0),0.22,0.0,0.0,0.0,―,―,,1870.0,1.36,600.0,41.6,-4.69,揉み合い(0),0.11,0.0,0.0,0.0,,,,,1901.0,1.66,1910.0,2.14,1911.0,2.19,1892.0,1.18,,,1888.0,0.96,1861.0,-0.48,,,,,,,,,,,,,,,,,,,,,,,,,,,,,,,,,,,,,
Bull?,丸八証券,8700,東証ST,2026/06/08,2026/06/09,38.0,0.672,1712.0,-0.52,2400.0,40.1,-3.506,揉み合い(0),-0.35,0.0,1.0,0.0,―,―,,1718.0,0.35,1600.0,42.1,-3.089,揉み合い(0),-0.43,0.0,0.0,0.0,1724.0,0.35,1741.0,1.34,1744.0,1.51,1723.0,0.29,1716.0,-0.12,1721.0,0.17,1741.0,1.34,1745.0,1.57,1740.0,1.28,1750.0,1.86,1740.0,1724.0,0.99,1.16,-0.06,-0.46,-0.17,0.99,1.22,0.93,1.51,0.93,1.0,2026/06/08,2026/06/09,1718.0,0.35,1724.0,0.7,1741.0,1.69,1744.0,1.87,1723.0,0.64,1716.0,0.23,1721.0,0.53,1741.0,1.69,1745.0,1.93,1740.0,1.64
Bull?,九電工,1959,東証PR,2026/06/08,2026/06/09,30.0,0.395,8531.0,-2.28,267500.0,36.5,-48.614,上昇(+1),1.3,0.0,0.0,0.0,―,―,,8651.0,1.41,216400.0,40.0,-41.463,上昇(+1),1.01,0.0,0.0,0.0,8738.0,1.01,8659.0,0.09,8792.0,1.63,9282.0,7.29,9199.0,6.33,9297.0,7.47,9640.0,11.43,9463.0,9.39,9549.0,10.38,9313.0,7.65,9545.0,8738.0,-0.9,0.62,6.23,5.28,6.4,10.32,8.3,9.28,6.58,9.24,,,,,,,,,,,,,,,,,,,,,,,
Bull?,太平電業,1968,東証PR,2026/06/08,2026/06/09,30.0,0.52,2561.0,-2.66,146900.0,40.2,-12.393,上昇(+1),3.46,0.0,0.0,0.0,―,―,,2641.0,3.12,191800.0,45.1,-6.429,上昇(+1),3.18,0.0,0.0,0.0,2602.0,-1.48,2588.0,-2.01,2627.0,-0.53,2699.0,2.2,2642.0,0.04,2661.0,0.76,2743.0,3.86,2623.0,-0.68,2677.0,1.36,2597.0,-1.67,2599.0,2602.0,-0.54,0.96,3.73,1.54,2.27,5.42,0.81,2.88,-0.19,-0.12,,,,,,,,,,,,,,,,,,,,,,,
Bull?,Ａｒｅｎｔ,5254,東証GR,2026/06/08,2026/06/09,30.0,0.532,3280.0,-4.79,25100.0,35.1,-52.011,上昇(+1),0.58,0.0,0.0,0.0,―,―,,3300.0,0.61,18100.0,35.8,-50.532,揉み合い(0),0.26,0.0,0.0,0.0,3300.0,0.0,3295.0,-0.15,3330.0,0.91,3385.0,2.58,3440.0,4.24,3485.0,5.61,3480.0,5.45,3375.0,2.27,3390.0,2.73,3435.0,4.09,3595.0,3300.0,-0.15,0.91,2.58,4.24,5.61,5.45,2.27,2.73,4.09,8.94,,,,,,,,,,,,,,,,,,,,,,,
Bull?,川崎重工業,7012,東証PR,2026/06/08,2026/06/09,30.0,0.554,2754.0,-4.71,11540700.0,39.2,-27.299,上昇(+1),1.17,0.0,1.0,0.0,―,―,,2795.0,1.49,10730100.0,41.1,-26.078,上昇(+1),0.6,0.0,0.0,0.0,2859.5,2.31,2749.5,-1.63,2834.0,1.4,2905.5,3.95,3031.0,8.44,3266.0,16.85,3160.0,13.06,3191.0,14.17,3243.0,16.03,3081.0,10.23,3060.0,2859.5,-3.85,-0.89,1.61,6.0,14.22,10.51,11.59,13.41,7.75,7.01,1.0,2026/06/11,2026/06/12,2834.0,3.07,2905.5,5.67,3031.0,10.24,3266.0,18.79,3160.0,14.93,3191.0,16.06,3243.0,17.95,3081.0,12.06,3060.0,11.29,2941.5,6.98
Bull?,エム・エイチ・グループ,9439,東証ST,2026/06/08,2026/06/09,30.0,0.91,241.0,0.0,5900.0,42.7,-0.999,上昇(+1),2.11,0.0,0.0,0.0,―,―,,243.0,0.83,4100.0,45.6,-0.857,上昇(+1),2.06,0.0,0.0,0.0,242.0,-0.41,244.0,0.41,241.0,-0.82,242.0,-0.41,244.0,0.41,246.0,1.23,246.0,1.23,246.0,1.23,244.0,0.41,246.0,1.23,246.0,242.0,0.83,-0.41,0.0,0.83,1.65,1.65,1.65,0.83,1.65,1.65,,,,,,,,,,,,,,,,,,,,,,,
日経,日経平均株価,0001,指数,2026/06/09,2026/06/10,,,65416.63,2.17,,67.9,-178.01,1.0,1.07,,,,,,,64179.27,-1.89,,58.3,-321.853,1.0,0.97,,,,64217.27,0.06,66020.04,2.87,69317.5,8.01,69404.5,8.14,69902.25,8.92,71053.49,10.71,71250.06,11.02,72353.96,12.74,69788.38,8.74,69174.97,7.78,,,,,,,,,,,,,,,,,,,,,,,,,,,,,,,,,,,
Bull?,テクノマセマティカル,3787,東証ST,2026/06/09,2026/06/10,80.0,0.304,269.0,-6.92,57000.0,29.4,-3.629,下降(-1),-12.29,0.0,0.0,0.0,―,―,,274.0,1.86,46100.0,31.0,-2.971,下降(-1),-12.88,0.0,0.0,0.0,280.0,2.19,282.0,2.92,278.0,1.46,277.0,1.09,287.0,4.74,298.0,8.76,296.0,8.03,297.0,8.39,296.0,8.03,297.0,8.39,294.0,280.0,0.71,-0.71,-1.07,2.5,6.43,5.71,6.07,5.71,6.07,5.0,,,,,,,,,,,,,,,,,,,,,,,
Bear?,ニッポン高度紙工業,3891,東証ST,2026/06/09,2026/06/10,80.0,0.817,10350.0,14.49,549200.0,81.0,191.67,上昇(+1),26.68,1.0,0.0,0.0,―,―,,9240.0,-10.72,640400.0,65.9,150.465,上昇(+1),27.19,0.0,0.0,0.0,8900.0,-3.68,8460.0,-8.44,8770.0,-5.09,8920.0,-3.46,9980.0,8.01,10640.0,15.15,10750.0,16.34,10200.0,10.39,9590.0,3.79,9560.0,3.46,10430.0,8900.0,-4.94,-1.46,0.22,12.13,19.55,20.79,14.61,7.75,7.42,17.19,,,,,,,,,,,,,,,,,,,,,,,
Bull?,デジタル・インフォメーション・テクノロジー,3916,東証PR,2026/06/09,2026/06/10,80.0,0.173,811.0,-2.64,93200.0,28.6,-1.619,下降(-1),-10.22,0.0,1.0,0.0,―,―,,820.0,1.11,92600.0,32.9,-1.44,下降(-1),-10.03,0.0,0.0,0.0,813.0,-0.85,809.0,-1.34,800.0,-2.44,797.0,-2.8,800.0,-2.44,810.0,-1.22,806.0,-1.71,810.0,-1.22,797.0,-2.8,805.0,-1.83,802.0,813.0,-0.49,-1.6,-1.97,-1.6,-0.37,-0.86,-0.37,-1.97,-0.98,-1.35,1.0,2026/06/16,2026/06/17,800.0,0.38,810.0,1.63,806.0,1.13,810.0,1.63,797.0,0.0,805.0,1.0,802.0,0.63,812.0,1.88,,,,
Bull?,小池酸素工業,6137,東証ST,2026/06/09,2026/06/10,80.0,0.396,1427.0,-2.59,53000.0,26.9,-11.686,下降(-1),-4.65,0.0,0.0,0.0,Tier2,bull_div + RSI<30,,1431.0,0.28,46000.0,27.6,-11.408,下降(-1),-4.92,0.0,1.0,0.0,1408.0,-1.61,1435.0,0.28,1483.0,3.63,1452.0,1.47,1483.0,3.63,1465.0,2.38,1472.0,2.87,1490.0,4.12,1447.0,1.12,1465.0,2.38,1470.0,1408.0,1.92,5.33,3.12,5.33,4.05,4.55,5.82,2.77,4.05,4.4,1.0,2026/06/11,2026/06/12,1435.0,1.92,1483.0,5.33,1452.0,3.12,1483.0,5.33,1465.0,4.05,1472.0,4.55,1490.0,5.82,1447.0,2.77,1465.0,4.05,1470.0,4.4
Bull?,鳥羽洋行,7472,東証ST,2026/06/09,2026/06/10,80.0,0.175,3560.0,-1.66,2000.0,29.1,-1.654,下降(-1),-2.4,0.0,1.0,0.0,―,―,,3600.0,1.12,800.0,37.2,-0.417,下降(-1),-2.45,0.0,0.0,0.0,3525.0,-2.08,3540.0,-1.67,3535.0,-1.81,3510.0,-2.5,3545.0,-1.53,3525.0,-2.08,3540.0,-1.67,3500.0,-2.78,3505.0,-2.64,3545.0,-1.53,3600.0,3525.0,0.43,0.28,-0.43,0.57,0.0,0.43,-0.71,-0.57,0.57,2.13,1.0,2026/06/18,2026/06/19,3540.0,0.43,3500.0,-0.71,3505.0,-0.57,3545.0,0.57,3600.0,2.13,3685.0,4.54,,,,,,,,
Bear?,牧野フライス製作所,6135,東証PR,2026/06/09,2026/06/10,75.0,0.308,14920.0,5.14,314900.0,68.1,75.264,上昇(+1),5.26,0.0,0.0,1.0,―,―,,14490.0,-2.88,267000.0,61.6,63.556,上昇(+1),5.25,0.0,0.0,0.0,14150.0,-2.35,13980.0,-3.52,14170.0,-2.21,14390.0,-0.69,14250.0,-1.66,14320.0,-1.17,14560.0,0.48,14550.0,0.41,14120.0,-2.55,14310.0,-1.24,15710.0,14150.0,-1.2,0.14,1.7,0.71,1.2,2.9,2.83,-0.21,1.13,11.02,1.0,2026/06/09,2026/06/10,14490.0,-2.88,14150.0,-5.16,13980.0,-6.3,14170.0,-5.03,14390.0,-3.55,14250.0,-4.49,14320.0,-4.02,14560.0,-2.41,14550.0,-2.48,14120.0,-5.36
Bull?,エイトレッド,3969,東証ST,2026/06/09,2026/06/10,70.0,0.439,1321.0,-0.9,27000.0,34.7,-2.465,下降(-1),-2.07,0.0,0.0,0.0,Tier3,bull_div（全体）,,1329.0,0.61,31700.0,38.4,-1.937,下降(-1),-2.05,0.0,1.0,0.0,1314.0,-1.13,1320.0,-0.68,1324.0,-0.38,1328.0,-0.08,1351.0,1.66,1376.0,3.54,1350.0,1.58,1349.0,1.5,1337.0,0.6,1345.0,1.2,1333.0,1314.0,0.46,0.76,1.07,2.82,4.72,2.74,2.66,1.75,2.36,1.45,1.0,2026/06/12,2026/06/15,1324.0,0.3,1328.0,0.61,1351.0,2.35,1376.0,4.24,1350.0,2.27,1349.0,2.2,1337.0,1.29,1345.0,1.89,1333.0,0.98,1342.0,1.67
Bull?,ジェイ　エフ　イー　ホールディングス,5411,東証PR,2026/06/09,2026/06/10,70.0,0.179,1572.0,-0.51,5849800.0,33.7,-1.655,下降(-1),-7.19,0.0,0.0,0.0,Tier3,bull_div（全体）,,1582.0,0.64,6356700.0,36.1,-1.161,下降(-1),-7.34,0.0,1.0,0.0,1573.0,-0.57,1613.0,1.96,1647.5,4.14,1647.0,4.11,1637.0,3.48,1644.5,3.95,1614.0,2.02,1607.0,1.58,1561.5,-1.3,1559.0,-1.45,1546.0,1573.0,2.54,4.74,4.7,4.07,4.55,2.61,2.16,-0.73,-0.89,-1.72,1.0,2026/06/11,2026/06/12,1613.0,2.54,1647.5,4.74,1647.0,4.7,1637.0,4.07,1644.5,4.55,1614.0,2.61,1607.0,2.16,1561.5,-0.73,1559.0,-0.89,1546.0,-1.72
Bull?,サトー商会,9996,東証ST,2026/06/09,2026/06/10,70.0,0.417,1998.0,-0.1,3100.0,32.4,-7.361,下降(-1),-2.36,0.0,1.0,0.0,―,―,,1995.0,-0.15,200.0,32.1,-6.886,下降(-1),-2.51,0.0,0.0,0.0,1945.0,-2.51,1975.0,-1.0,1978.0,-0.85,1970.0,-1.25,1964.0,-1.55,1950.0,-2.26,1979.0,-0.8,1980.0,-0.75,1973.0,-1.1,1944.0,-2.56,1955.0,1945.0,1.54,1.7,1.29,0.98,0.26,1.75,1.8,1.44,-0.05,0.51,1.0,2026/06/18,2026/06/19,1979.0,1.49,1980.0,1.54,1973.0,1.18,1944.0,-0.31,1955.0,0.26,1936.0,-0.72,,,,,,,,
Bull?,ウェッジホールディングス,2388,東証GR,2026/06/09,2026/06/10,65.0,0.058,38.0,0.0,100800.0,22.2,-0.078,下降(-1),-8.71,0.0,1.0,0.0,―,―,,38.0,0.0,50500.0,22.2,-0.068,下降(-1),-8.88,0.0,0.0,0.0,38.0,0.0,38.0,0.0,38.0,0.0,39.0,2.63,40.0,5.26,37.0,-2.63,37.0,-2.63,36.0,-5.26,35.0,-7.89,34.0,-10.53,34.0,38.0,0.0,0.0,2.63,5.26,-2.63,-2.63,-5.26,-7.89,-10.53,-10.53,1.0,2026/06/09,2026/06/10,38.0,0.0,38.0,0.0,38.0,0.0,38.0,0.0,39.0,2.63,40.0,5.26,37.0,-2.63,37.0,-2.63,36.0,-5.26,35.0,-7.89
Bull?,サンマルクホールディングス,3395,東証PR,2026/06/09,2026/06/10,65.0,0.251,2390.0,-1.97,111100.0,28.2,-4.812,下降(-1),-3.17,0.0,0.0,0.0,Tier3,bull_div（全体）,,2438.0,2.01,130200.0,36.1,-1.104,下降(-1),-3.34,0.0,1.0,0.0,2439.0,0.04,2432.0,-0.25,2440.0,0.08,2414.0,-0.98,2407.0,-1.27,2423.0,-0.62,2450.0,0.49,2454.0,0.66,2442.0,0.16,2453.0,0.62,2464.0,2439.0,-0.29,0.04,-1.03,-1.31,-0.66,0.45,0.62,0.12,0.57,1.03,1.0,2026/06/10,2026/06/11,2439.0,0.04,2432.0,-0.25,2440.0,0.08,2414.0,-0.98,2407.0,-1.27,2423.0,-0.62,2450.0,0.49,2454.0,0.66,2442.0,0.16,2453.0,0.62
Bull?,アクロディア,3823,東証ST,2026/06/09,2026/06/10,65.0,0.347,31.0,-3.12,187300.0,27.8,-0.245,下降(-1),-10.67,0.0,0.0,0.0,―,―,,32.0,3.23,1016200.0,32.4,-0.175,下降(-1),-11.38,0.0,0.0,0.0,32.0,0.0,32.0,0.0,33.0,3.12,32.0,0.0,31.0,-3.12,32.0,0.0,31.0,-3.12,31.0,-3.12,31.0,-3.12,30.0,-6.25,30.0,32.0,0.0,3.12,0.0,-3.12,0.0,-3.12,-3.12,-3.12,-6.25,-6.25,1.0,2026/06/11,2026/06/12,32.0,0.0,33.0,3.12,32.0,0.0,31.0,-3.12,32.0,0.0,31.0,-3.12,31.0,-3.12,31.0,-3.12,30.0,-6.25,30.0,-6.25
Bull?,アンジェス　ＭＧ,4563,東証GR,2026/06/09,2026/06/10,65.0,0.165,46.0,0.0,780600.0,25.1,-0.103,下降(-1),-4.97,0.0,0.0,0.0,Tier2,bull_div + RSI<30,,46.0,0.0,1228900.0,25.1,-0.09,下降(-1),-5.08,0.0,1.0,0.0,46.0,0.0,45.0,-2.17,45.0,-2.17,44.0,-4.35,47.0,2.17,47.0,2.17,48.0,4.35,48.0,4.35,47.0,2.17,47.0,2.17,46.0,46.0,-2.17,-2.17,-4.35,2.17,2.17,4.35,4.35,2.17,2.17,0.0,1.0,2026/06/16,2026/06/17,47.0,6.82,47.0,6.82,48.0,9.09,48.0,9.09,47.0,6.82,47.0,6.82,46.0,4.55,45.0,2.27,,,,
Bull?,Ｒｅｂａｓｅ,5138,東証GR,2026/06/09,2026/06/10,65.0,0.018,399.0,-0.75,1000.0,19.7,-0.261,下降(-1),-14.74,0.0,1.0,0.0,―,―,,400.0,0.25,400.0,20.3,-0.011,下降(-1),-14.99,0.0,0.0,0.0,391.0,-2.25,381.0,-4.75,399.0,-0.25,395.0,-1.25,394.0,-1.5,392.0,-2.0,392.0,-2.0,394.0,-1.5,385.0,-3.75,390.0,-2.5,386.0,391.0,-2.56,2.05,1.02,0.77,0.26,0.26,0.77,-1.53,-0.26,-1.28,1.0,2026/06/12,2026/06/15,399.0,4.72,395.0,3.67,394.0,3.41,392.0,2.89,392.0,2.89,394.0,3.41,385.0,1.05,390.0,2.36,386.0,1.31,370.0,-2.89
Bull?,アルゴグラフィックス,7595,東証PR,2026/06/09,2026/06/10,65.0,0.418,1228.0,-0.89,227700.0,27.5,-3.252,下降(-1),-3.98,0.0,0.0,0.0,Tier2,bull_div + RSI<30,,1226.0,-0.16,226000.0,27.2,-2.896,下降(-1),-4.11,0.0,1.0,0.0,1215.0,-0.9,1219.0,-0.57,1210.0,-1.31,1192.0,-2.77,1184.0,-3.43,1201.0,-2.04,1190.0,-2.94,1188.0,-3.1,1174.0,-4.24,1180.0,-3.75,1184.0,1215.0,0.33,-0.41,-1.89,-2.55,-1.15,-2.06,-2.22,-3.37,-2.88,-2.55,1.0,2026/06/16,2026/06/17,1184.0,-0.67,1201.0,0.76,1190.0,-0.17,1188.0,-0.34,1174.0,-1.51,1180.0,-1.01,1184.0,-0.67,1188.0,-0.34,,,,
Bull?,ビリングシステム,3623,東証GR,2026/06/09,2026/06/10,63.0,0.653,966.0,-1.43,59900.0,33.6,-2.666,揉み合い(0),0.4,0.0,1.0,0.0,―,―,,984.0,1.86,29100.0,40.1,-1.454,揉み合い(0),0.16,0.0,0.0,0.0,970.0,-1.42,1001.0,1.73,988.0,0.41,994.0,1.02,1020.0,3.66,1017.0,3.35,1002.0,1.83,1011.0,2.74,1040.0,5.69,1028.0,4.47,1043.0,970.0,3.2,1.86,2.47,5.15,4.85,3.3,4.23,7.22,5.98,7.53,1.0,2026/06/11,2026/06/12,1001.0,3.2,988.0,1.86,994.0,2.47,1020.0,5.15,1017.0,4.85,1002.0,3.3,1011.0,4.23,1040.0,7.22,1028.0,5.98,1043.0,7.53
Bull?,ナカバヤシ,7987,東証ST,2026/06/09,2026/06/10,60.0,0.645,543.0,-1.09,79200.0,38.0,-0.594,下降(-1),-1.79,0.0,0.0,0.0,―,―,,550.0,1.29,81200.0,43.3,-0.165,下降(-1),-1.89,0.0,0.0,0.0,551.0,0.18,554.0,0.73,555.0,0.91,553.0,0.55,554.0,0.73,553.0,0.55,559.0,1.64,554.0,0.73,553.0,0.55,554.0,0.73,560.0,551.0,0.54,0.73,0.36,0.54,0.36,1.45,0.54,0.36,0.54,1.63,,,,,,,,,,,,,,,,,,,,,,,
Bear?,イオレ,2334,東証GR,2026/06/09,2026/06/10,55.0,0.589,622.0,7.99,3973100.0,62.1,7.53,上昇(+1),7.43,0.0,0.0,0.0,―,―,,570.0,-8.36,5067400.0,54.4,4.224,上昇(+1),7.43,0.0,0.0,0.0,564.0,-1.05,557.0,-2.28,546.0,-4.21,570.0,0.0,572.0,0.35,672.0,17.89,619.0,8.6,679.0,19.12,620.0,8.77,624.0,9.47,606.0,564.0,-1.24,-3.19,1.06,1.42,19.15,9.75,20.39,9.93,10.64,7.45,1.0,2026/06/22,2026/06/23,620.0,-8.69,624.0,-8.1,606.0,-10.75,606.0,-10.75,,,,,,,,,,,,
Bull?,アリアケジャパン,2815,東証PR,2026/06/09,2026/06/10,55.0,0.778,5030.0,-1.37,77400.0,31.4,-24.92,下降(-1),-1.58,0.0,1.0,0.0,―,―,,5170.0,2.78,71000.0,41.2,-16.953,下降(-1),-1.77,0.0,0.0,0.0,5190.0,0.39,5110.0,-1.16,5010.0,-3.09,4985.0,-3.58,4955.0,-4.16,4970.0,-3.87,5020.0,-2.9,4970.0,-3.87,4970.0,-3.87,5000.0,-3.29,4995.0,5190.0,-1.54,-3.47,-3.95,-4.53,-4.24,-3.28,-4.24,-4.24,-3.66,-3.76,1.0,2026/06/18,2026/06/19,5020.0,1.01,4970.0,0.0,4970.0,0.0,5000.0,0.6,4995.0,0.5,5010.0,0.8,,,,,,,,
Bull?,小林製薬,4967,東証PR,2026/06/09,2026/06/10,55.0,0.844,5504.0,-2.43,325100.0,33.5,-30.038,上昇(+1),1.59,0.0,1.0,0.0,―,―,,5536.0,0.58,253300.0,36.2,-29.56,上昇(+1),1.48,0.0,0.0,0.0,5550.0,0.25,5521.0,-0.27,5468.0,-1.23,5395.0,-2.55,5375.0,-2.91,5283.0,-4.57,5300.0,-4.26,5340.0,-3.54,5370.0,-3.0,5422.0,-2.06,5544.0,5550.0,-0.52,-1.48,-2.79,-3.15,-4.81,-4.5,-3.78,-3.24,-2.31,-0.11,1.0,2026/06/19,2026/06/22,5340.0,0.75,5370.0,1.32,5422.0,2.3,5544.0,4.6,5580.0,5.28,,,,,,,,,,
Bull?,トーヨーアサノ,5271,東証ST,2026/06/09,2026/06/10,55.0,0.178,2200.0,0.0,300.0,31.6,-5.33,下降(-1),-1.89,0.0,0.0,0.0,―,―,,2200.0,0.0,600.0,31.6,-4.956,下降(-1),-1.98,0.0,0.0,0.0,2197.0,-0.14,2197.0,-0.14,2197.0,-0.14,2150.0,-2.27,2140.0,-2.73,2098.0,-4.64,2111.0,-4.05,2101.0,-4.5,2111.0,-4.05,2092.0,-4.91,2104.0,2197.0,0.0,0.0,-2.14,-2.59,-4.51,-3.91,-4.37,-3.91,-4.78,-4.23,1.0,2026/06/24,2026/06/25,2104.0,0.57,2112.0,0.96,,,,,,,,,,,,,,,,
Bull?,フリークアウト,6094,東証GR,2026/06/09,2026/06/10,55.0,0.805,555.0,0.73,97200.0,30.9,-9.195,上昇(+1),3.78,0.0,0.0,0.0,Tier1,bull_div + MA75強上昇 + RSI<50,,555.0,0.0,161600.0,30.9,-8.944,上昇(+1),3.1,0.0,1.0,0.0,520.0,-6.31,530.0,-4.5,532.0,-4.14,522.0,-5.95,525.0,-5.41,534.0,-3.78,524.0,-5.59,530.0,-4.5,528.0,-4.86,517.0,-6.85,517.0,520.0,1.92,2.31,0.38,0.96,2.69,0.77,1.92,1.54,-0.58,-0.58,1.0,2026/06/11,2026/06/12,530.0,1.92,532.0,2.31,522.0,0.38,525.0,0.96,534.0,2.69,524.0,0.77,530.0,1.92,528.0,1.54,517.0,-0.58,517.0,-0.58
Bull?,吉野家ホールディングス,9861,東証PR,2026/06/09,2026/06/10,55.0,0.355,3022.0,-2.23,463200.0,32.7,-11.691,上昇(+1),0.71,0.0,1.0,0.0,―,―,,3107.0,2.81,401000.0,44.1,-7.045,上昇(+1),0.59,0.0,0.0,0.0,3154.0,1.51,3141.0,1.09,3122.0,0.48,3120.0,0.42,3065.0,-1.35,3021.0,-2.77,3017.0,-2.9,3018.0,-2.86,3009.0,-3.15,3035.0,-2.32,3055.0,3154.0,-0.41,-1.01,-1.08,-2.82,-4.22,-4.34,-4.31,-4.6,-3.77,-3.14,1.0,2026/06/09,2026/06/10,3107.0,2.81,3154.0,4.37,3141.0,3.94,3122.0,3.31,3120.0,3.24,3065.0,1.42,3021.0,-0.03,3017.0,-0.17,3018.0,-0.13,3009.0,-0.43
Bull?,中広,2139,東証ST,2026/06/09,2026/06/10,50.0,0.266,476.0,0.21,1600.0,29.2,-1.943,上昇(+1),1.93,0.0,0.0,0.0,―,―,,478.0,0.42,1300.0,32.3,-1.769,上昇(+1),1.7,0.0,0.0,0.0,487.0,1.88,486.0,1.67,494.0,3.35,496.0,3.77,491.0,2.72,492.0,2.93,498.0,4.18,496.0,3.77,499.0,4.39,504.0,5.44,510.0,487.0,-0.21,1.44,1.85,0.82,1.03,2.26,1.85,2.46,3.49,4.72,,,,,,,,,,,,,,,,,,,,,,,
Bull?,那須電機鉄工,5922,東証ST,2026/06/09,2026/06/10,50.0,0.526,17630.0,-0.96,,27.5,-41.342,上昇(+1),0.71,0.0,1.0,0.0,―,―,,17600.0,-0.17,200.0,27.0,-41.126,揉み合い(0),0.42,0.0,0.0,0.0,17770.0,0.97,17800.0,1.14,17900.0,1.7,17600.0,0.0,17600.0,0.0,17600.0,0.0,17250.0,-1.99,17300.0,-1.7,17500.0,-0.57,,,17430.0,17770.0,0.17,0.73,-0.96,-0.96,-0.96,-2.93,-2.64,-1.52,,-1.91,1.0,2026/06/11,2026/06/12,17800.0,0.17,17900.0,0.73,17600.0,-0.96,17600.0,-0.96,17600.0,-0.96,17250.0,-2.93,17300.0,-2.64,17500.0,-1.52,,,17430.0,-1.91
Bull?,伏木海陸運送,9361,東証ST,2026/06/09,2026/06/10,48.0,0.491,1992.0,0.0,200.0,33.9,-13.958,揉み合い(0),-0.08,0.0,0.0,0.0,―,―,,1993.0,0.05,300.0,34.1,-12.982,揉み合い(0),-0.18,0.0,0.0,0.0,2000.0,0.35,2000.0,0.35,2049.0,2.81,,,2088.0,4.77,,,,,2128.0,6.77,2128.0,6.77,2080.0,4.37,2077.0,2000.0,0.0,2.45,,4.4,,,6.4,6.4,4.0,3.85,,,,,,,,,,,,,,,,,,,,,,,
Bull?,くらコーポレーション,2695,東証PR,2026/06/09,2026/06/10,45.0,0.061,1524.0,-2.25,270300.0,37.7,-1.554,下降(-1),-2.18,0.0,0.0,0.0,―,―,,1550.0,1.71,357800.0,42.1,-0.241,下降(-1),-2.24,0.0,0.0,0.0,1548.0,-0.13,1639.0,5.74,1550.0,0.0,1565.0,0.97,1583.0,2.13,1563.0,0.84,1548.0,-0.13,1582.0,2.06,1520.0,-1.94,1525.0,-1.61,1522.0,1548.0,5.88,0.13,1.1,2.26,0.97,0.0,2.2,-1.81,-1.49,-1.68,,,,,,,,,,,,,,,,,,,,,,,
Bull?,ワイエスフード,3358,東証ST,2026/06/09,2026/06/10,45.0,0.502,88.0,-2.22,152900.0,37.0,-0.117,下降(-1),-1.12,0.0,0.0,0.0,―,―,,89.0,1.14,120000.0,39.5,-0.028,下降(-1),-1.25,0.0,0.0,0.0,91.0,2.25,88.0,-1.12,89.0,0.0,91.0,2.25,91.0,2.25,91.0,2.25,90.0,1.12,89.0,0.0,85.0,-4.49,83.0,-6.74,85.0,91.0,-3.3,-2.2,0.0,0.0,0.0,-1.1,-2.2,-6.59,-8.79,-6.59,1.0,2026/06/24,2026/06/25,85.0,2.41,91.0,9.64,,,,,,,,,,,,,,,,
Bull?,中外製薬,4519,東証PR,2026/06/09,2026/06/10,45.0,0.224,7376.0,-1.19,2715900.0,38.3,-14.531,下降(-1),-2.92,0.0,1.0,0.0,―,―,,7560.0,2.49,2962000.0,43.4,-2.978,下降(-1),-3.1,0.0,0.0,0.0,7428.0,-1.75,7450.0,-1.46,7428.0,-1.75,7523.0,-0.49,7650.0,1.19,7566.0,0.08,7550.0,-0.13,7522.0,-0.5,7434.0,-1.67,7500.0,-0.79,7534.0,7428.0,0.3,0.0,1.28,2.99,1.86,1.64,1.27,0.08,0.97,1.43,1.0,2026/06/11,2026/06/12,7450.0,0.3,7428.0,0.0,7523.0,1.28,7650.0,2.99,7566.0,1.86,7550.0,1.64,7522.0,1.27,7434.0,0.08,7500.0,0.97,7534.0,1.43
Bull?,トーセ,4728,東証ST,2026/06/09,2026/06/10,45.0,0.439,632.0,0.64,3800.0,45.9,-0.314,下降(-1),-0.98,0.0,0.0,0.0,―,―,,635.0,0.47,3500.0,50.3,-0.109,下降(-1),-0.97,0.0,0.0,0.0,631.0,-0.63,633.0,-0.31,643.0,1.26,635.0,0.0,639.0,0.63,640.0,0.79,644.0,1.42,643.0,1.26,640.0,0.79,641.0,0.94,643.0,631.0,0.32,1.9,0.63,1.27,1.43,2.06,1.9,1.43,1.58,1.9,,,,,,,,,,,,,,,,,,,,,,,
Bull?,日本色材工業研究所,4920,東証ST,2026/06/09,2026/06/10,45.0,0.622,1088.0,-2.42,500.0,38.6,-5.397,下降(-1),-1.9,0.0,0.0,0.0,―,―,,1111.0,2.11,500.0,45.6,-4.857,下降(-1),-1.98,0.0,0.0,0.0,1138.0,2.43,1116.0,0.45,1097.0,-1.26,1098.0,-1.17,1146.0,3.15,1120.0,0.81,1120.0,0.81,1144.0,2.97,1120.0,0.81,1130.0,1.71,1108.0,1138.0,-1.93,-3.6,-3.51,0.7,-1.58,-1.58,0.53,-1.58,-0.7,-2.64,,,,,,,,,,,,,,,,,,,,,,,
Bull?,日本ナレッジ,5252,東証GR,2026/06/09,2026/06/10,45.0,0.015,768.0,-0.26,11000.0,42.2,-0.372,上昇(+1),4.07,0.0,1.0,0.0,―,―,,768.0,0.0,3400.0,42.2,-0.314,上昇(+1),3.81,0.0,0.0,0.0,768.0,0.0,763.0,-0.65,690.0,-10.16,718.0,-6.51,700.0,-8.85,696.0,-9.38,698.0,-9.11,710.0,-7.55,744.0,-3.12,737.0,-4.04,737.0,768.0,-0.65,-10.16,-6.51,-8.85,-9.38,-9.11,-7.55,-3.12,-4.04,-4.04,1.0,2026/06/15,2026/06/16,718.0,4.06,700.0,1.45,696.0,0.87,698.0,1.16,710.0,2.9,744.0,7.83,737.0,6.81,737.0,6.81,749.0,8.55,,
Bull?,ヤマウ,5284,東証ST,2026/06/09,2026/06/10,45.0,0.42,2149.0,-0.32,3300.0,41.0,-7.882,下降(-1),-3.25,0.0,1.0,0.0,―,―,,2150.0,0.05,2400.0,41.2,-7.395,下降(-1),-3.26,0.0,0.0,0.0,2152.0,0.09,2170.0,0.93,2187.0,1.72,2177.0,1.26,2200.0,2.33,2200.0,2.33,2212.0,2.88,2204.0,2.51,2202.0,2.42,2200.0,2.33,2209.0,2152.0,0.84,1.63,1.16,2.23,2.23,2.79,2.42,2.32,2.23,2.65,1.0,2026/06/09,2026/06/10,2150.0,0.05,2152.0,0.14,2170.0,0.98,2187.0,1.77,2177.0,1.3,2200.0,2.37,2200.0,2.37,2212.0,2.93,2204.0,2.56,2202.0,2.47
Bear?,竹内製作所,6432,東証PR,2026/06/09,2026/06/10,45.0,0.717,7580.0,2.29,273900.0,61.3,73.436,上昇(+1),1.17,0.0,0.0,0.0,―,―,,7380.0,-2.64,227100.0,56.3,59.219,上昇(+1),1.1,0.0,0.0,0.0,7290.0,-1.22,7380.0,0.0,7610.0,3.12,7400.0,0.27,7390.0,0.14,7470.0,1.22,7460.0,1.08,7560.0,2.44,7330.0,-0.68,7190.0,-2.57,7210.0,7290.0,1.23,4.39,1.51,1.37,2.47,2.33,3.7,0.55,-1.37,-1.1,,,,,,,,,,,,,,,,,,,,,,,
Bull?,インターネットインフィニティー,6545,東証GR,2026/06/09,2026/06/10,45.0,0.182,695.0,-1.0,14000.0,37.2,-1.508,上昇(+1),0.99,0.0,0.0,0.0,―,―,,701.0,0.86,11400.0,40.9,-1.437,上昇(+1),0.96,0.0,0.0,0.0,701.0,0.0,700.0,-0.14,701.0,0.0,692.0,-1.28,712.0,1.57,708.0,1.0,701.0,0.0,701.0,0.0,704.0,0.43,706.0,0.71,718.0,701.0,-0.14,0.0,-1.28,1.57,1.0,0.0,0.0,0.43,0.71,2.43,,,,,,,,,,,,,,,,,,,,,,,
Bull?,日本光電,6849,東証PR,2026/06/09,2026/06/10,45.0,0.549,1396.0,0.14,636400.0,38.7,-3.61,下降(-1),-5.03,0.0,0.0,0.0,―,―,,1394.0,-0.14,547800.0,38.5,-3.401,下降(-1),-4.98,0.0,0.0,0.0,1388.0,-0.43,1351.0,-3.08,1337.5,-4.05,1358.0,-2.58,1379.5,-1.04,1385.0,-0.65,1385.5,-0.61,1387.0,-0.5,1410.0,1.15,1400.5,0.47,1415.0,1388.0,-2.67,-3.64,-2.16,-0.61,-0.22,-0.18,-0.07,1.59,0.9,1.95,1.0,2026/06/16,2026/06/17,1379.5,1.58,1385.0,1.99,1385.5,2.03,1387.0,2.14,1410.0,3.83,1400.5,3.13,1415.0,4.2,1426.5,5.04,,,,
Bull?,プロネクサス,7893,東証PR,2026/06/09,2026/06/10,45.0,0.603,1030.0,-1.25,29700.0,38.5,-1.542,下降(-1),-2.51,0.0,0.0,0.0,―,―,,1038.0,0.78,38000.0,41.7,-0.947,下降(-1),-2.58,0.0,0.0,0.0,1044.0,0.58,1038.0,0.0,1037.0,-0.1,1046.0,0.77,1053.0,1.45,1053.0,1.45,1066.0,2.7,1055.0,1.64,1068.0,2.89,1078.0,3.85,1065.0,1044.0,-0.57,-0.67,0.19,0.86,0.86,2.11,1.05,2.3,3.26,2.01,,,,,,,,,,,,,,,,,,,,,,,
Bull?,ブロードリーフ,3673,東証PR,2026/06/09,2026/06/10,40.0,0.733,807.0,-2.3,384200.0,32.8,-17.365,上昇(+1),8.59,0.0,0.0,0.0,Tier1,bull_div + MA75強上昇 + RSI<50,,818.0,1.36,260200.0,35.3,-16.675,上昇(+1),8.76,0.0,1.0,0.0,803.0,-1.83,790.0,-3.42,797.0,-2.57,787.0,-3.79,774.0,-5.38,779.0,-4.77,766.0,-6.36,759.0,-7.21,740.0,-9.54,756.0,-7.58,740.0,803.0,-1.62,-0.75,-1.99,-3.61,-2.99,-4.61,-5.48,-7.85,-5.85,-7.85,1.0,2026/06/26,,,,,,,,,,,,,,,,,,,,,
Bull?,三浦工業,6005,東証PR,2026/06/09,2026/06/10,38.0,0.83,3095.0,-0.48,353800.0,37.4,-15.3,揉み合い(0),-0.11,0.0,0.0,0.0,―,―,,3120.0,0.81,352300.0,40.4,-12.746,揉み合い(0),-0.06,0.0,0.0,0.0,3117.0,-0.1,3118.0,-0.06,3190.0,2.24,3153.0,1.06,3205.0,2.72,3143.0,0.74,3167.0,1.51,3147.0,0.87,3161.0,1.31,3174.0,1.73,3181.0,3117.0,0.03,2.34,1.15,2.82,0.83,1.6,0.96,1.41,1.83,2.05,1.0,2026/06/11,2026/06/12,3118.0,0.03,3190.0,2.34,3153.0,1.15,3205.0,2.82,3143.0,0.83,3167.0,1.6,3147.0,0.96,3161.0,1.41,3174.0,1.83,3181.0,2.05
Bull?,ヤフー,4689,東証PR,2026/06/09,2026/06/10,30.0,0.989,402.0,-1.23,19132900.0,43.7,-1.369,上昇(+1),0.7,0.0,0.0,0.0,―,―,,408.0,1.49,17385300.0,47.2,-1.167,上昇(+1),0.78,0.0,0.0,0.0,405.3,-0.66,402.3,-1.4,410.9,0.71,416.5,2.08,418.5,2.57,412.7,1.15,409.5,0.37,406.8,-0.29,406.6,-0.34,405.9,-0.51,409.7,405.3,-0.74,1.38,2.76,3.26,1.83,1.04,0.37,0.32,0.15,1.09,,,,,,,,,,,,,,,,,,,,,,,
Bull?,インバウンドテック,7031,東証GR,2026/06/09,2026/06/10,30.0,0.731,593.0,1.89,2100.0,43.3,-5.841,上昇(+1),1.16,0.0,0.0,0.0,―,―,,601.0,1.35,700.0,45.0,-5.554,上昇(+1),1.18,0.0,0.0,0.0,613.0,2.0,613.0,2.0,640.0,6.49,640.0,6.49,655.0,8.99,647.0,7.65,627.0,4.33,637.0,5.99,627.0,4.33,,,638.0,613.0,0.0,4.4,4.4,6.85,5.55,2.28,3.92,2.28,,4.08,,,,,,,,,,,,,,,,,,,,,,,
Bear?,マツダ,7261,東証PR,2026/06/09,2026/06/10,30.0,0.931,1143.0,2.79,8061300.0,60.4,3.657,下降(-1),-3.04,0.0,0.0,0.0,―,―,,1114.0,-2.54,6715300.0,53.2,1.712,下降(-1),-3.15,0.0,0.0,0.0,1096.5,-1.57,1131.5,1.57,1182.5,6.15,1164.5,4.53,1140.0,2.33,1133.0,1.71,1102.0,-1.08,1100.5,-1.21,1068.5,-4.08,1072.0,-3.77,1092.0,1096.5,3.19,7.84,6.2,3.97,3.33,0.5,0.36,-2.55,-2.23,-0.41,,,,,,,,,,,,,,,,,,,,,,,
日経,日経平均株価,0001,指数,2026/06/10,2026/06/11,,,64179.27,-1.89,,58.3,-321.853,1.0,0.97,,,,,,,64217.27,0.06,,53.3,-409.137,1.0,0.9,,,,66020.04,2.81,69317.5,7.94,69404.5,8.08,69902.25,8.85,71053.49,10.65,71250.06,10.95,72353.96,12.67,69788.38,8.68,69174.97,7.72,72366.34,12.69,,,,,,,,,,,,,,,,,,,,,,,,,,,,,,,,,,,
Bear?,愛媛銀行,8541,東証PR,2026/06/10,2026/06/11,85.0,0.28,2064.0,0.1,204300.0,70.4,4.338,上昇(+1),2.71,0.0,0.0,1.0,―,―,,2040.0,-1.16,91700.0,65.7,3.967,上昇(+1),2.62,0.0,0.0,0.0,2044.0,0.2,2064.0,1.18,2025.0,-0.74,1968.0,-3.53,1990.0,-2.45,1945.0,-4.66,1962.0,-3.82,2001.0,-1.91,1974.0,-3.24,2011.0,-1.42,2053.0,2044.0,0.98,-0.93,-3.72,-2.64,-4.84,-4.01,-2.1,-3.42,-1.61,0.44,1.0,2026/06/10,2026/06/11,2040.0,-1.16,2044.0,-0.97,2064.0,0.0,2025.0,-1.89,1968.0,-4.65,1990.0,-3.59,1945.0,-5.77,1962.0,-4.94,2001.0,-3.05,1974.0,-4.36
Bull?,田中建設工業,1450,東証ST,2026/06/10,2026/06/11,80.0,0.634,1326.0,-1.34,26900.0,26.6,-7.846,下降(-1),-0.85,0.0,1.0,0.0,―,―,,1340.0,1.06,3100.0,31.7,-7.114,下降(-1),-1.09,0.0,0.0,0.0,1310.0,-2.24,1330.0,-0.75,1302.0,-2.84,1330.0,-0.75,1325.0,-1.12,1338.0,-0.15,1338.0,-0.15,1331.0,-0.67,1355.0,1.12,1408.0,5.07,1340.0,1310.0,1.53,-0.61,1.53,1.15,2.14,2.14,1.6,3.44,7.48,2.29,1.0,2026/06/16,2026/06/17,1330.0,2.15,1325.0,1.77,1338.0,2.76,1338.0,2.76,1331.0,2.23,1355.0,4.07,1408.0,8.14,1340.0,2.92,,,,
Bull?,テックファーム,3625,東証GR,2026/06/10,2026/06/11,80.0,0.908,541.0,-3.39,16500.0,23.4,-4.962,下降(-1),-3.14,0.0,0.0,0.0,―,―,,555.0,2.59,21500.0,32.6,-4.51,下降(-1),-3.32,0.0,0.0,0.0,567.0,2.16,566.0,1.98,564.0,1.62,578.0,4.14,570.0,2.7,529.0,-4.68,570.0,2.7,557.0,0.36,550.0,-0.9,550.0,-0.9,556.0,567.0,-0.18,-0.53,1.94,0.53,-6.7,0.53,-1.76,-3.0,-3.0,-1.94,,,,,,,,,,,,,,,,,,,,,,,
Bull?,アライドアーキテクツ,6081,東証GR,2026/06/10,2026/06/11,80.0,0.281,155.0,-4.32,617400.0,18.8,-2.119,下降(-1),-10.97,0.0,0.0,0.0,Tier2,bull_div + RSI<30,,157.0,1.29,104700.0,20.7,-1.896,下降(-1),-11.92,0.0,1.0,0.0,156.0,-0.64,158.0,0.64,156.0,-0.64,159.0,1.27,159.0,1.27,158.0,0.64,159.0,1.27,154.0,-1.91,154.0,-1.91,153.0,-2.55,152.0,156.0,1.28,0.0,1.92,1.92,1.28,1.92,-1.28,-1.28,-1.92,-2.56,1.0,2026/06/11,2026/06/12,156.0,-0.64,158.0,0.64,156.0,-0.64,159.0,1.27,159.0,1.27,158.0,0.64,159.0,1.27,154.0,-1.91,154.0,-1.91,153.0,-2.55
Bull?,ウィルソン・ラーニング　ワールドワイド,9610,東証ST,2026/06/10,2026/06/11,80.0,0.512,93.0,-7.0,482900.0,27.4,-2.719,下降(-1),-16.73,0.0,0.0,0.0,Tier3,bull_div（全体）,,97.0,4.3,208200.0,31.3,-2.455,下降(-1),-17.04,0.0,1.0,0.0,96.0,-1.03,95.0,-2.06,96.0,-1.03,102.0,5.15,107.0,10.31,100.0,3.09,98.0,1.03,102.0,5.15,103.0,6.19,101.0,4.12,102.0,96.0,-1.04,0.0,6.25,11.46,4.17,2.08,6.25,7.29,5.21,6.25,1.0,2026/06/11,2026/06/12,96.0,-1.03,95.0,-2.06,96.0,-1.03,102.0,5.15,107.0,10.31,100.0,3.09,98.0,1.03,102.0,5.15,103.0,6.19,101.0,4.12
Bear?,ジェイアイエヌ,3046,東証PR,2026/06/10,2026/06/11,75.0,0.68,9120.0,1.56,372400.0,78.0,61.942,上昇(+1),13.25,0.0,0.0,1.0,―,―,,8720.0,-4.39,216900.0,67.0,46.843,上昇(+1),13.44,0.0,0.0,0.0,8780.0,0.69,8560.0,-1.83,8610.0,-1.26,8530.0,-2.18,8360.0,-4.13,7980.0,-8.49,8010.0,-8.14,8050.0,-7.68,7730.0,-11.35,7890.0,-9.52,8120.0,8780.0,-2.51,-1.94,-2.85,-4.78,-9.11,-8.77,-8.31,-11.96,-10.14,-7.52,1.0,2026/06/10,2026/06/11,8720.0,-4.39,8780.0,-3.73,8560.0,-6.14,8610.0,-5.59,8530.0,-6.47,8360.0,-8.33,7980.0,-12.5,8010.0,-12.17,8050.0,-11.73,7730.0,-15.24
Bear?,きちり,3082,東証ST,2026/06/10,2026/06/11,75.0,0.46,988.0,0.41,22000.0,69.5,1.039,上昇(+1),1.06,0.0,0.0,0.0,―,―,,984.0,-0.4,10600.0,62.7,0.693,上昇(+1),1.1,0.0,0.0,0.0,980.0,-0.41,979.0,-0.51,973.0,-1.12,966.0,-1.83,959.0,-2.54,951.0,-3.35,951.0,-3.35,951.0,-3.35,951.0,-3.35,953.0,-3.15,931.0,980.0,-0.1,-0.71,-1.43,-2.14,-2.96,-2.96,-2.96,-2.96,-2.76,-5.0,,,,,,,,,,,,,,,,,,,,,,,
Bear?,Ｃａｓａ,7196,東証ST,2026/06/10,2026/06/11,75.0,0.376,763.0,0.0,10900.0,68.9,0.705,上昇(+1),0.99,0.0,0.0,0.0,Tier3,bear_div（全体）,,762.0,-0.13,16900.0,66.8,0.57,上昇(+1),1.1,0.0,0.0,1.0,752.0,-1.31,756.0,-0.79,760.0,-0.26,761.0,-0.13,768.0,0.79,766.0,0.52,768.0,0.79,771.0,1.18,775.0,1.71,777.0,1.97,780.0,752.0,0.53,1.06,1.2,2.13,1.86,2.13,2.53,3.06,3.32,3.72,1.0,2026/06/11,2026/06/12,752.0,-1.31,756.0,-0.79,760.0,-0.26,761.0,-0.13,768.0,0.79,766.0,0.52,768.0,0.79,771.0,1.18,775.0,1.71,777.0,1.97
Bear?,ルック,8029,東証ST,2026/06/10,2026/06/11,75.0,0.484,2694.0,0.56,19100.0,66.9,6.641,上昇(+1),1.4,0.0,0.0,1.0,―,―,,2671.0,-0.85,12500.0,60.4,4.916,上昇(+1),1.45,0.0,0.0,0.0,2661.0,-0.37,2666.0,-0.19,2700.0,1.09,2710.0,1.46,2757.0,3.22,2744.0,2.73,2714.0,1.61,2723.0,1.95,2695.0,0.9,2655.0,-0.6,2654.0,2661.0,0.19,1.47,1.84,3.61,3.12,1.99,2.33,1.28,-0.23,-0.26,1.0,2026/06/18,2026/06/19,2744.0,-0.47,2714.0,-1.56,2723.0,-1.23,2695.0,-2.25,2655.0,-3.7,2654.0,-3.74,,,,,,,,
Bear?,山陰合同銀行,8381,東証PR,2026/06/10,2026/06/11,75.0,0.101,2134.0,0.19,681200.0,69.4,1.666,上昇(+1),6.34,0.0,0.0,1.0,―,―,,2118.0,-0.75,495500.0,65.4,0.359,上昇(+1),6.36,0.0,0.0,0.0,2159.0,1.94,2197.0,3.73,2178.0,2.83,2131.0,0.61,2206.0,4.15,2186.0,3.21,2214.0,4.53,2206.0,4.15,2169.0,2.41,2216.0,4.63,2227.0,2159.0,1.76,0.88,-1.3,2.18,1.25,2.55,2.18,0.46,2.64,3.15,1.0,2026/06/23,2026/06/24,2169.0,-1.68,2216.0,0.45,2227.0,0.95,,,,,,,,,,,,,,
Bear?,四国銀行,8387,東証PR,2026/06/10,2026/06/11,75.0,0.344,2901.0,0.59,124200.0,67.0,5.487,上昇(+1),6.84,0.0,0.0,1.0,―,―,,2854.0,-1.62,94300.0,61.6,5.307,上昇(+1),6.68,0.0,0.0,0.0,2893.0,1.37,2909.0,1.93,2888.0,1.19,2797.0,-2.0,2783.0,-2.49,2750.0,-3.64,2779.0,-2.63,2810.0,-1.54,2798.0,-1.96,2876.0,0.77,2942.0,2893.0,0.55,-0.17,-3.32,-3.8,-4.94,-3.94,-2.87,-3.28,-0.59,1.69,1.0,2026/06/10,2026/06/11,2854.0,-1.62,2893.0,-0.28,2909.0,0.28,2888.0,-0.45,2797.0,-3.58,2783.0,-4.07,2750.0,-5.21,2779.0,-4.21,2810.0,-3.14,2798.0,-3.55
Bull?,片倉工業,3001,東証ST,2026/06/10,2026/06/11,70.0,0.691,2351.0,0.43,55000.0,33.8,-12.119,下降(-1),-4.83,0.0,1.0,0.0,―,―,,2347.0,-0.17,28800.0,33.6,-11.289,下降(-1),-5.0,0.0,0.0,0.0,2363.0,0.68,2403.0,2.39,2377.0,1.28,2406.0,2.51,2385.0,1.62,2406.0,2.51,2353.0,0.26,2335.0,-0.51,2358.0,0.47,2363.0,0.68,2385.0,2363.0,1.69,0.59,1.82,0.93,1.82,-0.42,-1.18,-0.21,0.0,0.93,1.0,2026/06/10,2026/06/11,2347.0,-0.17,2363.0,0.51,2403.0,2.21,2377.0,1.11,2406.0,2.34,2385.0,1.45,2406.0,2.34,2353.0,0.09,2335.0,-0.68,2358.0,0.3
Bull?,ハリマ共和物産,7444,東証ST,2026/06/10,2026/06/11,70.0,0.459,1920.0,-0.26,15800.0,34.1,-1.423,下降(-1),-1.71,0.0,0.0,0.0,Tier3,bull_div（全体）,,1929.0,0.47,7000.0,38.6,-0.977,下降(-1),-1.85,0.0,1.0,0.0,1938.0,0.47,1923.0,-0.31,1920.0,-0.47,1948.0,0.98,1960.0,1.61,1945.0,0.83,1964.0,1.81,1948.0,0.98,1941.0,0.62,1945.0,0.83,,1938.0,-0.77,-0.93,0.52,1.14,0.36,1.34,0.52,0.15,0.36,,1.0,2026/06/11,2026/06/12,1938.0,0.47,1923.0,-0.31,1920.0,-0.47,1948.0,0.98,1960.0,1.61,1945.0,0.83,1964.0,1.81,1948.0,0.98,1941.0,0.62,1945.0,0.83
Bear?,筑波銀行,8338,東証PR,2026/06/10,2026/06/11,70.0,0.792,687.0,1.78,3612900.0,67.3,5.958,上昇(+1),2.19,1.0,0.0,1.0,―,―,,660.0,-3.93,1678900.0,58.6,5.712,上昇(+1),1.86,0.0,0.0,0.0,683.0,3.48,718.0,8.79,694.0,5.15,663.0,0.45,667.0,1.06,635.0,-3.79,629.0,-4.7,633.0,-4.09,623.0,-5.61,624.0,-5.45,627.0,683.0,5.12,1.61,-2.93,-2.34,-7.03,-7.91,-7.32,-8.78,-8.64,-8.2,,,,,,,,,,,,,,,,,,,,,,,
Bear?,帝国繊維,3302,東証PR,2026/06/10,2026/06/11,65.0,0.18,3325.0,1.37,44500.0,62.2,5.97,上昇(+1),0.79,0.0,0.0,0.0,―,―,,3305.0,-0.6,28100.0,60.5,5.769,上昇(+1),0.94,0.0,0.0,0.0,3295.0,-0.3,3315.0,0.3,3310.0,0.15,3320.0,0.45,3340.0,1.06,3405.0,3.03,3475.0,5.14,3360.0,1.66,3375.0,2.12,3380.0,2.27,3325.0,3295.0,0.61,0.46,0.76,1.37,3.34,5.46,1.97,2.43,2.58,0.91,1.0,2026/06/22,2026/06/23,3360.0,-3.31,3375.0,-2.88,3380.0,-2.73,3325.0,-4.32,,,,,,,,,,,,
Bull?,レイ,4317,東証ST,2026/06/10,2026/06/11,65.0,0.308,456.0,-1.08,7900.0,25.3,-2.492,下降(-1),-9.25,0.0,0.0,0.0,Tier2,bull_div + RSI<30,,461.0,1.1,2000.0,29.5,-1.947,下降(-1),-9.45,0.0,1.0,0.0,456.0,-1.08,450.0,-2.39,448.0,-2.82,452.0,-1.95,464.0,0.65,471.0,2.17,468.0,1.52,459.0,-0.43,460.0,-0.22,452.0,-1.95,473.0,456.0,-1.32,-1.75,-0.88,1.75,3.29,2.63,0.66,0.88,-0.88,3.73,1.0,2026/06/15,2026/06/16,448.0,-0.44,452.0,0.44,464.0,3.11,471.0,4.67,468.0,4.0,459.0,2.0,460.0,2.22,452.0,0.44,473.0,5.11,,
Bull?,不二精機,6400,東証ST,2026/06/10,2026/06/11,65.0,0.422,258.0,-1.15,15800.0,29.2,-1.135,下降(-1),-3.7,0.0,0.0,0.0,Tier3,bull_div（全体）,,261.0,1.16,6700.0,35.6,-0.876,下降(-1),-3.91,0.0,1.0,0.0,260.0,-0.38,260.0,-0.38,258.0,-1.15,263.0,0.77,263.0,0.77,260.0,-0.38,260.0,-0.38,260.0,-0.38,262.0,0.38,259.0,-0.77,258.0,260.0,0.0,-0.77,1.15,1.15,0.0,0.0,0.0,0.77,-0.38,-0.77,1.0,2026/06/11,2026/06/12,260.0,-0.38,260.0,-0.38,258.0,-1.15,263.0,0.77,263.0,0.77,260.0,-0.38,260.0,-0.38,260.0,-0.38,262.0,0.38,259.0,-0.77
Bull?,ＮＦＫホールディングス,6494,東証ST,2026/06/10,2026/06/11,65.0,0.813,85.0,-4.49,714100.0,28.5,-1.455,下降(-1),-7.08,0.0,0.0,0.0,Tier3,bull_div（全体）,,87.0,2.35,518500.0,32.0,-1.328,下降(-1),-7.58,0.0,1.0,0.0,88.0,1.15,92.0,5.75,93.0,6.9,98.0,12.64,97.0,11.49,97.0,11.49,99.0,13.79,95.0,9.2,94.0,8.05,96.0,10.34,94.0,88.0,4.55,5.68,11.36,10.23,10.23,12.5,7.95,6.82,9.09,6.82,1.0,2026/06/11,2026/06/12,88.0,1.15,92.0,5.75,93.0,6.9,98.0,12.64,97.0,11.49,97.0,11.49,99.0,13.79,95.0,9.2,94.0,8.05,96.0,10.34
Bull?,旅工房,6548,東証GR,2026/06/10,2026/06/11,65.0,0.191,94.0,-6.93,61900.0,27.9,-0.499,下降(-1),-8.54,0.0,0.0,0.0,Tier3,bull_div（全体）,,98.0,4.26,27600.0,33.7,-0.466,下降(-1),-8.84,0.0,1.0,0.0,102.0,4.08,136.0,38.78,107.0,9.18,102.0,4.08,101.0,3.06,97.0,-1.02,96.0,-2.04,95.0,-3.06,90.0,-8.16,90.0,-8.16,88.0,102.0,33.33,4.9,0.0,-0.98,-4.9,-5.88,-6.86,-11.76,-11.76,-13.73,1.0,2026/06/11,2026/06/12,102.0,4.08,136.0,38.78,107.0,9.18,102.0,4.08,101.0,3.06,97.0,-1.02,96.0,-2.04,95.0,-3.06,90.0,-8.16,90.0,-8.16
Bear?,コンコルディア・フィナンシャルグループ,7186,東証PR,2026/06/10,2026/06/11,65.0,0.155,1692.0,-0.7,4017200.0,63.3,2.599,上昇(+1),2.51,0.0,0.0,1.0,―,―,,1666.0,-1.54,2964600.0,58.6,1.587,上昇(+1),2.35,0.0,0.0,0.0,1720.0,3.24,1761.0,5.7,1732.5,3.99,1738.5,4.35,1817.0,9.06,1750.5,5.07,1777.5,6.69,1736.0,4.2,1705.0,2.34,1709.5,2.61,1713.5,1720.0,2.38,0.73,1.08,5.64,1.77,3.34,0.93,-0.87,-0.61,-0.38,1.0,2026/06/18,2026/06/19,1750.5,-3.66,1777.5,-2.17,1736.0,-4.46,1705.0,-6.16,1709.5,-5.92,1713.5,-5.7,,,,,,,,
Bull?,ニチリョク,7578,東証ST,2026/06/10,2026/06/11,65.0,0.967,80.0,-3.61,72300.0,23.6,-0.363,下降(-1),-7.35,0.0,0.0,0.0,Tier2,bull_div + RSI<30,,80.0,0.0,63800.0,23.6,-0.36,下降(-1),-7.52,0.0,1.0,0.0,80.0,0.0,79.0,-1.25,79.0,-1.25,77.0,-3.75,78.0,-2.5,76.0,-5.0,75.0,-6.25,68.0,-15.0,67.0,-16.25,69.0,-13.75,75.0,80.0,-1.25,-1.25,-3.75,-2.5,-5.0,-6.25,-15.0,-16.25,-13.75,-6.25,1.0,2026/06/24,2026/06/25,69.0,2.99,75.0,11.94,,,,,,,,,,,,,,,,
Bull?,マツモト,7901,東証ST,2026/06/10,2026/06/11,65.0,0.431,784.0,-2.61,5100.0,25.9,-6.124,下降(-1),-7.2,0.0,0.0,0.0,Tier2,bull_div + RSI<30,,792.0,1.02,6000.0,28.3,-5.086,下降(-1),-7.97,0.0,1.0,0.0,776.0,-2.02,817.0,3.16,775.0,-2.15,789.0,-0.38,791.0,-0.13,788.0,-0.51,782.0,-1.26,770.0,-2.78,780.0,-1.52,761.0,-3.91,760.0,776.0,5.28,-0.13,1.68,1.93,1.55,0.77,-0.77,0.52,-1.93,-2.06,1.0,2026/06/11,2026/06/12,776.0,-2.02,817.0,3.16,775.0,-2.15,789.0,-0.38,791.0,-0.13,788.0,-0.51,782.0,-1.26,770.0,-2.78,780.0,-1.52,761.0,-3.91
Bear?,りそなホールディングス,8308,東証PR,2026/06/10,2026/06/11,65.0,0.14,2139.0,-0.7,11797200.0,60.5,2.0,上昇(+1),2.57,0.0,0.0,1.0,―,―,,2116.0,-1.08,14673600.0,57.5,0.914,上昇(+1),2.49,0.0,0.0,0.0,2147.0,1.47,2203.0,4.11,2144.5,1.35,2161.5,2.15,2256.0,6.62,2196.0,3.78,2230.0,5.39,2162.0,2.17,2121.0,0.24,2107.0,-0.43,2102.0,2147.0,2.61,-0.12,0.68,5.08,2.28,3.87,0.7,-1.21,-1.86,-2.1,1.0,2026/06/15,2026/06/16,2144.5,-2.66,2161.5,-1.88,2256.0,2.41,2196.0,-0.32,2230.0,1.23,2162.0,-1.86,2121.0,-3.72,2107.0,-4.36,2102.0,-4.58,,
Bear?,三井住友トラスト・ＨＤ,8309,東証PR,2026/06/10,2026/06/11,65.0,0.562,5918.0,-0.3,3968400.0,65.0,22.448,上昇(+1),2.03,0.0,0.0,1.0,―,―,,5876.0,-0.71,5125900.0,62.4,19.996,上昇(+1),1.98,0.0,0.0,0.0,5961.0,1.45,6061.0,3.15,5979.0,1.75,6033.0,2.67,6176.0,5.11,6063.0,3.18,6213.0,5.74,6053.0,3.01,5889.0,0.22,5979.0,1.75,5972.0,5961.0,1.68,0.3,1.21,3.61,1.71,4.23,1.54,-1.21,0.3,0.18,1.0,2026/06/22,2026/06/23,6053.0,-2.58,5889.0,-5.21,5979.0,-3.77,5972.0,-3.88,,,,,,,,,,,,
Bear?,千葉銀行,8331,東証PR,2026/06/10,2026/06/11,65.0,0.306,2434.0,-0.21,3279600.0,64.7,5.811,上昇(+1),1.99,0.0,0.0,1.0,―,―,,2379.0,-2.26,2294000.0,57.4,2.732,上昇(+1),1.89,0.0,0.0,0.0,2430.5,2.16,2521.0,5.97,2455.5,3.22,2462.5,3.51,2554.5,7.38,2491.0,4.71,2525.5,6.16,2469.0,3.78,2419.0,1.68,2437.0,2.44,2464.0,2430.5,3.72,1.03,1.32,5.1,2.49,3.91,1.58,-0.47,0.27,1.38,1.0,2026/06/15,2026/06/16,2455.5,-2.6,2462.5,-2.32,2554.5,1.33,2491.0,-1.19,2525.5,0.18,2469.0,-2.06,2419.0,-4.05,2437.0,-3.33,2464.0,-2.26,,
Bear?,群馬銀行,8334,東証PR,2026/06/10,2026/06/11,65.0,0.3,2313.0,-2.16,1216500.0,57.1,5.586,上昇(+1),2.81,0.0,0.0,1.0,―,―,,2300.0,-0.56,740700.0,55.6,5.324,上昇(+1),2.72,0.0,0.0,0.0,2343.5,1.89,2358.0,2.52,2333.0,1.43,2307.0,0.3,2331.5,1.37,2316.5,0.72,2335.0,1.52,2307.0,0.3,2290.5,-0.41,2318.5,0.8,2334.0,2343.5,0.62,-0.45,-1.56,-0.51,-1.15,-0.36,-1.56,-2.26,-1.07,-0.41,1.0,2026/06/15,2026/06/16,2333.0,-1.06,2307.0,-2.16,2331.5,-1.12,2316.5,-1.76,2335.0,-0.98,2307.0,-2.16,2290.5,-2.86,2318.5,-1.68,2334.0,-1.02,,
Bear?,山梨中央銀行,8360,東証PR,2026/06/10,2026/06/11,65.0,0.08,6070.0,-0.82,148800.0,59.0,3.645,上昇(+1),4.58,0.0,0.0,1.0,―,―,,5980.0,-1.48,112800.0,55.5,1.251,上昇(+1),4.51,0.0,0.0,0.0,6120.0,2.34,6250.0,4.52,6140.0,2.68,6000.0,0.33,6030.0,0.84,5800.0,-3.01,5970.0,-0.17,5970.0,-0.17,5850.0,-2.17,6070.0,1.51,6150.0,6120.0,2.12,0.33,-1.96,-1.47,-5.23,-2.45,-2.45,-4.41,-0.82,0.49,1.0,2026/06/15,2026/06/16,6140.0,-1.76,6000.0,-4.0,6030.0,-3.52,5800.0,-7.2,5970.0,-4.48,5970.0,-4.48,5850.0,-6.4,6070.0,-2.88,6150.0,-1.6,,
Bull?,旭情報サービス,9799,東証ST,2026/06/10,2026/06/11,65.0,0.729,865.0,-1.26,19600.0,26.4,-3.446,下降(-1),-7.6,0.0,0.0,0.0,Tier2,bull_div + RSI<30,,871.0,0.69,11800.0,29.2,-2.93,下降(-1),-7.51,0.0,1.0,0.0,865.0,-0.69,864.0,-0.8,866.0,-0.57,869.0,-0.23,858.0,-1.49,850.0,-2.41,844.0,-3.1,843.0,-3.21,847.0,-2.76,848.0,-2.64,865.0,865.0,-0.12,0.12,0.46,-0.81,-1.73,-2.43,-2.54,-2.08,-1.97,0.0,1.0,2026/06/16,2026/06/17,869.0,0.35,858.0,-0.92,850.0,-1.85,844.0,-2.54,843.0,-2.66,847.0,-2.19,848.0,-2.08,865.0,-0.12,,,,
Bear?,トラスト・テック,2154,東証PR,2026/06/10,2026/06/11,58.0,0.04,1910.0,1.06,225400.0,62.0,0.744,揉み合い(0),-0.37,0.0,0.0,1.0,―,―,,1895.0,-0.79,168000.0,58.5,0.709,揉み合い(0),-0.27,0.0,0.0,0.0,1880.0,-0.79,1885.0,-0.53,1880.0,-0.79,1870.0,-1.32,1880.0,-0.79,1885.0,-0.53,1878.0,-0.9,1875.0,-1.06,1874.0,-1.11,1884.0,-0.58,1916.0,1880.0,0.27,0.0,-0.53,0.0,0.27,-0.11,-0.27,-0.32,0.21,1.91,1.0,2026/06/10,2026/06/11,1895.0,-0.79,1880.0,-1.57,1885.0,-1.31,1880.0,-1.57,1870.0,-2.09,1880.0,-1.57,1885.0,-1.31,1878.0,-1.68,1875.0,-1.83,1874.0,-1.88
Bear?,三越伊勢丹ホールディングス,3099,東証PR,2026/06/10,2026/06/11,55.0,0.75,3612.0,0.06,2369700.0,66.3,22.564,上昇(+1),5.49,0.0,0.0,1.0,―,―,,3586.0,-0.72,2006400.0,64.3,18.979,上昇(+1),5.43,0.0,0.0,0.0,3755.0,4.71,3699.0,3.15,3722.0,3.79,3697.0,3.1,3871.0,7.95,3871.0,7.95,3959.0,10.4,3907.0,8.95,4019.0,12.07,4132.0,15.23,4119.0,3755.0,-1.49,-0.88,-1.54,3.09,3.09,5.43,4.05,7.03,10.04,9.69,1.0,2026/06/25,2026/06/26,4119.0,-0.31,,,,,,,,,,,,,,,,,,
Bull?,片倉チッカリン,4031,東証ST,2026/06/10,2026/06/11,55.0,0.567,1040.0,-5.28,77700.0,32.5,-17.408,上昇(+1),5.51,0.0,0.0,0.0,Tier1,bull_div + MA75強上昇 + RSI<50,,1044.0,0.38,38300.0,33.1,-17.053,上昇(+1),5.09,0.0,1.0,0.0,1037.0,-0.67,1022.0,-2.11,970.0,-7.09,980.0,-6.13,1007.0,-3.54,1000.0,-4.21,1001.0,-4.12,1024.0,-1.92,1016.0,-2.68,1024.0,-1.92,1026.0,1037.0,-1.45,-6.46,-5.5,-2.89,-3.57,-3.47,-1.25,-2.03,-1.25,-1.06,1.0,2026/06/16,2026/06/17,980.0,1.03,1007.0,3.81,1000.0,3.09,1001.0,3.2,1024.0,5.57,1016.0,4.74,1024.0,5.57,1026.0,5.77,,,,
Bull?,ニューラルポケット,4056,東証GR,2026/06/10,2026/06/11,55.0,0.636,217.0,-2.69,43600.0,30.4,-0.241,下降(-1),-12.05,0.0,1.0,0.0,―,―,,216.0,-0.46,18900.0,30.1,-0.161,下降(-1),-12.14,0.0,0.0,0.0,209.0,-3.24,211.0,-2.31,214.0,-0.93,217.0,0.46,214.0,-0.93,209.0,-3.24,211.0,-2.31,206.0,-4.63,204.0,-5.56,206.0,-4.63,205.0,209.0,0.96,2.39,3.83,2.39,0.0,0.96,-1.44,-2.39,-1.44,-1.91,1.0,2026/06/12,2026/06/15,211.0,0.96,214.0,2.39,217.0,3.83,214.0,2.39,209.0,0.0,211.0,0.96,206.0,-1.44,204.0,-2.39,206.0,-1.44,205.0,-1.91
Bull?,システムサポート,4396,東証PR,2026/06/10,2026/06/11,55.0,0.791,964.0,0.31,92900.0,34.7,-4.008,下降(-1),-7.88,0.0,0.0,0.0,Tier3,bull_div（全体）,,973.0,0.93,113600.0,37.3,-3.334,下降(-1),-7.66,0.0,1.0,0.0,971.0,-0.21,978.0,0.51,956.0,-1.75,959.0,-1.44,953.0,-2.06,943.0,-3.08,957.0,-1.64,952.0,-2.16,943.0,-3.08,945.0,-2.88,956.0,971.0,0.72,-1.54,-1.24,-1.85,-2.88,-1.44,-1.96,-2.88,-2.68,-1.54,1.0,2026/06/19,2026/06/22,957.0,1.48,952.0,0.95,943.0,0.0,945.0,0.21,956.0,1.38,,,,,,,,,,
Bull?,岡本硝子,7746,東証ST,2026/06/10,2026/06/11,55.0,0.71,682.0,-7.46,618400.0,33.9,-12.12,下降(-1),-9.89,0.0,0.0,0.0,Tier3,bull_div（全体）,,700.0,2.64,2857000.0,36.3,-11.5,下降(-1),-9.94,0.0,1.0,0.0,722.0,3.14,747.0,6.71,897.0,28.14,828.0,18.29,830.0,18.57,796.0,13.71,802.0,14.57,768.0,9.71,760.0,8.57,764.0,9.14,850.0,722.0,3.46,24.24,14.68,14.96,10.25,11.08,6.37,5.26,5.82,17.73,1.0,2026/06/11,2026/06/12,722.0,3.14,747.0,6.71,897.0,28.14,828.0,18.29,830.0,18.57,796.0,13.71,802.0,14.57,768.0,9.71,760.0,8.57,764.0,9.14
Bear?,ＳＨＯＥＩ,7839,東証PR,2026/06/10,2026/06/11,55.0,0.749,1915.0,2.35,286100.0,66.8,13.884,上昇(+1),0.63,0.0,0.0,0.0,―,―,,1840.0,-3.92,222000.0,55.7,9.378,上昇(+1),0.76,0.0,0.0,0.0,1824.0,-0.87,1830.0,-0.54,1805.0,-1.9,1831.0,-0.49,1806.0,-1.85,1797.0,-2.34,1812.0,-1.52,1790.0,-2.72,1824.0,-0.87,1802.0,-2.07,1774.0,1824.0,0.33,-1.04,0.38,-0.99,-1.48,-0.66,-1.86,0.0,-1.21,-2.74,,,,,,,,,,,,,,,,,,,,,,,
Bull?,凸版印刷,7911,東証PR,2026/06/10,2026/06/11,55.0,0.941,3967.0,-2.67,1665800.0,33.1,-65.998,下降(-1),-1.6,0.0,1.0,0.0,―,―,,4588.0,15.65,4849100.0,51.8,-26.582,下降(-1),-1.85,0.0,0.0,0.0,4507.0,-1.77,4408.0,-3.92,4430.0,-3.44,4392.0,-4.27,4549.0,-0.85,4515.0,-1.59,5031.0,9.66,5025.0,9.52,5060.0,10.29,5213.0,13.62,5180.0,4507.0,-2.2,-1.71,-2.55,0.93,0.18,11.63,11.49,12.27,15.66,14.93,1.0,2026/06/10,2026/06/11,4588.0,15.65,4507.0,13.61,4408.0,11.12,4430.0,11.67,4392.0,10.71,4549.0,14.67,4515.0,13.81,5031.0,26.82,5025.0,26.67,5060.0,27.55
Bull?,丸紅,8002,東証PR,2026/06/10,2026/06/11,55.0,0.65,4795.0,-2.02,4912100.0,30.7,-25.899,下降(-1),-0.93,0.0,0.0,0.0,Tier3,bull_div（全体）,,4812.0,0.35,3907200.0,31.7,-21.867,下降(-1),-1.34,0.0,1.0,0.0,4899.0,1.81,5042.0,4.78,4921.0,2.27,4949.0,2.85,4909.0,2.02,4895.0,1.72,4913.0,2.1,4793.0,-0.39,4687.0,-2.6,4607.0,-4.26,4692.0,4899.0,2.92,0.45,1.02,0.2,-0.08,0.29,-2.16,-4.33,-5.96,-4.23,1.0,2026/06/11,2026/06/12,4899.0,1.81,5042.0,4.78,4921.0,2.27,4949.0,2.85,4909.0,2.02,4895.0,1.72,4913.0,2.1,4793.0,-0.39,4687.0,-2.6,4607.0,-4.26
Bull?,日本アジア投資,8518,東証ST,2026/06/10,2026/06/11,55.0,0.276,133.0,0.0,42400.0,34.7,-0.298,下降(-1),-8.97,0.0,0.0,0.0,―,―,,133.0,0.0,51500.0,34.7,-0.249,下降(-1),-9.0,0.0,0.0,0.0,135.0,1.5,133.0,0.0,131.0,-1.5,131.0,-1.5,132.0,-0.75,129.0,-3.01,126.0,-5.26,116.0,-12.78,118.0,-11.28,125.0,-6.02,125.0,135.0,-1.48,-2.96,-2.96,-2.22,-4.44,-6.67,-14.07,-12.59,-7.41,-7.41,,,,,,,,,,,,,,,,,,,,,,,
Bull?,陽光都市開発,8946,東証ST,2026/06/10,2026/06/11,55.0,0.142,72.0,0.0,120800.0,33.5,-0.115,下降(-1),-1.91,0.0,0.0,0.0,―,―,,72.0,0.0,136400.0,33.5,-0.1,下降(-1),-2.03,0.0,0.0,0.0,72.0,0.0,73.0,1.39,74.0,2.78,76.0,5.56,75.0,4.17,74.0,2.78,74.0,2.78,73.0,1.39,76.0,5.56,74.0,2.78,72.0,72.0,1.39,2.78,5.56,4.17,2.78,2.78,1.39,5.56,2.78,0.0,,,,,,,,,,,,,,,,,,,,,,,
Bull?,飯野海運,9119,東証PR,2026/06/10,2026/06/11,55.0,0.071,1433.0,-1.24,265500.0,34.1,-2.229,下降(-1),-0.94,0.0,1.0,0.0,―,―,,1448.0,1.05,211300.0,36.9,-1.773,下降(-1),-1.06,0.0,0.0,0.0,1446.0,-0.14,1458.0,0.69,1425.0,-1.59,1421.0,-1.86,1415.0,-2.28,1406.0,-2.9,1386.0,-4.28,1386.0,-4.28,1388.0,-4.14,1401.0,-3.25,1400.0,1446.0,0.83,-1.45,-1.73,-2.14,-2.77,-4.15,-4.15,-4.01,-3.11,-3.18,1.0,2026/06/10,2026/06/11,1448.0,1.05,1446.0,0.91,1458.0,1.74,1425.0,-0.56,1421.0,-0.84,1415.0,-1.26,1406.0,-1.88,1386.0,-3.28,1386.0,-3.28,1388.0,-3.14
Bull?,ステムリム,4599,東証GR,2026/06/10,2026/06/11,53.0,0.398,276.0,-2.13,244500.0,38.5,-0.929,揉み合い(0),-0.15,0.0,0.0,0.0,―,―,,283.0,2.54,173700.0,44.0,-0.758,揉み合い(0),-0.33,0.0,0.0,0.0,286.0,1.06,285.0,0.71,284.0,0.35,300.0,6.01,321.0,13.43,300.0,6.01,304.0,7.42,298.0,5.3,305.0,7.77,311.0,9.89,313.0,286.0,-0.35,-0.7,4.9,12.24,4.9,6.29,4.2,6.64,8.74,9.44,,,,,,,,,,,,,,,,,,,,,,,
Bear?,キューブシステム,2335,東証PR,2026/06/10,2026/06/11,50.0,0.467,1019.0,0.39,16200.0,49.5,1.09,下降(-1),-1.7,0.0,0.0,0.0,―,―,,1016.0,-0.29,9500.0,48.2,0.988,下降(-1),-1.69,0.0,0.0,0.0,1010.0,-0.59,1020.0,0.39,1023.0,0.69,1027.0,1.08,1041.0,2.46,1015.0,-0.1,1020.0,0.39,1015.0,-0.1,1031.0,1.48,1025.0,0.89,1029.0,1010.0,0.99,1.29,1.68,3.07,0.5,0.99,0.5,2.08,1.49,1.88,,,,,,,,,,,,,,,,,,,,,,,
Bear?,ダイイチ,7643,東証ST,2026/06/10,2026/06/11,50.0,0.409,1705.0,0.71,2200.0,55.8,0.795,下降(-1),-1.66,0.0,0.0,0.0,―,―,,1695.0,-0.59,1600.0,51.6,0.246,下降(-1),-1.61,0.0,0.0,0.0,1702.0,0.41,1700.0,0.29,1699.0,0.24,1687.0,-0.47,1692.0,-0.18,1698.0,0.18,1705.0,0.59,1687.0,-0.47,1685.0,-0.59,1690.0,-0.29,1688.0,1702.0,-0.12,-0.18,-0.88,-0.59,-0.24,0.18,-0.88,-1.0,-0.71,-0.82,,,,,,,,,,,,,,,,,,,,,,,
Bear?,オーシャンシステム,3096,東証ST,2026/06/10,2026/06/11,48.0,0.653,1674.0,0.0,6500.0,63.2,6.844,揉み合い(0),-0.47,0.0,0.0,1.0,―,―,,1667.0,-0.42,5300.0,60.2,6.425,下降(-1),-0.57,0.0,0.0,0.0,1660.0,-0.42,1671.0,0.24,1653.0,-0.84,1609.0,-3.48,1630.0,-2.22,1644.0,-1.38,1644.0,-1.38,1635.0,-1.92,1636.0,-1.86,1610.0,-3.42,1575.0,1660.0,0.66,-0.42,-3.07,-1.81,-0.96,-0.96,-1.51,-1.45,-3.01,-5.12,1.0,2026/06/12,2026/06/15,1671.0,0.66,1653.0,-0.42,1609.0,-3.07,1630.0,-1.81,1644.0,-0.96,1644.0,-0.96,1635.0,-1.51,1636.0,-1.45,1610.0,-3.01,1575.0,-5.12
Bear?,小田急電鉄,9007,東証PR,2026/06/10,2026/06/11,48.0,0.543,1728.0,1.41,1955900.0,62.6,9.022,揉み合い(0),-0.46,0.0,0.0,1.0,―,―,,1694.0,-1.97,1436300.0,56.2,8.53,下降(-1),-0.53,0.0,0.0,0.0,1682.5,-0.68,1659.5,-2.04,1660.0,-2.01,1652.0,-2.48,1631.5,-3.69,1617.5,-4.52,1628.0,-3.9,1650.0,-2.6,1648.0,-2.72,1657.0,-2.18,1657.5,1682.5,-1.37,-1.34,-1.81,-3.03,-3.86,-3.24,-1.93,-2.05,-1.52,-1.49,1.0,2026/06/10,2026/06/11,1694.0,-2.0,1682.5,-2.66,1659.5,-3.99,1660.0,-3.96,1652.0,-4.43,1631.5,-5.61,1617.5,-6.42,1628.0,-5.81,1650.0,-4.54,1648.0,-4.66
Bull?,オーテック,1736,東証ST,2026/06/10,2026/06/11,45.0,0.776,2256.0,-0.88,1800.0,42.9,-6.833,下降(-1),-3.06,0.0,0.0,0.0,Tier3,bull_div（全体）,,2259.0,0.13,6800.0,43.3,-6.563,下降(-1),-2.92,0.0,1.0,0.0,2324.0,2.88,2317.0,2.57,2349.0,3.98,2332.0,3.23,2410.0,6.68,2424.0,7.3,2403.0,6.37,2428.0,7.48,2421.0,7.17,2384.0,5.53,2433.0,2324.0,-0.3,1.08,0.34,3.7,4.3,3.4,4.48,4.17,2.58,4.69,1.0,2026/06/11,2026/06/12,2324.0,2.88,2317.0,2.57,2349.0,3.98,2332.0,3.23,2410.0,6.68,2424.0,7.3,2403.0,6.37,2428.0,7.48,2421.0,7.17,2384.0,5.53
Bull?,シダー,2435,東証ST,2026/06/10,2026/06/11,45.0,0.126,203.0,-1.93,14700.0,36.7,-0.129,下降(-1),-1.22,0.0,0.0,0.0,―,―,,204.0,0.49,18900.0,39.2,-0.117,下降(-1),-1.28,0.0,0.0,0.0,206.0,0.98,207.0,1.47,208.0,1.96,207.0,1.47,208.0,1.96,206.0,0.98,207.0,1.47,205.0,0.49,205.0,0.49,205.0,0.49,204.0,206.0,0.49,0.97,0.49,0.97,0.0,0.49,-0.49,-0.49,-0.49,-0.97,,,,,,,,,,,,,,,,,,,,,,,
Bull?,雨風太陽,5616,東証GR,2026/06/10,2026/06/11,45.0,0.342,663.0,-1.34,4600.0,36.5,-2.21,下降(-1),-6.43,0.0,1.0,0.0,―,―,,676.0,1.96,5400.0,40.3,-1.562,下降(-1),-6.44,0.0,0.0,0.0,672.0,-0.59,652.0,-3.55,624.0,-7.69,615.0,-9.02,604.0,-10.65,587.0,-13.17,597.0,-11.69,616.0,-8.88,623.0,-7.84,603.0,-10.8,607.0,672.0,-2.98,-7.14,-8.48,-10.12,-12.65,-11.16,-8.33,-7.29,-10.27,-9.67,,,,,,,,,,,,,,,,,,,,,,,
Bear?,ふくおかフィナンシャルグループ,8354,東証PR,2026/06/10,2026/06/11,45.0,0.886,6860.0,-0.95,766200.0,59.3,28.615,上昇(+1),2.04,0.0,0.0,1.0,―,―,,6690.0,-2.48,708900.0,52.9,17.506,上昇(+1),1.83,0.0,0.0,0.0,6867.0,2.65,6953.0,3.93,6861.0,2.56,6873.0,2.74,7149.0,6.86,6974.0,4.25,7099.0,6.11,6896.0,3.08,6849.0,2.38,6783.0,1.39,6861.0,6867.0,1.25,-0.09,0.09,4.11,1.56,3.38,0.42,-0.26,-1.22,-0.09,1.0,2026/06/19,2026/06/22,7099.0,1.79,6896.0,-1.12,6849.0,-1.79,6783.0,-2.74,6861.0,-1.62,,,,,,,,,,
Bear?,池田泉州ホールディングス,8714,東証PR,2026/06/10,2026/06/11,45.0,0.821,1018.0,-0.59,2059600.0,63.0,4.606,上昇(+1),3.12,0.0,0.0,1.0,―,―,,1006.0,-1.18,1064200.0,59.6,4.137,上昇(+1),3.13,0.0,0.0,0.0,1009.0,0.3,1027.0,2.09,1005.0,-0.1,992.0,-1.39,1000.0,-0.6,979.0,-2.68,974.0,-3.18,977.0,-2.88,955.0,-5.07,965.0,-4.08,975.0,1009.0,1.78,-0.4,-1.68,-0.89,-2.97,-3.47,-3.17,-5.35,-4.36,-3.37,1.0,2026/06/10,2026/06/11,1006.0,-1.18,1009.0,-0.88,1027.0,0.88,1005.0,-1.28,992.0,-2.55,1000.0,-1.77,979.0,-3.83,974.0,-4.32,977.0,-4.03,955.0,-6.19
Bear?,アールプランナー,2983,東証GR,2026/06/10,2026/06/11,40.0,0.697,1477.0,-2.51,258900.0,52.1,13.795,下降(-1),-5.62,0.0,0.0,1.0,―,―,,1426.0,-3.45,103100.0,46.7,11.605,下降(-1),-6.07,0.0,0.0,0.0,1388.0,-2.66,1435.0,0.63,1392.0,-2.38,1393.0,-2.31,1422.0,-0.28,1431.0,0.35,1412.0,-0.98,1410.0,-1.12,1425.0,-0.07,1398.0,-1.96,1430.0,1388.0,3.39,0.29,0.36,2.45,3.1,1.73,1.59,2.67,0.72,3.03,1.0,2026/06/10,2026/06/11,1426.0,-3.45,1388.0,-6.03,1435.0,-2.84,1392.0,-5.75,1393.0,-5.69,1422.0,-3.72,1431.0,-3.11,1412.0,-4.4,1410.0,-4.54,1425.0,-3.52
Bull?,アルバック,6728,東証PR,2026/06/10,2026/06/11,40.0,0.849,8213.0,-1.31,389600.0,35.0,-139.056,上昇(+1),1.34,0.0,0.0,0.0,Tier2,bull_div + MA75上昇 + RSI<50,,8236.0,0.28,459900.0,35.4,-130.479,上昇(+1),0.81,0.0,1.0,0.0,8827.0,7.18,9257.0,12.4,9018.0,9.49,9356.0,13.6,10045.0,21.96,10255.0,24.51,10290.0,24.94,9929.0,20.56,9927.0,20.53,10415.0,26.46,10215.0,8827.0,4.87,2.16,5.99,13.8,16.18,16.57,12.48,12.46,17.99,15.72,1.0,2026/06/11,2026/06/12,8827.0,7.18,9257.0,12.4,9018.0,9.49,9356.0,13.6,10045.0,21.96,10255.0,24.51,10290.0,24.94,9929.0,20.56,9927.0,20.53,10415.0,26.46
Bear?,共立メンテナンス,9616,東証PR,2026/06/10,2026/06/11,40.0,0.807,2652.0,1.22,794100.0,65.2,18.901,下降(-1),-3.17,0.0,0.0,0.0,Tier3,bear_div（全体）,,2618.0,-1.28,848000.0,60.9,17.962,下降(-1),-2.91,0.0,0.0,1.0,2622.5,0.17,2725.0,4.09,2729.0,4.24,2819.5,7.7,2834.0,8.25,2888.0,10.31,2885.0,10.2,2900.5,10.79,2926.5,11.78,2990.5,14.23,2951.5,2622.5,3.91,4.06,7.51,8.06,10.12,10.01,10.6,11.59,14.03,12.55,,,,,,,,,,,,,,,,,,,,,,,
Bear?,ジョイフル本田,3191,東証PR,2026/06/10,2026/06/11,38.0,0.857,2244.0,0.99,334400.0,62.8,5.498,揉み合い(0),0.31,0.0,0.0,1.0,―,―,,2238.0,-0.27,334600.0,61.4,5.437,揉み合い(0),0.33,0.0,0.0,0.0,2249.0,0.49,2230.0,-0.36,2220.0,-0.8,2211.0,-1.21,2180.0,-2.59,2233.0,-0.22,2176.0,-2.77,2174.0,-2.86,2175.0,-2.82,2193.0,-2.01,2230.0,2249.0,-0.84,-1.29,-1.69,-3.07,-0.71,-3.25,-3.33,-3.29,-2.49,-0.84,1.0,2026/06/10,2026/06/11,2238.0,-0.27,2249.0,0.22,2230.0,-0.62,2220.0,-1.07,2211.0,-1.47,2180.0,-2.85,2233.0,-0.49,2176.0,-3.03,2174.0,-3.12,2175.0,-3.07
Bull?,大伸化学,4629,東証ST,2026/06/10,2026/06/11,30.0,0.679,1827.0,-1.62,3900.0,39.9,-18.249,上昇(+1),3.0,0.0,0.0,0.0,Tier2,bull_div + MA75上昇 + RSI<50,,1835.0,0.44,2200.0,40.7,-17.575,上昇(+1),2.82,0.0,1.0,0.0,1839.0,0.22,1868.0,1.8,1877.0,2.29,1925.0,4.9,1981.0,7.96,1988.0,8.34,1900.0,3.54,1860.0,1.36,1920.0,4.63,1846.0,0.6,1852.0,1839.0,1.58,2.07,4.68,7.72,8.1,3.32,1.14,4.4,0.38,0.71,1.0,2026/06/11,2026/06/12,1839.0,0.22,1868.0,1.8,1877.0,2.29,1925.0,4.9,1981.0,7.96,1988.0,8.34,1900.0,3.54,1860.0,1.36,1920.0,4.63,1846.0,0.6
Bull?,和井田製作所,6158,東証ST,2026/06/10,2026/06/11,30.0,0.986,935.0,-0.74,3500.0,35.8,-6.66,上昇(+1),0.64,0.0,0.0,0.0,―,―,,949.0,1.5,1800.0,41.3,-5.648,揉み合い(0),0.23,0.0,0.0,0.0,937.0,-1.26,964.0,1.58,963.0,1.48,957.0,0.84,970.0,2.21,971.0,2.32,989.0,4.21,986.0,3.9,989.0,4.21,989.0,4.21,989.0,937.0,2.88,2.77,2.13,3.52,3.63,5.55,5.23,5.55,5.55,5.55,,,,,,,,,,,,,,,,,,,,,,,
Bear?,富士重工業,7270,東証PR,2026/06/10,2026/06/11,30.0,0.858,2536.0,0.52,4577600.0,57.5,13.904,下降(-1),-7.99,0.0,0.0,0.0,―,―,,2480.0,-2.21,4194500.0,51.0,10.756,下降(-1),-7.81,0.0,0.0,0.0,2474.0,-0.24,2568.0,3.55,2564.5,3.41,2582.5,4.13,2577.0,3.91,2440.5,-1.59,2427.5,-2.12,2391.5,-3.57,2375.0,-4.23,2401.5,-3.17,2401.0,2474.0,3.8,3.66,4.39,4.16,-1.35,-1.88,-3.33,-4.0,-2.93,-2.95,,,,,,,,,,,,,,,,,,,,,,,
日経,日経平均株価,0001,指数,2026/06/11,2026/06/12,,,64217.27,0.06,,53.3,-409.137,1.0,0.9,,,,,,,66020.04,2.81,,53.2,-342.838,1.0,0.89,,,,69317.5,4.99,69404.5,5.13,69902.25,5.88,71053.49,7.62,71250.06,7.92,72353.96,9.59,69788.38,5.71,69174.97,4.78,72366.34,9.61,69360.88,5.06,,,,,,,,,,,,,,,,,,,,,,,,,,,,,,,,,,,
Bull?,エリアリンク,8914,東証ST,2026/06/11,2026/06/12,80.0,0.313,877.0,-2.56,96000.0,29.2,-1.828,下降(-1),-4.12,0.0,0.0,0.0,Tier3,bull_div（全体）,,893.0,1.82,101600.0,34.8,-0.552,下降(-1),-4.34,0.0,1.0,0.0,888.0,-0.56,882.0,-1.23,903.0,1.12,898.0,0.56,896.0,0.34,861.0,-3.58,837.0,-6.27,810.0,-9.29,854.0,-4.37,843.0,-5.6,,888.0,-0.68,1.69,1.13,0.9,-3.04,-5.74,-8.78,-3.83,-5.07,,1.0,2026/06/12,2026/06/15,888.0,-0.56,882.0,-1.23,903.0,1.12,898.0,0.56,896.0,0.34,861.0,-3.58,837.0,-6.27,810.0,-9.29,854.0,-4.37,843.0,-5.6
Bull?,クオリプス,4894,東証GR,2026/06/11,2026/06/12,80.0,0.376,3690.0,-8.09,276200.0,17.2,-47.567,下降(-1),-13.69,0.0,1.0,0.0,―,―,,3835.0,3.93,172600.0,22.6,-34.394,下降(-1),-14.8,0.0,0.0,0.0,3830.0,-0.13,3780.0,-1.43,3960.0,3.26,4055.0,5.74,3860.0,0.65,3990.0,4.04,3780.0,-1.43,3715.0,-3.13,3900.0,1.69,3855.0,0.52,,3830.0,-1.31,3.39,5.87,0.78,4.18,-1.31,-3.0,1.83,0.65,,1.0,2026/06/11,2026/06/12,3835.0,3.93,3830.0,3.79,3780.0,2.44,3960.0,7.32,4055.0,9.89,3860.0,4.61,3990.0,8.13,3780.0,2.44,3715.0,0.68,3900.0,5.69
Bull?,サトー商会,9996,東証ST,2026/06/11,2026/06/12,80.0,0.508,1945.0,-2.51,900.0,27.8,-8.965,下降(-1),-2.67,0.0,0.0,0.0,―,―,,1975.0,1.54,500.0,33.5,-7.409,下降(-1),-2.78,0.0,0.0,0.0,1978.0,0.15,1970.0,-0.25,1964.0,-0.56,1950.0,-1.27,1979.0,0.2,1980.0,0.25,1973.0,-0.1,1944.0,-1.57,1955.0,-1.01,1936.0,-1.97,,1978.0,-0.4,-0.71,-1.42,0.05,0.1,-0.25,-1.72,-1.16,-2.12,,1.0,2026/06/18,2026/06/19,1979.0,1.49,1980.0,1.54,1973.0,1.18,1944.0,-0.31,1955.0,0.26,1936.0,-0.72,,,,,,,,
Bull?,丸紅建材リース,9763,東証ST,2026/06/11,2026/06/12,80.0,0.119,1160.0,-2.36,35600.0,29.6,-1.394,下降(-1),-5.93,0.0,1.0,0.0,―,―,,1174.0,1.21,20700.0,34.0,-0.842,下降(-1),-6.09,0.0,0.0,0.0,1188.0,1.19,1196.0,1.87,1197.0,1.96,1198.0,2.04,1194.0,1.7,1187.0,1.11,1171.0,-0.26,1186.0,1.02,1178.0,0.34,1183.0,0.77,,1188.0,0.67,0.76,0.84,0.51,-0.08,-1.43,-0.17,-0.84,-0.42,,1.0,2026/06/11,2026/06/12,1174.0,1.21,1188.0,2.41,1196.0,3.1,1197.0,3.19,1198.0,3.28,1194.0,2.93,1187.0,2.33,1171.0,0.95,1186.0,2.24,1178.0,1.55
Bull?,ビープラッツ,4381,東証GR,2026/06/11,2026/06/12,80.0,0.242,237.0,-5.2,14600.0,11.5,-5.283,下降(-1),-13.08,0.0,1.0,0.0,―,―,,243.0,2.53,36500.0,15.9,-4.532,下降(-1),-13.32,0.0,0.0,0.0,256.0,5.35,240.0,-1.23,250.0,2.88,256.0,5.35,256.0,5.35,245.0,0.82,230.0,-5.35,196.0,-19.34,194.0,-20.16,187.0,-23.05,,256.0,-6.25,-2.34,0.0,0.0,-4.3,-10.16,-23.44,-24.22,-26.95,,1.0,2026/06/11,2026/06/12,243.0,2.53,256.0,8.02,240.0,1.27,250.0,5.49,256.0,8.02,256.0,8.02,245.0,3.38,230.0,-2.95,196.0,-17.3,194.0,-18.14
Bear?,フジオフードシステム,2752,東証PR,2026/06/11,2026/06/12,80.0,0.909,1175.0,0.69,167800.0,80.3,2.557,上昇(+1),1.76,1.0,0.0,1.0,―,―,,1175.0,0.0,108000.0,80.3,2.527,上昇(+1),1.86,0.0,0.0,0.0,1173.0,-0.17,1170.0,-0.43,1170.0,-0.43,1167.0,-0.68,1172.0,-0.26,1170.0,-0.43,1164.0,-0.94,1162.0,-1.11,1162.0,-1.11,1158.0,-1.45,,1173.0,-0.26,-0.26,-0.51,-0.09,-0.26,-0.77,-0.94,-0.94,-1.28,,1.0,2026/06/11,2026/06/12,1175.0,0.0,1173.0,-0.17,1170.0,-0.43,1170.0,-0.43,1167.0,-0.68,1172.0,-0.26,1170.0,-0.43,1164.0,-0.94,1162.0,-1.11,1162.0,-1.11
Bull?,阿波製紙,3896,東証ST,2026/06/11,2026/06/12,80.0,0.653,347.0,-5.96,96900.0,28.5,-5.786,下降(-1),-2.75,0.0,1.0,0.0,―,―,,355.0,2.31,44000.0,32.4,-5.763,下降(-1),-2.98,0.0,0.0,0.0,365.0,2.82,365.0,2.82,370.0,4.23,361.0,1.69,357.0,0.56,362.0,1.97,361.0,1.69,352.0,-0.85,354.0,-0.28,355.0,0.0,,365.0,0.0,1.37,-1.1,-2.19,-0.82,-1.1,-3.56,-3.01,-2.74,,1.0,2026/06/11,2026/06/12,355.0,2.31,365.0,5.19,365.0,5.19,370.0,6.63,361.0,4.03,357.0,2.88,362.0,4.32,361.0,4.03,352.0,1.44,354.0,2.02
Bull?,リベルタ,4935,東証ST,2026/06/11,2026/06/12,80.0,0.682,189.0,-3.08,905800.0,27.6,-2.456,下降(-1),-6.51,0.0,1.0,0.0,―,―,,202.0,6.88,1842800.0,35.2,-1.585,下降(-1),-6.83,0.0,0.0,0.0,213.0,5.45,213.0,5.45,224.0,10.89,224.0,10.89,227.0,12.38,229.0,13.37,213.0,5.45,219.0,8.42,214.0,5.94,207.0,2.48,,213.0,0.0,5.16,5.16,6.57,7.51,0.0,2.82,0.47,-2.82,,1.0,2026/06/11,2026/06/12,202.0,6.88,213.0,12.7,213.0,12.7,224.0,18.52,224.0,18.52,227.0,20.11,229.0,21.16,213.0,12.7,219.0,15.87,214.0,13.23
Bull?,ヤマト,1967,東証ST,2026/06/11,2026/06/12,80.0,0.58,1951.0,-4.5,97800.0,29.1,-12.179,下降(-1),-2.53,0.0,1.0,0.0,―,―,,2015.0,3.28,76900.0,39.1,-10.594,下降(-1),-2.62,0.0,0.0,0.0,2027.0,0.6,2003.0,-0.6,2000.0,-0.74,2075.0,2.98,2028.0,0.65,2011.0,-0.2,1971.0,-2.18,1970.0,-2.23,2000.0,-0.74,2024.0,0.45,,2027.0,-1.18,-1.33,2.37,0.05,-0.79,-2.76,-2.81,-1.33,-0.15,,1.0,2026/06/11,2026/06/12,2015.0,3.28,2027.0,3.9,2003.0,2.67,2000.0,2.51,2075.0,6.36,2028.0,3.95,2011.0,3.08,1971.0,1.03,1970.0,0.97,2000.0,2.51
Bull?,アクモス,6888,東証ST,2026/06/11,2026/06/12,70.0,0.313,514.0,0.39,21100.0,33.7,-1.216,下降(-1),-1.38,0.0,1.0,0.0,―,―,,515.0,0.19,15000.0,35.0,-1.074,下降(-1),-1.38,0.0,0.0,0.0,512.0,-0.58,512.0,-0.58,514.0,-0.19,514.0,-0.19,513.0,-0.39,515.0,0.0,512.0,-0.58,520.0,0.97,519.0,0.78,511.0,-0.78,,512.0,0.0,0.39,0.39,0.2,0.59,0.0,1.56,1.37,-0.2,,1.0,2026/06/11,2026/06/12,515.0,0.19,512.0,-0.39,512.0,-0.39,514.0,0.0,514.0,0.0,513.0,-0.19,515.0,0.19,512.0,-0.39,520.0,1.17,519.0,0.97
Bull?,技研製作所,6289,東証PR,2026/06/11,2026/06/12,70.0,0.201,1721.0,-0.64,79300.0,34.2,-2.537,下降(-1),-4.46,0.0,1.0,0.0,―,―,,1739.0,1.05,58700.0,39.0,-1.239,下降(-1),-4.75,0.0,0.0,0.0,1811.0,4.14,1788.0,2.82,1805.0,3.8,1804.0,3.74,1784.0,2.59,1766.0,1.55,1714.0,-1.44,1719.0,-1.15,1715.0,-1.38,1733.0,-0.35,,1811.0,-1.27,-0.33,-0.39,-1.49,-2.48,-5.36,-5.08,-5.3,-4.31,,1.0,2026/06/11,2026/06/12,1739.0,1.05,1811.0,5.23,1788.0,3.89,1805.0,4.88,1804.0,4.82,1784.0,3.66,1766.0,2.61,1714.0,-0.41,1719.0,-0.12,1715.0,-0.35
Bull?,小林産業,8077,東証ST,2026/06/11,2026/06/12,70.0,0.86,199.0,-1.97,22400.0,30.7,-0.417,下降(-1),-2.26,0.0,1.0,0.0,―,―,,203.0,2.01,18200.0,41.9,-0.306,下降(-1),-2.15,0.0,0.0,0.0,201.0,-0.99,202.0,-0.49,203.0,0.0,202.0,-0.49,204.0,0.49,204.0,0.49,203.0,0.0,205.0,0.99,206.0,1.48,206.0,1.48,,201.0,0.5,1.0,0.5,1.49,1.49,1.0,1.99,2.49,2.49,,1.0,2026/06/11,2026/06/12,203.0,2.01,201.0,1.01,202.0,1.51,203.0,2.01,202.0,1.51,204.0,2.51,204.0,2.51,203.0,2.01,205.0,3.02,206.0,3.52
Bull?,ＳＪＩ,2315,東証ST,2026/06/11,2026/06/12,70.0,0.454,55.0,0.0,2619300.0,31.4,-0.446,下降(-1),-11.43,0.0,0.0,0.0,―,―,,55.0,0.0,2839700.0,31.4,-0.437,下降(-1),-11.39,0.0,0.0,0.0,56.0,1.82,59.0,7.27,61.0,10.91,62.0,12.73,59.0,7.27,56.0,1.82,55.0,0.0,54.0,-1.82,54.0,-1.82,55.0,0.0,,56.0,5.36,8.93,10.71,5.36,0.0,-1.79,-3.57,-3.57,-1.79,,,,,,,,,,,,,,,,,,,,,,,,
Bull?,玉井商船,9127,東証ST,2026/06/11,2026/06/12,70.0,0.105,2704.0,-0.18,7000.0,32.7,-18.09,下降(-1),-5.54,0.0,1.0,0.0,―,―,,2749.0,1.66,6300.0,36.6,-15.939,下降(-1),-5.86,0.0,0.0,0.0,2764.0,0.55,2759.0,0.36,2787.0,1.38,2789.0,1.46,2814.0,2.36,2804.0,2.0,2775.0,0.95,2774.0,0.91,2763.0,0.51,2702.0,-1.71,,2764.0,-0.18,0.83,0.9,1.81,1.45,0.4,0.36,-0.04,-2.24,,1.0,2026/06/11,2026/06/12,2749.0,1.66,2764.0,2.22,2759.0,2.03,2787.0,3.07,2789.0,3.14,2814.0,4.07,2804.0,3.7,2775.0,2.63,2774.0,2.59,2763.0,2.18
Bull?,東京電力,9501,東証PR,2026/06/11,2026/06/12,70.0,0.743,495.0,-3.32,42385200.0,31.3,-4.665,下降(-1),-3.75,0.0,0.0,0.0,―,―,,509.0,2.83,33012400.0,36.4,-4.071,下降(-1),-3.92,0.0,0.0,0.0,531.3,4.38,513.5,0.88,508.1,-0.18,510.3,0.26,514.0,0.98,477.5,-6.19,470.6,-7.54,470.7,-7.52,481.2,-5.46,456.6,-10.29,,531.3,-3.35,-4.37,-3.95,-3.26,-10.13,-11.42,-11.41,-9.43,-14.06,,,,,,,,,,,,,,,,,,,,,,,,
Bull?,デリカフーズ,3392,東証ST,2026/06/11,2026/06/12,70.0,0.319,787.0,-2.24,39300.0,33.3,-1.74,下降(-1),-2.42,0.0,1.0,0.0,―,―,,797.0,1.27,10900.0,38.2,-1.069,下降(-1),-2.42,0.0,0.0,0.0,810.0,1.63,806.0,1.13,815.0,2.26,811.0,1.76,826.0,3.64,837.0,5.02,813.0,2.01,823.0,3.26,824.0,3.39,823.0,3.26,,810.0,-0.49,0.62,0.12,1.98,3.33,0.37,1.6,1.73,1.6,,1.0,2026/06/11,2026/06/12,797.0,1.27,810.0,2.92,806.0,2.41,815.0,3.56,811.0,3.05,826.0,4.96,837.0,6.35,813.0,3.3,823.0,4.57,824.0,4.7
Bull?,エイトレッド,3969,東証ST,2026/06/11,2026/06/12,70.0,0.44,1314.0,-1.13,26000.0,34.5,-2.327,下降(-1),-2.03,0.0,0.0,0.0,Tier3,bull_div（全体）,,1320.0,0.46,31300.0,37.3,-1.927,下降(-1),-2.02,0.0,1.0,0.0,1324.0,0.3,1328.0,0.61,1351.0,2.35,1376.0,4.24,1350.0,2.27,1349.0,2.2,1337.0,1.29,1345.0,1.89,1333.0,0.98,1342.0,1.67,,1324.0,0.3,2.04,3.93,1.96,1.89,0.98,1.59,0.68,1.36,,1.0,2026/06/12,2026/06/15,1324.0,0.3,1328.0,0.61,1351.0,2.35,1376.0,4.24,1350.0,2.27,1349.0,2.2,1337.0,1.29,1345.0,1.89,1333.0,0.98,1342.0,1.67
Bull?,伊勢化学工業,4107,東証ST,2026/06/11,2026/06/12,65.0,0.372,3680.0,-5.88,349300.0,29.8,-22.617,下降(-1),-10.96,0.0,0.0,0.0,―,―,,3825.0,3.94,235600.0,35.4,-18.428,下降(-1),-11.39,0.0,0.0,0.0,3815.0,-0.26,3690.0,-3.53,3815.0,-0.26,3755.0,-1.83,3910.0,2.22,3955.0,3.4,3720.0,-2.75,3660.0,-4.31,3685.0,-3.66,4385.0,14.64,,3815.0,-3.28,0.0,-1.57,2.49,3.67,-2.49,-4.06,-3.41,14.94,,,,,,,,,,,,,,,,,,,,,,,,
Bull?,日本電線工業,5817,東証ST,2026/06/11,2026/06/12,65.0,0.56,850.0,-4.06,57000.0,29.6,-6.565,下降(-1),-3.15,0.0,1.0,0.0,―,―,,849.0,-0.12,106500.0,29.5,-5.93,下降(-1),-3.52,0.0,0.0,0.0,901.0,6.12,910.0,7.18,920.0,8.36,899.0,5.89,1049.0,23.56,1261.0,48.53,1078.0,26.97,999.0,17.67,1006.0,18.49,922.0,8.6,,901.0,1.0,2.11,-0.22,16.43,39.96,19.64,10.88,11.65,2.33,,1.0,2026/06/11,2026/06/12,849.0,-0.12,901.0,6.0,910.0,7.06,920.0,8.24,899.0,5.76,1049.0,23.41,1261.0,48.35,1078.0,26.82,999.0,17.53,1006.0,18.35
Bear?,ユー・エス・エス,4732,東証PR,2026/06/11,2026/06/12,65.0,0.823,1900.0,-0.73,1162400.0,70.0,13.061,上昇(+1),0.64,0.0,0.0,1.0,―,―,,1877.0,-1.21,1271800.0,64.5,10.791,上昇(+1),0.63,0.0,0.0,0.0,1861.0,-0.85,1863.5,-0.72,1876.5,-0.03,1889.5,0.67,1888.5,0.61,1890.5,0.72,1908.5,1.68,1870.0,-0.37,1906.5,1.57,1927.5,2.69,,1861.0,0.13,0.83,1.53,1.48,1.59,2.55,0.48,2.44,3.57,,1.0,2026/06/11,2026/06/12,1877.0,-1.18,1861.0,-2.03,1863.5,-1.9,1876.5,-1.21,1889.5,-0.53,1888.5,-0.58,1890.5,-0.47,1908.5,0.47,1870.0,-1.55,1906.5,0.37
Bull?,弁護士ドットコム,6027,東証PR,2026/06/11,2026/06/12,65.0,0.894,2109.0,-2.86,99100.0,24.9,-28.399,下降(-1),-3.05,0.0,1.0,0.0,―,―,,2106.0,-0.14,115300.0,24.7,-26.482,下降(-1),-2.98,0.0,0.0,0.0,2081.0,-1.19,2105.0,-0.05,2134.0,1.33,2130.0,1.14,2236.0,6.17,2196.0,4.27,2087.0,-0.9,2065.0,-1.95,2009.0,-4.61,2050.0,-2.66,,2081.0,1.15,2.55,2.35,7.45,5.53,0.29,-0.77,-3.46,-1.49,,1.0,2026/06/15,2026/06/16,2105.0,1.15,2134.0,2.55,2130.0,2.35,2236.0,7.45,2196.0,5.53,2087.0,0.29,2065.0,-0.77,2009.0,-3.46,2050.0,-1.49,,
Bull?,ハイレックスコーポレーション,7279,東証ST,2026/06/11,2026/06/12,65.0,0.278,2068.0,-3.77,107400.0,22.4,-19.777,下降(-1),-10.09,0.0,1.0,0.0,―,―,,2076.0,0.39,90600.0,23.3,-19.345,下降(-1),-10.48,0.0,0.0,0.0,2159.0,4.0,2196.0,5.78,2203.0,6.12,2182.0,5.11,2164.0,4.24,2140.0,3.08,2077.0,0.05,2047.0,-1.4,2014.0,-2.99,2023.0,-2.55,,2159.0,1.71,2.04,1.07,0.23,-0.88,-3.8,-5.19,-6.72,-6.3,,1.0,2026/06/11,2026/06/12,2076.0,0.39,2159.0,4.4,2196.0,6.19,2203.0,6.53,2182.0,5.51,2164.0,4.64,2140.0,3.48,2077.0,0.44,2047.0,-1.02,2014.0,-2.61
Bear?,くろがね工作所,7997,東証ST,2026/06/11,2026/06/12,65.0,0.176,1005.0,0.0,600.0,54.4,0.966,上昇(+1),1.24,0.0,0.0,0.0,―,―,,995.0,-1.0,2200.0,51.5,0.436,上昇(+1),1.2,0.0,0.0,0.0,987.0,-0.8,982.0,-1.31,985.0,-1.01,997.0,0.2,996.0,0.1,1008.0,1.31,987.0,-0.8,997.0,0.2,1006.0,1.11,1000.0,0.5,,987.0,-0.51,-0.2,1.01,0.91,2.13,0.0,1.01,1.93,1.32,,,,,,,,,,,,,,,,,,,,,,,,
Bull?,フリークアウト,6094,東証GR,2026/06/11,2026/06/12,65.0,0.805,520.0,-6.31,248400.0,26.5,-10.329,上昇(+1),2.26,0.0,1.0,0.0,―,―,,530.0,1.92,178800.0,29.6,-9.77,上昇(+1),1.45,0.0,0.0,0.0,532.0,0.38,522.0,-1.51,525.0,-0.94,534.0,0.75,524.0,-1.13,530.0,0.0,528.0,-0.38,517.0,-2.45,517.0,-2.45,504.0,-4.91,,532.0,-1.88,-1.32,0.38,-1.5,-0.38,-0.75,-2.82,-2.82,-5.26,,1.0,2026/06/11,2026/06/12,530.0,1.92,532.0,2.31,522.0,0.38,525.0,0.96,534.0,2.69,524.0,0.77,530.0,1.92,528.0,1.54,517.0,-0.58,517.0,-0.58
Bull?,コパ・コーポレーション,7689,東証GR,2026/06/11,2026/06/12,65.0,0.622,360.0,-1.64,500.0,22.6,-3.093,下降(-1),-2.81,0.0,0.0,0.0,Tier2,bull_div + RSI<30,,363.0,0.83,4200.0,25.6,-2.791,下降(-1),-3.02,0.0,1.0,0.0,343.0,-5.51,336.0,-7.44,333.0,-8.26,332.0,-8.54,306.0,-15.7,305.0,-15.98,301.0,-17.08,300.0,-17.36,312.0,-14.05,295.0,-18.73,,343.0,-2.04,-2.92,-3.21,-10.79,-11.08,-12.24,-12.54,-9.04,-13.99,,1.0,2026/06/26,,,,,,,,,,,,,,,,,,,,,
Bull?,日本精密,7771,東証ST,2026/06/11,2026/06/12,65.0,0.13,285.0,-5.0,189300.0,28.7,-4.568,下降(-1),-7.67,0.0,1.0,0.0,―,―,,330.0,15.79,3148600.0,45.8,-1.645,下降(-1),-8.27,0.0,0.0,0.0,316.0,-4.24,320.0,-3.03,322.0,-2.42,318.0,-3.64,314.0,-4.85,340.0,3.03,315.0,-4.55,322.0,-2.42,318.0,-3.64,317.0,-3.94,,316.0,1.27,1.9,0.63,-0.63,7.59,-0.32,1.9,0.63,0.32,,1.0,2026/06/11,2026/06/12,330.0,15.79,316.0,10.88,320.0,12.28,322.0,12.98,318.0,11.58,314.0,10.18,340.0,19.3,315.0,10.53,322.0,12.98,318.0,11.58
Bull?,東京計器,7721,東証PR,2026/06/11,2026/06/12,65.0,0.653,5040.0,-2.14,321100.0,28.4,-54.899,下降(-1),-4.46,0.0,1.0,0.0,―,―,,5050.0,0.2,263000.0,28.7,-51.503,下降(-1),-5.01,0.0,0.0,0.0,5220.0,3.37,5290.0,4.75,5830.0,15.45,6070.0,20.2,6330.0,25.35,6840.0,35.45,6260.0,23.96,6330.0,25.35,6420.0,27.13,6150.0,21.78,,5220.0,1.34,11.69,16.28,21.26,31.03,19.92,21.26,22.99,17.82,,1.0,2026/06/11,2026/06/12,5050.0,0.2,5220.0,3.57,5290.0,4.96,5830.0,15.67,6070.0,20.44,6330.0,25.6,6840.0,35.71,6260.0,24.21,6330.0,25.6,6420.0,27.38
Bull?,中外鉱業,1491,東証ST,2026/06/11,2026/06/12,65.0,0.096,639.0,-3.03,64100.0,24.5,-1.182,下降(-1),-9.51,0.0,1.0,0.0,―,―,,650.0,1.72,47500.0,27.9,-0.685,下降(-1),-9.66,0.0,0.0,0.0,673.0,3.54,689.0,6.0,700.0,7.69,688.0,5.85,667.0,2.62,673.0,3.54,652.0,0.31,644.0,-0.92,651.0,0.15,642.0,-1.23,,673.0,2.38,4.01,2.23,-0.89,0.0,-3.12,-4.31,-3.27,-4.61,,1.0,2026/06/11,2026/06/12,650.0,1.72,673.0,5.32,689.0,7.82,700.0,9.55,688.0,7.67,667.0,4.38,673.0,5.32,652.0,2.03,644.0,0.78,651.0,1.88
Bull?,オープンドア,3926,東証PR,2026/06/11,2026/06/12,65.0,0.244,226.0,-1.74,45300.0,25.5,-1.524,下降(-1),-5.48,0.0,0.0,0.0,―,―,,240.0,6.19,44700.0,36.5,-0.707,下降(-1),-5.81,0.0,0.0,0.0,261.0,8.75,285.0,18.75,286.0,19.17,300.0,25.0,307.0,27.92,299.0,24.58,287.0,19.58,268.0,11.67,288.0,20.0,291.0,21.25,,261.0,9.2,9.58,14.94,17.62,14.56,9.96,2.68,10.34,11.49,,,,,,,,,,,,,,,,,,,,,,,,
Bear?,マーケットエンタープライズ,3135,東証PR,2026/06/11,2026/06/12,65.0,0.939,1407.0,1.96,76400.0,76.5,20.914,下降(-1),-3.21,1.0,0.0,0.0,Tier1,bear_div + MA75下降 + RSI>70,,1395.0,-0.85,26000.0,73.9,19.948,下降(-1),-2.42,0.0,0.0,1.0,1389.0,-0.43,1365.0,-2.15,1374.0,-1.51,1442.0,3.37,1414.0,1.36,1433.0,2.72,1427.0,2.29,1424.0,2.08,1419.0,1.72,1385.0,-0.72,,1389.0,-1.73,-1.08,3.82,1.8,3.17,2.74,2.52,2.16,-0.29,,1.0,2026/06/23,2026/06/24,1424.0,-0.21,1419.0,-0.56,1385.0,-2.94,,,,,,,,,,,,,,
Bull?,日本車輌製造,7102,東証PR,2026/06/11,2026/06/12,65.0,0.458,3085.0,-2.06,35300.0,28.9,-9.035,下降(-1),-5.26,0.0,1.0,0.0,―,―,,3110.0,0.81,30700.0,31.9,-6.896,下降(-1),-5.54,0.0,0.0,0.0,3240.0,4.18,3200.0,2.89,3230.0,3.86,3280.0,5.47,3275.0,5.31,3255.0,4.66,3190.0,2.57,3100.0,-0.32,3120.0,0.32,3130.0,0.64,,3240.0,-1.23,-0.31,1.23,1.08,0.46,-1.54,-4.32,-3.7,-3.4,,1.0,2026/06/11,2026/06/12,3110.0,0.81,3240.0,5.02,3200.0,3.73,3230.0,4.7,3280.0,6.32,3275.0,6.16,3255.0,5.51,3190.0,3.4,3100.0,0.49,3120.0,1.13
Bull?,テリロジーホールディングス,5133,東証ST,2026/06/11,2026/06/12,65.0,0.923,272.0,-1.09,70200.0,28.0,-3.601,下降(-1),-1.59,0.0,1.0,0.0,―,―,,279.0,2.57,84500.0,33.6,-3.03,下降(-1),-1.92,0.0,0.0,0.0,281.0,0.72,277.0,-0.72,284.0,1.79,285.0,2.15,278.0,-0.36,280.0,0.36,276.0,-1.08,278.0,-0.36,277.0,-0.72,274.0,-1.79,,281.0,-1.42,1.07,1.42,-1.07,-0.36,-1.78,-1.07,-1.42,-2.49,,1.0,2026/06/11,2026/06/12,279.0,2.57,281.0,3.31,277.0,1.84,284.0,4.41,285.0,4.78,278.0,2.21,280.0,2.94,276.0,1.47,278.0,2.21,277.0,1.84
Bull?,一蔵,6186,東証ST,2026/06/11,2026/06/12,60.0,0.886,371.0,-0.27,5600.0,44.5,-0.272,下降(-1),-0.99,0.0,0.0,0.0,―,―,,372.0,0.27,2000.0,46.5,-0.218,下降(-1),-1.0,0.0,0.0,0.0,374.0,0.54,372.0,0.0,375.0,0.81,376.0,1.08,373.0,0.27,369.0,-0.81,374.0,0.54,372.0,0.0,372.0,0.0,375.0,0.81,,374.0,-0.53,0.27,0.53,-0.27,-1.34,0.0,-0.53,-0.53,0.27,,,,,,,,,,,,,,,,,,,,,,,,
Bull?,プロレド・パートナーズ,7034,東証PR,2026/06/11,2026/06/12,60.0,0.832,365.0,2.82,44000.0,39.7,-1.155,下降(-1),-8.61,0.0,0.0,0.0,―,―,,368.0,0.82,29400.0,41.2,-1.043,下降(-1),-8.53,0.0,0.0,0.0,370.0,0.54,350.0,-4.89,381.0,3.53,381.0,3.53,361.0,-1.9,361.0,-1.9,347.0,-5.71,341.0,-7.34,337.0,-8.42,333.0,-9.51,,370.0,-5.41,2.97,2.97,-2.43,-2.43,-6.22,-7.84,-8.92,-10.0,,,,,,,,,,,,,,,,,,,,,,,,
Bull?,日亜鋼業,5658,東証ST,2026/06/11,2026/06/12,60.0,0.211,343.0,-2.0,30500.0,35.2,-0.561,下降(-1),-2.48,0.0,1.0,0.0,―,―,,347.0,1.17,13600.0,40.4,-0.532,下降(-1),-2.55,0.0,0.0,0.0,353.0,1.73,349.0,0.58,349.0,0.58,350.0,0.86,354.0,2.02,355.0,2.31,356.0,2.59,349.0,0.58,350.0,0.86,346.0,-0.29,,353.0,-1.13,-1.13,-0.85,0.28,0.57,0.85,-1.13,-0.85,-1.98,,1.0,2026/06/11,2026/06/12,347.0,1.17,353.0,2.92,349.0,1.75,349.0,1.75,350.0,2.04,354.0,3.21,355.0,3.5,356.0,3.79,349.0,1.75,350.0,2.04
Bull?,東京コスモス電機,6772,東証ST,2026/06/11,2026/06/12,60.0,0.872,1076.0,-1.28,8900.0,36.0,-8.322,下降(-1),-6.21,0.0,1.0,0.0,―,―,,1079.0,0.28,3400.0,36.6,-7.957,下降(-1),-6.28,0.0,0.0,0.0,1092.0,1.2,1111.0,2.97,1101.0,2.04,1157.0,7.23,1130.0,4.73,1115.0,3.34,1090.0,1.02,1090.0,1.02,1100.0,1.95,1101.0,2.04,,1092.0,1.74,0.82,5.95,3.48,2.11,-0.18,-0.18,0.73,0.82,,1.0,2026/06/11,2026/06/12,1079.0,0.28,1092.0,1.49,1111.0,3.25,1101.0,2.32,1157.0,7.53,1130.0,5.02,1115.0,3.62,1090.0,1.3,1090.0,1.3,1100.0,2.23
Bull?,マーチャント・バンカーズ,3121,東証ST,2026/06/11,2026/06/12,60.0,0.383,213.0,-1.84,106600.0,41.5,-0.907,下降(-1),-1.1,0.0,1.0,0.0,―,―,,219.0,2.82,36600.0,48.7,-0.761,下降(-1),-1.02,0.0,0.0,0.0,213.0,-2.74,218.0,-0.46,214.0,-2.28,215.0,-1.83,213.0,-2.74,211.0,-3.65,215.0,-1.83,217.0,-0.91,215.0,-1.83,214.0,-2.28,,213.0,2.35,0.47,0.94,0.0,-0.94,0.94,1.88,0.94,0.47,,1.0,2026/06/11,2026/06/12,219.0,2.82,213.0,0.0,218.0,2.35,214.0,0.47,215.0,0.94,213.0,0.0,211.0,-0.94,215.0,0.94,217.0,1.88,215.0,0.94
Bull?,エスケーアイ,9446,東証ST,2026/06/11,2026/06/12,60.0,0.385,654.0,-1.36,21800.0,37.4,-1.782,下降(-1),-0.93,0.0,1.0,0.0,―,―,,660.0,0.92,4500.0,41.1,-1.778,下降(-1),-1.03,0.0,0.0,0.0,664.0,0.61,661.0,0.15,664.0,0.61,666.0,0.91,667.0,1.06,666.0,0.91,662.0,0.3,674.0,2.12,675.0,2.27,670.0,1.52,,664.0,-0.45,0.0,0.3,0.45,0.3,-0.3,1.51,1.66,0.9,,1.0,2026/06/15,2026/06/16,661.0,-0.45,664.0,0.0,666.0,0.3,667.0,0.45,666.0,0.3,662.0,-0.3,674.0,1.51,675.0,1.66,670.0,0.9,,
Bull?,タンゴヤ,7126,東証ST,2026/06/11,2026/06/12,58.0,0.509,1490.0,-0.67,2500.0,25.3,-2.998,揉み合い(0),-0.12,0.0,1.0,0.0,―,―,,1490.0,0.0,2300.0,25.3,-2.874,揉み合い(0),-0.16,0.0,0.0,0.0,1511.0,1.41,1517.0,1.81,1529.0,2.62,1516.0,1.74,1529.0,2.62,1520.0,2.01,1517.0,1.81,1515.0,1.68,1504.0,0.94,1510.0,1.34,,1511.0,0.4,1.19,0.33,1.19,0.6,0.4,0.26,-0.46,-0.07,,1.0,2026/06/11,2026/06/12,1490.0,0.0,1511.0,1.41,1517.0,1.81,1529.0,2.62,1516.0,1.74,1529.0,2.62,1520.0,2.01,1517.0,1.81,1515.0,1.68,1504.0,0.94
Bull?,タカヨシ,9259,東証GR,2026/06/11,2026/06/12,55.0,0.049,775.0,-0.9,14600.0,33.8,-0.94,下降(-1),-1.03,0.0,0.0,0.0,―,―,,785.0,1.29,6600.0,36.9,-0.038,下降(-1),-1.27,0.0,0.0,0.0,779.0,-0.76,774.0,-1.4,774.0,-1.4,782.0,-0.38,788.0,0.38,770.0,-1.91,780.0,-0.64,779.0,-0.76,784.0,-0.13,765.0,-2.55,,779.0,-0.64,-0.64,0.39,1.16,-1.16,0.13,0.0,0.64,-1.8,,,,,,,,,,,,,,,,,,,,,,,,
Bull?,アズマハウス,3293,東証ST,2026/06/11,2026/06/12,55.0,0.924,756.0,-0.26,2500.0,30.6,-0.398,下降(-1),-0.71,0.0,0.0,0.0,―,―,,758.0,0.26,1600.0,35.9,-0.271,下降(-1),-0.74,0.0,0.0,0.0,761.0,0.4,759.0,0.13,761.0,0.4,763.0,0.66,761.0,0.4,760.0,0.26,761.0,0.4,761.0,0.4,760.0,0.26,757.0,-0.13,,761.0,-0.26,0.0,0.26,0.0,-0.13,0.0,0.0,-0.13,-0.53,,,,,,,,,,,,,,,,,,,,,,,,
Bull?,インフォマート,2492,東証PR,2026/06/11,2026/06/12,55.0,0.167,354.0,-0.84,1780100.0,33.2,-1.305,下降(-1),-2.79,0.0,0.0,0.0,Tier3,bull_div（全体）,,364.0,2.82,2800100.0,39.6,-0.573,下降(-1),-2.66,0.0,1.0,0.0,377.0,3.57,371.0,1.92,398.0,9.34,400.0,9.89,403.0,10.71,393.0,7.97,372.0,2.2,371.0,1.92,366.0,0.55,356.0,-2.2,,377.0,-1.59,5.57,6.1,6.9,4.24,-1.33,-1.59,-2.92,-5.57,,1.0,2026/06/12,2026/06/15,377.0,3.57,371.0,1.92,398.0,9.34,400.0,9.89,403.0,10.71,393.0,7.97,372.0,2.2,371.0,1.92,366.0,0.55,356.0,-2.2
Bull?,アークン,3927,東証GR,2026/06/11,2026/06/12,55.0,0.21,864.0,-1.82,152600.0,33.6,-6.035,上昇(+1),1.15,0.0,0.0,0.0,―,―,,888.0,2.78,30800.0,38.3,-4.973,上昇(+1),0.91,0.0,0.0,0.0,882.0,-0.68,902.0,1.58,930.0,4.73,968.0,9.01,994.0,11.94,1040.0,17.12,1022.0,15.09,992.0,11.71,1002.0,12.84,960.0,8.11,,882.0,2.27,5.44,9.75,12.7,17.91,15.87,12.47,13.61,8.84,,,,,,,,,,,,,,,,,,,,,,,,
Bull?,デジタル・インフォメーション・テクノロジー,3916,東証PR,2026/06/11,2026/06/12,55.0,0.173,813.0,-0.85,75900.0,31.3,-1.486,下降(-1),-9.8,0.0,0.0,0.0,Tier3,bull_div（全体）,,809.0,-0.49,113000.0,30.4,-1.477,下降(-1),-9.56,0.0,1.0,0.0,800.0,-1.11,797.0,-1.48,800.0,-1.11,810.0,0.12,806.0,-0.37,810.0,0.12,797.0,-1.48,805.0,-0.49,802.0,-0.87,812.0,0.37,,800.0,-0.38,0.0,1.25,0.75,1.25,-0.38,0.62,0.25,1.5,,1.0,2026/06/16,2026/06/17,800.0,0.38,810.0,1.63,806.0,1.13,810.0,1.63,797.0,0.0,805.0,1.0,802.0,0.63,812.0,1.88,,,,
Bull?,北の達人コーポレーション,2930,東証PR,2026/06/11,2026/06/12,55.0,0.571,119.0,0.0,311500.0,34.8,-0.432,下降(-1),-3.98,0.0,1.0,0.0,―,―,,119.0,0.0,358700.0,34.8,-0.398,下降(-1),-4.02,0.0,0.0,0.0,119.0,0.0,118.0,-0.84,119.0,0.0,119.0,0.0,115.0,-3.36,114.0,-4.2,114.0,-4.2,113.0,-5.04,114.0,-4.2,114.0,-4.2,,119.0,-0.84,0.0,0.0,-3.36,-4.2,-4.2,-5.04,-4.2,-4.2,,1.0,2026/06/23,2026/06/24,113.0,-0.88,114.0,0.0,114.0,0.0,,,,,,,,,,,,,,
Bull?,ＩＨＩ,7013,東証PR,2026/06/11,2026/06/12,55.0,0.67,2358.0,-3.36,16053100.0,31.2,-12.864,下降(-1),-8.86,0.0,1.0,0.0,―,―,,2430.0,3.05,15452000.0,36.2,-9.331,下降(-1),-9.18,0.0,0.0,0.0,2705.0,11.32,2774.5,14.18,2916.5,20.02,2866.0,17.94,2817.0,15.93,2816.5,15.91,2717.5,11.83,2782.5,14.51,2719.0,11.89,2672.5,9.98,,2705.0,2.57,7.82,5.95,4.14,4.12,0.46,2.87,0.52,-1.2,,1.0,2026/06/11,2026/06/12,2430.0,3.05,2705.0,14.72,2774.5,17.66,2916.5,23.69,2866.0,21.54,2817.0,19.47,2816.5,19.44,2717.5,15.25,2782.5,18.0,2719.0,15.31
Bull?,助川電気工業,7711,東証ST,2026/06/11,2026/06/12,55.0,0.426,4635.0,-1.59,66200.0,34.0,-31.681,下降(-1),-10.11,0.0,1.0,0.0,―,―,,4825.0,4.1,74600.0,39.0,-24.638,下降(-1),-10.31,0.0,0.0,0.0,4830.0,0.1,4945.0,2.49,5650.0,17.1,5470.0,13.37,5490.0,13.78,5500.0,13.99,5050.0,4.66,5030.0,4.25,5060.0,4.87,4905.0,1.66,,4830.0,2.38,16.98,13.25,13.66,13.87,4.55,4.14,4.76,1.55,,1.0,2026/06/11,2026/06/12,4825.0,4.1,4830.0,4.21,4945.0,6.69,5650.0,21.9,5470.0,18.02,5490.0,18.45,5500.0,18.66,5050.0,8.95,5030.0,8.52,5060.0,9.17
Bull?,セキュアヴェイル,3042,東証GR,2026/06/11,2026/06/12,55.0,0.49,272.0,0.0,10700.0,33.3,-2.55,下降(-1),-5.91,0.0,0.0,0.0,―,―,,274.0,0.74,18800.0,35.6,-2.291,下降(-1),-5.99,0.0,0.0,0.0,279.0,1.82,278.0,1.46,276.0,0.73,273.0,-0.36,273.0,-0.36,272.0,-0.73,275.0,0.36,277.0,1.09,282.0,2.92,281.0,2.55,,279.0,-0.36,-1.08,-2.15,-2.15,-2.51,-1.43,-0.72,1.08,0.72,,,,,,,,,,,,,,,,,,,,,,,,
Bull?,パーカーコーポレーション,9845,東証ST,2026/06/11,2026/06/12,55.0,0.167,1250.0,-2.95,12100.0,32.5,-4.878,下降(-1),-3.55,0.0,0.0,0.0,―,―,,1297.0,3.76,14700.0,42.3,-2.418,下降(-1),-3.73,0.0,0.0,0.0,1324.0,2.08,1329.0,2.47,1346.0,3.78,1370.0,5.63,1383.0,6.63,1375.0,6.01,1357.0,4.63,1370.0,5.63,1368.0,5.47,1355.0,4.47,,1324.0,0.38,1.66,3.47,4.46,3.85,2.49,3.47,3.32,2.34,,,,,,,,,,,,,,,,,,,,,,,,
Bull?,ウェルプレイド・ライゼスト,9565,東証GR,2026/06/11,2026/06/12,55.0,0.339,651.0,0.15,3100.0,33.6,-2.017,下降(-1),-4.55,0.0,0.0,0.0,―,―,,669.0,2.76,3300.0,43.1,-1.027,下降(-1),-4.46,0.0,0.0,0.0,685.0,2.39,668.0,-0.15,648.0,-3.14,672.0,0.45,665.0,-0.6,675.0,0.9,656.0,-1.94,,,660.0,-1.35,650.0,-2.84,,685.0,-2.48,-5.4,-1.9,-2.92,-1.46,-4.23,,-3.65,-5.11,,,,,,,,,,,,,,,,,,,,,,,,
Bull?,フジプレアム,4237,東証ST,2026/06/11,2026/06/12,55.0,0.287,316.0,0.0,40600.0,33.0,-1.345,下降(-1),-5.62,0.0,1.0,0.0,―,―,,319.0,0.95,30100.0,35.5,-0.989,下降(-1),-6.0,0.0,0.0,0.0,319.0,0.0,315.0,-1.25,323.0,1.25,325.0,1.88,328.0,2.82,325.0,1.88,326.0,2.19,319.0,0.0,328.0,2.82,334.0,4.7,,319.0,-1.25,1.25,1.88,2.82,1.88,2.19,0.0,2.82,4.7,,1.0,2026/06/11,2026/06/12,319.0,0.95,319.0,0.95,315.0,-0.32,323.0,2.22,325.0,2.85,328.0,3.8,325.0,2.85,326.0,3.16,319.0,0.95,328.0,3.8
Bull?,Ｐｈｏｔｏｓｙｎｔｈ,4379,東証GR,2026/06/11,2026/06/12,55.0,0.799,375.0,-0.53,94700.0,30.6,-4.402,上昇(+1),0.56,0.0,0.0,0.0,Tier2,bull_div + MA75上昇 + RSI<50,,374.0,-0.27,50000.0,30.3,-4.322,上昇(+1),0.51,0.0,1.0,0.0,381.0,1.87,381.0,1.87,399.0,6.68,398.0,6.42,406.0,8.56,430.0,14.97,401.0,7.22,393.0,5.08,386.0,3.21,379.0,1.34,,381.0,0.0,4.72,4.46,6.56,12.86,5.25,3.15,1.31,-0.52,,1.0,2026/06/12,2026/06/15,381.0,1.87,381.0,1.87,399.0,6.68,398.0,6.42,406.0,8.56,430.0,14.97,401.0,7.22,393.0,5.08,386.0,3.21,379.0,1.34
Bull?,冨士ダイス,6167,東証PR,2026/06/11,2026/06/12,55.0,0.106,933.0,-2.51,69800.0,34.6,-2.655,下降(-1),-4.84,0.0,1.0,0.0,―,―,,952.0,2.04,53500.0,40.2,-2.267,下降(-1),-5.13,0.0,0.0,0.0,970.0,1.89,970.0,1.89,992.0,4.2,987.0,3.68,995.0,4.52,1018.0,6.93,988.0,3.78,984.0,3.36,979.0,2.84,979.0,2.84,,970.0,0.0,2.27,1.75,2.58,4.95,1.86,1.44,0.93,0.93,,1.0,2026/06/11,2026/06/12,952.0,2.04,970.0,3.97,970.0,3.97,992.0,6.32,987.0,5.79,995.0,6.65,1018.0,9.11,988.0,5.89,984.0,5.47,979.0,4.93
Bull?,古河機械金属,5715,東証PR,2026/06/11,2026/06/12,55.0,0.704,3575.0,-1.38,216900.0,34.2,-19.552,下降(-1),-7.12,0.0,1.0,0.0,―,―,,3725.0,4.2,264700.0,41.5,-8.615,下降(-1),-7.61,0.0,0.0,0.0,4125.0,10.74,4055.0,8.86,4135.0,11.01,4145.0,11.28,4070.0,9.26,4175.0,12.08,3840.0,3.09,3770.0,1.21,3680.0,-1.21,3630.0,-2.55,,4125.0,-1.7,0.24,0.48,-1.33,1.21,-6.91,-8.61,-10.79,-12.0,,1.0,2026/06/11,2026/06/12,3725.0,4.2,4125.0,15.38,4055.0,13.43,4135.0,15.66,4145.0,15.94,4070.0,13.85,4175.0,16.78,3840.0,7.41,3770.0,5.45,3680.0,2.94
Bull?,ヒーハイスト精工,6433,東証ST,2026/06/11,2026/06/12,55.0,0.5,1004.0,-3.28,200900.0,31.9,-36.946,下降(-1),-2.55,0.0,0.0,0.0,Tier3,bull_div（全体）,,1020.0,1.59,262600.0,33.1,-33.478,下降(-1),-3.71,0.0,1.0,0.0,999.0,-2.06,1005.0,-1.47,1037.0,1.67,1160.0,13.73,1141.0,11.86,1441.0,41.27,1235.0,21.08,1158.0,13.53,1152.0,12.94,1095.0,7.35,,999.0,0.6,3.8,16.12,14.21,44.24,23.62,15.92,15.32,9.61,,1.0,2026/06/12,2026/06/15,999.0,-2.06,1005.0,-1.47,1037.0,1.67,1160.0,13.73,1141.0,11.86,1441.0,41.27,1235.0,21.08,1158.0,13.53,1152.0,12.94,1095.0,7.35
Bull?,ユニプレス,5949,東証PR,2026/06/11,2026/06/12,55.0,0.726,1206.0,-0.66,182500.0,31.0,-4.811,下降(-1),-2.89,0.0,1.0,0.0,―,―,,1203.0,-0.25,149900.0,30.4,-4.744,下降(-1),-3.07,0.0,0.0,0.0,1224.0,1.75,1215.0,1.0,1221.0,1.5,1218.0,1.25,1205.0,0.17,1213.0,0.83,1198.0,-0.42,1208.0,0.42,1209.0,0.5,1220.0,1.41,,1224.0,-0.74,-0.25,-0.49,-1.55,-0.9,-2.12,-1.31,-1.23,-0.33,,1.0,2026/06/11,2026/06/12,1203.0,-0.25,1224.0,1.49,1215.0,0.75,1221.0,1.24,1218.0,1.0,1205.0,-0.08,1213.0,0.58,1198.0,-0.66,1208.0,0.17,1209.0,0.25
Bull?,トヨタ自動車,7203,東証PR,2026/06/11,2026/06/12,55.0,0.277,2748.0,-2.35,27541100.0,30.9,-8.609,下降(-1),-5.4,0.0,1.0,0.0,―,―,,2776.0,1.02,29442600.0,34.4,-7.775,下降(-1),-5.62,0.0,0.0,0.0,2902.5,4.56,2847.5,2.58,2810.0,1.22,2793.5,0.63,2776.5,0.02,2741.5,-1.24,2706.0,-2.52,2686.0,-3.24,2700.5,-2.72,2768.0,-0.29,,2902.5,-1.89,-3.19,-3.76,-4.34,-5.55,-6.77,-7.46,-6.96,-4.63,,1.0,2026/06/11,2026/06/12,2775.5,1.02,2902.5,5.64,2847.5,3.64,2810.0,2.27,2793.5,1.67,2776.5,1.06,2741.5,-0.22,2706.0,-1.51,2686.0,-2.24,2700.5,-1.71
Bull?,ＯＤＫソリューションズ,3839,東証ST,2026/06/11,2026/06/12,53.0,0.782,620.0,0.0,7400.0,47.3,-0.252,揉み合い(0),-0.28,0.0,1.0,0.0,―,―,,620.0,0.0,900.0,47.3,-0.246,揉み合い(0),-0.27,0.0,0.0,0.0,620.0,0.0,620.0,0.0,620.0,0.0,623.0,0.48,622.0,0.32,626.0,0.97,626.0,0.97,627.0,1.13,627.0,1.13,628.0,1.29,,620.0,0.0,0.0,0.48,0.32,0.97,0.97,1.13,1.13,1.29,,1.0,2026/06/11,2026/06/12,620.0,0.0,620.0,0.0,620.0,0.0,620.0,0.0,623.0,0.48,622.0,0.32,626.0,0.97,626.0,0.97,627.0,1.13,627.0,1.13
Bull?,アイコム,6820,東証PR,2026/06/11,2026/06/12,53.0,0.485,2948.0,-2.06,13300.0,41.1,-4.948,揉み合い(0),0.07,0.0,0.0,0.0,―,―,,2993.0,1.53,15400.0,46.7,-3.443,揉み合い(0),0.01,0.0,0.0,0.0,3040.0,1.57,3030.0,1.24,3045.0,1.74,3025.0,1.07,2945.0,-1.6,2978.0,-0.5,2997.0,0.13,3025.0,1.07,3035.0,1.4,3060.0,2.24,,3040.0,-0.33,0.16,-0.49,-3.12,-2.04,-1.41,-0.49,-0.16,0.66,,,,,,,,,,,,,,,,,,,,,,,,
Bull?,三菱商事,8058,東証PR,2026/06/11,2026/06/12,50.0,0.82,4605.0,-0.22,6907100.0,29.6,-60.681,上昇(+1),3.45,0.0,1.0,0.0,―,―,,4683.0,1.69,11085600.0,34.3,-52.064,上昇(+1),2.88,0.0,0.0,0.0,4728.0,0.96,4595.0,-1.88,4610.0,-1.56,4570.0,-2.41,4540.0,-3.05,4609.0,-1.58,4591.0,-1.96,4530.0,-3.27,4400.0,-6.04,4403.0,-5.98,,4728.0,-2.81,-2.5,-3.34,-3.98,-2.52,-2.9,-4.19,-6.94,-6.87,,1.0,2026/06/26,,,,,,,,,,,,,,,,,,,,,
Bear?,アルトナー,2163,東証PR,2026/06/11,2026/06/12,50.0,0.341,1929.0,-0.57,19900.0,52.5,1.819,下降(-1),-2.15,0.0,0.0,0.0,―,―,,1906.0,-1.19,44300.0,46.1,0.811,下降(-1),-2.07,0.0,0.0,0.0,1913.0,0.37,1903.0,-0.16,1927.0,1.1,1929.0,1.21,1933.0,1.42,1920.0,0.73,1929.0,1.21,1928.0,1.15,1923.0,0.89,1949.0,2.26,,1913.0,-0.52,0.73,0.84,1.05,0.37,0.84,0.78,0.52,1.88,,,,,,,,,,,,,,,,,,,,,,,,
Bull?,松田産業,7456,東証PR,2026/06/11,2026/06/12,48.0,0.468,5960.0,-2.45,130700.0,33.1,-66.925,揉み合い(0),0.43,0.0,1.0,0.0,―,―,,6050.0,1.51,104900.0,36.5,-58.549,揉み合い(0),-0.13,0.0,0.0,0.0,6400.0,5.79,6420.0,6.12,6520.0,7.77,6420.0,6.12,6420.0,6.12,6340.0,4.79,6030.0,-0.33,5950.0,-1.65,5730.0,-5.29,5720.0,-5.45,,6400.0,0.31,1.88,0.31,0.31,-0.94,-5.78,-7.03,-10.47,-10.62,,1.0,2026/06/11,2026/06/12,6050.0,1.51,6400.0,7.38,6420.0,7.72,6520.0,9.4,6420.0,7.72,6420.0,7.72,6340.0,6.38,6030.0,1.17,5950.0,-0.17,5730.0,-3.86
Bull?,ファーストブラザーズ,3454,東証ST,2026/06/11,2026/06/12,48.0,0.456,1160.0,-3.33,10900.0,34.3,-2.16,揉み合い(0),-0.18,0.0,1.0,0.0,―,―,,1198.0,3.28,3300.0,53.0,-1.315,揉み合い(0),-0.24,0.0,0.0,0.0,1185.0,-1.09,1189.0,-0.75,1181.0,-1.42,1168.0,-2.5,1189.0,-0.75,1179.0,-1.59,1186.0,-1.0,1189.0,-0.75,1186.0,-1.0,1190.0,-0.67,,1185.0,0.34,-0.34,-1.43,0.34,-0.51,0.08,0.34,0.08,0.42,,1.0,2026/06/15,2026/06/16,1189.0,0.34,1181.0,-0.34,1168.0,-1.43,1189.0,0.34,1179.0,-0.51,1186.0,0.08,1189.0,0.34,1186.0,0.08,1190.0,0.42,,
Bull?,メタウォーター,9551,東証PR,2026/06/11,2026/06/12,45.0,0.704,3105.0,-1.43,105300.0,36.9,-11.21,下降(-1),-2.24,0.0,1.0,0.0,―,―,,3145.0,1.29,118400.0,39.8,-10.552,下降(-1),-2.56,0.0,0.0,0.0,3330.0,5.88,3340.0,6.2,3410.0,8.43,3455.0,9.86,3455.0,9.86,3535.0,12.4,3515.0,11.76,3505.0,11.45,3560.0,13.2,3570.0,13.51,,3330.0,0.3,2.4,3.75,3.75,6.16,5.56,5.26,6.91,7.21,,1.0,2026/06/11,2026/06/12,3145.0,1.29,3330.0,7.25,3340.0,7.57,3410.0,9.82,3455.0,11.27,3455.0,11.27,3535.0,13.85,3515.0,13.2,3505.0,12.88,3560.0,14.65
Bull?,ヒューマン・メタボローム・テクノロジーズ,6090,東証ST,2026/06/11,2026/06/12,45.0,0.353,611.0,-0.81,5600.0,38.0,-1.354,下降(-1),-2.59,0.0,0.0,0.0,―,―,,610.0,-0.16,3900.0,37.8,-1.268,下降(-1),-2.69,0.0,0.0,0.0,611.0,0.16,651.0,6.72,653.0,7.05,668.0,9.51,653.0,7.05,660.0,8.2,639.0,4.75,625.0,2.46,628.0,2.95,633.0,3.77,,611.0,6.55,6.87,9.33,6.87,8.02,4.58,2.29,2.78,3.6,,,,,,,,,,,,,,,,,,,,,,,,
Bull?,クリップコーポレーション,4705,東証ST,2026/06/11,2026/06/12,45.0,0.178,775.0,0.26,1000.0,40.3,-1.631,下降(-1),-2.71,0.0,0.0,0.0,Tier3,bull_div（全体）,,777.0,0.26,4700.0,41.5,-1.555,下降(-1),-2.74,0.0,1.0,0.0,778.0,0.13,777.0,0.0,772.0,-0.64,774.0,-0.39,762.0,-1.93,794.0,2.19,791.0,1.8,776.0,-0.13,779.0,0.26,767.0,-1.29,,778.0,-0.13,-0.77,-0.51,-2.06,2.06,1.67,-0.26,0.13,-1.41,,1.0,2026/06/19,2026/06/22,794.0,4.2,791.0,3.81,776.0,1.84,779.0,2.23,767.0,0.66,,,,,,,,,,
Bull?,ＡＩ　ＣＲＯＳＳ,4476,東証GR,2026/06/11,2026/06/12,45.0,0.229,944.0,-0.84,28500.0,36.9,-5.225,下降(-1),-12.2,0.0,1.0,0.0,―,―,,942.0,-0.21,15700.0,36.6,-5.042,下降(-1),-11.69,0.0,0.0,0.0,953.0,1.17,967.0,2.65,976.0,3.61,986.0,4.67,956.0,1.49,958.0,1.7,948.0,0.64,956.0,1.49,945.0,0.32,926.0,-1.7,,953.0,1.47,2.41,3.46,0.31,0.52,-0.52,0.31,-0.84,-2.83,,1.0,2026/06/11,2026/06/12,942.0,-0.21,953.0,0.95,967.0,2.44,976.0,3.39,986.0,4.45,956.0,1.27,958.0,1.48,948.0,0.42,956.0,1.27,945.0,0.11
Bull?,トーセ,4728,東証ST,2026/06/11,2026/06/12,45.0,0.439,631.0,-0.63,3900.0,45.0,-0.224,下降(-1),-0.98,0.0,0.0,0.0,―,―,,633.0,0.32,2600.0,48.0,-0.15,下降(-1),-0.98,0.0,0.0,0.0,643.0,1.58,635.0,0.32,639.0,0.95,640.0,1.11,644.0,1.74,643.0,1.58,640.0,1.11,641.0,1.26,643.0,1.58,640.0,1.11,,643.0,-1.24,-0.62,-0.47,0.16,0.0,-0.47,-0.31,0.0,-0.47,,,,,,,,,,,,,,,,,,,,,,,,
Bull?,第一稀元素化学工業,4082,東証PR,2026/06/11,2026/06/12,45.0,0.547,1865.0,1.41,300800.0,35.5,-30.407,下降(-1),-7.25,0.0,1.0,0.0,―,―,,1874.0,0.48,246100.0,36.1,-29.692,下降(-1),-7.18,0.0,0.0,0.0,1951.0,4.11,2015.0,7.52,2065.0,10.19,2002.0,6.83,2061.0,9.98,2133.0,13.82,2002.0,6.83,2037.0,8.7,2148.0,14.62,2029.0,8.27,,1951.0,3.28,5.84,2.61,5.64,9.33,2.61,4.41,10.1,4.0,,1.0,2026/06/11,2026/06/12,1874.0,0.48,1951.0,4.61,2015.0,8.04,2065.0,10.72,2002.0,7.35,2061.0,10.51,2133.0,14.37,2002.0,7.35,2037.0,9.22,2148.0,15.17
Bull?,遠州トラック,9057,東証ST,2026/06/11,2026/06/12,45.0,0.213,3105.0,0.16,2500.0,38.4,-2.975,下降(-1),-3.81,0.0,1.0,0.0,―,―,,3115.0,0.32,1100.0,39.9,-2.352,下降(-1),-3.85,0.0,0.0,0.0,3125.0,0.32,3125.0,0.32,3185.0,2.25,3160.0,1.44,3190.0,2.41,3190.0,2.41,3195.0,2.57,3195.0,2.57,3210.0,3.05,3140.0,0.8,,3125.0,0.0,1.92,1.12,2.08,2.08,2.24,2.24,2.72,0.48,,1.0,2026/06/11,2026/06/12,3115.0,0.32,3125.0,0.64,3125.0,0.64,3185.0,2.58,3160.0,1.77,3190.0,2.74,3190.0,2.74,3195.0,2.9,3195.0,2.9,3210.0,3.38
Bull?,ラバブルマーケティンググループ,9254,東証GR,2026/06/11,2026/06/12,45.0,0.714,1120.0,0.72,200.0,44.0,-0.656,下降(-1),-0.81,0.0,0.0,0.0,―,―,,1122.0,0.18,600.0,44.8,-0.598,下降(-1),-0.78,0.0,0.0,0.0,1132.0,0.89,1114.0,-0.71,1136.0,1.25,1125.0,0.27,1117.0,-0.45,1110.0,-1.07,1111.0,-0.98,1102.0,-1.78,1111.0,-0.98,,,,1132.0,-1.59,0.35,-0.62,-1.33,-1.94,-1.86,-2.65,-1.86,,,,,,,,,,,,,,,,,,,,,,,,,
Bull?,酒井重工業,6358,東証PR,2026/06/11,2026/06/12,45.0,0.775,2030.0,-0.44,25700.0,41.2,-5.079,下降(-1),-2.03,0.0,1.0,0.0,―,―,,2033.0,0.15,18900.0,41.9,-4.88,下降(-1),-2.12,0.0,0.0,0.0,2059.0,1.28,2039.0,0.3,2063.0,1.48,2080.0,2.31,2086.0,2.61,2070.0,1.82,2045.0,0.59,2051.0,0.89,2066.0,1.62,2064.0,1.52,,2059.0,-0.97,0.19,1.02,1.31,0.53,-0.68,-0.39,0.34,0.24,,1.0,2026/06/11,2026/06/12,2033.0,0.15,2059.0,1.43,2039.0,0.44,2063.0,1.63,2080.0,2.46,2086.0,2.76,2070.0,1.97,2045.0,0.74,2051.0,1.03,2066.0,1.77
Bull?,ポールトゥウィン・ピットクルーホールディングス,3657,東証PR,2026/06/11,2026/06/12,45.0,0.473,285.0,-0.7,70900.0,39.9,-0.841,下降(-1),-1.69,0.0,0.0,0.0,―,―,,285.0,0.0,119300.0,39.9,-0.814,下降(-1),-1.61,0.0,0.0,0.0,312.0,9.47,310.0,8.77,310.0,8.77,310.0,8.77,309.0,8.42,313.0,9.82,309.0,8.42,314.0,10.18,318.0,11.58,319.0,11.93,,312.0,-0.64,-0.64,-0.64,-0.96,0.32,-0.96,0.64,1.92,2.24,,,,,,,,,,,,,,,,,,,,,,,,
Bull?,テセック,6337,東証ST,2026/06/11,2026/06/12,45.0,0.228,2338.0,-2.7,37500.0,39.5,-15.031,下降(-1),-2.39,0.0,1.0,0.0,―,―,,2426.0,3.76,33900.0,43.8,-15.018,下降(-1),-2.69,0.0,0.0,0.0,2473.0,1.94,2463.0,1.53,2509.0,3.42,2634.0,8.57,2604.0,7.34,2630.0,8.41,2549.0,5.07,2574.0,6.1,2608.0,7.5,2537.0,4.58,,2473.0,-0.4,1.46,6.51,5.3,6.35,3.07,4.08,5.46,2.59,,1.0,2026/06/11,2026/06/12,2426.0,3.76,2473.0,5.77,2463.0,5.35,2509.0,7.31,2634.0,12.66,2604.0,11.38,2630.0,12.49,2549.0,9.02,2574.0,10.09,2608.0,11.55
Bull?,ヤマハ,7951,東証PR,2026/06/11,2026/06/12,45.0,0.715,1098.0,-0.09,1628600.0,44.9,-1.423,下降(-1),-1.1,0.0,1.0,0.0,―,―,,1102.0,0.36,2373800.0,45.9,-1.194,下降(-1),-1.22,0.0,0.0,0.0,1119.5,1.59,1103.5,0.14,1107.0,0.45,1135.5,3.04,1115.0,1.18,1134.0,2.9,1114.5,1.13,1127.5,2.31,1147.5,4.13,1144.0,3.81,,1119.5,-1.43,-1.12,1.43,-0.4,1.3,-0.45,0.71,2.5,2.19,,1.0,2026/06/11,2026/06/12,1102.5,0.36,1119.5,1.91,1103.5,0.46,1107.0,0.77,1135.5,3.37,1115.0,1.5,1134.0,3.23,1114.5,1.46,1127.5,2.64,1147.5,4.46
Bull?,創健社,7413,東証ST,2026/06/11,2026/06/12,45.0,0.155,2500.0,-1.96,200.0,45.5,-1.697,下降(-1),-1.73,0.0,0.0,0.0,―,―,,2500.0,0.0,400.0,45.5,-1.69,下降(-1),-1.93,0.0,0.0,0.0,,,2500.0,0.0,,,2550.0,2.0,,,2550.0,2.0,2550.0,2.0,,,2540.0,1.6,2557.0,2.28,,,,,,,,,,,,,,,,,,,,,,,,,,,,,,,,,,,
Bear?,ブロードバンドタワー,3776,東証ST,2026/06/11,2026/06/12,45.0,0.855,276.0,-1.78,1131900.0,61.0,0.934,上昇(+1),7.36,0.0,0.0,0.0,Tier3,bear_div（全体）,,274.0,-0.72,935500.0,59.5,0.843,上昇(+1),7.22,0.0,0.0,1.0,273.0,-0.36,265.0,-3.28,278.0,1.46,269.0,-1.82,278.0,1.46,276.0,0.73,269.0,-1.82,275.0,0.36,280.0,2.19,275.0,0.36,,273.0,-2.93,1.83,-1.47,1.83,1.1,-1.47,0.73,2.56,0.73,,1.0,2026/06/12,2026/06/15,273.0,-0.36,265.0,-3.28,278.0,1.46,269.0,-1.82,278.0,1.46,276.0,0.73,269.0,-1.82,275.0,0.36,280.0,2.19,275.0,0.36
Bull?,日東電工,6988,東証PR,2026/06/11,2026/06/12,45.0,0.341,2953.0,-0.17,3037500.0,41.2,-8.858,下降(-1),-3.98,0.0,1.0,0.0,―,―,,3005.0,1.76,3826700.0,45.8,-5.319,下降(-1),-3.98,0.0,0.0,0.0,3099.0,3.13,3107.0,3.39,3147.0,4.73,3180.0,5.82,3135.0,4.33,3167.0,5.39,3204.0,6.62,3148.0,4.76,3213.0,6.92,3152.0,4.89,,3099.0,0.26,1.55,2.61,1.16,2.19,3.39,1.58,3.68,1.71,,1.0,2026/06/11,2026/06/12,3005.0,1.76,3099.0,4.94,3107.0,5.22,3147.0,6.57,3180.0,7.69,3135.0,6.16,3167.0,7.25,3204.0,8.5,3148.0,6.6,3213.0,8.8
Bull?,サン・ライフホールディング,7040,東証ST,2026/06/11,2026/06/12,45.0,0.593,950.0,-1.55,400.0,37.7,-1.308,下降(-1),-1.08,0.0,0.0,0.0,―,―,,960.0,1.05,500.0,42.4,-0.641,下降(-1),-1.12,0.0,0.0,0.0,960.0,0.0,951.0,-0.94,960.0,0.0,947.0,-1.35,960.0,0.0,960.0,0.0,960.0,0.0,960.0,0.0,966.0,0.62,973.0,1.35,,960.0,-0.94,0.0,-1.35,0.0,0.0,0.0,0.0,0.62,1.35,,,,,,,,,,,,,,,,,,,,,,,,
Bull?,いすゞ自動車,7202,東証PR,2026/06/11,2026/06/12,45.0,0.984,2083.0,-3.21,2441000.0,36.4,-12.871,下降(-1),-4.49,0.0,1.0,0.0,―,―,,2135.0,2.5,3565000.0,42.2,-11.29,下降(-1),-4.75,0.0,0.0,0.0,2294.0,7.45,2249.0,5.34,2248.0,5.29,2190.5,2.6,2280.5,6.81,2290.5,7.28,2206.0,3.33,2146.0,0.52,2168.5,1.57,2195.5,2.83,,2294.0,-1.96,-2.01,-4.51,-0.59,-0.15,-3.84,-6.45,-5.47,-4.29,,1.0,2026/06/11,2026/06/12,2135.0,2.5,2294.0,10.13,2249.0,7.97,2248.0,7.92,2190.5,5.16,2280.5,9.48,2290.5,9.96,2206.0,5.9,2146.0,3.02,2168.5,4.1
Bull?,日本基礎技術,1914,東証ST,2026/06/11,2026/06/12,38.0,0.389,651.0,-1.51,36700.0,36.6,-3.601,揉み合い(0),-0.19,0.0,0.0,0.0,―,―,,661.0,1.54,58500.0,40.7,-2.962,揉み合い(0),-0.33,0.0,0.0,0.0,669.0,1.21,658.0,-0.45,665.0,0.61,669.0,1.21,663.0,0.3,658.0,-0.45,653.0,-1.21,659.0,-0.3,655.0,-0.91,652.0,-1.36,,669.0,-1.64,-0.6,0.0,-0.9,-1.64,-2.39,-1.49,-2.09,-2.54,,,,,,,,,,,,,,,,,,,,,,,,
Bull?,日本精工,6471,東証PR,2026/06/11,2026/06/12,38.0,0.516,1088.0,-1.09,2589000.0,35.8,-13.997,揉み合い(0),0.25,0.0,0.0,0.0,―,―,,1102.0,1.29,2830100.0,38.1,-13.492,揉み合い(0),-0.12,0.0,0.0,0.0,1206.0,9.44,1189.5,7.94,1193.0,8.26,1197.0,8.62,1193.5,8.3,1218.0,10.53,1181.0,7.17,1181.5,7.21,1195.5,8.48,1161.0,5.35,,1206.0,-1.37,-1.08,-0.75,-1.04,1.0,-2.07,-2.03,-0.87,-3.73,,,,,,,,,,,,,,,,,,,,,,,,
Bull?,川崎重工業,7012,東証PR,2026/06/11,2026/06/12,38.0,0.554,2750.0,-3.85,13830400.0,40.3,-20.358,揉み合い(0),-0.24,0.0,1.0,0.0,―,―,,2834.0,3.05,11791800.0,44.2,-13.923,下降(-1),-0.57,0.0,0.0,0.0,2905.5,2.52,3031.0,6.95,3266.0,15.24,3160.0,11.5,3191.0,12.6,3243.0,14.43,3081.0,8.72,3060.0,7.97,2941.5,3.79,2836.0,0.07,,2905.5,4.32,12.41,8.76,9.83,11.62,6.04,5.32,1.24,-2.39,,1.0,2026/06/11,2026/06/12,2834.0,3.07,2905.5,5.67,3031.0,10.24,3266.0,18.79,3160.0,14.93,3191.0,16.06,3243.0,17.95,3081.0,12.06,3060.0,11.29,2941.5,6.98
Bull?,今村証券,7175,東証ST,2026/06/11,2026/06/12,38.0,0.375,1308.0,-0.91,2900.0,42.5,-2.23,揉み合い(0),0.12,0.0,0.0,0.0,―,―,,1320.0,0.92,300.0,46.4,-1.849,揉み合い(0),-0.03,0.0,0.0,0.0,1327.0,0.53,1330.0,0.76,1347.0,2.05,1333.0,0.98,1333.0,0.98,1379.0,4.47,1355.0,2.65,1380.0,4.55,1375.0,4.17,1365.0,3.41,,1327.0,0.23,1.51,0.45,0.45,3.92,2.11,3.99,3.62,2.86,,,,,,,,,,,,,,,,,,,,,,,,
Bull?,電気化学工業,4061,東証PR,2026/06/11,2026/06/12,30.0,0.698,3835.0,0.47,491100.0,44.5,-44.401,上昇(+1),7.01,0.0,1.0,0.0,―,―,,4029.0,5.06,901300.0,51.4,-32.144,上昇(+1),6.96,0.0,0.0,0.0,4227.0,4.91,4202.0,4.29,4324.0,7.32,4508.0,11.89,4439.0,10.18,4533.0,12.51,4361.0,8.24,4368.0,8.41,4437.0,10.13,4404.0,9.31,,4227.0,-0.59,2.29,6.65,5.02,7.24,3.17,3.34,4.97,4.19,,1.0,2026/06/11,2026/06/12,4029.0,5.06,4227.0,10.22,4202.0,9.57,4324.0,12.75,4508.0,17.55,4439.0,15.75,4533.0,18.2,4361.0,13.72,4368.0,13.9,4437.0,15.7
Bull?,東亜バルブエンジニアリング,6466,東証ST,2026/06/11,2026/06/12,30.0,0.367,3565.0,-1.38,16200.0,35.2,-42.194,上昇(+1),5.17,0.0,1.0,0.0,―,―,,3695.0,3.65,28300.0,39.9,-30.411,上昇(+1),4.42,0.0,0.0,0.0,3995.0,8.12,4045.0,9.47,4430.0,19.89,4415.0,19.49,4490.0,21.52,4630.0,25.3,4350.0,17.73,4395.0,18.94,4440.0,20.16,4215.0,14.07,,3995.0,1.25,10.89,10.51,12.39,15.89,8.89,10.01,11.14,5.51,,1.0,2026/06/11,2026/06/12,3695.0,3.65,3995.0,12.06,4045.0,13.46,4430.0,24.26,4415.0,23.84,4490.0,25.95,4630.0,29.87,4350.0,22.02,4395.0,23.28,4440.0,24.54
Bull?,エンプラス,6961,東証PR,2026/06/11,2026/06/12,30.0,0.159,11650.0,-0.09,115100.0,39.3,-67.542,上昇(+1),2.75,0.0,1.0,0.0,―,―,,11920.0,2.32,203300.0,41.5,-59.109,上昇(+1),2.08,0.0,0.0,0.0,12300.0,3.19,12280.0,3.02,12790.0,7.3,12970.0,8.81,13520.0,13.42,14160.0,18.79,12630.0,5.96,12930.0,8.47,13370.0,12.16,13170.0,10.49,,12300.0,-0.16,3.98,5.45,9.92,15.12,2.68,5.12,8.7,7.07,,1.0,2026/06/11,2026/06/12,11920.0,2.32,12300.0,5.58,12280.0,5.41,12790.0,9.79,12970.0,11.33,13520.0,16.05,14160.0,21.55,12630.0,8.41,12930.0,10.99,13370.0,14.76
Bull?,アイ・パートナーズフィナンシャル,7345,東証GR,2026/06/11,2026/06/12,30.0,0.224,951.0,-1.45,4600.0,36.6,-4.051,上昇(+1),4.04,0.0,1.0,0.0,―,―,,955.0,0.42,2700.0,37.9,-3.916,上昇(+1),3.62,0.0,0.0,0.0,933.0,-2.3,978.0,2.41,970.0,1.57,953.0,-0.21,940.0,-1.57,918.0,-3.87,936.0,-1.99,949.0,-0.63,919.0,-3.77,939.0,-1.68,,933.0,4.82,3.97,2.14,0.75,-1.61,0.32,1.71,-1.5,0.64,,1.0,2026/06/22,2026/06/23,936.0,1.96,949.0,3.38,919.0,0.11,939.0,2.29,,,,,,,,,,,,
日経,日経平均株価,0001,指数,2026/06/12,2026/06/15,,,66020.04,2.81,,53.2,-342.838,1.0,0.89,,,,,,,69317.5,4.99,,63.0,-87.584,1.0,1.01,,,,69404.5,0.13,69902.25,0.84,71053.49,2.5,71250.06,2.79,72353.96,4.38,69788.38,0.68,69174.97,-0.21,72366.34,4.4,69360.88,0.06,,,,,,,,,,,,,,,,,,,,,,,,,,,,,,,,,,,,,
Bull?,バリュークリエーション,9238,東証GR,2026/06/12,2026/06/15,80.0,0.168,390.0,-6.7,7500.0,14.2,-11.835,下降(-1),-24.47,0.0,0.0,0.0,Tier2,bull_div + RSI<30,,400.0,2.56,24800.0,19.0,-11.456,下降(-1),-25.19,0.0,1.0,0.0,394.0,-1.5,395.0,-1.25,393.0,-1.75,385.0,-3.75,388.0,-3.0,381.0,-4.75,385.0,-3.75,373.0,-6.75,383.0,-4.25,,,,394.0,0.25,-0.25,-2.28,-1.52,-3.3,-2.28,-5.33,-2.79,,,1.0,2026/06/23,2026/06/24,385.0,1.05,373.0,-2.1,383.0,0.52,,,,,,,,,,,,,,
Bull?,田中建設工業,1450,東証ST,2026/06/12,2026/06/15,80.0,0.645,1310.0,-2.24,15600.0,27.3,-7.977,下降(-1),-1.36,0.0,0.0,0.0,―,―,,1330.0,1.53,5400.0,33.9,-6.586,下降(-1),-1.61,0.0,0.0,0.0,1302.0,-2.11,1330.0,0.0,1325.0,-0.38,1338.0,0.6,1338.0,0.6,1331.0,0.08,1355.0,1.88,1408.0,5.86,1340.0,0.75,,,,1302.0,2.15,1.77,2.76,2.76,2.23,4.07,8.14,2.92,,,1.0,2026/06/16,2026/06/17,1330.0,2.15,1325.0,1.77,1338.0,2.76,1338.0,2.76,1331.0,2.23,1355.0,4.07,1408.0,8.14,1340.0,2.92,,,,
Bull?,アプリックスＩＰホールディング,3727,東証GR,2026/06/12,2026/06/15,80.0,0.305,121.0,-3.97,141800.0,20.8,-0.873,下降(-1),-8.78,0.0,0.0,0.0,―,―,,126.0,4.13,61200.0,29.3,-0.594,下降(-1),-8.87,0.0,0.0,0.0,127.0,0.79,131.0,3.97,133.0,5.56,128.0,1.59,133.0,5.56,131.0,3.97,129.0,2.38,129.0,2.38,130.0,3.17,,,,127.0,3.15,4.72,0.79,4.72,3.15,1.57,1.57,2.36,,,,,,,,,,,,,,,,,,,,,,,,,
Bull?,アイリッジ,3917,東証GR,2026/06/12,2026/06/15,80.0,0.109,407.0,-0.49,34700.0,20.9,-1.819,下降(-1),-8.73,0.0,0.0,0.0,―,―,,407.0,0.0,23000.0,20.9,-1.635,下降(-1),-9.01,0.0,0.0,0.0,406.0,-0.25,416.0,2.21,421.0,3.44,423.0,3.93,409.0,0.49,409.0,0.49,409.0,0.49,405.0,-0.49,402.0,-1.23,,,,406.0,2.46,3.69,4.19,0.74,0.74,0.74,-0.25,-0.99,,,,,,,,,,,,,,,,,,,,,,,,,
Bear?,三越伊勢丹ホールディングス,3099,東証PR,2026/06/12,2026/06/15,80.0,0.75,3755.0,4.71,2418300.0,70.4,25.593,上昇(+1),5.47,1.0,0.0,0.0,Tier3,bear_div（全体）,,3699.0,-1.49,1896100.0,66.4,23.836,上昇(+1),5.54,0.0,0.0,1.0,3722.0,0.62,3697.0,-0.05,3871.0,4.65,3871.0,4.65,3959.0,7.03,3907.0,5.62,4019.0,8.65,4132.0,11.71,4119.0,11.35,,,,3722.0,-0.67,4.0,4.0,6.37,4.97,7.98,11.02,10.67,,,1.0,2026/06/25,2026/06/26,4119.0,-0.31,,,,,,,,,,,,,,,,,,
Bull?,イリソ電子工業,6908,東証PR,2026/06/12,2026/06/15,70.0,0.491,2920.0,-1.98,185200.0,31.4,-20.033,下降(-1),-2.35,0.0,0.0,0.0,―,―,,3010.0,3.08,109000.0,38.9,-14.852,下降(-1),-2.54,0.0,0.0,0.0,3025.0,0.5,3055.0,1.5,3075.0,2.16,3060.0,1.66,3005.0,-0.17,2946.0,-2.13,2928.0,-2.72,2922.0,-2.92,2957.0,-1.76,,,,3025.0,0.99,1.65,1.16,-0.66,-2.61,-3.21,-3.4,-2.25,,,,,,,,,,,,,,,,,,,,,,,,,
Bull?,巴コーポレーション,1921,東証ST,2026/06/12,2026/06/15,70.0,0.112,1655.0,0.49,155900.0,33.0,-3.033,下降(-1),-4.57,0.0,1.0,0.0,―,―,,1694.0,2.36,20500.0,38.7,-0.668,下降(-1),-4.4,0.0,0.0,0.0,1681.0,-0.77,1690.0,-0.24,1693.0,-0.06,1679.0,-0.89,1669.0,-1.48,1696.0,0.12,1692.0,-0.12,1667.0,-1.59,1689.0,-0.3,,,,1681.0,0.54,0.71,-0.12,-0.71,0.89,0.65,-0.83,0.48,,,1.0,2026/06/12,2026/06/15,1694.0,2.36,1681.0,1.57,1690.0,2.11,1693.0,2.3,1679.0,1.45,1669.0,0.85,1696.0,2.48,1692.0,2.24,1667.0,0.73,1689.0,2.05
Bull?,ラストワンマイル,9252,東証GR,2026/06/12,2026/06/15,70.0,0.395,3355.0,-1.61,50100.0,30.7,-13.697,下降(-1),-4.78,0.0,1.0,0.0,―,―,,3385.0,0.89,21400.0,33.5,-11.539,下降(-1),-4.81,0.0,0.0,0.0,3365.0,-0.59,3360.0,-0.74,3405.0,0.59,3405.0,0.59,3430.0,1.33,3400.0,0.44,3385.0,0.0,3440.0,1.62,3440.0,1.62,,,,3365.0,-0.15,1.19,1.19,1.93,1.04,0.59,2.23,2.23,,,1.0,2026/06/12,2026/06/15,3385.0,0.89,3365.0,0.3,3360.0,0.15,3405.0,1.49,3405.0,1.49,3430.0,2.24,3400.0,1.34,3385.0,0.89,3440.0,2.53,3440.0,2.53
Bull?,グリーンペプタイド,4594,東証GR,2026/06/12,2026/06/15,70.0,0.22,44.0,-2.22,1884800.0,32.5,-0.411,下降(-1),-6.83,0.0,1.0,0.0,―,―,,46.0,4.55,1141500.0,38.1,-0.307,下降(-1),-6.97,0.0,0.0,0.0,44.0,-4.35,46.0,0.0,47.0,2.17,45.0,-2.17,45.0,-2.17,44.0,-4.35,44.0,-4.35,46.0,0.0,45.0,-2.17,,,,44.0,4.55,6.82,2.27,2.27,0.0,0.0,4.55,2.27,,,1.0,2026/06/12,2026/06/15,46.0,4.55,44.0,0.0,46.0,4.55,47.0,6.82,45.0,2.27,45.0,2.27,44.0,0.0,44.0,0.0,46.0,4.55,45.0,2.27
Bull?,ノムラシステムコーポレーション,3940,東証ST,2026/06/12,2026/06/15,70.0,0.075,115.0,-1.71,187800.0,31.8,-0.083,下降(-1),-2.99,0.0,1.0,0.0,―,―,,116.0,0.87,119500.0,35.2,-0.072,下降(-1),-3.09,0.0,0.0,0.0,113.0,-2.59,116.0,0.0,115.0,-0.86,113.0,-2.59,111.0,-4.31,109.0,-6.03,111.0,-4.31,111.0,-4.31,110.0,-5.17,,,,113.0,2.65,1.77,0.0,-1.77,-3.54,-1.77,-1.77,-2.65,,,1.0,2026/06/23,2026/06/24,111.0,1.83,111.0,1.83,110.0,0.92,,,,,,,,,,,,,,
Bull?,イメージ・マジック,7793,東証GR,2026/06/12,2026/06/15,70.0,0.54,1429.0,-3.64,8000.0,30.6,-1.54,下降(-1),-1.63,0.0,0.0,0.0,―,―,,1445.0,1.12,2300.0,34.3,-1.314,下降(-1),-1.91,0.0,0.0,0.0,1449.0,0.28,1406.0,-2.7,1330.0,-7.96,1354.0,-6.3,1351.0,-6.51,1377.0,-4.71,1377.0,-4.71,1374.0,-4.91,1355.0,-6.23,,,,1449.0,-2.97,-8.21,-6.56,-6.76,-4.97,-4.97,-5.18,-6.49,,,,,,,,,,,,,,,,,,,,,,,,,
Bear?,ピジョン,7956,東証PR,2026/06/12,2026/06/15,65.0,0.804,1993.0,1.53,1192100.0,71.1,7.997,上昇(+1),4.0,0.0,0.0,0.0,―,―,,1980.0,-0.65,787500.0,68.4,7.259,上昇(+1),4.07,0.0,0.0,0.0,1981.0,0.05,2007.5,1.39,1960.0,-1.01,1964.5,-0.78,1954.0,-1.31,1942.0,-1.92,1971.5,-0.43,2006.5,1.34,2037.0,2.88,,,,1981.0,1.34,-1.06,-0.83,-1.36,-1.97,-0.48,1.29,2.83,,,,,,,,,,,,,,,,,,,,,,,,,
Bull?,イトーヨーギョー,5287,東証ST,2026/06/12,2026/06/15,65.0,0.092,812.0,-0.73,7400.0,22.9,-1.068,下降(-1),-8.12,0.0,0.0,0.0,―,―,,812.0,0.0,13400.0,22.9,-0.806,下降(-1),-8.39,0.0,0.0,0.0,800.0,-1.48,805.0,-0.86,809.0,-0.37,797.0,-1.85,790.0,-2.71,898.0,10.59,890.0,9.61,858.0,5.67,830.0,2.22,,,,800.0,0.62,1.12,-0.38,-1.25,12.25,11.25,7.25,3.75,,,,,,,,,,,,,,,,,,,,,,,,,
Bull?,小僧寿し,9973,東証ST,2026/06/12,2026/06/15,65.0,0.194,19.0,0.0,711400.0,25.0,-0.069,下降(-1),-8.1,0.0,0.0,0.0,―,―,,19.0,0.0,641000.0,25.0,-0.066,下降(-1),-8.18,0.0,0.0,0.0,19.0,0.0,21.0,10.53,21.0,10.53,20.0,5.26,20.0,5.26,20.0,5.26,20.0,5.26,20.0,5.26,20.0,5.26,,,,19.0,10.53,10.53,5.26,5.26,5.26,5.26,5.26,5.26,,,,,,,,,,,,,,,,,,,,,,,,,
Bull?,細谷火工,4274,東証ST,2026/06/12,2026/06/15,65.0,0.379,1021.0,-0.1,26900.0,29.8,-4.913,下降(-1),-1.08,0.0,0.0,0.0,―,―,,1020.0,-0.1,29500.0,29.7,-4.589,下降(-1),-1.67,0.0,0.0,0.0,1036.0,1.57,1046.0,2.55,1043.0,2.25,1030.0,0.98,1042.0,2.16,1021.0,0.1,1033.0,1.27,1034.0,1.37,1026.0,0.59,,,,1036.0,0.97,0.68,-0.58,0.58,-1.45,-0.29,-0.19,-0.97,,,,,,,,,,,,,,,,,,,,,,,,,
Bull?,アンジェス　ＭＧ,4563,東証GR,2026/06/12,2026/06/15,65.0,0.165,45.0,-2.17,860400.0,21.8,-0.088,下降(-1),-5.33,0.0,0.0,0.0,―,―,,45.0,0.0,598500.0,21.8,-0.084,下降(-1),-5.53,0.0,0.0,0.0,44.0,-2.22,47.0,4.44,47.0,4.44,48.0,6.67,48.0,6.67,47.0,4.44,47.0,4.44,46.0,2.22,45.0,0.0,,,,44.0,6.82,6.82,9.09,9.09,6.82,6.82,4.55,2.27,,,1.0,2026/06/16,2026/06/17,47.0,6.82,47.0,6.82,48.0,9.09,48.0,9.09,47.0,6.82,47.0,6.82,46.0,4.55,45.0,2.27,,,,
Bull?,ニューラルポケット,4056,東証GR,2026/06/12,2026/06/15,65.0,0.636,209.0,-3.24,43800.0,27.9,-0.374,下降(-1),-12.33,0.0,1.0,0.0,―,―,,211.0,0.96,44600.0,29.5,-0.185,下降(-1),-12.47,0.0,0.0,0.0,214.0,1.42,217.0,2.84,214.0,1.42,209.0,-0.95,211.0,0.0,206.0,-2.37,204.0,-3.32,206.0,-2.37,205.0,-2.84,,,,214.0,1.4,0.0,-2.34,-1.4,-3.74,-4.67,-3.74,-4.21,,,1.0,2026/06/12,2026/06/15,211.0,0.96,214.0,2.39,217.0,3.83,214.0,2.39,209.0,0.0,211.0,0.96,206.0,-1.44,204.0,-2.39,206.0,-1.44,205.0,-1.91
Bull?,セキド,9878,東証ST,2026/06/12,2026/06/15,65.0,0.081,425.0,-0.47,7700.0,25.9,-1.292,下降(-1),-5.01,0.0,1.0,0.0,―,―,,425.0,0.0,9500.0,25.9,-1.278,下降(-1),-5.12,0.0,0.0,0.0,423.0,-0.47,426.0,0.24,427.0,0.47,425.0,0.0,421.0,-0.94,422.0,-0.71,420.0,-1.18,420.0,-1.18,415.0,-2.35,,,,423.0,0.71,0.95,0.47,-0.47,-0.24,-0.71,-0.71,-1.89,,,1.0,2026/06/23,2026/06/24,420.0,-0.47,420.0,-0.47,415.0,-1.66,,,,,,,,,,,,,,
Bear?,エックスネット,4762,東証ST,2026/06/12,2026/06/15,63.0,0.531,1604.0,0.94,2200.0,62.0,4.224,揉み合い(0),0.35,1.0,0.0,1.0,―,―,,1577.0,-1.68,1500.0,55.0,3.236,揉み合い(0),0.39,0.0,0.0,0.0,1555.0,-1.4,1558.0,-1.2,1558.0,-1.2,1583.0,0.38,1560.0,-1.08,1576.0,-0.06,1588.0,0.7,1704.0,8.05,1663.0,5.45,,,,1555.0,0.19,0.19,1.8,0.32,1.35,2.12,9.58,6.95,,,1.0,2026/06/12,2026/06/15,1577.0,-1.68,1555.0,-3.05,1558.0,-2.87,1558.0,-2.87,1583.0,-1.31,1560.0,-2.74,1576.0,-1.75,1588.0,-1.0,1704.0,6.23,1663.0,3.68
Bull?,ゼネラルパッカー,6267,東証ST,2026/06/12,2026/06/15,60.0,0.538,3530.0,-1.12,1000.0,35.8,-11.528,下降(-1),-2.22,0.0,1.0,0.0,―,―,,3700.0,4.82,1700.0,51.4,-1.152,下降(-1),-2.15,0.0,0.0,0.0,3640.0,-1.62,3655.0,-1.22,3800.0,2.7,3735.0,0.95,3735.0,0.95,3795.0,2.57,3740.0,1.08,3780.0,2.16,3770.0,1.89,,,,3640.0,0.41,4.4,2.61,2.61,4.26,2.75,3.85,3.57,,,1.0,2026/06/12,2026/06/15,3700.0,4.82,3640.0,3.12,3655.0,3.54,3800.0,7.65,3735.0,5.81,3735.0,5.81,3795.0,7.51,3740.0,5.95,3780.0,7.08,3770.0,6.8
Bull?,川上塗料,4616,東証ST,2026/06/12,2026/06/15,60.0,0.123,1790.0,0.06,800.0,41.8,-0.409,下降(-1),-2.16,0.0,0.0,0.0,―,―,,1794.0,0.22,1300.0,42.9,-0.124,下降(-1),-2.15,0.0,0.0,0.0,1771.0,-1.28,1818.0,1.34,1827.0,1.84,1801.0,0.39,1820.0,1.45,1805.0,0.61,1790.0,-0.22,1833.0,2.17,1860.0,3.68,,,,1771.0,2.65,3.16,1.69,2.77,1.92,1.07,3.5,5.03,,,,,,,,,,,,,,,,,,,,,,,,,
Bull?,ＪＦＥシステムズ,4832,東証ST,2026/06/12,2026/06/15,60.0,0.338,1852.0,0.33,26500.0,38.7,-4.629,下降(-1),-3.61,0.0,1.0,0.0,―,―,,1904.0,2.81,7500.0,47.3,-2.768,下降(-1),-3.43,0.0,0.0,0.0,1876.0,-1.47,1875.0,-1.52,1891.0,-0.68,1885.0,-1.0,1898.0,-0.32,1880.0,-1.26,1866.0,-2.0,1887.0,-0.89,1899.0,-0.26,,,,1876.0,-0.05,0.8,0.48,1.17,0.21,-0.53,0.59,1.23,,,1.0,2026/06/12,2026/06/15,1904.0,2.81,1876.0,1.3,1875.0,1.24,1891.0,2.11,1885.0,1.78,1898.0,2.48,1880.0,1.51,1866.0,0.76,1887.0,1.89,1899.0,2.54
Bull?,日本フエルト,3512,東証ST,2026/06/12,2026/06/15,60.0,0.265,771.0,-5.17,82600.0,39.6,-3.73,下降(-1),-1.72,0.0,1.0,0.0,―,―,,790.0,2.46,5500.0,42.6,-3.5,下降(-1),-1.69,0.0,0.0,0.0,792.0,0.25,800.0,1.27,823.0,4.18,806.0,2.03,792.0,0.25,790.0,0.0,799.0,1.14,800.0,1.27,790.0,0.0,,,,792.0,1.01,3.91,1.77,0.0,-0.25,0.88,1.01,-0.25,,,1.0,2026/06/12,2026/06/15,790.0,2.46,792.0,2.72,800.0,3.76,823.0,6.74,806.0,4.54,792.0,2.72,790.0,2.46,799.0,3.63,800.0,3.76,790.0,2.46
Bull?,Ｓｈａｒｉｎｇ　Ｉｎｎｏｖａｔｉｏｎｓ,4178,東証GR,2026/06/12,2026/06/15,60.0,0.51,513.0,0.59,2400.0,37.3,-0.973,下降(-1),-3.93,0.0,0.0,0.0,―,―,,525.0,2.34,3500.0,47.2,-0.383,下降(-1),-3.85,0.0,0.0,0.0,534.0,1.71,535.0,1.9,522.0,-0.57,527.0,0.38,517.0,-1.52,513.0,-2.29,510.0,-2.86,515.0,-1.9,520.0,-0.95,,,,534.0,0.19,-2.25,-1.31,-3.18,-3.93,-4.49,-3.56,-2.62,,,,,,,,,,,,,,,,,,,,,,,,,
Bull?,ケイファーマ,4896,東証GR,2026/06/12,2026/06/15,58.0,0.33,638.0,0.0,25000.0,29.0,-4.521,揉み合い(0),-0.48,0.0,0.0,0.0,―,―,,640.0,0.31,17800.0,30.0,-4.003,下降(-1),-0.73,0.0,0.0,0.0,655.0,2.34,664.0,3.75,671.0,4.84,641.0,0.16,634.0,-0.94,634.0,-0.94,645.0,0.78,645.0,0.78,704.0,10.0,,,,655.0,1.37,2.44,-2.14,-3.21,-3.21,-1.53,-1.53,7.48,,,,,,,,,,,,,,,,,,,,,,,,,
Bull?,丸全昭和運輸,9068,東証PR,2026/06/12,2026/06/15,55.0,0.473,7350.0,-0.41,27300.0,34.4,-16.61,下降(-1),-3.22,0.0,1.0,0.0,―,―,,7560.0,2.86,31600.0,44.8,-3.117,下降(-1),-3.45,0.0,0.0,0.0,7490.0,-0.93,7420.0,-1.85,7410.0,-1.98,7520.0,-0.53,7380.0,-2.38,7390.0,-2.25,7270.0,-3.84,7230.0,-4.37,7330.0,-3.04,,,,7490.0,-0.93,-1.07,0.4,-1.47,-1.34,-2.94,-3.47,-2.14,,,1.0,2026/06/12,2026/06/15,7560.0,2.86,7490.0,1.9,7420.0,0.95,7410.0,0.82,7520.0,2.31,7380.0,0.41,7390.0,0.54,7270.0,-1.09,7230.0,-1.63,7330.0,-0.27
Bull?,ＡＲアドバンストテクノロジ,5578,東証GR,2026/06/12,2026/06/15,55.0,0.793,802.0,-0.25,13900.0,33.9,-7.013,下降(-1),-5.84,0.0,0.0,0.0,―,―,,829.0,3.37,32200.0,39.9,-4.707,下降(-1),-5.74,0.0,0.0,0.0,822.0,-0.84,838.0,1.09,898.0,8.32,872.0,5.19,925.0,11.58,874.0,5.43,867.0,4.58,851.0,2.65,824.0,-0.6,,,,822.0,1.95,9.25,6.08,12.53,6.33,5.47,3.53,0.24,,,,,,,,,,,,,,,,,,,,,,,,,
Bull?,ぱど,4833,東証GR,2026/06/12,2026/06/15,55.0,0.154,43.0,-6.52,904700.0,31.1,-0.156,下降(-1),-13.64,0.0,1.0,0.0,―,―,,45.0,4.65,763600.0,36.1,-0.096,下降(-1),-13.57,0.0,0.0,0.0,44.0,-2.22,45.0,0.0,46.0,2.22,42.0,-6.67,42.0,-6.67,40.0,-11.11,41.0,-8.89,34.0,-24.44,33.0,-26.67,,,,44.0,2.27,4.55,-4.55,-4.55,-9.09,-6.82,-22.73,-25.0,,,1.0,2026/06/12,2026/06/15,45.0,4.65,44.0,2.33,45.0,4.65,46.0,6.98,42.0,-2.33,42.0,-2.33,40.0,-6.98,41.0,-4.65,34.0,-20.93,33.0,-23.26
Bull?,アイキューブドシステムズ,4495,東証GR,2026/06/12,2026/06/15,55.0,0.712,1776.0,-2.84,14400.0,34.3,-11.666,下降(-1),-6.68,0.0,1.0,0.0,―,―,,1839.0,3.55,9100.0,40.9,-9.412,下降(-1),-6.54,0.0,0.0,0.0,1829.0,-0.54,1870.0,1.69,1846.0,0.38,1815.0,-1.31,1845.0,0.33,1799.0,-2.18,1817.0,-1.2,1858.0,1.03,1846.0,0.38,,,,1829.0,2.24,0.93,-0.77,0.87,-1.64,-0.66,1.59,0.93,,,1.0,2026/06/12,2026/06/15,1839.0,3.55,1829.0,2.98,1870.0,5.29,1846.0,3.94,1815.0,2.2,1845.0,3.89,1799.0,1.3,1817.0,2.31,1858.0,4.62,1846.0,3.94
Bull?,ユー・エム・シー・エレクトロニクス,6615,東証PR,2026/06/12,2026/06/15,55.0,0.1,225.0,0.0,51900.0,33.9,-0.55,下降(-1),-8.56,0.0,0.0,0.0,―,―,,228.0,1.33,50700.0,36.0,-0.391,下降(-1),-8.65,0.0,0.0,0.0,230.0,0.88,234.0,2.63,232.0,1.75,229.0,0.44,230.0,0.88,225.0,-1.32,221.0,-3.07,226.0,-0.88,220.0,-3.51,,,,230.0,1.74,0.87,-0.43,0.0,-2.17,-3.91,-1.74,-4.35,,,,,,,,,,,,,,,,,,,,,,,,,
Bull?,アクセスグループ・ホールディングス,7042,東証ST,2026/06/12,2026/06/15,55.0,0.236,572.0,0.35,1600.0,31.1,-0.89,下降(-1),-4.98,0.0,0.0,0.0,―,―,,575.0,0.52,600.0,34.2,-0.735,下降(-1),-5.1,0.0,0.0,0.0,571.0,-0.7,576.0,0.17,569.0,-1.04,570.0,-0.87,630.0,9.57,630.0,9.57,631.0,9.74,633.0,10.09,625.0,8.7,,,,571.0,0.88,-0.35,-0.18,10.33,10.33,10.51,10.86,9.46,,,1.0,2026/06/18,2026/06/19,570.0,0.18,630.0,10.72,630.0,10.72,631.0,10.9,633.0,11.25,625.0,9.84,,,,,,,,
Bull?,遠藤照明,6932,東証ST,2026/06/12,2026/06/15,55.0,0.483,2312.0,0.13,40700.0,34.6,-13.942,下降(-1),-2.04,0.0,0.0,0.0,―,―,,2354.0,1.82,33900.0,39.5,-12.117,下降(-1),-2.25,0.0,0.0,0.0,2313.0,-1.74,2326.0,-1.19,2336.0,-0.76,2397.0,1.83,2410.0,2.38,2362.0,0.34,2370.0,0.68,2382.0,1.19,2369.0,0.64,,,,2313.0,0.56,0.99,3.63,4.19,2.12,2.46,2.98,2.42,,,,,,,,,,,,,,,,,,,,,,,,,
Bull?,ＳＥＭＩＴＥＣ,6626,東証ST,2026/06/12,2026/06/15,55.0,0.263,1980.0,0.0,22500.0,33.0,-10.344,下降(-1),-3.63,0.0,0.0,0.0,―,―,,2018.0,1.92,11000.0,37.7,-8.389,下降(-1),-3.8,0.0,0.0,0.0,2040.0,1.09,2043.0,1.24,2057.0,1.93,2043.0,1.24,2049.0,1.54,1996.0,-1.09,1985.0,-1.64,2025.0,0.35,2011.0,-0.35,,,,2040.0,0.15,0.83,0.15,0.44,-2.16,-2.7,-0.74,-1.42,,,,,,,,,,,,,,,,,,,,,,,,,
Bull?,マイクロアド,9553,東証GR,2026/06/12,2026/06/15,55.0,0.03,519.0,0.58,156800.0,31.8,-0.486,下降(-1),-6.17,0.0,1.0,0.0,―,―,,522.0,0.58,96800.0,32.6,-0.256,下降(-1),-6.53,0.0,0.0,0.0,515.0,-1.34,539.0,3.26,535.0,2.49,508.0,-2.68,533.0,2.11,507.0,-2.87,504.0,-3.45,500.0,-4.21,501.0,-4.02,,,,515.0,4.66,3.88,-1.36,3.5,-1.55,-2.14,-2.91,-2.72,,,1.0,2026/06/12,2026/06/15,522.0,0.58,515.0,-0.77,539.0,3.85,535.0,3.08,508.0,-2.12,533.0,2.7,507.0,-2.31,504.0,-2.89,500.0,-3.66,501.0,-3.47
Bull?,理経,8226,東証ST,2026/06/12,2026/06/15,55.0,0.107,372.0,0.0,172300.0,34.6,-1.271,下降(-1),-7.14,0.0,0.0,0.0,―,―,,391.0,5.11,272500.0,42.4,-0.148,下降(-1),-7.26,0.0,0.0,0.0,389.0,-0.51,394.0,0.77,391.0,0.0,386.0,-1.28,383.0,-2.05,376.0,-3.84,367.0,-6.14,365.0,-6.65,368.0,-5.88,,,,389.0,1.29,0.51,-0.77,-1.54,-3.34,-5.66,-6.17,-5.4,,,,,,,,,,,,,,,,,,,,,,,,,
Bull?,オーウエル,7670,東証ST,2026/06/12,2026/06/15,55.0,0.199,987.0,-0.9,4600.0,33.1,-3.436,下降(-1),-3.7,0.0,0.0,0.0,―,―,,1022.0,3.55,7100.0,49.5,-0.973,下降(-1),-3.88,0.0,0.0,0.0,1001.0,-2.05,1008.0,-1.37,1008.0,-1.37,1000.0,-2.15,1008.0,-1.37,999.0,-2.25,1000.0,-2.15,1004.0,-1.76,1002.0,-1.96,,,,1001.0,0.7,0.7,-0.1,0.7,-0.2,-0.1,0.3,0.1,,,,,,,,,,,,,,,,,,,,,,,,,
Bull?,鳥羽洋行,7472,東証ST,2026/06/12,2026/06/15,55.0,0.479,3540.0,0.43,700.0,32.9,-4.513,下降(-1),-2.56,0.0,0.0,0.0,―,―,,3535.0,-0.14,1900.0,32.5,-4.471,下降(-1),-2.61,0.0,0.0,0.0,3510.0,-0.71,3545.0,0.28,3525.0,-0.28,3540.0,0.14,3500.0,-0.99,3505.0,-0.85,3545.0,0.28,3600.0,1.84,3685.0,4.24,,,,3510.0,1.0,0.43,0.85,-0.28,-0.14,1.0,2.56,4.99,,,1.0,2026/06/18,2026/06/19,3540.0,0.43,3500.0,-0.71,3505.0,-0.57,3545.0,0.57,3600.0,2.13,3685.0,4.54,,,,,,,,
Bear?,中部飼料,2053,東証PR,2026/06/12,2026/06/15,55.0,0.829,1842.0,1.82,125400.0,66.6,12.915,下降(-1),-1.69,1.0,0.0,0.0,Tier3,bear_div（全体）,,1784.0,-3.15,128300.0,55.3,11.18,下降(-1),-1.81,0.0,0.0,1.0,1751.0,-1.85,1771.0,-0.73,1829.0,2.52,1837.0,2.97,1824.0,2.24,1825.0,2.3,1839.0,3.08,1861.0,4.32,1824.0,2.24,,,,1751.0,1.14,4.45,4.91,4.17,4.23,5.03,6.28,4.17,,,1.0,2026/06/15,2026/06/16,1751.0,-1.85,1771.0,-0.73,1829.0,2.52,1837.0,2.97,1824.0,2.24,1825.0,2.3,1839.0,3.08,1861.0,4.32,1824.0,2.24,,
Bear?,日本甜菜製糖,2108,東証PR,2026/06/12,2026/06/15,55.0,0.819,4570.0,-0.11,39400.0,66.5,32.368,上昇(+1),0.75,0.0,0.0,0.0,Tier3,bear_div（全体）,,4565.0,-0.11,21300.0,66.1,30.631,上昇(+1),0.78,0.0,0.0,1.0,4500.0,-1.42,4500.0,-1.42,4580.0,0.33,4600.0,0.77,4595.0,0.66,4540.0,-0.55,4570.0,0.11,4680.0,2.52,4680.0,2.52,,,,4500.0,0.0,1.78,2.22,2.11,0.89,1.56,4.0,4.0,,,1.0,2026/06/26,,,,,,,,,,,,,,,,,,,,,
Bull?,古野電気,6814,東証PR,2026/06/12,2026/06/15,55.0,0.169,5630.0,-0.18,307000.0,34.0,-21.926,下降(-1),-4.66,0.0,0.0,0.0,―,―,,5830.0,3.55,286200.0,40.5,-12.722,下降(-1),-4.9,0.0,0.0,0.0,5910.0,1.37,6000.0,2.92,6240.0,7.03,6100.0,4.63,6220.0,6.69,5930.0,1.72,5990.0,2.74,6130.0,5.15,5910.0,1.37,,,,5910.0,1.52,5.58,3.21,5.25,0.34,1.35,3.72,0.0,,,,,,,,,,,,,,,,,,,,,,,,,
Bull?,三洋堂ホールディングス,3058,東証ST,2026/06/12,2026/06/15,53.0,0.745,683.0,-0.87,10900.0,42.5,-1.393,揉み合い(0),0.31,0.0,1.0,0.0,―,―,,690.0,1.02,2200.0,48.0,-0.888,揉み合い(0),0.28,0.0,0.0,0.0,685.0,-0.72,687.0,-0.43,692.0,0.29,695.0,0.72,689.0,-0.14,687.0,-0.43,685.0,-0.72,691.0,0.14,685.0,-0.72,,,,685.0,0.29,1.02,1.46,0.58,0.29,0.0,0.88,0.0,,,1.0,2026/06/12,2026/06/15,690.0,1.02,685.0,0.29,687.0,0.59,692.0,1.32,695.0,1.76,689.0,0.88,687.0,0.59,685.0,0.29,691.0,1.17,685.0,0.29
Bear?,キユーピー,2809,東証PR,2026/06/12,2026/06/15,50.0,0.444,4184.0,0.82,513500.0,57.7,14.089,下降(-1),-2.43,0.0,0.0,1.0,―,―,,4119.0,-1.55,312100.0,52.4,11.699,下降(-1),-2.43,0.0,0.0,0.0,4096.0,-0.56,4099.0,-0.49,4100.0,-0.46,4144.0,0.61,4148.0,0.7,4164.0,1.09,4205.0,2.09,4326.0,5.03,4397.0,6.75,,,,4096.0,0.07,0.1,1.17,1.27,1.66,2.66,5.62,7.35,,,1.0,2026/06/26,,,,,,,,,,,,,,,,,,,,,
Bear?,ダイイチ,7643,東証ST,2026/06/12,2026/06/15,50.0,0.409,1702.0,0.41,700.0,54.2,0.294,下降(-1),-1.54,0.0,0.0,0.0,―,―,,1700.0,-0.12,2800.0,53.3,0.139,下降(-1),-1.51,0.0,0.0,0.0,1699.0,-0.06,1687.0,-0.76,1692.0,-0.47,1698.0,-0.12,1705.0,0.29,1687.0,-0.76,1685.0,-0.88,1690.0,-0.59,1688.0,-0.71,,,,1699.0,-0.71,-0.41,-0.06,0.35,-0.71,-0.82,-0.53,-0.65,,,,,,,,,,,,,,,,,,,,,,,,,
Bull?,クミアイ化学工業,4996,東証PR,2026/06/12,2026/06/15,45.0,0.207,725.0,-1.89,865800.0,43.7,-1.561,上昇(+1),1.54,0.0,0.0,0.0,―,―,,746.0,2.9,674700.0,48.9,-0.676,上昇(+1),1.48,0.0,0.0,0.0,730.0,-2.14,725.0,-2.82,731.0,-2.01,728.0,-2.41,717.0,-3.89,711.0,-4.69,721.0,-3.35,733.0,-1.74,743.0,-0.4,,,,730.0,-0.68,0.14,-0.27,-1.78,-2.6,-1.23,0.41,1.78,,,,,,,,,,,,,,,,,,,,,,,,,
Bull?,Ｊストリーム,4308,東証GR,2026/06/12,2026/06/15,45.0,0.206,343.0,-0.58,18600.0,38.8,-0.191,下降(-1),-1.34,0.0,0.0,0.0,―,―,,345.0,0.58,12600.0,41.8,-0.087,下降(-1),-1.32,0.0,0.0,0.0,343.0,-0.58,350.0,1.45,348.0,0.87,345.0,0.0,344.0,-0.29,343.0,-0.58,344.0,-0.29,353.0,2.32,354.0,2.61,,,,343.0,2.04,1.46,0.58,0.29,0.0,0.29,2.92,3.21,,,,,,,,,,,,,,,,,,,,,,,,,
Bull?,セレスポ,9625,東証ST,2026/06/12,2026/06/15,45.0,0.102,1068.0,-0.84,2800.0,35.9,-0.141,下降(-1),-0.77,0.0,1.0,0.0,―,―,,1073.0,0.47,1700.0,43.0,-0.092,下降(-1),-0.78,0.0,0.0,0.0,1078.0,0.47,1079.0,0.56,1073.0,0.0,1071.0,-0.19,1071.0,-0.19,1074.0,0.09,1071.0,-0.19,1073.0,0.0,1073.0,0.0,,,,1078.0,0.09,-0.46,-0.65,-0.65,-0.37,-0.65,-0.46,-0.46,,,1.0,2026/06/12,2026/06/15,1073.0,0.47,1078.0,0.94,1079.0,1.03,1073.0,0.47,1071.0,0.28,1071.0,0.28,1074.0,0.56,1071.0,0.28,1073.0,0.47,1073.0,0.47
Bull?,石川製作所,6208,東証ST,2026/06/12,2026/06/15,45.0,0.088,1710.0,1.3,50100.0,40.1,-4.156,下降(-1),-0.7,0.0,0.0,0.0,―,―,,1748.0,2.22,44300.0,42.8,-1.349,下降(-1),-1.47,0.0,0.0,0.0,1791.0,2.46,1903.0,8.87,1898.0,8.58,1791.0,2.46,1820.0,4.12,1736.0,-0.69,1730.0,-1.03,1708.0,-2.29,1691.0,-3.26,,,,1791.0,6.25,5.97,0.0,1.62,-3.07,-3.41,-4.63,-5.58,,,,,,,,,,,,,,,,,,,,,,,,,
Bull?,ヤフー,4689,東証PR,2026/06/12,2026/06/15,45.0,0.989,402.0,-0.74,20933800.0,44.3,-1.2,上昇(+1),0.87,0.0,0.0,0.0,―,―,,411.0,2.24,16832900.0,50.0,-0.63,上昇(+1),0.97,0.0,0.0,0.0,416.5,1.34,418.5,1.82,412.7,0.41,409.5,-0.36,406.8,-1.02,406.6,-1.07,405.9,-1.24,409.7,-0.32,410.0,-0.24,,,,416.5,0.48,-0.91,-1.68,-2.33,-2.38,-2.55,-1.63,-1.56,,,,,,,,,,,,,,,,,,,,,,,,,
Bull?,オーナンバ,5816,東証ST,2026/06/12,2026/06/15,45.0,0.483,1624.0,-0.25,86500.0,37.1,-17.093,上昇(+1),3.23,0.0,0.0,0.0,―,―,,1705.0,4.99,57500.0,45.1,-12.656,上昇(+1),3.07,0.0,0.0,0.0,1693.0,-0.7,1727.0,1.29,1702.0,-0.18,1829.0,7.27,1820.0,6.74,1764.0,3.46,1762.0,3.34,1771.0,3.87,1721.0,0.94,,,,1693.0,2.01,0.53,8.03,7.5,4.19,4.08,4.61,1.65,,,,,,,,,,,,,,,,,,,,,,,,,
Bull?,シンクレイヤ,1724,東証ST,2026/06/12,2026/06/15,45.0,0.893,686.0,0.15,4600.0,39.7,-1.014,下降(-1),-1.0,0.0,0.0,0.0,―,―,,697.0,1.6,3800.0,46.7,-0.288,下降(-1),-1.02,0.0,0.0,0.0,693.0,-0.57,702.0,0.72,693.0,-0.57,698.0,0.14,696.0,-0.14,691.0,-0.86,686.0,-1.58,692.0,-0.72,693.0,-0.57,,,,693.0,1.3,0.0,0.72,0.43,-0.29,-1.01,-0.14,0.0,,,,,,,,,,,,,,,,,,,,,,,,,
Bull?,曙ブレーキ工業,7238,東証PR,2026/06/12,2026/06/15,45.0,0.453,110.0,1.85,1473400.0,38.1,-0.841,下降(-1),-2.87,0.0,0.0,0.0,―,―,,113.0,2.73,1439100.0,42.9,-0.614,下降(-1),-3.11,0.0,0.0,0.0,111.0,-1.77,114.0,0.88,114.0,0.88,112.0,-0.88,113.0,0.0,110.0,-2.65,107.0,-5.31,107.0,-5.31,109.0,-3.54,,,,111.0,2.7,2.7,0.9,1.8,-0.9,-3.6,-3.6,-1.8,,,,,,,,,,,,,,,,,,,,,,,,,
Bull?,新電元工業,6844,東証PR,2026/06/12,2026/06/15,45.0,0.858,3035.0,-0.49,98400.0,38.9,-38.292,下降(-1),-4.0,0.0,0.0,0.0,―,―,,3225.0,6.26,93400.0,47.8,-28.328,下降(-1),-4.05,0.0,0.0,0.0,3250.0,0.78,3425.0,6.2,3430.0,6.36,3945.0,22.33,4080.0,26.51,3890.0,20.62,3810.0,18.14,4180.0,29.61,4050.0,25.58,,,,3250.0,5.38,5.54,21.38,25.54,19.69,17.23,28.62,24.62,,,,,,,,,,,,,,,,,,,,,,,,,
Bull?,セーラー広告,2156,東証ST,2026/06/12,2026/06/15,45.0,0.292,260.0,0.0,2000.0,36.0,-0.423,下降(-1),-4.17,0.0,0.0,0.0,―,―,,265.0,1.92,900.0,42.2,-0.077,下降(-1),-4.12,0.0,0.0,0.0,266.0,0.38,259.0,-2.26,263.0,-0.75,262.0,-1.13,263.0,-0.75,264.0,-0.38,264.0,-0.38,263.0,-0.75,262.0,-1.13,,,,266.0,-2.63,-1.13,-1.5,-1.13,-0.75,-0.75,-1.13,-1.5,,,,,,,,,,,,,,,,,,,,,,,,,
Bull?,ＡＷＳホールディングス,3937,東証PR,2026/06/12,2026/06/15,45.0,0.956,923.0,-1.07,32300.0,39.2,-2.707,下降(-1),-1.97,0.0,0.0,0.0,―,―,,937.0,1.52,18200.0,44.7,-2.019,下降(-1),-1.9,0.0,0.0,0.0,923.0,-1.49,933.0,-0.43,936.0,-0.11,943.0,0.64,945.0,0.85,923.0,-1.49,931.0,-0.64,930.0,-0.75,941.0,0.43,,,,923.0,1.08,1.41,2.17,2.38,0.0,0.87,0.76,1.95,,,,,,,,,,,,,,,,,,,,,,,,,
Bull?,日本一ソフトウェア,3851,東証ST,2026/06/12,2026/06/15,38.0,0.634,810.0,2.53,3900.0,41.7,-1.861,揉み合い(0),0.2,0.0,0.0,0.0,―,―,,814.0,0.49,1800.0,44.2,-1.481,揉み合い(0),0.17,0.0,0.0,0.0,808.0,-0.74,814.0,0.0,820.0,0.74,820.0,0.74,819.0,0.61,819.0,0.61,828.0,1.72,827.0,1.6,829.0,1.84,,,,808.0,0.74,1.49,1.49,1.36,1.36,2.48,2.35,2.6,,,,,,,,,,,,,,,,,,,,,,,,,
Bull?,北恵,9872,東証ST,2026/06/12,2026/06/15,38.0,0.599,880.0,0.0,400.0,47.2,-0.18,揉み合い(0),-0.19,0.0,0.0,0.0,―,―,,880.0,0.0,2700.0,47.2,-0.161,揉み合い(0),-0.19,0.0,0.0,0.0,880.0,0.0,880.0,0.0,881.0,0.11,875.0,-0.57,877.0,-0.34,873.0,-0.8,875.0,-0.57,898.0,2.05,887.0,0.8,,,,880.0,0.0,0.11,-0.57,-0.34,-0.8,-0.57,2.05,0.8,,,,,,,,,,,,,,,,,,,,,,,,,
Bear?,ジョイフル本田,3191,東証PR,2026/06/12,2026/06/15,38.0,0.857,2249.0,0.49,426200.0,63.0,5.641,揉み合い(0),0.37,0.0,0.0,0.0,―,―,,2230.0,-0.84,651200.0,58.5,4.075,揉み合い(0),0.43,0.0,0.0,0.0,2220.0,-0.45,2211.0,-0.85,2180.0,-2.24,2233.0,0.13,2176.0,-2.42,2174.0,-2.51,2175.0,-2.47,2193.0,-1.66,2230.0,0.0,,,,2220.0,-0.41,-1.8,0.59,-1.98,-2.07,-2.03,-1.22,0.45,,,,,,,,,,,,,,,,,,,,,,,,,
Bear?,なとり,2922,東証PR,2026/06/12,2026/06/15,38.0,0.954,1906.0,-0.21,24800.0,58.8,4.382,揉み合い(0),-0.34,0.0,0.0,1.0,―,―,,1900.0,-0.31,13600.0,56.0,4.245,揉み合い(0),-0.35,0.0,0.0,0.0,1904.0,0.21,1907.0,0.37,1917.0,0.89,1923.0,1.21,1898.0,-0.11,1908.0,0.42,1914.0,0.74,1915.0,0.79,1919.0,1.0,,,,1904.0,0.16,0.68,1.0,-0.32,0.21,0.53,0.58,0.79,,,,,,,,,,,,,,,,,,,,,,,,,
Bull?,昭和電線ホールディングス,5805,東証PR,2026/06/12,2026/06/15,30.0,0.655,12190.0,2.01,401700.0,35.7,-330.798,上昇(+1),2.54,0.0,0.0,0.0,―,―,,12820.0,5.17,344300.0,40.9,-278.106,上昇(+1),2.07,0.0,0.0,0.0,13740.0,7.18,13920.0,8.58,13970.0,8.97,14370.0,12.09,14730.0,14.9,14270.0,11.31,13940.0,8.74,13980.0,9.05,13480.0,5.15,,,,13740.0,1.31,1.67,4.59,7.21,3.86,1.46,1.75,-1.89,,,,,,,,,,,,,,,,,,,,,,,,,
Bear?,アース製薬,4985,東証PR,2026/06/12,2026/06/15,30.0,0.735,4705.0,-0.11,60500.0,55.0,13.355,下降(-1),-1.78,0.0,0.0,0.0,―,―,,4650.0,-1.17,81100.0,50.3,11.808,下降(-1),-1.77,0.0,0.0,0.0,4615.0,-0.75,4600.0,-1.08,4570.0,-1.72,4610.0,-0.86,4605.0,-0.97,4645.0,-0.11,4660.0,0.22,4690.0,0.86,4770.0,2.58,,,,4615.0,-0.33,-0.98,-0.11,-0.22,0.65,0.98,1.63,3.36,,,1.0,2026/06/26,,,,,,,,,,,,,,,,,,,,,
Bull?,マルコ,9980,東証ST,2026/06/12,2026/06/15,30.0,0.145,97.0,1.04,23100.0,43.8,-0.05,上昇(+1),0.89,0.0,0.0,0.0,―,―,,97.0,0.0,273300.0,43.8,-0.05,上昇(+1),0.86,0.0,0.0,0.0,96.0,-1.03,96.0,-1.03,96.0,-1.03,94.0,-3.09,93.0,-4.12,93.0,-4.12,91.0,-6.19,91.0,-6.19,91.0,-6.19,,,,96.0,0.0,0.0,-2.08,-3.12,-3.12,-5.21,-5.21,-5.21,,,,,,,,,,,,,,,,,,,,,,,,,
Bull?,ラサ工業,4022,東証PR,2026/06/12,2026/06/15,30.0,0.524,1945.0,6.17,1646700.0,46.9,-33.822,上昇(+1),5.69,0.0,0.0,0.0,―,―,,2170.0,11.57,1770600.0,54.0,-18.76,上昇(+1),5.38,0.0,0.0,0.0,2313.0,6.59,2325.0,7.14,2326.0,7.19,2243.0,3.36,2445.0,12.67,2409.0,11.01,2263.0,4.29,2299.0,5.94,2215.0,2.07,,,,2313.0,0.52,0.56,-3.03,5.71,4.15,-2.16,-0.61,-4.24,,,,,,,,,,,,,,,,,,,,,,,,,
Bull?,エム・エイチ・グループ,9439,東証ST,2026/06/12,2026/06/15,30.0,0.91,241.0,-1.23,4600.0,43.6,-0.574,上昇(+1),2.07,0.0,0.0,0.0,―,―,,242.0,0.41,22900.0,45.1,-0.48,上昇(+1),2.11,0.0,0.0,0.0,244.0,0.83,246.0,1.65,246.0,1.65,246.0,1.65,244.0,0.83,246.0,1.65,246.0,1.65,249.0,2.89,247.0,2.07,,,,244.0,0.82,0.82,0.82,0.0,0.82,0.82,2.05,1.23,,,,,,,,,,,,,,,,,,,,,,,,,
Bull?,ジェイテックコーポレーション,3446,東証ST,2026/06/12,2026/06/15,30.0,0.293,1582.0,1.41,31000.0,37.3,-11.685,上昇(+1),1.7,0.0,0.0,0.0,―,―,,1620.0,2.4,26500.0,40.5,-8.431,上昇(+1),1.05,0.0,0.0,0.0,1589.0,-1.91,1673.0,3.27,1707.0,5.37,1792.0,10.62,1840.0,13.58,1717.0,5.99,1672.0,3.21,1706.0,5.31,1680.0,3.7,,,,1589.0,5.29,7.43,12.78,15.8,8.06,5.22,7.36,5.73,,,,,,,,,,,,,,,,,,,,,,,,,
Bull?,ＯＫＩ,6703,東証PR,2026/06/12,2026/06/15,30.0,0.72,2972.0,1.5,650500.0,39.6,-52.72,上昇(+1),7.6,0.0,0.0,0.0,―,―,,3055.0,2.79,525000.0,43.8,-47.141,上昇(+1),7.06,0.0,0.0,0.0,3045.0,-0.33,3090.0,1.15,3140.0,2.78,3190.0,4.42,3390.0,10.97,3400.0,11.29,3505.0,14.73,3855.0,26.19,3700.0,21.11,,,,3045.0,1.48,3.12,4.76,11.33,11.66,15.11,26.6,21.51,,,,,,,,,,,,,,,,,,,,,,,,,
Bull?,アルメディオ,7859,東証ST,2026/06/12,2026/06/15,30.0,0.79,246.0,-1.6,311900.0,38.5,-5.595,上昇(+1),9.45,0.0,0.0,0.0,―,―,,258.0,4.88,210600.0,43.0,-5.05,上昇(+1),9.19,0.0,0.0,0.0,267.0,3.49,268.0,3.88,262.0,1.55,249.0,-3.49,243.0,-5.81,243.0,-5.81,235.0,-8.91,232.0,-10.08,234.0,-9.3,,,,267.0,0.37,-1.87,-6.74,-8.99,-8.99,-11.99,-13.11,-12.36,,,1.0,2026/06/26,,,,,,,,,,,,,,,,,,,,,
日経,日経平均株価,0001,指数,2026/06/15,2026/06/16,,,69317.5,4.99,,63.0,-87.584,1.0,1.01,,,,,,,69404.5,0.13,,63.2,68.038,1.0,1.09,,,,69902.25,0.72,71053.49,2.38,71250.06,2.66,72353.96,4.25,69788.38,0.55,69174.97,-0.33,72366.34,4.27,69360.88,-0.06,,,,,,,,,,,,,,,,,,,,,,,,,,,,,,,,,,,,,,,
Bear?,コンコルディア・フィナンシャルグループ,7186,東証PR,2026/06/15,2026/06/16,90.0,0.456,1761.0,2.38,4143700.0,68.5,7.643,上昇(+1),2.05,1.0,0.0,1.0,―,―,,1732.0,-1.65,3454400.0,63.4,7.399,上昇(+1),1.89,0.0,0.0,0.0,1738.5,0.38,1817.0,4.91,1750.5,1.07,1777.5,2.63,1736.0,0.23,1705.0,-1.56,1709.5,-1.3,1713.5,-1.07,,,,,,1738.5,4.52,0.69,2.24,-0.14,-1.93,-1.67,-1.44,,,,1.0,2026/06/18,2026/06/19,1750.5,-3.66,1777.5,-2.17,1736.0,-4.46,1705.0,-6.16,1709.5,-5.92,1713.5,-5.7,,,,,,,,
Bear?,山善,8051,東証PR,2026/06/15,2026/06/16,90.0,0.174,1809.0,2.09,610600.0,68.4,4.241,上昇(+1),4.38,1.0,0.0,1.0,―,―,,1760.0,-2.71,187900.0,59.7,3.867,上昇(+1),4.29,0.0,0.0,0.0,1755.0,-0.28,1805.0,2.56,1784.0,1.36,1795.0,1.99,1783.0,1.31,1678.0,-4.66,1688.0,-4.09,1674.0,-4.89,,,,,,1755.0,2.85,1.65,2.28,1.6,-4.39,-3.82,-4.62,,,,1.0,2026/06/15,2026/06/16,1760.0,-2.71,1755.0,-2.99,1805.0,-0.22,1784.0,-1.38,1795.0,-0.77,1783.0,-1.44,1678.0,-7.24,1688.0,-6.69,1674.0,-7.46,,
Bear?,千葉銀行,8331,東証PR,2026/06/15,2026/06/16,90.0,0.485,2521.0,3.74,3105200.0,68.0,9.195,上昇(+1),1.64,1.0,0.0,1.0,―,―,,2456.0,-2.58,3345900.0,60.3,7.638,上昇(+1),1.57,0.0,0.0,0.0,2462.5,0.26,2554.5,4.01,2491.0,1.43,2525.5,2.83,2469.0,0.53,2419.0,-1.51,2437.0,-0.77,2464.0,0.33,,,,,,2462.5,3.74,1.16,2.56,0.26,-1.77,-1.04,0.06,,,,1.0,2026/06/15,2026/06/16,2455.5,-2.6,2462.5,-2.32,2554.5,1.33,2491.0,-1.19,2525.5,0.18,2469.0,-2.06,2419.0,-4.05,2437.0,-3.33,2464.0,-2.26,,
Bear?,京セラ,6971,東証PR,2026/06/15,2026/06/16,85.0,0.147,3837.0,4.52,7384800.0,71.7,5.378,上昇(+1),9.23,0.0,0.0,0.0,―,―,,3777.0,-1.56,5427600.0,68.1,2.822,上昇(+1),9.45,0.0,0.0,0.0,3747.0,-0.79,3691.0,-2.28,3680.0,-2.57,3672.0,-2.78,3593.0,-4.87,3517.0,-6.88,3558.0,-5.8,3411.0,-9.69,,,,,,3747.0,-1.49,-1.79,-2.0,-4.11,-6.14,-5.04,-8.97,,,,,,,,,,,,,,,,,,,,,,,,,,
Bear?,山陰合同銀行,8381,東証PR,2026/06/15,2026/06/16,85.0,0.267,2197.0,1.76,476700.0,73.7,4.395,上昇(+1),6.33,0.0,0.0,1.0,―,―,,2178.0,-0.86,412200.0,69.2,4.185,上昇(+1),6.36,0.0,0.0,0.0,2131.0,-2.16,2206.0,1.29,2186.0,0.37,2214.0,1.65,2206.0,1.29,2169.0,-0.41,2216.0,1.74,2227.0,2.25,,,,,,2131.0,3.52,2.58,3.89,3.52,1.78,3.99,4.5,,,,1.0,2026/06/23,2026/06/24,2169.0,-1.68,2216.0,0.45,2227.0,0.95,,,,,,,,,,,,,,
Bear?,りそなホールディングス,8308,東証PR,2026/06/15,2026/06/16,80.0,0.383,2203.0,2.61,9965300.0,64.9,5.487,上昇(+1),2.32,1.0,0.0,1.0,―,―,,2144.0,-2.68,11756200.0,57.5,3.399,上昇(+1),2.29,0.0,0.0,0.0,2161.5,0.82,2256.0,5.22,2196.0,2.43,2230.0,4.01,2162.0,0.84,2121.0,-1.07,2107.0,-1.73,2102.0,-1.96,,,,,,2161.5,4.37,1.6,3.17,0.02,-1.87,-2.52,-2.75,,,,1.0,2026/06/15,2026/06/16,2144.5,-2.66,2161.5,-1.88,2256.0,2.41,2196.0,-0.32,2230.0,1.23,2162.0,-1.86,2121.0,-3.72,2107.0,-4.36,2102.0,-4.58,,
Bear?,ムーンバット,8115,東証ST,2026/06/15,2026/06/16,80.0,0.614,1713.0,0.18,4800.0,68.0,5.186,上昇(+1),3.89,1.0,0.0,1.0,―,―,,1711.0,-0.12,2300.0,67.5,4.853,上昇(+1),4.04,0.0,0.0,0.0,1719.0,0.47,1739.0,1.64,1745.0,1.99,1811.0,5.84,1787.0,4.44,1841.0,7.6,1768.0,3.33,1749.0,2.22,,,,,,1719.0,1.16,1.51,5.35,3.96,7.1,2.85,1.75,,,,1.0,2026/06/24,2026/06/25,1768.0,-3.97,1749.0,-5.0,,,,,,,,,,,,,,,,
Bull?,インフォネット,4444,東証GR,2026/06/15,2026/06/16,80.0,0.726,781.0,-1.14,5600.0,28.3,-4.41,下降(-1),-2.76,0.0,1.0,0.0,―,―,,799.0,2.3,1600.0,39.2,-3.347,下降(-1),-2.81,0.0,0.0,0.0,798.0,-0.13,791.0,-1.0,799.0,0.0,792.0,-0.88,785.0,-1.75,791.0,-1.0,792.0,-0.88,795.0,-0.5,,,,,,798.0,-0.88,0.13,-0.75,-1.63,-0.88,-0.75,-0.38,,,,1.0,2026/06/15,2026/06/16,799.0,2.3,798.0,2.18,791.0,1.28,799.0,2.3,792.0,1.41,785.0,0.51,791.0,1.28,792.0,1.41,795.0,1.79,,
Bear?,澁澤倉庫,9304,東証PR,2026/06/15,2026/06/16,75.0,0.339,1485.0,-0.6,136900.0,68.0,5.57,上昇(+1),1.61,0.0,0.0,1.0,―,―,,1462.0,-1.55,102100.0,61.1,4.127,上昇(+1),1.6,0.0,0.0,0.0,1481.0,1.3,1513.0,3.49,1552.0,6.16,1567.0,7.18,1607.0,9.92,1587.0,8.55,1577.0,7.87,1586.0,8.48,,,,,,1481.0,2.16,4.79,5.81,8.51,7.16,6.48,7.09,,,,1.0,2026/06/23,2026/06/24,1587.0,-1.24,1577.0,-1.87,1586.0,-1.31,,,,,,,,,,,,,,
Bear?,ＭＳ＆ＡＤインシュアランスＧＨ,8725,東証PR,2026/06/15,2026/06/16,75.0,0.574,4673.0,1.65,3446400.0,70.6,31.142,上昇(+1),1.84,0.0,0.0,1.0,―,―,,4616.0,-1.22,3133600.0,65.7,27.888,上昇(+1),1.79,0.0,0.0,0.0,4557.0,-1.28,4588.0,-0.61,4551.0,-1.41,4640.0,0.52,4616.0,0.0,4450.0,-3.6,4252.0,-7.89,4241.0,-8.12,,,,,,4557.0,0.68,-0.13,1.82,1.29,-2.35,-6.69,-6.93,,,,1.0,2026/06/15,2026/06/16,4616.0,-1.22,4557.0,-2.48,4588.0,-1.82,4551.0,-2.61,4640.0,-0.71,4616.0,-1.22,4450.0,-4.77,4252.0,-9.01,4241.0,-9.24,,
Bear?,紀陽銀行,8370,東証PR,2026/06/15,2026/06/16,75.0,0.395,4550.0,0.78,145100.0,65.7,13.349,上昇(+1),2.67,0.0,0.0,1.0,―,―,,4510.0,-0.88,131800.0,61.9,13.149,上昇(+1),2.53,0.0,0.0,0.0,4440.0,-1.55,4545.0,0.78,4430.0,-1.77,4440.0,-1.55,4420.0,-2.0,4365.0,-3.22,4430.0,-1.77,4460.0,-1.11,,,,,,4440.0,2.36,-0.23,0.0,-0.45,-1.69,-0.23,0.45,,,,1.0,2026/06/15,2026/06/16,4510.0,-0.88,4440.0,-2.42,4545.0,-0.11,4430.0,-2.64,4440.0,-2.42,4420.0,-2.86,4365.0,-4.07,4430.0,-2.64,4460.0,-1.98,,
Bear?,愛媛銀行,8541,東証PR,2026/06/15,2026/06/16,75.0,0.28,2064.0,0.98,126500.0,68.1,3.598,上昇(+1),2.5,0.0,0.0,0.0,―,―,,2025.0,-1.89,105300.0,60.4,0.624,上昇(+1),2.47,0.0,0.0,0.0,1968.0,-2.81,1990.0,-1.73,1945.0,-3.95,1962.0,-3.11,2001.0,-1.19,1974.0,-2.52,2011.0,-0.69,2053.0,1.38,,,,,,1968.0,1.12,-1.17,-0.3,1.68,0.3,2.18,4.32,,,,,,,,,,,,,,,,,,,,,,,,,,
Bear?,東邦銀行,8346,東証PR,2026/06/15,2026/06/16,75.0,0.122,789.0,1.54,918800.0,66.9,1.143,上昇(+1),3.69,0.0,0.0,1.0,―,―,,780.0,-1.14,902600.0,62.6,1.071,上昇(+1),3.54,0.0,0.0,0.0,756.0,-3.08,775.0,-0.64,751.0,-3.72,759.0,-2.69,768.0,-1.54,756.0,-3.08,765.0,-1.92,774.0,-0.77,,,,,,756.0,2.51,-0.66,0.4,1.59,0.0,1.19,2.38,,,,1.0,2026/06/15,2026/06/16,780.0,-1.14,756.0,-4.18,775.0,-1.77,751.0,-4.82,759.0,-3.8,768.0,-2.66,756.0,-4.18,765.0,-3.04,774.0,-1.9,,
Bear?,長谷川香料,4958,東証PR,2026/06/15,2026/06/16,75.0,0.401,3205.0,0.0,71100.0,65.4,8.133,上昇(+1),2.28,0.0,0.0,0.0,―,―,,3180.0,-0.78,52800.0,61.8,7.381,上昇(+1),2.3,0.0,0.0,0.0,3160.0,-0.63,3185.0,0.16,3255.0,2.36,3215.0,1.1,3205.0,0.79,3235.0,1.73,3270.0,2.83,3215.0,1.1,,,,,,3160.0,0.79,3.01,1.74,1.42,2.37,3.48,1.74,,,,1.0,2026/06/25,2026/06/26,3215.0,-1.68,,,,,,,,,,,,,,,,,,
Bear?,しずおかフィナンシャルグループ,5831,東証PR,2026/06/15,2026/06/16,70.0,0.922,3121.0,2.26,1877300.0,69.7,17.976,上昇(+1),1.59,1.0,0.0,1.0,―,―,,3069.0,-1.67,2347800.0,63.4,17.953,上昇(+1),1.39,0.0,0.0,0.0,3032.0,-1.21,3115.0,1.5,3026.0,-1.4,3032.0,-1.21,3012.0,-1.86,2964.0,-3.42,2991.0,-2.54,3032.0,-1.21,,,,,,3032.0,2.74,-0.2,0.0,-0.66,-2.24,-1.35,0.0,,,,1.0,2026/06/15,2026/06/16,3069.0,-1.67,3032.0,-2.85,3115.0,-0.19,3026.0,-3.04,3032.0,-2.85,3012.0,-3.49,2964.0,-5.03,2991.0,-4.17,3032.0,-2.85,,
Bull?,スポーツフィールド,7080,東証GR,2026/06/15,2026/06/16,65.0,0.049,765.0,-1.16,18100.0,29.0,-0.488,下降(-1),-1.29,0.0,1.0,0.0,―,―,,772.0,0.92,11000.0,33.2,-0.191,下降(-1),-1.57,0.0,0.0,0.0,792.0,2.59,783.0,1.42,785.0,1.68,793.0,2.72,789.0,2.2,786.0,1.81,785.0,1.68,778.0,0.78,,,,,,792.0,-1.14,-0.88,0.13,-0.38,-0.76,-0.88,-1.77,,,,1.0,2026/06/15,2026/06/16,772.0,0.92,792.0,3.53,783.0,2.35,785.0,2.61,793.0,3.66,789.0,3.14,786.0,2.75,785.0,2.61,778.0,1.7,,
Bull?,日本光電,6849,東証PR,2026/06/15,2026/06/16,65.0,0.957,1338.0,-0.96,675700.0,29.7,-6.854,下降(-1),-4.94,0.0,0.0,0.0,Tier3,bull_div（全体）,,1358.0,1.49,721100.0,35.8,-5.986,下降(-1),-4.93,0.0,1.0,0.0,1379.5,1.58,1385.0,1.99,1385.5,2.03,1387.0,2.14,1410.0,3.83,1400.5,3.13,1415.0,4.2,1426.5,5.04,,,,,,1379.5,0.4,0.43,0.54,2.21,1.52,2.57,3.41,,,,1.0,2026/06/16,2026/06/17,1379.5,1.58,1385.0,1.99,1385.5,2.03,1387.0,2.14,1410.0,3.83,1400.5,3.13,1415.0,4.2,1426.5,5.04,,,,
Bear?,藤久ホールディングス,7135,東証ST,2026/06/15,2026/06/16,65.0,0.747,223.0,1.36,44000.0,74.4,1.04,下降(-1),-1.55,1.0,0.0,0.0,Tier1,bear_div + MA75下降 + RSI>70,,222.0,-0.45,25500.0,70.3,1.022,下降(-1),-1.45,0.0,0.0,1.0,222.0,0.0,221.0,-0.45,223.0,0.45,224.0,0.9,222.0,0.0,220.0,-0.9,223.0,0.45,222.0,0.0,,,,,,222.0,-0.45,0.45,0.9,0.0,-0.9,0.45,0.0,,,,1.0,2026/06/22,2026/06/23,222.0,-0.89,220.0,-1.79,223.0,-0.45,222.0,-0.89,,,,,,,,,,,,
Bear?,ラウンドワン,4680,東証PR,2026/06/15,2026/06/16,65.0,0.834,1056.0,4.24,3199100.0,73.1,16.735,下降(-1),-4.06,1.0,0.0,1.0,―,―,,1022.0,-3.22,2880300.0,65.0,15.054,下降(-1),-3.66,0.0,0.0,0.0,1031.0,0.88,1028.0,0.59,985.1,-3.61,1017.0,-0.49,1059.0,3.62,1082.0,5.87,1173.0,14.77,1138.0,11.35,,,,,,1031.0,-0.29,-4.45,-1.36,2.72,4.95,13.77,10.38,,,,1.0,2026/06/25,2026/06/26,1138.0,-2.98,,,,,,,,,,,,,,,,,,
Bear?,ハードオフコーポレーション,2674,東証PR,2026/06/15,2026/06/16,65.0,0.207,2538.0,-2.94,70400.0,62.9,9.173,上昇(+1),4.85,0.0,0.0,1.0,―,―,,2455.0,-3.27,49200.0,55.9,3.349,上昇(+1),4.82,0.0,0.0,0.0,2499.0,1.79,2466.0,0.45,2537.0,3.34,2547.0,3.75,2511.0,2.28,2563.0,4.4,2649.0,7.9,2615.0,6.52,,,,,,2499.0,-1.32,1.52,1.92,0.48,2.56,6.0,4.64,,,,1.0,2026/06/15,2026/06/16,2455.0,-3.27,2499.0,-1.54,2466.0,-2.84,2537.0,-0.04,2547.0,0.35,2511.0,-1.06,2563.0,0.99,2649.0,4.37,2615.0,3.03,,
Bear?,阿波銀行,8388,東証PR,2026/06/15,2026/06/16,65.0,0.237,7030.0,0.57,159300.0,63.7,11.258,上昇(+1),5.83,0.0,0.0,1.0,―,―,,6940.0,-1.28,123900.0,59.2,8.693,上昇(+1),5.69,0.0,0.0,0.0,6750.0,-2.74,6920.0,-0.29,6820.0,-1.73,6890.0,-0.72,6930.0,-0.14,6880.0,-0.86,6900.0,-0.58,7070.0,1.87,,,,,,6750.0,2.52,1.04,2.07,2.67,1.93,2.22,4.74,,,,1.0,2026/06/15,2026/06/16,6940.0,-1.28,6750.0,-3.98,6920.0,-1.56,6820.0,-2.99,6890.0,-1.99,6930.0,-1.42,6880.0,-2.13,6900.0,-1.85,7070.0,0.57,,
Bear?,秋田銀行,8343,東証PR,2026/06/15,2026/06/16,65.0,0.591,6390.0,0.63,69100.0,69.5,27.765,上昇(+1),4.16,0.0,0.0,1.0,―,―,,6340.0,-0.78,63900.0,66.5,26.645,上昇(+1),4.04,0.0,0.0,0.0,6220.0,-1.89,6310.0,-0.47,6170.0,-2.68,6340.0,0.0,6490.0,2.37,6480.0,2.21,6570.0,3.63,6800.0,7.26,,,,,,6220.0,1.45,-0.8,1.93,4.34,4.18,5.63,9.32,,,,1.0,2026/06/15,2026/06/16,6340.0,-0.78,6220.0,-2.66,6310.0,-1.25,6170.0,-3.44,6340.0,-0.78,6490.0,1.56,6480.0,1.41,6570.0,2.82,6800.0,6.42,,
Bear?,四国銀行,8387,東証PR,2026/06/15,2026/06/16,65.0,0.5,2909.0,0.55,90300.0,65.2,7.983,上昇(+1),6.37,0.0,0.0,0.0,―,―,,2888.0,-0.72,122200.0,62.7,6.356,上昇(+1),6.25,0.0,0.0,0.0,2797.0,-3.15,2783.0,-3.64,2750.0,-4.78,2779.0,-3.77,2810.0,-2.7,2798.0,-3.12,2876.0,-0.42,2942.0,1.87,,,,,,2797.0,-0.5,-1.68,-0.64,0.46,0.04,2.82,5.18,,,,,,,,,,,,,,,,,,,,,,,,,,
Bear?,山梨中央銀行,8360,東証PR,2026/06/15,2026/06/16,65.0,0.415,6250.0,2.12,124600.0,62.9,18.901,上昇(+1),4.25,0.0,0.0,1.0,―,―,,6140.0,-1.76,112200.0,58.5,16.959,上昇(+1),4.2,0.0,0.0,0.0,6000.0,-2.28,6030.0,-1.79,5800.0,-5.54,5970.0,-2.77,5970.0,-2.77,5850.0,-4.72,6070.0,-1.14,6150.0,0.16,,,,,,6000.0,0.5,-3.33,-0.5,-0.5,-2.5,1.17,2.5,,,,1.0,2026/06/15,2026/06/16,6140.0,-1.76,6000.0,-4.0,6030.0,-3.52,5800.0,-7.2,5970.0,-4.48,5970.0,-4.48,5850.0,-6.4,6070.0,-2.88,6150.0,-1.6,,
Bear?,三井住友トラスト・ＨＤ,8309,東証PR,2026/06/15,2026/06/16,65.0,0.688,6061.0,1.68,3670400.0,68.6,27.449,上昇(+1),1.9,0.0,0.0,1.0,―,―,,5979.0,-1.35,3081000.0,63.4,23.223,上昇(+1),1.87,0.0,0.0,0.0,6033.0,0.9,6176.0,3.29,6063.0,1.4,6213.0,3.91,6053.0,1.24,5889.0,-1.51,5979.0,0.0,5972.0,-0.12,,,,,,6033.0,2.37,0.5,2.98,0.33,-2.39,-0.9,-1.01,,,,1.0,2026/06/22,2026/06/23,6053.0,-2.58,5889.0,-5.21,5979.0,-3.77,5972.0,-3.88,,,,,,,,,,,,
Bear?,エイチ・ツー・オー　リテイリング,8242,東証PR,2026/06/15,2026/06/16,65.0,0.362,2615.0,-0.46,324600.0,62.0,7.259,上昇(+1),2.74,0.0,0.0,0.0,―,―,,2535.0,-3.06,567400.0,51.4,1.485,上昇(+1),2.57,0.0,0.0,0.0,2525.0,-0.39,2543.5,0.34,2574.0,1.54,2694.0,6.27,2703.5,6.65,2780.5,9.68,2869.0,13.18,2871.5,13.27,,,,,,2525.0,0.73,1.94,6.69,7.07,10.12,13.62,13.72,,,,,,,,,,,,,,,,,,,,,,,,,,
Bear?,群馬銀行,8334,東証PR,2026/06/15,2026/06/16,65.0,0.496,2358.0,0.6,1022700.0,60.5,9.243,上昇(+1),2.44,0.0,0.0,1.0,―,―,,2333.0,-1.06,1076500.0,57.4,8.036,上昇(+1),2.36,0.0,0.0,0.0,2307.0,-1.11,2331.5,-0.06,2316.5,-0.71,2335.0,0.09,2307.0,-1.11,2290.5,-1.82,2318.5,-0.62,2334.0,0.04,,,,,,2307.0,1.06,0.41,1.21,0.0,-0.72,0.5,1.17,,,,1.0,2026/06/15,2026/06/16,2333.0,-1.06,2307.0,-2.16,2331.5,-1.12,2316.5,-1.76,2335.0,-0.98,2307.0,-2.16,2290.5,-2.86,2318.5,-1.68,2334.0,-1.02,,
Bull?,東京ソワール,8040,東証ST,2026/06/15,2026/06/16,60.0,0.231,1021.0,0.29,4800.0,36.6,-0.941,下降(-1),-1.04,0.0,1.0,0.0,―,―,,1021.0,0.0,1900.0,36.6,-0.85,下降(-1),-1.02,0.0,0.0,0.0,1010.0,-1.08,1011.0,-0.98,1017.0,-0.39,1020.0,-0.1,1024.0,0.29,1013.0,-0.78,1027.0,0.59,1043.0,2.15,,,,,,1010.0,0.1,0.69,0.99,1.39,0.3,1.68,3.27,,,,1.0,2026/06/18,2026/06/19,1017.0,0.59,1020.0,0.89,1024.0,1.29,1013.0,0.2,1027.0,1.58,1043.0,3.17,,,,,,,,
Bull?,ブティックス,9272,東証GR,2026/06/15,2026/06/16,60.0,0.366,1304.0,1.01,98000.0,35.2,-11.714,下降(-1),-0.92,0.0,0.0,0.0,―,―,,1381.0,5.9,16000.0,45.0,-5.811,下降(-1),-1.1,0.0,0.0,0.0,1509.0,9.27,1507.0,9.12,1574.0,13.98,1584.0,14.7,1522.0,10.21,1458.0,5.58,1463.0,5.94,1416.0,2.53,,,,,,1509.0,-0.13,4.31,4.97,0.86,-3.38,-3.05,-6.16,,,,,,,,,,,,,,,,,,,,,,,,,,
Bull?,ＯＳＧコーポレーション,6757,東証ST,2026/06/15,2026/06/16,60.0,0.127,819.0,0.0,3700.0,42.8,-0.953,下降(-1),-0.95,0.0,0.0,0.0,―,―,,822.0,0.37,1000.0,46.0,-0.733,下降(-1),-0.65,0.0,0.0,0.0,818.0,-0.49,815.0,-0.85,832.0,1.22,825.0,0.36,821.0,-0.12,814.0,-0.97,815.0,-0.85,824.0,0.24,,,,,,818.0,-0.37,1.71,0.86,0.37,-0.49,-0.37,0.73,,,,,,,,,,,,,,,,,,,,,,,,,,
Bear?,東京自働機械製作所,6360,東証ST,2026/06/15,2026/06/16,55.0,0.862,4395.0,-0.11,400.0,68.6,13.792,上昇(+1),1.41,0.0,0.0,0.0,―,―,,4395.0,0.0,100.0,68.6,13.193,上昇(+1),1.59,0.0,0.0,0.0,4335.0,-1.37,4400.0,0.11,4440.0,1.02,4415.0,0.46,4470.0,1.71,4465.0,1.59,4450.0,1.25,4450.0,1.25,,,,,,4335.0,1.5,2.42,1.85,3.11,3.0,2.65,2.65,,,,,,,,,,,,,,,,,,,,,,,,,,
Bear?,タビオ,2668,東証ST,2026/06/15,2026/06/16,55.0,0.598,1280.0,1.11,6500.0,58.4,1.837,下降(-1),-0.99,1.0,0.0,1.0,―,―,,1266.0,-1.09,600.0,52.5,1.531,下降(-1),-0.98,0.0,0.0,0.0,1261.0,-0.39,1261.0,-0.39,1260.0,-0.47,1260.0,-0.47,1262.0,-0.32,1266.0,0.0,1257.0,-0.71,1261.0,-0.39,,,,,,1261.0,0.0,-0.08,-0.08,0.08,0.4,-0.32,0.0,,,,1.0,2026/06/15,2026/06/16,1266.0,-1.09,1261.0,-1.48,1261.0,-1.48,1260.0,-1.56,1260.0,-1.56,1262.0,-1.41,1266.0,-1.09,1257.0,-1.8,1261.0,-1.48,,
Bear?,ゼビオ,8281,東証PR,2026/06/15,2026/06/16,50.0,0.316,1072.0,0.19,93400.0,63.9,3.449,下降(-1),-1.24,0.0,0.0,1.0,―,―,,1053.0,-1.77,100500.0,55.9,2.377,下降(-1),-1.26,0.0,0.0,0.0,1050.0,-0.28,1047.0,-0.57,1038.0,-1.42,1024.0,-2.75,1028.0,-2.37,1032.0,-1.99,1044.0,-0.85,1066.0,1.23,,,,,,1050.0,-0.29,-1.14,-2.48,-2.1,-1.71,-0.57,1.52,,,,1.0,2026/06/15,2026/06/16,1053.0,-1.77,1050.0,-2.05,1047.0,-2.33,1038.0,-3.17,1024.0,-4.48,1028.0,-4.1,1032.0,-3.73,1044.0,-2.61,1066.0,-0.56,,
Bear?,トーセ,4728,東証ST,2026/06/15,2026/06/16,50.0,0.434,643.0,1.58,31700.0,59.7,0.55,下降(-1),-0.94,0.0,0.0,1.0,―,―,,635.0,-1.24,5900.0,50.0,0.456,下降(-1),-0.93,0.0,0.0,0.0,639.0,0.63,640.0,0.79,644.0,1.42,643.0,1.26,640.0,0.79,641.0,0.94,643.0,1.26,640.0,0.79,,,,,,639.0,0.16,0.78,0.63,0.16,0.31,0.63,0.16,,,,1.0,2026/06/15,2026/06/16,635.0,-1.24,639.0,-0.62,640.0,-0.47,644.0,0.16,643.0,0.0,640.0,-0.47,641.0,-0.31,643.0,0.0,640.0,-0.47,,
Bear?,ふくおかフィナンシャルグループ,8354,東証PR,2026/06/15,2026/06/16,45.0,0.886,6953.0,1.25,619600.0,60.3,25.923,上昇(+1),1.41,0.0,0.0,1.0,―,―,,6861.0,-1.32,683900.0,56.7,21.507,上昇(+1),1.24,0.0,0.0,0.0,6873.0,0.17,7149.0,4.2,6974.0,1.65,7099.0,3.47,6896.0,0.51,6849.0,-0.17,6783.0,-1.14,6861.0,0.0,,,,,,6873.0,4.02,1.47,3.29,0.33,-0.35,-1.31,-0.17,,,,1.0,2026/06/19,2026/06/22,7099.0,1.79,6896.0,-1.12,6849.0,-1.79,6783.0,-2.74,6861.0,-1.62,,,,,,,,,,
Bull?,マーチャント・バンカーズ,3121,東証ST,2026/06/15,2026/06/16,45.0,0.429,213.0,-2.74,31600.0,43.0,-1.015,下降(-1),-1.0,0.0,0.0,0.0,―,―,,218.0,2.35,58100.0,48.4,-0.803,下降(-1),-0.95,0.0,0.0,0.0,214.0,-1.83,215.0,-1.38,213.0,-2.29,211.0,-3.21,215.0,-1.38,217.0,-0.46,215.0,-1.38,214.0,-1.83,,,,,,214.0,0.47,-0.47,-1.4,0.47,1.4,0.47,0.0,,,,,,,,,,,,,,,,,,,,,,,,,,
Bear?,竹内製作所,6432,東証PR,2026/06/15,2026/06/16,45.0,0.717,7610.0,3.12,227800.0,60.3,37.98,上昇(+1),0.79,0.0,0.0,0.0,―,―,,7400.0,-2.76,207700.0,55.0,25.474,上昇(+1),0.7,0.0,0.0,0.0,7390.0,-0.14,7470.0,0.95,7460.0,0.81,7560.0,2.16,7330.0,-0.95,7190.0,-2.84,7210.0,-2.57,7290.0,-1.49,,,,,,7390.0,1.08,0.95,2.3,-0.81,-2.71,-2.44,-1.35,,,,,,,,,,,,,,,,,,,,,,,,,,
Bull?,小林産業,8077,東証ST,2026/06/15,2026/06/16,45.0,0.86,201.0,-0.99,8700.0,38.6,-0.331,下降(-1),-2.06,0.0,0.0,0.0,―,―,,202.0,0.5,11500.0,41.1,-0.247,下降(-1),-2.0,0.0,0.0,0.0,203.0,0.5,202.0,0.0,204.0,0.99,204.0,0.99,203.0,0.5,205.0,1.49,206.0,1.98,206.0,1.98,,,,,,203.0,-0.49,0.49,0.49,0.0,0.99,1.48,1.48,,,,,,,,,,,,,,,,,,,,,,,,,,
Bear?,池田泉州ホールディングス,8714,東証PR,2026/06/15,2026/06/16,45.0,0.821,1027.0,1.78,1051600.0,63.5,4.222,上昇(+1),3.05,0.0,0.0,0.0,―,―,,1005.0,-2.14,1162400.0,57.2,2.783,上昇(+1),3.07,0.0,0.0,0.0,992.0,-1.29,1000.0,-0.5,979.0,-2.59,974.0,-3.08,977.0,-2.79,955.0,-4.98,965.0,-3.98,975.0,-2.99,,,,,,992.0,0.81,-1.31,-1.81,-1.51,-3.73,-2.72,-1.71,,,,,,,,,,,,,,,,,,,,,,,,,,
Bull?,初穂商事,7425,東証ST,2026/06/15,2026/06/16,45.0,0.213,2329.0,1.26,2300.0,39.3,-9.415,上昇(+1),1.13,0.0,0.0,0.0,―,―,,2352.0,0.99,600.0,41.9,-8.364,上昇(+1),0.99,0.0,0.0,0.0,2390.0,1.62,2345.0,-0.3,2307.0,-1.91,2449.0,4.12,2510.0,6.72,2578.0,9.61,2555.0,8.63,2555.0,8.63,,,,,,2390.0,-1.88,-3.47,2.47,5.02,7.87,6.9,6.9,,,,,,,,,,,,,,,,,,,,,,,,,,
Bull?,アイ・パートナーズフィナンシャル,7345,東証GR,2026/06/15,2026/06/16,40.0,0.269,933.0,-2.3,1400.0,34.0,-4.875,上昇(+1),3.25,0.0,0.0,0.0,Tier2,bull_div + MA75上昇 + RSI<50,,978.0,4.82,5700.0,46.1,-2.182,上昇(+1),2.95,0.0,1.0,0.0,970.0,-0.82,953.0,-2.56,940.0,-3.89,918.0,-6.13,936.0,-4.29,949.0,-2.97,919.0,-6.03,939.0,-3.99,,,,,,970.0,-1.75,-3.09,-5.36,-3.51,-2.16,-5.26,-3.2,,,,1.0,2026/06/22,2026/06/23,936.0,1.96,949.0,3.38,919.0,0.11,939.0,2.29,,,,,,,,,,,,
Bull?,栄研化学,4549,東証PR,2026/06/15,2026/06/16,40.0,0.504,2658.0,-1.56,115800.0,34.4,-5.118,上昇(+1),2.63,0.0,0.0,0.0,Tier2,bull_div + MA75上昇 + RSI<50,,2659.0,0.04,161200.0,34.5,-4.295,上昇(+1),2.16,0.0,1.0,0.0,2629.0,-1.13,2670.0,0.41,2634.0,-0.94,2666.0,0.26,2548.0,-4.17,2526.0,-5.0,2489.0,-6.39,2525.0,-5.04,,,,,,2629.0,1.56,0.19,1.41,-3.08,-3.92,-5.33,-3.96,,,,1.0,2026/06/16,2026/06/17,2629.0,-1.13,2670.0,0.41,2634.0,-0.94,2666.0,0.26,2548.0,-4.17,2526.0,-5.0,2489.0,-6.39,2525.0,-5.04,,,,
Bear?,太洋基礎工業,1758,東証ST,2026/06/15,2026/06/16,40.0,0.518,2541.0,-2.08,2000.0,52.9,9.424,下降(-1),-1.36,0.0,0.0,1.0,―,―,,2530.0,-0.43,800.0,51.9,8.601,下降(-1),-1.37,0.0,0.0,0.0,2482.0,-1.9,2490.0,-1.58,2490.0,-1.58,2437.0,-3.68,2440.0,-3.56,2402.0,-5.06,2430.0,-3.95,2400.0,-5.14,,,,,,2482.0,0.32,0.32,-1.81,-1.69,-3.22,-2.1,-3.3,,,,1.0,2026/06/15,2026/06/16,2530.0,-0.43,2482.0,-2.32,2490.0,-2.01,2490.0,-2.01,2437.0,-4.09,2440.0,-3.97,2402.0,-5.47,2430.0,-4.37,2400.0,-5.55,,
Bear?,三井松島産業,1518,東証PR,2026/06/15,2026/06/16,40.0,0.979,1502.0,1.01,227700.0,65.3,8.079,下降(-1),-0.94,0.0,0.0,0.0,―,―,,1476.0,-1.73,149000.0,59.5,7.508,下降(-1),-0.91,0.0,0.0,0.0,1469.0,-0.47,1480.0,0.27,1496.0,1.36,1493.0,1.15,1485.0,0.61,1489.0,0.88,1504.0,1.9,1498.0,1.49,,,,,,1469.0,0.75,1.84,1.63,1.09,1.36,2.38,1.97,,,,,,,,,,,,,,,,,,,,,,,,,,
Bear?,アールプランナー,2983,東証GR,2026/06/15,2026/06/16,40.0,0.697,1435.0,3.39,49800.0,48.4,7.776,下降(-1),-7.08,0.0,0.0,0.0,―,―,,1392.0,-3.0,47500.0,44.3,5.058,下降(-1),-7.58,0.0,0.0,0.0,1393.0,0.07,1422.0,2.16,1431.0,2.8,1412.0,1.44,1410.0,1.29,1425.0,2.37,1398.0,0.43,1430.0,2.73,,,,,,1393.0,2.08,2.73,1.36,1.22,2.3,0.36,2.66,,,,,,,,,,,,,,,,,,,,,,,,,,
Bull?,コナミ,9766,東証PR,2026/06/15,2026/06/16,38.0,0.643,18960.0,0.05,378500.0,43.9,-55.312,揉み合い(0),-0.46,0.0,0.0,0.0,―,―,,19060.0,0.53,494000.0,45.1,-53.064,揉み合い(0),-0.37,0.0,0.0,0.0,19030.0,-0.16,17375.0,-8.84,17430.0,-8.55,17705.0,-7.11,17775.0,-6.74,17365.0,-8.89,17380.0,-8.81,17280.0,-9.34,,,,,,19030.0,-8.7,-8.41,-6.96,-6.59,-8.75,-8.67,-9.2,,,,,,,,,,,,,,,,,,,,,,,,,,
Bear?,西日本フィナンシャルホールディングス,7189,東証PR,2026/06/15,2026/06/16,38.0,0.988,4227.0,1.39,489800.0,62.0,22.213,揉み合い(0),0.16,0.0,0.0,1.0,―,―,,4158.0,-1.63,414800.0,56.7,21.387,揉み合い(0),-0.01,0.0,0.0,0.0,4103.0,-1.32,4180.0,0.53,4072.0,-2.07,4180.0,0.53,4176.0,0.43,4112.0,-1.11,4164.0,0.14,4204.0,1.11,,,,,,4103.0,1.88,-0.76,1.88,1.78,0.22,1.49,2.46,,,,1.0,2026/06/15,2026/06/16,4158.0,-1.63,4103.0,-2.93,4180.0,-1.11,4072.0,-3.67,4180.0,-1.11,4176.0,-1.21,4112.0,-2.72,4164.0,-1.49,4204.0,-0.54,,
Bull?,ファーストブラザーズ,3454,東証ST,2026/06/15,2026/06/16,38.0,0.456,1185.0,-1.09,3600.0,48.0,-1.57,揉み合い(0),-0.3,0.0,1.0,0.0,―,―,,1189.0,0.34,1100.0,49.5,-1.412,揉み合い(0),-0.33,0.0,0.0,0.0,1181.0,-0.67,1168.0,-1.77,1189.0,0.0,1179.0,-0.84,1186.0,-0.25,1189.0,0.0,1186.0,-0.25,1190.0,0.08,,,,,,1181.0,-1.1,0.68,-0.17,0.42,0.68,0.42,0.76,,,,1.0,2026/06/15,2026/06/16,1189.0,0.34,1181.0,-0.34,1168.0,-1.43,1189.0,0.34,1179.0,-0.51,1186.0,0.08,1189.0,0.34,1186.0,0.08,1190.0,0.42,,
Bear?,壱番屋,7630,東証PR,2026/06/15,2026/06/16,30.0,0.954,893.0,-0.78,296900.0,56.6,4.148,下降(-1),-1.13,0.0,0.0,0.0,―,―,,888.0,-0.56,321600.0,54.5,3.786,下降(-1),-1.14,0.0,0.0,0.0,885.0,-0.34,880.0,-0.9,870.0,-2.03,852.0,-4.05,852.0,-4.05,863.0,-2.82,866.0,-2.48,870.0,-2.03,,,,,,885.0,-0.56,-1.69,-3.73,-3.73,-2.49,-2.15,-1.69,,,,,,,,,,,,,,,,,,,,,,,,,,
Bear?,エフピコ,7947,東証PR,2026/06/15,2026/06/16,30.0,0.859,2513.0,-0.48,342200.0,63.2,17.545,下降(-1),-3.59,0.0,0.0,0.0,―,―,,2502.0,-0.44,156400.0,61.5,15.797,下降(-1),-3.54,0.0,0.0,0.0,2593.0,3.64,2632.0,5.2,2600.0,3.92,2573.0,2.84,2594.0,3.68,2603.0,4.04,2614.0,4.48,2628.0,5.04,,,,,,2593.0,1.5,0.27,-0.77,0.04,0.39,0.81,1.35,,,,,,,,,,,,,,,,,,,,,,,,,,
日経,日経平均株価,0001,指数,2026/06/16,2026/06/17,,,69404.5,0.13,,63.2,68.038,1.0,1.09,,,,,,,69902.25,0.72,,65.5,179.114,1.0,1.17,,,,71053.49,1.65,71250.06,1.93,72353.96,3.51,69788.38,-0.16,69174.97,-1.04,72366.34,3.53,69360.88,-0.77,,,,,,,,,,,,,,,,,,,,,,,,,,,,,,,,,,,,,,,,,
Bear?,宇部興産,4208,東証PR,2026/06/16,2026/06/17,85.0,0.129,3196.0,-0.22,871300.0,72.9,10.258,上昇(+1),2.4,0.0,0.0,1.0,―,―,,3163.0,-1.03,582200.0,69.6,8.831,上昇(+1),2.48,0.0,0.0,0.0,3290.0,4.02,3205.0,1.33,3222.0,1.87,3129.0,-1.07,3108.0,-1.74,3181.0,0.57,3142.0,-0.66,,,,,,,,3290.0,-2.58,-2.07,-4.89,-5.53,-3.31,-4.5,,,,,1.0,2026/06/18,2026/06/19,3205.0,-2.58,3222.0,-2.07,3129.0,-4.89,3108.0,-5.53,3181.0,-3.31,3142.0,-4.5,,,,,,,,
Bull?,クルーズ,2138,東証ST,2026/06/16,2026/06/17,80.0,0.979,418.0,-5.22,62400.0,15.1,-5.568,下降(-1),-5.65,0.0,1.0,0.0,―,―,,424.0,1.44,15400.0,20.2,-5.489,下降(-1),-5.85,0.0,0.0,0.0,410.0,-3.3,396.0,-6.6,408.0,-3.77,384.0,-9.43,379.0,-10.61,357.0,-15.8,364.0,-14.15,,,,,,,,410.0,-3.41,-0.49,-6.34,-7.56,-12.93,-11.22,,,,,,,,,,,,,,,,,,,,,,,,,,,
Bull?,ネクストジェン,3842,東証ST,2026/06/16,2026/06/17,80.0,0.542,883.0,-2.97,22600.0,20.4,-8.569,下降(-1),-2.69,0.0,1.0,0.0,―,―,,895.0,1.36,7400.0,27.4,-8.115,下降(-1),-2.9,0.0,0.0,0.0,909.0,1.56,904.0,1.01,914.0,2.12,908.0,1.45,912.0,1.9,927.0,3.58,927.0,3.58,,,,,,,,909.0,-0.55,0.55,-0.11,0.33,1.98,1.98,,,,,1.0,2026/06/16,2026/06/17,895.0,1.36,909.0,2.94,904.0,2.38,914.0,3.51,908.0,2.83,912.0,3.28,927.0,4.98,927.0,4.98,,,,
Bull?,三井物産,8031,東証PR,2026/06/16,2026/06/17,80.0,0.739,4703.0,-2.79,7716000.0,22.0,-20.509,下降(-1),-0.71,0.0,1.0,0.0,―,―,,4719.0,0.34,5210500.0,23.3,-17.292,下降(-1),-1.12,0.0,0.0,0.0,4719.0,0.0,4716.0,-0.06,4739.0,0.42,4672.0,-1.0,4596.0,-2.61,4446.0,-5.79,4508.0,-4.47,,,,,,,,4719.0,-0.06,0.42,-1.0,-2.61,-5.79,-4.47,,,,,1.0,2026/06/19,2026/06/22,4739.0,0.49,4672.0,-0.93,4596.0,-2.54,4446.0,-5.73,4508.0,-4.41,,,,,,,,,,
Bull?,ミヨシ油脂,4404,東証ST,2026/06/16,2026/06/17,80.0,0.421,1766.0,-1.51,22300.0,21.7,-2.735,下降(-1),-7.01,0.0,1.0,0.0,―,―,,1775.0,0.51,23400.0,24.1,-1.458,下降(-1),-7.08,0.0,0.0,0.0,1780.0,0.28,1779.0,0.23,1782.0,0.39,1794.0,1.07,1817.0,2.37,1817.0,2.37,1820.0,2.54,,,,,,,,1780.0,-0.06,0.11,0.79,2.08,2.08,2.25,,,,,1.0,2026/06/16,2026/06/17,1775.0,0.51,1780.0,0.79,1779.0,0.74,1782.0,0.91,1794.0,1.59,1817.0,2.89,1817.0,2.89,1820.0,3.06,,,,
Bull?,田中建設工業,1450,東証ST,2026/06/16,2026/06/17,80.0,0.645,1302.0,-2.11,13500.0,29.8,-6.904,下降(-1),-1.9,0.0,1.0,0.0,―,―,,1330.0,2.15,3900.0,37.9,-4.686,下降(-1),-2.17,0.0,0.0,0.0,1325.0,-0.38,1338.0,0.6,1338.0,0.6,1331.0,0.08,1355.0,1.88,1408.0,5.86,1340.0,0.75,,,,,,,,1325.0,0.98,0.98,0.45,2.26,6.26,1.13,,,,,1.0,2026/06/16,2026/06/17,1330.0,2.15,1325.0,1.77,1338.0,2.76,1338.0,2.76,1331.0,2.23,1355.0,4.07,1408.0,8.14,1340.0,2.92,,,,
Bear?,アールビバン,7523,東証ST,2026/06/16,2026/06/17,78.0,0.282,1710.0,0.41,2300.0,72.7,5.591,揉み合い(0),-0.14,0.0,0.0,1.0,―,―,,1673.0,-2.16,700.0,59.6,3.816,揉み合い(0),-0.06,0.0,0.0,0.0,1709.0,2.15,1709.0,2.15,1666.0,-0.42,1688.0,0.9,1675.0,0.12,1675.0,0.12,1650.0,-1.37,,,,,,,,1709.0,0.0,-2.52,-1.23,-1.99,-1.99,-3.45,,,,,1.0,2026/06/16,2026/06/17,1673.0,-2.16,1709.0,-0.06,1709.0,-0.06,1666.0,-2.57,1688.0,-1.29,1675.0,-2.05,1675.0,-2.05,1650.0,-3.51,,,,
Bear?,鉄人化計画,2404,東証ST,2026/06/16,2026/06/17,75.0,0.307,589.0,0.34,2800.0,67.8,0.908,上昇(+1),3.34,0.0,0.0,0.0,―,―,,582.0,-1.19,5100.0,59.9,0.351,上昇(+1),3.42,0.0,0.0,0.0,585.0,0.52,581.0,-0.17,582.0,0.0,588.0,1.03,582.0,0.0,590.0,1.37,590.0,1.37,,,,,,,,585.0,-0.68,-0.51,0.51,-0.51,0.85,0.85,,,,,,,,,,,,,,,,,,,,,,,,,,,
Bear?,おきなわフィナンシャルグループ,7350,東証PR,2026/06/16,2026/06/17,75.0,0.38,6540.0,-0.91,87400.0,65.7,23.031,上昇(+1),3.14,0.0,0.0,0.0,―,―,,6380.0,-2.45,75100.0,57.7,11.48,上昇(+1),3.05,0.0,0.0,0.0,6400.0,0.31,6250.0,-2.04,6300.0,-1.25,6300.0,-1.25,6180.0,-3.13,6250.0,-2.04,6330.0,-0.78,,,,,,,,6400.0,-2.34,-1.56,-1.56,-3.44,-2.34,-1.09,,,,,,,,,,,,,,,,,,,,,,,,,,,
Bull?,クックパッド,2193,東証ST,2026/06/16,2026/06/17,70.0,0.424,112.0,-3.45,463200.0,31.8,-0.47,下降(-1),-5.07,0.0,1.0,0.0,―,―,,115.0,2.68,475600.0,37.9,-0.418,下降(-1),-5.1,0.0,0.0,0.0,117.0,1.74,116.0,0.87,114.0,-0.87,111.0,-3.48,111.0,-3.48,113.0,-1.74,111.0,-3.48,,,,,,,,117.0,-0.85,-2.56,-5.13,-5.13,-3.42,-5.13,,,,,1.0,2026/06/23,2026/06/24,111.0,0.0,113.0,1.8,111.0,0.0,,,,,,,,,,,,,,
Bull?,カワニシホールディングス,2689,東証ST,2026/06/16,2026/06/17,70.0,0.504,2000.0,0.1,6900.0,31.5,-3.966,下降(-1),-1.01,0.0,1.0,0.0,―,―,,1997.0,-0.15,7600.0,30.8,-3.936,下降(-1),-1.11,0.0,0.0,0.0,1998.0,0.05,1990.0,-0.35,1993.0,-0.2,1985.0,-0.6,1990.0,-0.35,2015.0,0.9,2010.0,0.65,,,,,,,,1998.0,-0.4,-0.25,-0.65,-0.4,0.85,0.6,,,,,1.0,2026/06/23,2026/06/24,1990.0,0.25,2015.0,1.51,2010.0,1.26,,,,,,,,,,,,,,
Bull?,アクセスグループ・ホールディングス,7042,東証ST,2026/06/16,2026/06/17,70.0,0.236,571.0,-0.7,3700.0,32.1,-0.769,下降(-1),-5.19,0.0,0.0,0.0,Tier3,bull_div（全体）,,576.0,0.88,5200.0,37.3,-0.342,下降(-1),-5.26,0.0,1.0,0.0,569.0,-1.22,570.0,-1.04,630.0,9.38,630.0,9.38,631.0,9.55,633.0,9.9,625.0,8.51,,,,,,,,569.0,0.18,10.72,10.72,10.9,11.25,9.84,,,,,1.0,2026/06/18,2026/06/19,570.0,0.18,630.0,10.72,630.0,10.72,631.0,10.9,633.0,11.25,625.0,9.84,,,,,,,,
Bull?,ノムラシステムコーポレーション,3940,東証ST,2026/06/16,2026/06/17,70.0,0.206,113.0,-2.59,170900.0,30.4,-0.225,下降(-1),-3.23,0.0,1.0,0.0,―,―,,116.0,2.65,111300.0,39.3,-0.091,下降(-1),-3.36,0.0,0.0,0.0,115.0,-0.86,113.0,-2.59,111.0,-4.31,109.0,-6.03,111.0,-4.31,111.0,-4.31,110.0,-5.17,,,,,,,,115.0,-1.74,-3.48,-5.22,-3.48,-3.48,-4.35,,,,,1.0,2026/06/23,2026/06/24,111.0,1.83,111.0,1.83,110.0,0.92,,,,,,,,,,,,,,
Bull?,Ｍａｃｂｅｅ　Ｐｌａｎｅｔ,7095,東証PR,2026/06/16,2026/06/17,70.0,0.876,1034.0,2.78,333200.0,33.6,-11.488,下降(-1),-6.35,0.0,0.0,0.0,―,―,,1083.0,4.74,180200.0,41.0,-7.521,下降(-1),-6.39,0.0,0.0,0.0,1075.0,-0.74,1077.0,-0.55,1073.0,-0.92,1046.0,-3.42,1057.0,-2.4,1057.0,-2.4,1048.0,-3.23,,,,,,,,1075.0,0.19,-0.19,-2.7,-1.67,-1.67,-2.51,,,,,,,,,,,,,,,,,,,,,,,,,,,
Bull?,グリーンペプタイド,4594,東証GR,2026/06/16,2026/06/17,70.0,0.22,44.0,-4.35,2090100.0,34.9,-0.328,下降(-1),-7.17,0.0,0.0,0.0,―,―,,46.0,4.55,844200.0,40.2,-0.171,下降(-1),-7.16,0.0,0.0,0.0,47.0,2.17,45.0,-2.17,45.0,-2.17,44.0,-4.35,44.0,-4.35,46.0,0.0,45.0,-2.17,,,,,,,,47.0,-4.26,-4.26,-6.38,-6.38,-2.13,-4.26,,,,,,,,,,,,,,,,,,,,,,,,,,,
Bull?,鳥羽洋行,7472,東証ST,2026/06/16,2026/06/17,70.0,0.563,3510.0,-0.71,1600.0,30.2,-5.312,下降(-1),-2.65,0.0,0.0,0.0,―,―,,3545.0,1.0,1300.0,36.8,-2.821,下降(-1),-2.7,0.0,0.0,0.0,3525.0,-0.56,3540.0,-0.14,3500.0,-1.27,3505.0,-1.13,3545.0,0.0,3600.0,1.55,3685.0,3.95,,,,,,,,3525.0,0.43,-0.71,-0.57,0.57,2.13,4.54,,,,,1.0,2026/06/18,2026/06/19,3540.0,0.43,3500.0,-0.71,3505.0,-0.57,3545.0,0.57,3600.0,2.13,3685.0,4.54,,,,,,,,
Bear?,ベストワンドットコム,6577,東証GR,2026/06/16,2026/06/17,68.0,0.451,2053.0,0.69,4200.0,69.4,9.084,揉み合い(0),0.04,0.0,0.0,0.0,―,―,,2052.0,-0.05,4500.0,69.0,9.044,揉み合い(0),0.16,0.0,0.0,0.0,2077.0,1.22,2082.0,1.46,2088.0,1.75,2097.0,2.19,2139.0,4.24,2136.0,4.09,2066.0,0.68,,,,,,,,2077.0,0.24,0.53,0.96,2.99,2.84,-0.53,,,,,1.0,2026/06/25,2026/06/26,2066.0,-3.28,,,,,,,,,,,,,,,,,,
Bull?,フィスコ,3807,東証GR,2026/06/16,2026/06/17,65.0,0.645,88.0,0.0,135100.0,20.3,-0.67,下降(-1),-5.74,0.0,0.0,0.0,―,―,,90.0,2.27,76100.0,28.9,-0.544,下降(-1),-5.7,0.0,0.0,0.0,90.0,0.0,87.0,-3.33,87.0,-3.33,85.0,-5.56,85.0,-5.56,84.0,-6.67,82.0,-8.89,,,,,,,,90.0,-3.33,-3.33,-5.56,-5.56,-6.67,-8.89,,,,,1.0,2026/06/26,,,,,,,,,,,,,,,,,,,,,
Bear?,ペッパーフードサービス,3053,東証ST,2026/06/16,2026/06/17,65.0,0.971,203.0,1.0,246800.0,70.7,1.389,上昇(+1),2.57,0.0,0.0,0.0,Tier3,bear_div（全体）,,202.0,-0.49,435800.0,68.4,1.373,上昇(+1),2.57,0.0,0.0,1.0,202.0,0.0,201.0,-0.5,198.0,-1.98,197.0,-2.48,196.0,-2.97,197.0,-2.48,195.0,-3.47,,,,,,,,202.0,-0.5,-1.98,-2.48,-2.97,-2.48,-3.47,,,,,1.0,2026/06/17,2026/06/18,202.0,0.0,201.0,-0.5,198.0,-1.98,197.0,-2.48,196.0,-2.97,197.0,-2.48,195.0,-3.47,,,,,,
Bear?,日本証券金融,8511,東証PR,2026/06/16,2026/06/17,65.0,0.374,2345.0,-1.3,183700.0,58.7,5.501,上昇(+1),1.19,0.0,0.0,0.0,―,―,,2313.0,-1.36,180300.0,53.9,3.539,上昇(+1),1.07,0.0,0.0,0.0,2350.0,1.6,2326.0,0.56,2313.0,0.0,2302.0,-0.48,2280.0,-1.43,2293.0,-0.86,2297.0,-0.69,,,,,,,,2350.0,-1.02,-1.57,-2.04,-2.98,-2.43,-2.26,,,,,,,,,,,,,,,,,,,,,,,,,,,
Bull?,グリッド,5582,東証GR,2026/06/16,2026/06/17,65.0,0.625,1694.0,-2.48,52100.0,27.8,-30.042,下降(-1),-5.18,0.0,1.0,0.0,―,―,,1757.0,3.72,44500.0,33.1,-26.417,下降(-1),-5.28,0.0,0.0,0.0,1760.0,0.17,1758.0,0.06,1829.0,4.1,1766.0,0.51,1862.0,5.98,1801.0,2.5,1776.0,1.08,,,,,,,,1760.0,-0.11,3.92,0.34,5.8,2.33,0.91,,,,,1.0,2026/06/16,2026/06/17,1757.0,3.72,1760.0,3.9,1758.0,3.78,1829.0,7.97,1766.0,4.25,1862.0,9.92,1801.0,6.32,1776.0,4.84,,,,
Bull?,デジタル・インフォメーション・テクノロジー,3916,東証PR,2026/06/16,2026/06/17,65.0,0.173,797.0,-0.38,86500.0,27.8,-1.798,下降(-1),-8.93,0.0,1.0,0.0,―,―,,800.0,0.38,89500.0,29.5,-1.316,下降(-1),-8.69,0.0,0.0,0.0,810.0,1.25,806.0,0.75,810.0,1.25,797.0,-0.38,805.0,0.62,802.0,0.25,812.0,1.5,,,,,,,,810.0,-0.49,0.0,-1.6,-0.62,-0.99,0.25,,,,,1.0,2026/06/16,2026/06/17,800.0,0.38,810.0,1.63,806.0,1.13,810.0,1.63,797.0,0.0,805.0,1.0,802.0,0.63,812.0,1.88,,,,
Bull?,イトーヨーギョー,5287,東証ST,2026/06/16,2026/06/17,65.0,0.092,800.0,-1.48,15200.0,21.5,-0.875,下降(-1),-8.58,0.0,0.0,0.0,―,―,,805.0,0.62,9500.0,23.6,-0.06,下降(-1),-8.79,0.0,0.0,0.0,809.0,0.5,797.0,-0.99,790.0,-1.86,898.0,11.55,890.0,10.56,858.0,6.58,830.0,3.11,,,,,,,,809.0,-1.48,-2.35,11.0,10.01,6.06,2.6,,,,,,,,,,,,,,,,,,,,,,,,,,,
Bull?,クロスフォー,7810,東証ST,2026/06/16,2026/06/17,65.0,0.817,153.0,0.0,64000.0,29.8,-0.887,下降(-1),-5.62,0.0,0.0,0.0,―,―,,157.0,2.61,52500.0,36.5,-0.812,下降(-1),-6.26,0.0,0.0,0.0,161.0,2.55,156.0,-0.64,153.0,-2.55,155.0,-1.27,157.0,0.0,155.0,-1.27,156.0,-0.64,,,,,,,,161.0,-3.11,-4.97,-3.73,-2.48,-3.73,-3.11,,,,,,,,,,,,,,,,,,,,,,,,,,,
Bear?,ひろぎんホールディングス,7337,東証PR,2026/06/16,2026/06/17,65.0,0.144,2107.0,-0.28,696600.0,63.3,2.977,上昇(+1),2.86,0.0,0.0,0.0,―,―,,2074.0,-1.57,522100.0,57.4,1.264,上昇(+1),2.74,0.0,0.0,0.0,2118.0,2.12,2080.5,0.31,2102.5,1.37,2098.5,1.18,2055.5,-0.89,2074.0,0.0,2100.5,1.28,,,,,,,,2118.0,-1.77,-0.73,-0.92,-2.95,-2.08,-0.83,,,,,,,,,,,,,,,,,,,,,,,,,,,
Bear?,九州フィナンシャルグループ,7180,東証PR,2026/06/16,2026/06/17,65.0,0.165,1463.0,-0.34,1305100.0,62.8,2.203,上昇(+1),3.36,0.0,0.0,0.0,―,―,,1438.0,-1.71,1152200.0,57.2,0.638,上昇(+1),3.26,0.0,0.0,0.0,1475.0,2.57,1439.5,0.1,1471.0,2.29,1452.0,0.97,1433.5,-0.31,1426.0,-0.83,1436.5,-0.1,,,,,,,,1475.0,-2.41,-0.27,-1.56,-2.81,-3.32,-2.61,,,,,,,,,,,,,,,,,,,,,,,,,,,
Bull?,片倉チッカリン,4031,東証ST,2026/06/16,2026/06/17,65.0,0.567,970.0,-5.09,130600.0,27.4,-16.739,上昇(+1),3.72,0.0,1.0,0.0,―,―,,980.0,1.03,66500.0,29.2,-15.765,上昇(+1),3.2,0.0,0.0,0.0,1007.0,2.76,1000.0,2.04,1001.0,2.14,1024.0,4.49,1016.0,3.67,1024.0,4.49,1026.0,4.69,,,,,,,,1007.0,-0.7,-0.6,1.69,0.89,1.69,1.89,,,,,1.0,2026/06/16,2026/06/17,980.0,1.03,1007.0,3.81,1000.0,3.09,1001.0,3.2,1024.0,5.57,1016.0,4.74,1024.0,5.57,1026.0,5.77,,,,
Bull?,ポピンズホールディングス,7358,東証ST,2026/06/16,2026/06/17,60.0,0.296,1338.0,0.0,31300.0,39.3,-1.955,下降(-1),-0.51,0.0,1.0,0.0,―,―,,1356.0,1.35,20000.0,44.3,-1.41,下降(-1),-0.62,0.0,0.0,0.0,1360.0,0.29,1380.0,1.77,1406.0,3.69,1418.0,4.57,1404.0,3.54,1398.0,3.1,1400.0,3.24,,,,,,,,1360.0,1.47,3.38,4.26,3.24,2.79,2.94,,,,,1.0,2026/06/16,2026/06/17,1356.0,1.35,1360.0,1.64,1380.0,3.14,1406.0,5.08,1418.0,5.98,1404.0,4.93,1398.0,4.48,1400.0,4.63,,,,
Bull?,エムティーアイ,9438,東証PR,2026/06/16,2026/06/17,60.0,0.263,550.0,-2.48,66400.0,35.2,-0.294,下降(-1),-5.86,0.0,1.0,0.0,―,―,,562.0,2.18,50500.0,42.3,-0.272,下降(-1),-5.77,0.0,0.0,0.0,565.0,0.53,557.0,-0.89,559.0,-0.53,543.0,-3.38,531.0,-5.52,530.0,-5.69,538.0,-4.27,,,,,,,,565.0,-1.42,-1.06,-3.89,-6.02,-6.19,-4.78,,,,,1.0,2026/06/16,2026/06/17,562.0,2.18,565.0,2.73,557.0,1.27,559.0,1.64,543.0,-1.27,531.0,-3.45,530.0,-3.64,538.0,-2.18,,,,
Bull?,モルフォ,3653,東証GR,2026/06/16,2026/06/17,55.0,0.377,578.0,1.4,33400.0,31.7,-7.022,下降(-1),-5.69,0.0,1.0,0.0,―,―,,583.0,0.87,6500.0,33.6,-6.466,下降(-1),-5.81,0.0,0.0,0.0,585.0,0.34,574.0,-1.54,577.0,-1.03,584.0,0.17,593.0,1.72,588.0,0.86,604.0,3.6,,,,,,,,585.0,-1.88,-1.37,-0.17,1.37,0.51,3.25,,,,,1.0,2026/06/16,2026/06/17,583.0,0.87,585.0,1.21,574.0,-0.69,577.0,-0.17,584.0,1.04,593.0,2.6,588.0,1.73,604.0,4.5,,,,
Bear?,足利ホールディングス,7167,東証PR,2026/06/16,2026/06/17,55.0,0.653,1413.0,-0.07,2781800.0,62.9,4.803,上昇(+1),2.62,0.0,0.0,0.0,―,―,,1388.0,-1.77,2240800.0,56.2,3.411,上昇(+1),2.45,0.0,0.0,0.0,1439.5,3.71,1411.0,1.66,1425.5,2.7,1411.0,1.66,1384.5,-0.25,1380.5,-0.54,1407.5,1.4,,,,,,,,1439.5,-1.98,-0.97,-1.98,-3.82,-4.1,-2.22,,,,,,,,,,,,,,,,,,,,,,,,,,,
Bull?,伊勢化学工業,4107,東証ST,2026/06/16,2026/06/17,55.0,0.372,3690.0,-3.28,270600.0,32.6,-14.886,下降(-1),-12.1,0.0,0.0,0.0,―,―,,3815.0,3.39,272300.0,37.5,-4.845,下降(-1),-12.44,0.0,0.0,0.0,3755.0,-1.57,3910.0,2.49,3955.0,3.67,3720.0,-2.49,3660.0,-4.06,3685.0,-3.41,4385.0,14.94,,,,,,,,3755.0,4.13,5.33,-0.93,-2.53,-1.86,16.78,,,,,,,,,,,,,,,,,,,,,,,,,,,
Bull?,菱友システムズ,4685,東証ST,2026/06/16,2026/06/17,55.0,0.59,2738.0,-0.87,23800.0,32.6,-10.203,下降(-1),-5.92,0.0,0.0,0.0,―,―,,2797.0,2.15,33800.0,40.3,-5.728,下降(-1),-5.89,0.0,0.0,0.0,2755.0,-1.5,2733.0,-2.29,2771.0,-0.93,2690.0,-3.83,2652.0,-5.18,2656.0,-5.04,2650.0,-5.26,,,,,,,,2755.0,-0.8,0.58,-2.36,-3.74,-3.59,-3.81,,,,,1.0,2026/06/26,,,,,,,,,,,,,,,,,,,,,
Bull?,チームスピリット,4397,東証GR,2026/06/16,2026/06/17,55.0,0.352,355.0,-0.28,49700.0,34.7,-1.079,下降(-1),-5.49,0.0,1.0,0.0,―,―,,360.0,1.41,25200.0,39.2,-0.647,下降(-1),-5.32,0.0,0.0,0.0,355.0,-1.39,352.0,-2.22,357.0,-0.83,363.0,0.83,357.0,-0.83,356.0,-1.11,350.0,-2.78,,,,,,,,355.0,-0.85,0.56,2.25,0.56,0.28,-1.41,,,,,1.0,2026/06/19,2026/06/22,357.0,1.42,363.0,3.12,357.0,1.42,356.0,1.14,350.0,-0.57,,,,,,,,,,
Bull?,北陸ガス,9537,東証ST,2026/06/16,2026/06/17,50.0,0.839,3975.0,0.63,1200.0,26.6,-26.879,上昇(+1),2.55,0.0,0.0,0.0,―,―,,3980.0,0.13,2200.0,27.0,-23.912,上昇(+1),2.27,0.0,0.0,0.0,4040.0,1.51,4040.0,1.51,4045.0,1.63,3980.0,0.0,3985.0,0.13,4000.0,0.5,,,,,,,,,,4040.0,0.0,0.12,-1.49,-1.36,-0.99,,,,,,,,,,,,,,,,,,,,,,,,,,,,
Bear?,富士ピー・エス,1848,東証ST,2026/06/16,2026/06/17,50.0,0.057,601.0,0.17,2900.0,59.4,0.241,下降(-1),-3.02,0.0,0.0,0.0,―,―,,599.0,-0.33,3800.0,56.9,0.196,下降(-1),-3.05,0.0,0.0,0.0,605.0,1.0,608.0,1.5,608.0,1.5,605.0,1.0,610.0,1.84,613.0,2.34,616.0,2.84,,,,,,,,605.0,0.5,0.5,0.0,0.83,1.32,1.82,,,,,,,,,,,,,,,,,,,,,,,,,,,
Bear?,東和薬品,4553,東証PR,2026/06/16,2026/06/17,48.0,0.664,3875.0,-1.02,103100.0,52.5,21.667,揉み合い(0),0.03,0.0,0.0,0.0,―,―,,3770.0,-2.71,121000.0,47.1,17.054,揉み合い(0),-0.24,0.0,0.0,0.0,3670.0,-2.65,3690.0,-2.12,3790.0,0.53,3835.0,1.72,3845.0,1.99,3835.0,1.72,3750.0,-0.53,,,,,,,,3670.0,0.54,3.27,4.5,4.77,4.5,2.18,,,,,,,,,,,,,,,,,,,,,,,,,,,
Bull?,システムサポート,4396,東証PR,2026/06/16,2026/06/17,45.0,0.791,956.0,-2.25,106300.0,35.0,-1.69,下降(-1),-7.14,0.0,1.0,0.0,―,―,,959.0,0.31,44900.0,36.0,-1.363,下降(-1),-7.02,0.0,0.0,0.0,953.0,-0.63,943.0,-1.67,957.0,-0.21,952.0,-0.73,943.0,-1.67,945.0,-1.46,956.0,-0.31,,,,,,,,953.0,-1.05,0.42,-0.1,-1.05,-0.84,0.31,,,,,1.0,2026/06/19,2026/06/22,957.0,1.48,952.0,0.95,943.0,0.0,945.0,0.21,956.0,1.38,,,,,,,,,,
Bull?,ＪＦＥシステムズ,4832,東証ST,2026/06/16,2026/06/17,45.0,0.338,1876.0,-1.47,5400.0,43.7,-3.12,下降(-1),-3.25,0.0,0.0,0.0,―,―,,1875.0,-0.05,7100.0,43.6,-3.111,下降(-1),-3.08,0.0,0.0,0.0,1891.0,0.85,1885.0,0.53,1898.0,1.23,1880.0,0.27,1866.0,-0.48,1887.0,0.64,1899.0,1.28,,,,,,,,1891.0,-0.32,0.37,-0.58,-1.32,-0.21,0.42,,,,,,,,,,,,,,,,,,,,,,,,,,,
Bull?,誠建設工業,8995,東証ST,2026/06/16,2026/06/17,45.0,0.958,907.0,-1.63,1300.0,36.7,-13.19,下降(-1),-5.97,0.0,1.0,0.0,―,―,,916.0,0.99,1700.0,38.4,-12.76,下降(-1),-5.9,0.0,0.0,0.0,898.0,-1.97,890.0,-2.84,889.0,-2.95,885.0,-3.38,880.0,-3.93,867.0,-5.35,865.0,-5.57,,,,,,,,898.0,-0.89,-1.0,-1.45,-2.0,-3.45,-3.67,,,,,1.0,2026/06/26,,,,,,,,,,,,,,,,,,,,,
Bull?,ＧＲＣＳ,9250,東証GR,2026/06/16,2026/06/17,45.0,0.113,902.0,-0.33,1000.0,38.8,-1.263,下降(-1),-6.26,0.0,0.0,0.0,―,―,,902.0,0.0,1900.0,38.8,-1.157,下降(-1),-5.83,0.0,0.0,0.0,900.0,-0.22,902.0,0.0,902.0,0.0,905.0,0.33,902.0,0.0,900.0,-0.22,900.0,-0.22,,,,,,,,900.0,0.22,0.22,0.56,0.22,0.0,0.0,,,,,,,,,,,,,,,,,,,,,,,,,,,
Bull?,ロックオン,3690,東証ST,2026/06/16,2026/06/17,45.0,0.398,512.0,0.0,5400.0,35.9,-0.53,下降(-1),-2.6,0.0,0.0,0.0,―,―,,514.0,0.39,1800.0,38.1,-0.383,下降(-1),-2.59,0.0,0.0,0.0,516.0,0.39,513.0,-0.19,511.0,-0.58,517.0,0.58,517.0,0.58,517.0,0.58,517.0,0.58,,,,,,,,516.0,-0.58,-0.97,0.19,0.19,0.19,0.19,,,,,,,,,,,,,,,,,,,,,,,,,,,
Bull?,ＡＷＳホールディングス,3937,東証PR,2026/06/16,2026/06/17,45.0,0.956,923.0,-1.49,22500.0,40.8,-2.309,下降(-1),-1.83,0.0,0.0,0.0,―,―,,933.0,1.08,22400.0,44.5,-1.659,下降(-1),-1.71,0.0,0.0,0.0,936.0,0.32,943.0,1.07,945.0,1.29,923.0,-1.07,931.0,-0.21,930.0,-0.32,941.0,0.86,,,,,,,,936.0,0.75,0.96,-1.39,-0.53,-0.64,0.53,,,,,,,,,,,,,,,,,,,,,,,,,,,
Bull?,日本色材工業研究所,4920,東証ST,2026/06/16,2026/06/17,45.0,0.622,1098.0,0.09,500.0,43.5,-3.631,下降(-1),-2.14,0.0,0.0,0.0,―,―,,1146.0,4.37,1100.0,54.7,-0.557,下降(-1),-2.17,0.0,0.0,0.0,1120.0,-2.27,1120.0,-2.27,1144.0,-0.17,1120.0,-2.27,1130.0,-1.4,1108.0,-3.32,1115.0,-2.71,,,,,,,,1120.0,0.0,2.14,0.0,0.89,-1.07,-0.45,,,,,,,,,,,,,,,,,,,,,,,,,,,
Bull?,バンダイナムコホールディングス,7832,東証PR,2026/06/16,2026/06/17,45.0,0.281,3589.0,-0.14,2053800.0,39.6,-6.778,下降(-1),-2.34,0.0,1.0,0.0,―,―,,3612.0,0.64,1971500.0,41.9,-6.478,下降(-1),-2.43,0.0,0.0,0.0,3631.0,0.53,3591.0,-0.58,3644.0,0.89,3665.0,1.47,3673.0,1.69,3731.0,3.29,3698.0,2.38,,,,,,,,3631.0,-1.1,0.36,0.94,1.16,2.75,1.85,,,,,1.0,2026/06/16,2026/06/17,3612.0,0.64,3631.0,1.17,3591.0,0.06,3644.0,1.53,3665.0,2.12,3673.0,2.34,3731.0,3.96,3698.0,3.04,,,,
Bull?,遠藤照明,6932,東証ST,2026/06/16,2026/06/17,45.0,0.483,2313.0,-1.74,31900.0,36.6,-12.581,下降(-1),-2.48,0.0,0.0,0.0,―,―,,2326.0,0.56,25400.0,38.1,-10.981,下降(-1),-2.7,0.0,0.0,0.0,2336.0,0.43,2397.0,3.05,2410.0,3.61,2362.0,1.55,2370.0,1.89,2382.0,2.41,2369.0,1.85,,,,,,,,2336.0,2.61,3.17,1.11,1.46,1.97,1.41,,,,,,,,,,,,,,,,,,,,,,,,,,,
Bear?,ちゅうぎんフィナンシャルグループ,5832,東証PR,2026/06/16,2026/06/17,40.0,0.546,3120.0,-1.05,311500.0,59.3,14.097,下降(-1),-0.58,0.0,0.0,0.0,Tier3,bear_div（全体）,,3086.0,-1.09,335000.0,55.6,11.402,下降(-1),-0.76,0.0,0.0,1.0,3142.0,1.81,3037.0,-1.59,3097.0,0.36,3081.0,-0.16,3048.0,-1.23,3068.0,-0.58,3090.0,0.13,,,,,,,,3142.0,-3.34,-1.43,-1.94,-2.99,-2.36,-1.65,,,,,1.0,2026/06/17,2026/06/18,3142.0,1.81,3037.0,-1.59,3097.0,0.36,3081.0,-0.16,3048.0,-1.23,3068.0,-0.58,3090.0,0.13,,,,,,
Bull?,---,7075,―,2026/06/16,2026/06/17,38.0,0.911,762.0,0.0,1400.0,38.0,-1.566,揉み合い(0),-0.48,0.0,0.0,0.0,―,―,,767.0,0.66,800.0,43.0,-1.149,下降(-1),-0.59,0.0,0.0,0.0,772.0,0.65,777.0,1.3,771.0,0.52,777.0,1.3,792.0,3.26,795.0,3.65,794.0,3.52,,,,,,,,772.0,0.65,-0.13,0.65,2.59,2.98,2.85,,,,,,,,,,,,,,,,,,,,,,,,,,,
Bull?,日本一ソフトウェア,3851,東証ST,2026/06/16,2026/06/17,38.0,0.634,808.0,-0.74,900.0,41.3,-1.511,揉み合い(0),0.13,0.0,0.0,0.0,―,―,,814.0,0.74,1200.0,45.1,-1.027,揉み合い(0),0.11,0.0,0.0,0.0,820.0,0.74,820.0,0.74,819.0,0.61,819.0,0.61,828.0,1.72,827.0,1.6,829.0,1.84,,,,,,,,820.0,0.0,-0.12,-0.12,0.98,0.85,1.1,,,,,,,,,,,,,,,,,,,,,,,,,,,
Bull?,ジーエヌアイグループ,2160,東証GR,2026/06/16,2026/06/17,30.0,0.179,2493.0,-0.04,1242800.0,35.7,-7.407,上昇(+1),0.63,0.0,1.0,0.0,―,―,,2542.0,1.97,850200.0,39.0,-6.237,揉み合い(0),0.41,0.0,0.0,0.0,2630.0,3.46,2527.0,-0.59,2470.0,-2.83,2530.0,-0.47,2507.0,-1.38,2582.0,1.57,2517.0,-0.98,,,,,,,,2630.0,-3.92,-6.08,-3.8,-4.68,-1.83,-4.3,,,,,1.0,2026/06/16,2026/06/17,2542.0,1.97,2630.0,5.5,2527.0,1.36,2470.0,-0.92,2530.0,1.48,2507.0,0.56,2582.0,3.57,2517.0,0.96,,,,
Bull?,ＧａｍｅＷｉｔｈ,6552,東証ST,2026/06/16,2026/06/17,30.0,0.234,182.0,0.0,6000.0,42.5,-1.114,上昇(+1),2.99,0.0,0.0,0.0,―,―,,183.0,0.55,9100.0,43.3,-1.052,上昇(+1),3.03,0.0,0.0,0.0,182.0,-0.55,181.0,-1.09,181.0,-1.09,180.0,-1.64,181.0,-1.09,180.0,-1.64,177.0,-3.28,,,,,,,,182.0,-0.55,-0.55,-1.1,-0.55,-1.1,-2.75,,,,,1.0,2026/06/26,,,,,,,,,,,,,,,,,,,,,
日経,日経平均株価,0001,指数,2026/06/17,2026/06/18,,,69902.25,0.72,,65.5,179.114,1.0,1.17,,,,,,,71053.49,1.65,,64.4,297.741,1.0,1.29,,,,71250.06,0.28,72353.96,1.83,69788.38,-1.78,69174.97,-2.64,72366.34,1.85,69360.88,-2.38,,,,,,,,,,,,,,,,,,,,,,,,,,,,,,,,,,,,,,,,,,,
Bull?,マックスバリュ東海,8198,東証ST,2026/06/17,2026/06/18,80.0,0.272,3155.0,-1.1,23300.0,29.0,-5.806,下降(-1),-3.91,0.0,1.0,0.0,―,―,,3180.0,0.79,15900.0,33.1,-5.748,下降(-1),-3.99,0.0,0.0,0.0,3175.0,-0.16,3120.0,-1.89,3170.0,-0.31,3195.0,0.47,3160.0,-0.63,3190.0,0.31,,,,,,,,,,3175.0,-1.73,-0.16,0.63,-0.47,0.47,,,,,,1.0,2026/06/22,2026/06/23,3170.0,1.6,3195.0,2.4,3160.0,1.28,3190.0,2.24,,,,,,,,,,,,
Bull?,コパ・コーポレーション,7689,東証GR,2026/06/17,2026/06/18,80.0,0.704,333.0,-0.89,7300.0,17.9,-4.449,下降(-1),-3.9,0.0,0.0,0.0,Tier2,bull_div + RSI<30,,332.0,-0.3,5000.0,17.6,-4.259,下降(-1),-4.22,0.0,1.0,0.0,306.0,-7.83,305.0,-8.13,301.0,-9.34,300.0,-9.64,312.0,-6.02,295.0,-11.14,,,,,,,,,,306.0,-0.33,-1.63,-1.96,1.96,-3.59,,,,,,1.0,2026/06/26,,,,,,,,,,,,,,,,,,,,,
Bull?,アルゴグラフィックス,7595,東証PR,2026/06/17,2026/06/18,80.0,0.418,1184.0,-0.67,302200.0,22.3,-2.35,下降(-1),-4.85,0.0,0.0,0.0,―,―,,1201.0,1.44,235800.0,29.5,-0.928,下降(-1),-5.07,0.0,0.0,0.0,1190.0,-0.92,1188.0,-1.08,1174.0,-2.25,1180.0,-1.75,1184.0,-1.42,1188.0,-1.08,,,,,,,,,,1190.0,-0.17,-1.34,-0.84,-0.5,-0.17,,,,,,,,,,,,,,,,,,,,,,,,,,,,
Bear?,カネカ,4118,東証PR,2026/06/17,2026/06/18,75.0,0.36,5746.0,-1.61,245300.0,67.3,17.061,上昇(+1),3.08,0.0,0.0,0.0,―,―,,5745.0,-0.02,220800.0,67.3,16.421,上昇(+1),3.03,0.0,0.0,0.0,5730.0,-0.26,5855.0,1.91,5710.0,-0.61,5680.0,-1.13,5763.0,0.31,5775.0,0.52,,,,,,,,,,5730.0,2.18,-0.35,-0.87,0.58,0.79,,,,,,1.0,2026/06/22,2026/06/23,5710.0,-2.48,5680.0,-2.99,5763.0,-1.57,5775.0,-1.37,,,,,,,,,,,,
Bear?,ヤギ,7460,東証ST,2026/06/17,2026/06/18,75.0,0.26,4775.0,0.32,10700.0,68.1,20.663,上昇(+1),4.72,0.0,0.0,0.0,―,―,,4750.0,-0.52,12800.0,66.1,16.97,上昇(+1),4.47,0.0,0.0,0.0,4755.0,0.11,4650.0,-2.11,4665.0,-1.79,4760.0,0.21,4800.0,1.05,4905.0,3.26,,,,,,,,,,4755.0,-2.21,-1.89,0.11,0.95,3.15,,,,,,,,,,,,,,,,,,,,,,,,,,,,
Bull?,エヌ・シー・エヌ,7057,東証ST,2026/06/17,2026/06/18,70.0,0.562,866.0,-0.92,2500.0,33.6,-0.401,下降(-1),-5.8,0.0,1.0,0.0,―,―,,875.0,1.04,800.0,38.9,-0.054,下降(-1),-5.72,0.0,0.0,0.0,885.0,1.14,892.0,1.94,901.0,2.97,911.0,4.11,900.0,2.86,,,,,,,,,,,,885.0,0.79,1.81,2.94,1.69,,,,,,,1.0,2026/06/17,2026/06/18,875.0,1.04,885.0,2.19,892.0,3.0,901.0,4.04,911.0,5.2,900.0,3.93,,,,,,,,
Bear?,ユニオンツール,6278,東証PR,2026/06/17,2026/06/18,65.0,0.53,26060.0,1.88,352100.0,68.7,201.194,上昇(+1),19.52,0.0,0.0,0.0,―,―,,25200.0,-3.3,238100.0,63.5,135.449,上昇(+1),19.46,0.0,0.0,0.0,25090.0,-0.44,24260.0,-3.73,22830.0,-9.4,23150.0,-8.13,23530.0,-6.63,22380.0,-11.19,,,,,,,,,,25090.0,-3.31,-9.01,-7.73,-6.22,-10.8,,,,,,,,,,,,,,,,,,,,,,,,,,,,
Bear?,野村ホールディングス,8604,東証PR,2026/06/17,2026/06/18,65.0,0.804,1451.0,2.54,14384100.0,70.4,10.946,下降(-1),-1.36,1.0,0.0,1.0,―,―,,1435.0,-1.1,12710100.0,66.5,10.229,下降(-1),-1.23,0.0,0.0,0.0,1408.5,-1.85,1436.5,0.1,1401.0,-2.37,1407.0,-1.95,1413.5,-1.5,1423.5,-0.8,,,,,,,,,,1408.5,1.99,-0.53,-0.11,0.35,1.06,,,,,,1.0,2026/06/17,2026/06/18,1435.0,-1.1,1408.5,-2.93,1436.5,-1.0,1401.0,-3.45,1407.0,-3.03,1413.5,-2.58,1423.5,-1.9,,,,,,
Bear?,ピジョン,7956,東証PR,2026/06/17,2026/06/18,65.0,0.804,2008.0,1.36,627200.0,71.1,6.171,上昇(+1),4.16,0.0,0.0,0.0,―,―,,1960.0,-2.39,866000.0,61.2,2.428,上昇(+1),4.18,0.0,0.0,0.0,1964.5,0.23,1954.0,-0.31,1942.0,-0.92,1971.5,0.59,2006.5,2.37,2037.0,3.93,,,,,,,,,,1964.5,-0.53,-1.15,0.36,2.14,3.69,,,,,,,,,,,,,,,,,,,,,,,,,,,,
Bear?,ネクスト,2120,東証PR,2026/06/17,2026/06/18,65.0,0.36,197.0,2.07,650200.0,55.9,0.44,上昇(+1),0.56,0.0,0.0,1.0,―,―,,194.0,-1.52,495700.0,51.2,0.389,揉み合い(0),0.37,0.0,0.0,0.0,191.0,-1.55,192.0,-1.03,189.0,-2.58,188.0,-3.09,190.0,-2.06,189.0,-2.58,,,,,,,,,,191.0,0.52,-1.05,-1.57,-0.52,-1.05,,,,,,1.0,2026/06/17,2026/06/18,194.0,-1.52,191.0,-3.05,192.0,-2.54,189.0,-4.06,188.0,-4.57,190.0,-3.55,189.0,-4.06,,,,,,
Bull?,ニチリョク,7578,東証ST,2026/06/17,2026/06/18,65.0,0.965,77.0,-2.53,53600.0,20.3,-0.155,下降(-1),-8.3,0.0,0.0,0.0,Tier2,bull_div + RSI<30,,78.0,1.3,65900.0,24.3,-0.036,下降(-1),-8.49,0.0,1.0,0.0,76.0,-2.56,75.0,-3.85,68.0,-12.82,67.0,-14.1,69.0,-11.54,75.0,-3.85,,,,,,,,,,76.0,-1.32,-10.53,-11.84,-9.21,-1.32,,,,,,1.0,2026/06/24,2026/06/25,69.0,2.99,75.0,11.94,,,,,,,,,,,,,,,,
Bear?,インフォメーション・ディベロプメント,4709,東証PR,2026/06/17,2026/06/18,65.0,0.304,1092.0,-1.62,132900.0,61.6,5.773,上昇(+1),1.49,0.0,0.0,1.0,―,―,,1068.0,-2.2,63500.0,56.1,3.904,上昇(+1),1.54,0.0,0.0,0.0,1056.0,-1.12,1057.0,-1.03,1044.0,-2.25,1037.0,-2.9,1050.0,-1.69,1059.0,-0.84,,,,,,,,,,1056.0,0.09,-1.14,-1.8,-0.57,0.28,,,,,,1.0,2026/06/17,2026/06/18,1068.0,-2.2,1056.0,-3.3,1057.0,-3.21,1044.0,-4.4,1037.0,-5.04,1050.0,-3.85,1059.0,-3.02,,,,,,
Bull?,ツインバード工業,6897,東証ST,2026/06/17,2026/06/18,60.0,0.494,392.0,0.0,13800.0,39.6,-0.261,下降(-1),-1.93,0.0,0.0,0.0,―,―,,395.0,0.77,8900.0,47.7,-0.173,下降(-1),-1.93,0.0,0.0,0.0,391.0,-1.01,471.0,19.24,551.0,39.49,730.0,84.81,655.0,65.82,643.0,62.78,,,,,,,,,,391.0,20.46,40.92,86.7,67.52,64.45,,,,,,,,,,,,,,,,,,,,,,,,,,,,
Bull?,エスイー,3423,東証ST,2026/06/17,2026/06/18,60.0,0.162,266.0,0.38,22900.0,41.9,-0.331,下降(-1),-1.8,0.0,1.0,0.0,―,―,,269.0,1.13,5800.0,47.9,-0.122,下降(-1),-1.84,0.0,0.0,0.0,266.0,-1.12,265.0,-1.49,263.0,-2.23,264.0,-1.86,264.0,-1.86,262.0,-2.6,,,,,,,,,,266.0,-0.38,-1.13,-0.75,-0.75,-1.5,,,,,,1.0,2026/06/17,2026/06/18,269.0,1.13,266.0,0.0,265.0,-0.38,263.0,-1.13,264.0,-0.75,264.0,-0.75,262.0,-1.5,,,,,,
Bull?,日本ユニシス,8056,東証PR,2026/06/17,2026/06/18,60.0,0.571,4297.0,0.44,517400.0,37.2,-33.026,下降(-1),-1.61,0.0,1.0,0.0,―,―,,4349.0,1.21,426800.0,40.7,-27.562,下降(-1),-1.52,0.0,0.0,0.0,4201.0,-3.4,4175.0,-4.0,4147.0,-4.64,4186.0,-3.75,4138.0,-4.85,4155.0,-4.46,,,,,,,,,,4201.0,-0.62,-1.29,-0.36,-1.5,-1.09,,,,,,1.0,2026/06/23,2026/06/24,4186.0,0.94,4138.0,-0.22,4155.0,0.19,,,,,,,,,,,,,,
Bear?,パイロットコーポレーション,7846,東証PR,2026/06/17,2026/06/18,58.0,0.291,5003.0,1.07,66000.0,60.7,8.18,揉み合い(0),-0.07,0.0,0.0,1.0,―,―,,4931.0,-1.44,84600.0,54.1,5.267,揉み合い(0),-0.05,0.0,0.0,0.0,4936.0,0.1,4970.0,0.79,4932.0,0.02,4990.0,1.2,5114.0,3.71,5150.0,4.44,,,,,,,,,,4936.0,0.69,-0.08,1.09,3.61,4.34,,,,,,1.0,2026/06/26,,,,,,,,,,,,,,,,,,,,,
Bull?,アリアケジャパン,2815,東証PR,2026/06/17,2026/06/18,55.0,0.778,4955.0,-0.6,80300.0,32.8,-16.994,下降(-1),-2.79,0.0,0.0,0.0,Tier3,bull_div（全体）,,4970.0,0.3,113100.0,34.0,-15.445,下降(-1),-2.97,0.0,1.0,0.0,5020.0,1.01,4970.0,0.0,4970.0,0.0,5000.0,0.6,4995.0,0.5,5010.0,0.8,,,,,,,,,,5020.0,-1.0,-1.0,-0.4,-0.5,-0.2,,,,,,1.0,2026/06/18,2026/06/19,5020.0,1.01,4970.0,0.0,4970.0,0.0,5000.0,0.6,4995.0,0.5,5010.0,0.8,,,,,,,,
Bull?,ビズメイツ,9345,東証GR,2026/06/17,2026/06/18,55.0,0.177,541.0,-0.73,1100.0,32.5,-0.809,下降(-1),-5.52,0.0,1.0,0.0,―,―,,545.0,0.74,800.0,35.7,-0.506,下降(-1),-5.51,0.0,0.0,0.0,541.0,-0.73,538.0,-1.28,540.0,-0.92,546.0,0.18,550.0,0.92,551.0,1.1,,,,,,,,,,541.0,-0.55,-0.18,0.92,1.66,1.85,,,,,,1.0,2026/06/19,2026/06/22,538.0,-0.55,540.0,-0.18,546.0,0.92,550.0,1.66,551.0,1.85,,,,,,,,,,
Bull?,スリー・ディー・マトリックス,7777,東証GR,2026/06/17,2026/06/18,55.0,0.898,343.0,0.59,2929900.0,33.7,-6.936,下降(-1),-4.88,0.0,0.0,0.0,―,―,,344.0,0.29,2798100.0,34.0,-6.868,下降(-1),-5.56,0.0,0.0,0.0,320.0,-6.98,326.0,-5.23,342.0,-0.58,345.0,0.29,338.0,-1.74,328.0,-4.65,,,,,,,,,,320.0,1.88,6.88,7.81,5.62,2.5,,,,,,,,,,,,,,,,,,,,,,,,,,,,
Bull?,コロプラ,3668,東証PR,2026/06/17,2026/06/18,55.0,0.19,359.0,0.0,533000.0,30.3,-1.379,下降(-1),-3.27,0.0,1.0,0.0,―,―,,365.0,1.67,792800.0,36.1,-1.024,下降(-1),-3.28,0.0,0.0,0.0,352.0,-3.56,356.0,-2.47,350.0,-4.11,354.0,-3.01,354.0,-3.01,362.0,-0.82,,,,,,,,,,352.0,1.14,-0.57,0.57,0.57,2.84,,,,,,1.0,2026/06/22,2026/06/23,350.0,-1.69,354.0,-0.56,354.0,-0.56,362.0,1.69,,,,,,,,,,,,
Bear?,ブリヂストン,5108,東証PR,2026/06/17,2026/06/18,50.0,0.354,3504.0,0.75,2849300.0,59.5,9.41,下降(-1),-1.72,0.0,0.0,0.0,―,―,,3465.0,-1.11,3267400.0,55.3,7.528,下降(-1),-1.77,0.0,0.0,0.0,3426.0,-1.13,3435.0,-0.87,3394.0,-2.05,3364.0,-2.91,3425.0,-1.15,3462.0,-0.09,,,,,,,,,,3426.0,0.26,-0.93,-1.81,-0.03,1.05,,,,,,,,,,,,,,,,,,,,,,,,,,,,
Bear?,ＪＳＰ,7942,東証PR,2026/06/17,2026/06/18,50.0,0.184,2630.0,-0.9,33900.0,59.4,4.854,下降(-1),-1.45,0.0,0.0,0.0,―,―,,2619.0,-0.42,21100.0,57.8,3.932,下降(-1),-1.6,0.0,0.0,0.0,2595.0,-0.92,2575.0,-1.68,2513.0,-4.05,2522.0,-3.7,2542.0,-2.94,2508.0,-4.24,,,,,,,,,,2595.0,-0.77,-3.16,-2.81,-2.04,-3.35,,,,,,,,,,,,,,,,,,,,,,,,,,,,
Bear?,岡三証券グループ,8609,東証PR,2026/06/17,2026/06/18,48.0,0.534,963.0,-0.82,310700.0,60.2,2.238,揉み合い(0),0.29,0.0,0.0,1.0,―,―,,959.0,-0.42,344300.0,58.6,2.088,揉み合い(0),0.2,0.0,0.0,0.0,949.0,-1.04,962.0,0.31,943.0,-1.67,940.0,-1.98,955.0,-0.42,959.0,0.0,,,,,,,,,,949.0,1.37,-0.63,-0.95,0.63,1.05,,,,,,1.0,2026/06/17,2026/06/18,959.0,-0.42,949.0,-1.45,962.0,-0.1,943.0,-2.08,940.0,-2.39,955.0,-0.83,959.0,-0.42,,,,,,
Bull?,クリップコーポレーション,4705,東証ST,2026/06/17,2026/06/18,45.0,0.178,772.0,-0.64,1800.0,39.3,-1.179,下降(-1),-2.86,0.0,1.0,0.0,―,―,,774.0,0.26,1700.0,40.7,-0.979,下降(-1),-2.92,0.0,0.0,0.0,762.0,-1.55,794.0,2.58,791.0,2.2,776.0,0.26,779.0,0.65,767.0,-0.9,,,,,,,,,,762.0,4.2,3.81,1.84,2.23,0.66,,,,,,1.0,2026/06/19,2026/06/22,794.0,4.2,791.0,3.81,776.0,1.84,779.0,2.23,767.0,0.66,,,,,,,,,,
Bull?,Ｗｅｌｂｙ,4438,東証GR,2026/06/17,2026/06/18,45.0,0.206,251.0,0.4,16600.0,35.2,-0.699,下降(-1),-1.57,0.0,0.0,0.0,―,―,,254.0,1.2,16500.0,37.6,-0.422,下降(-1),-1.58,0.0,0.0,0.0,253.0,-0.39,252.0,-0.79,250.0,-1.57,251.0,-1.18,248.0,-2.36,241.0,-5.12,,,,,,,,,,253.0,-0.4,-1.19,-0.79,-1.98,-4.74,,,,,,,,,,,,,,,,,,,,,,,,,,,,
Bull?,福井コンピュータホールディング,9790,東証PR,2026/06/17,2026/06/18,45.0,0.551,3065.0,0.82,26200.0,40.5,-2.857,下降(-1),-0.72,0.0,1.0,0.0,―,―,,3095.0,0.98,38300.0,44.5,-0.88,下降(-1),-0.81,0.0,0.0,0.0,3085.0,-0.32,3070.0,-0.81,3040.0,-1.78,3060.0,-1.13,3045.0,-1.62,3075.0,-0.65,,,,,,,,,,3085.0,-0.49,-1.46,-0.81,-1.3,-0.32,,,,,,1.0,2026/06/17,2026/06/18,3095.0,0.98,3085.0,0.65,3070.0,0.16,3040.0,-0.82,3060.0,-0.16,3045.0,-0.65,3075.0,0.33,,,,,,
Bull?,マーチャント・バンカーズ,3121,東証ST,2026/06/17,2026/06/18,45.0,0.429,214.0,-1.83,14500.0,44.7,-0.882,下降(-1),-0.91,0.0,0.0,0.0,―,―,,215.0,0.47,17700.0,45.8,-0.818,下降(-1),-0.91,0.0,0.0,0.0,213.0,-0.93,211.0,-1.86,215.0,0.0,217.0,0.93,215.0,0.0,214.0,-0.47,,,,,,,,,,213.0,-0.94,0.94,1.88,0.94,0.47,,,,,,,,,,,,,,,,,,,,,,,,,,,,
Bull?,アミタホールディングス,2195,東証GR,2026/06/17,2026/06/18,40.0,0.076,338.0,-2.03,48200.0,33.3,-0.49,上昇(+1),0.99,0.0,0.0,0.0,―,―,,338.0,0.0,69300.0,33.3,-0.445,上昇(+1),0.86,0.0,0.0,0.0,331.0,-2.07,337.0,-0.3,330.0,-2.37,325.0,-3.85,330.0,-2.37,316.0,-6.51,,,,,,,,,,331.0,1.81,-0.3,-1.81,-0.3,-4.53,,,,,,,,,,,,,,,,,,,,,,,,,,,,
Bull?,栄研化学,4549,東証PR,2026/06/17,2026/06/18,40.0,0.503,2629.0,-1.13,78200.0,32.6,-4.72,上昇(+1),1.67,0.0,0.0,0.0,―,―,,2670.0,1.56,155000.0,37.6,-1.361,上昇(+1),1.21,0.0,0.0,0.0,2634.0,-1.35,2666.0,-0.15,2548.0,-4.57,2526.0,-5.39,2489.0,-6.78,2525.0,-5.43,,,,,,,,,,2634.0,1.21,-3.26,-4.1,-5.5,-4.14,,,,,,,,,,,,,,,,,,,,,,,,,,,,
Bear?,ＡＮＡホールディングス,9202,東証PR,2026/06/17,2026/06/18,30.0,0.781,3033.0,-0.33,2230900.0,64.9,22.903,下降(-1),-3.29,0.0,0.0,1.0,―,―,,2996.0,-1.22,1930700.0,60.8,21.764,下降(-1),-3.36,0.0,0.0,0.0,2961.0,-1.17,2934.5,-2.05,2920.0,-2.54,2952.0,-1.47,2992.0,-0.13,3000.0,0.13,,,,,,,,,,2961.0,-0.89,-1.38,-0.3,1.05,1.32,,,,,,1.0,2026/06/17,2026/06/18,2996.0,-1.22,2961.0,-2.37,2934.5,-3.25,2920.0,-3.73,2952.0,-2.67,2992.0,-1.35,3000.0,-1.09,,,,,,
Bear?,日本航空,9201,東証PR,2026/06/17,2026/06/18,30.0,0.824,2826.0,-0.56,3305700.0,64.0,19.246,下降(-1),-3.74,0.0,0.0,1.0,―,―,,2798.0,-0.99,2733100.0,61.1,18.465,下降(-1),-3.79,0.0,0.0,0.0,2778.5,-0.7,2792.0,-0.21,2753.5,-1.59,2774.5,-0.84,2816.0,0.64,2846.0,1.72,,,,,,,,,,2778.5,0.49,-0.9,-0.14,1.35,2.43,,,,,,1.0,2026/06/17,2026/06/18,2798.5,-0.99,2778.5,-1.7,2792.0,-1.22,2753.5,-2.58,2774.5,-1.84,2816.0,-0.37,2846.0,0.69,,,,,,
Bear?,富士重工業,7270,東証PR,2026/06/17,2026/06/18,30.0,0.858,2582.0,0.7,4323900.0,60.4,14.504,下降(-1),-6.98,0.0,0.0,0.0,―,―,,2577.0,-0.19,4006800.0,59.6,14.158,下降(-1),-6.83,0.0,0.0,0.0,2440.5,-5.3,2427.5,-5.8,2391.5,-7.2,2375.0,-7.84,2401.5,-6.81,2401.0,-6.83,,,,,,,,,,2440.5,-0.53,-2.01,-2.68,-1.6,-1.62,,,,,,,,,,,,,,,,,,,,,,,,,,,,
Bull?,マルコ,9980,東証ST,2026/06/17,2026/06/18,30.0,0.354,96.0,0.0,94400.0,41.1,-0.123,上昇(+1),0.87,0.0,0.0,0.0,―,―,,96.0,0.0,93600.0,41.1,-0.12,上昇(+1),0.57,0.0,0.0,0.0,94.0,-2.08,93.0,-3.12,93.0,-3.12,91.0,-5.21,91.0,-5.21,91.0,-5.21,,,,,,,,,,94.0,-1.06,-1.06,-3.19,-3.19,-3.19,,,,,,,,,,,,,,,,,,,,,,,,,,,,
Bull?,ＶＡＬＵＥＮＥＸ,4422,東証GR,2026/06/17,2026/06/18,30.0,0.147,632.0,1.12,243000.0,40.4,-8.838,上昇(+1),13.9,0.0,0.0,0.0,Tier1,bull_div + MA75強上昇 + RSI<50,,627.0,-0.79,137000.0,40.1,-8.584,上昇(+1),13.61,0.0,1.0,0.0,589.0,-6.06,609.0,-2.87,575.0,-8.29,554.0,-11.64,567.0,-9.57,568.0,-9.41,,,,,,,,,,589.0,3.4,-2.38,-5.94,-3.74,-3.57,,,,,,1.0,2026/06/25,2026/06/26,568.0,0.18,,,,,,,,,,,,,,,,,,
Bull?,クミアイ化学工業,4996,東証PR,2026/06/17,2026/06/18,30.0,0.207,725.0,-0.68,377400.0,44.4,-1.506,上昇(+1),1.26,0.0,0.0,0.0,―,―,,731.0,0.83,490200.0,46.0,-1.269,上昇(+1),1.15,0.0,0.0,0.0,728.0,-0.41,717.0,-1.92,711.0,-2.74,721.0,-1.37,733.0,0.27,743.0,1.64,,,,,,,,,,728.0,-1.51,-2.34,-0.96,0.69,2.06,,,,,,,,,,,,,,,,,,,,,,,,,,,,
日経,日経平均株価,0001,指数,2026/06/18,2026/06/19,,,71053.49,1.65,,64.4,297.741,1.0,1.29,,,,,,,71250.06,0.28,,63.5,353.28,1.0,1.37,,,,72353.96,1.55,69788.38,-2.05,69174.97,-2.91,72366.34,1.57,69360.88,-2.65,,,,,,,,,,,,,,,,,,,,,,,,,,,,,,,,,,,,,,,,,,,,,
Bear?,コンコルディア・フィナンシャルグループ,7186,東証PR,2026/06/18,2026/06/19,90.0,0.652,1817.0,4.55,4141200.0,70.8,10.931,上昇(+1),1.64,1.0,0.0,1.0,―,―,,1750.0,-3.69,6960200.0,60.3,8.267,上昇(+1),1.43,0.0,0.0,0.0,1777.5,1.57,1736.0,-0.8,1705.0,-2.57,1709.5,-2.31,1713.5,-2.09,,,,,,,,,,,,1777.5,-2.33,-4.08,-3.83,-3.6,,,,,,,1.0,2026/06/18,2026/06/19,1750.5,-3.66,1777.5,-2.17,1736.0,-4.46,1705.0,-6.16,1709.5,-5.92,1713.5,-5.7,,,,,,,,
Bear?,ファーストリテイリング,9983,東証PR,2026/06/18,2026/06/19,85.0,0.404,84100.0,1.45,767700.0,70.5,260.545,上昇(+1),5.67,0.0,0.0,0.0,Tier3,bear_div（全体）,,83100.0,-1.19,1258000.0,65.9,233.106,上昇(+1),5.59,0.0,0.0,1.0,81530.0,-1.89,82170.0,-1.12,81540.0,-1.88,84300.0,1.44,84070.0,1.17,,,,,,,,,,,,81530.0,0.78,0.01,3.4,3.12,,,,,,,1.0,2026/06/19,2026/06/22,81530.0,-1.89,82170.0,-1.12,81540.0,-1.88,84300.0,1.44,84070.0,1.17,,,,,,,,,,
Bear?,宇部興産,4208,東証PR,2026/06/18,2026/06/19,85.0,0.181,3290.0,4.02,1298600.0,74.4,14.396,上昇(+1),2.53,0.0,0.0,1.0,―,―,,3205.0,-2.58,1425300.0,66.8,10.49,上昇(+1),2.51,0.0,0.0,0.0,3222.0,0.53,3129.0,-2.37,3108.0,-3.03,3181.0,-0.75,3142.0,-1.97,,,,,,,,,,,,3222.0,-2.89,-3.54,-1.27,-2.48,,,,,,,1.0,2026/06/18,2026/06/19,3205.0,-2.58,3222.0,-2.07,3129.0,-4.89,3108.0,-5.53,3181.0,-3.31,3142.0,-4.5,,,,,,,,
Bear?,第一生命保険,8750,東証PR,2026/06/18,2026/06/19,85.0,0.358,1820.0,1.51,10134300.0,81.5,8.77,上昇(+1),4.19,0.0,0.0,0.0,Tier2,bear_div + RSI>70,,1814.0,-0.33,9190700.0,79.4,7.995,上昇(+1),4.06,0.0,0.0,1.0,1834.5,1.13,1812.0,-0.11,1728.0,-4.74,1705.5,-5.98,1726.5,-4.82,,,,,,,,,,,,1834.5,-1.23,-5.81,-7.03,-5.89,,,,,,,1.0,2026/06/23,2026/06/24,1728.0,-4.64,1705.5,-5.88,1726.5,-4.72,,,,,,,,,,,,,,
Bear?,日本ゼオン,4205,東証PR,2026/06/18,2026/06/19,85.0,0.2,2342.0,0.26,640100.0,70.8,11.262,上昇(+1),2.99,0.0,0.0,0.0,Tier3,bear_div（全体）,,2334.0,-0.34,1313500.0,69.6,9.921,上昇(+1),2.97,0.0,0.0,1.0,2364.0,1.29,2314.5,-0.84,2342.5,0.36,2424.5,3.88,2396.0,2.66,,,,,,,,,,,,2364.0,-2.09,-0.91,2.56,1.35,,,,,,,1.0,2026/06/25,2026/06/26,2396.0,-1.18,,,,,,,,,,,,,,,,,,
Bear?,マーケットエンタープライズ,3135,東証PR,2026/06/18,2026/06/19,80.0,0.94,1442.0,4.95,258300.0,74.2,11.11,上昇(+1),0.93,1.0,0.0,0.0,Tier3,bear_div（全体）,,1414.0,-1.94,69000.0,68.4,9.042,上昇(+1),1.72,0.0,0.0,1.0,1433.0,1.34,1427.0,0.92,1424.0,0.71,1419.0,0.35,1385.0,-2.05,,,,,,,,,,,,1433.0,-0.42,-0.63,-0.98,-3.35,,,,,,,1.0,2026/06/23,2026/06/24,1424.0,-0.21,1419.0,-0.56,1385.0,-2.94,,,,,,,,,,,,,,
Bear?,ムーンバット,8115,東証ST,2026/06/18,2026/06/19,75.0,0.614,1739.0,1.16,1700.0,70.7,4.957,上昇(+1),4.3,0.0,0.0,0.0,Tier2,bear_div + RSI>70,,1745.0,0.35,4400.0,71.4,4.952,上昇(+1),4.36,0.0,0.0,1.0,1811.0,3.78,1787.0,2.41,1841.0,5.5,1768.0,1.32,1749.0,0.23,,,,,,,,,,,,1811.0,-1.33,1.66,-2.37,-3.42,,,,,,,1.0,2026/06/24,2026/06/25,1768.0,-3.97,1749.0,-5.0,,,,,,,,,,,,,,,,
Bear?,ミスミグループ本社,9962,東証PR,2026/06/18,2026/06/19,75.0,0.206,3895.0,0.93,827800.0,66.7,6.962,上昇(+1),6.32,0.0,0.0,0.0,Tier3,bear_div（全体）,,3850.0,-1.16,1476000.0,63.5,4.036,上昇(+1),6.2,0.0,0.0,1.0,3860.0,0.26,3684.0,-4.31,3773.0,-2.0,3767.0,-2.16,3814.0,-0.94,,,,,,,,,,,,3860.0,-4.56,-2.25,-2.41,-1.19,,,,,,,1.0,2026/06/19,2026/06/22,3860.0,0.26,3684.0,-4.31,3773.0,-2.0,3767.0,-2.16,3814.0,-0.94,,,,,,,,,,
Bear?,住友大阪セメント,5232,東証PR,2026/06/18,2026/06/19,75.0,0.367,6050.0,-1.53,497100.0,67.4,42.822,上昇(+1),7.05,0.0,0.0,1.0,―,―,,6044.0,-0.1,438300.0,67.2,42.182,上昇(+1),7.21,0.0,0.0,0.0,6050.0,0.1,5995.0,-0.81,5977.0,-1.11,6372.0,5.43,6212.0,2.78,,,,,,,,,,,,6050.0,-0.91,-1.21,5.32,2.68,,,,,,,1.0,2026/06/18,2026/06/19,6044.0,-0.1,6050.0,0.0,5995.0,-0.91,5977.0,-1.21,6372.0,5.32,6212.0,2.68,,,,,,,,
Bear?,山陰合同銀行,8381,東証PR,2026/06/18,2026/06/19,75.0,0.267,2206.0,3.52,568500.0,67.4,2.249,上昇(+1),6.26,0.0,0.0,0.0,―,―,,2186.0,-0.91,562800.0,63.9,1.558,上昇(+1),6.12,0.0,0.0,0.0,2214.0,1.28,2206.0,0.91,2169.0,-0.78,2216.0,1.37,2227.0,1.88,,,,,,,,,,,,2214.0,-0.36,-2.03,0.09,0.59,,,,,,,1.0,2026/06/23,2026/06/24,2169.0,-1.68,2216.0,0.45,2227.0,0.95,,,,,,,,,,,,,,
Bear?,日機装,6376,東証PR,2026/06/18,2026/06/19,75.0,0.586,3945.0,2.33,549200.0,78.7,43.499,上昇(+1),14.34,0.0,0.0,1.0,―,―,,3880.0,-1.65,743300.0,74.2,38.949,上昇(+1),14.22,0.0,0.0,0.0,4090.0,5.41,4025.0,3.74,4030.0,3.87,4160.0,7.22,4230.0,9.02,,,,,,,,,,,,4090.0,-1.59,-1.47,1.71,3.42,,,,,,,1.0,2026/06/26,,,,,,,,,,,,,,,,,,,,,
Bull?,西松屋チェーン,7545,東証PR,2026/06/18,2026/06/19,70.0,0.229,1893.0,-1.41,221400.0,32.0,-2.604,下降(-1),-3.12,0.0,0.0,0.0,Tier3,bull_div（全体）,,1920.0,1.43,265200.0,40.6,-2.188,下降(-1),-3.21,0.0,1.0,0.0,1872.0,-2.5,1857.0,-3.28,1842.0,-4.06,1882.0,-1.98,1891.0,-1.51,,,,,,,,,,,,1872.0,-0.8,-1.6,0.53,1.01,,,,,,,1.0,2026/06/23,2026/06/24,1842.0,-0.81,1882.0,1.35,1891.0,1.83,,,,,,,,,,,,,,
Bull?,アクセスグループ・ホールディングス,7042,東証ST,2026/06/18,2026/06/19,70.0,0.236,569.0,-1.22,3700.0,33.4,-0.415,下降(-1),-5.34,0.0,1.0,0.0,―,―,,570.0,0.18,400.0,34.5,-0.284,下降(-1),-5.41,0.0,0.0,0.0,630.0,10.53,630.0,10.53,631.0,10.7,633.0,11.05,625.0,9.65,,,,,,,,,,,,630.0,0.0,0.16,0.48,-0.79,,,,,,,1.0,2026/06/18,2026/06/19,570.0,0.18,630.0,10.72,630.0,10.72,631.0,10.9,633.0,11.25,625.0,9.84,,,,,,,,
Bull?,スローガン,9253,東証GR,2026/06/18,2026/06/19,70.0,0.341,723.0,1.4,4500.0,34.2,-1.819,下降(-1),-1.34,0.0,0.0,0.0,―,―,,742.0,2.63,500.0,48.4,-0.542,下降(-1),-1.34,0.0,0.0,0.0,738.0,-0.54,757.0,2.02,750.0,1.08,749.0,0.94,740.0,-0.27,,,,,,,,,,,,738.0,2.57,1.63,1.49,0.27,,,,,,,,,,,,,,,,,,,,,,,,,,,,,
Bull?,東京ソワール,8040,東証ST,2026/06/18,2026/06/19,70.0,0.367,1011.0,0.1,4500.0,32.3,-1.496,下降(-1),-1.05,0.0,1.0,0.0,―,―,,1017.0,0.59,2600.0,37.9,-1.03,下降(-1),-1.07,0.0,0.0,0.0,1020.0,0.29,1024.0,0.69,1013.0,-0.39,1027.0,0.98,1043.0,2.56,,,,,,,,,,,,1020.0,0.39,-0.69,0.69,2.25,,,,,,,1.0,2026/06/18,2026/06/19,1017.0,0.59,1020.0,0.89,1024.0,1.29,1013.0,0.2,1027.0,1.58,1043.0,3.17,,,,,,,,
Bear?,ミマキエンジニアリング,6638,東証PR,2026/06/18,2026/06/19,68.0,0.046,1905.0,2.42,84200.0,66.1,1.899,揉み合い(0),-0.42,0.0,0.0,1.0,―,―,,1840.0,-3.41,54700.0,56.4,0.813,揉み合い(0),-0.46,0.0,0.0,0.0,1880.0,2.17,1838.0,-0.11,1800.0,-2.17,1815.0,-1.36,1804.0,-1.96,,,,,,,,,,,,1880.0,-2.23,-4.26,-3.46,-4.04,,,,,,,1.0,2026/06/18,2026/06/19,1840.0,-3.41,1880.0,-1.31,1838.0,-3.52,1800.0,-5.51,1815.0,-4.72,1804.0,-5.3,,,,,,,,
Bear?,セイコーホールディングス,8050,東証PR,2026/06/18,2026/06/19,65.0,0.495,7570.0,-2.7,342200.0,63.0,52.31,上昇(+1),10.13,0.0,0.0,0.0,―,―,,7540.0,-0.4,517100.0,62.3,48.576,上昇(+1),9.67,0.0,0.0,0.0,7790.0,3.32,7490.0,-0.66,7600.0,0.8,8140.0,7.96,7860.0,4.24,,,,,,,,,,,,7790.0,-3.85,-2.44,4.49,0.9,,,,,,,1.0,2026/06/25,2026/06/26,7860.0,-3.44,,,,,,,,,,,,,,,,,,
Bear?,日本証券金融,8511,東証PR,2026/06/18,2026/06/19,65.0,0.374,2350.0,1.6,174000.0,58.1,4.324,上昇(+1),0.98,0.0,0.0,0.0,―,―,,2326.0,-1.02,227500.0,54.6,2.888,上昇(+1),0.8,0.0,0.0,0.0,2313.0,-0.56,2302.0,-1.03,2280.0,-1.98,2293.0,-1.42,2297.0,-1.25,,,,,,,,,,,,2313.0,-0.48,-1.43,-0.86,-0.69,,,,,,,,,,,,,,,,,,,,,,,,,,,,,
Bear?,山善,8051,東証PR,2026/06/18,2026/06/19,65.0,0.203,1805.0,2.85,315500.0,64.2,4.944,上昇(+1),4.25,0.0,0.0,0.0,―,―,,1784.0,-1.16,262800.0,60.6,4.372,上昇(+1),4.2,0.0,0.0,0.0,1795.0,0.62,1783.0,-0.06,1678.0,-5.94,1688.0,-5.38,1674.0,-6.17,,,,,,,,,,,,1795.0,-0.67,-6.52,-5.96,-6.74,,,,,,,,,,,,,,,,,,,,,,,,,,,,,
Bull?,ウイルコホールディングス,7831,東証ST,2026/06/18,2026/06/19,65.0,0.813,66.0,-1.49,67900.0,27.9,-0.54,下降(-1),-5.19,0.0,1.0,0.0,―,―,,66.0,0.0,7700.0,27.9,-0.535,下降(-1),-5.42,0.0,0.0,0.0,66.0,0.0,66.0,0.0,63.0,-4.55,64.0,-3.03,63.0,-4.55,,,,,,,,,,,,66.0,0.0,-4.55,-3.03,-4.55,,,,,,,1.0,2026/06/24,2026/06/25,64.0,1.59,63.0,0.0,,,,,,,,,,,,,,,,
Bear?,ひろぎんホールディングス,7337,東証PR,2026/06/18,2026/06/19,65.0,0.144,2118.0,2.12,523800.0,62.4,2.636,上昇(+1),2.6,0.0,0.0,0.0,―,―,,2080.0,-1.79,894800.0,56.3,0.663,上昇(+1),2.44,0.0,0.0,0.0,2102.5,1.08,2098.5,0.89,2055.5,-1.18,2074.0,-0.29,2100.5,0.99,,,,,,,,,,,,2102.5,-0.19,-2.24,-1.36,-0.1,,,,,,,,,,,,,,,,,,,,,,,,,,,,,
Bull?,ネポン,7985,東証ST,2026/06/18,2026/06/19,65.0,0.034,717.0,-2.18,300.0,17.4,-1.512,下降(-1),-15.47,0.0,0.0,0.0,―,―,,727.0,1.39,400.0,21.9,-0.827,下降(-1),-15.79,0.0,0.0,0.0,721.0,-0.83,715.0,-1.65,724.0,-0.41,717.0,-1.38,716.0,-1.51,,,,,,,,,,,,721.0,-0.83,0.42,-0.55,-0.69,,,,,,,,,,,,,,,,,,,,,,,,,,,,,
Bull?,シルバーライフ,9262,東証ST,2026/06/18,2026/06/19,65.0,0.612,642.0,-0.47,25400.0,26.4,-7.914,下降(-1),-3.12,0.0,0.0,0.0,―,―,,639.0,-0.47,22400.0,25.9,-7.543,下降(-1),-3.36,0.0,0.0,0.0,641.0,0.31,639.0,0.0,636.0,-0.47,639.0,0.0,640.0,0.16,,,,,,,,,,,,641.0,-0.31,-0.78,-0.31,-0.16,,,,,,,1.0,2026/06/23,2026/06/24,636.0,-0.47,639.0,0.0,640.0,0.16,,,,,,,,,,,,,,
Bear?,千葉興業銀行,8337,東証PR,2026/06/18,2026/06/19,65.0,0.162,2474.0,4.48,149600.0,63.2,2.666,上昇(+1),1.39,0.0,0.0,0.0,―,―,,2423.0,-2.06,180500.0,58.2,1.639,上昇(+1),1.14,0.0,0.0,0.0,2438.0,0.62,2375.0,-1.98,2346.0,-3.18,2350.0,-3.01,2358.0,-2.68,,,,,,,,,,,,2438.0,-2.58,-3.77,-3.61,-3.28,,,,,,,,,,,,,,,,,,,,,,,,,,,,,
Bear?,紀陽銀行,8370,東証PR,2026/06/18,2026/06/19,65.0,0.395,4545.0,2.36,150800.0,61.9,9.581,上昇(+1),2.2,0.0,0.0,0.0,―,―,,4430.0,-2.53,338600.0,53.3,2.594,上昇(+1),1.96,0.0,0.0,0.0,4440.0,0.23,4420.0,-0.23,4365.0,-1.47,4430.0,0.0,4460.0,0.68,,,,,,,,,,,,4440.0,-0.45,-1.69,-0.23,0.45,,,,,,,,,,,,,,,,,,,,,,,,,,,,,
Bull?,ホーブ,1382,東証ST,2026/06/18,2026/06/19,65.0,0.264,1425.0,-0.77,500.0,25.3,-3.061,下降(-1),-5.14,0.0,0.0,0.0,Tier2,bull_div + RSI<30,,1430.0,0.35,1000.0,27.3,-2.539,下降(-1),-5.26,0.0,1.0,0.0,1454.0,1.68,1485.0,3.85,1485.0,3.85,1461.0,2.17,1450.0,1.4,,,,,,,,,,,,1454.0,2.13,2.13,0.48,-0.28,,,,,,,1.0,2026/06/19,2026/06/22,1454.0,1.68,1485.0,3.85,1485.0,3.85,1461.0,2.17,1450.0,1.4,,,,,,,,,,
Bear?,ソディック,6143,東証PR,2026/06/18,2026/06/19,65.0,0.468,2074.0,0.88,626300.0,64.2,8.502,上昇(+1),13.01,0.0,0.0,1.0,―,―,,2055.0,-0.92,414600.0,62.6,7.795,上昇(+1),12.78,0.0,0.0,0.0,2059.0,0.19,1986.0,-3.36,2045.0,-0.49,2064.0,0.44,1989.0,-3.21,,,,,,,,,,,,2059.0,-3.55,-0.68,0.24,-3.4,,,,,,,1.0,2026/06/18,2026/06/19,2055.0,-0.92,2059.0,-0.72,1986.0,-4.24,2045.0,-1.4,2064.0,-0.48,1989.0,-4.1,,,,,,,,
Bull?,日本ナレッジ,5252,東証GR,2026/06/18,2026/06/19,65.0,0.296,696.0,-0.57,42500.0,29.2,-7.745,上昇(+1),0.98,0.0,0.0,0.0,―,―,,698.0,0.29,16000.0,30.1,-7.454,揉み合い(0),0.36,0.0,0.0,0.0,710.0,1.72,744.0,6.59,737.0,5.59,737.0,5.59,749.0,7.31,,,,,,,,,,,,710.0,4.79,3.8,3.8,5.49,,,,,,,,,,,,,,,,,,,,,,,,,,,,,
Bear?,りそなホールディングス,8308,東証PR,2026/06/18,2026/06/19,65.0,0.533,2256.0,4.35,12098800.0,66.0,7.635,上昇(+1),2.36,0.0,0.0,0.0,―,―,,2196.0,-2.66,14315100.0,59.1,6.147,上昇(+1),2.28,0.0,0.0,0.0,2230.0,1.55,2162.0,-1.55,2121.0,-3.42,2107.0,-4.05,2102.0,-4.28,,,,,,,,,,,,2230.0,-3.05,-4.89,-5.52,-5.74,,,,,,,,,,,,,,,,,,,,,,,,,,,,,
Bear?,千葉銀行,8331,東証PR,2026/06/18,2026/06/19,65.0,0.55,2554.0,3.74,2511100.0,66.9,10.439,上昇(+1),1.5,0.0,0.0,0.0,―,―,,2491.0,-2.47,3588000.0,60.0,7.967,上昇(+1),1.39,0.0,0.0,0.0,2525.5,1.38,2469.0,-0.88,2419.0,-2.89,2437.0,-2.17,2464.0,-1.08,,,,,,,,,,,,2525.5,-2.24,-4.22,-3.5,-2.44,,,,,,,,,,,,,,,,,,,,,,,,,,,,,
Bull?,小林製薬,4967,東証PR,2026/06/18,2026/06/19,65.0,0.932,5283.0,-1.71,343300.0,25.6,-33.198,上昇(+1),0.53,0.0,0.0,0.0,Tier2,bull_div + RSI<30,,5300.0,0.32,239200.0,27.4,-32.304,揉み合い(0),0.31,0.0,1.0,0.0,5340.0,0.75,5370.0,1.32,5422.0,2.3,5544.0,4.6,5580.0,5.28,,,,,,,,,,,,5340.0,0.56,1.54,3.82,4.49,,,,,,,1.0,2026/06/19,2026/06/22,5340.0,0.75,5370.0,1.32,5422.0,2.3,5544.0,4.6,5580.0,5.28,,,,,,,,,,
Bear?,三井住友トラスト・ＨＤ,8309,東証PR,2026/06/18,2026/06/19,65.0,0.694,6176.0,2.37,2857100.0,69.7,27.693,上昇(+1),1.88,0.0,0.0,0.0,Tier3,bear_div（全体）,,6063.0,-1.83,3950000.0,62.9,21.587,上昇(+1),1.87,0.0,0.0,1.0,6213.0,2.47,6053.0,-0.16,5889.0,-2.87,5979.0,-1.39,5972.0,-1.5,,,,,,,,,,,,6213.0,-2.58,-5.21,-3.77,-3.88,,,,,,,1.0,2026/06/22,2026/06/23,6053.0,-2.58,5889.0,-5.21,5979.0,-3.77,5972.0,-3.88,,,,,,,,,,,,
Bull?,大阪製鐵,5449,東証ST,2026/06/18,2026/06/19,60.0,0.417,2286.0,2.14,99200.0,43.6,-5.842,下降(-1),-4.46,0.0,0.0,0.0,―,―,,2358.0,3.15,43200.0,48.6,-1.352,下降(-1),-4.26,0.0,0.0,0.0,2342.0,-0.68,2331.0,-1.15,2301.0,-2.42,2284.0,-3.14,2291.0,-2.84,,,,,,,,,,,,2342.0,-0.47,-1.75,-2.48,-2.18,,,,,,,,,,,,,,,,,,,,,,,,,,,,,
Bear?,カネミツ,7208,東証ST,2026/06/18,2026/06/19,58.0,0.45,1174.0,-0.84,1300.0,57.4,3.135,揉み合い(0),0.47,0.0,0.0,0.0,―,―,,1165.0,-0.77,1500.0,53.5,2.415,揉み合い(0),0.32,0.0,0.0,0.0,1157.0,-0.69,1176.0,0.94,1163.0,-0.17,1198.0,2.83,1216.0,4.38,,,,,,,,,,,,1157.0,1.64,0.52,3.54,5.1,,,,,,,1.0,2026/06/26,,,,,,,,,,,,,,,,,,,,,
Bear?,三菱化工機,6331,東証PR,2026/06/18,2026/06/19,55.0,0.655,4010.0,-2.2,154000.0,64.4,41.339,上昇(+1),0.83,0.0,0.0,1.0,―,―,,3995.0,-0.37,110400.0,63.7,38.906,上昇(+1),0.85,0.0,0.0,0.0,4145.0,3.75,3880.0,-2.88,3840.0,-3.88,3930.0,-1.63,3830.0,-4.13,,,,,,,,,,,,4145.0,-6.39,-7.36,-5.19,-7.6,,,,,,,1.0,2026/06/23,2026/06/24,3840.0,-1.03,3930.0,1.29,3830.0,-1.29,,,,,,,,,,,,,,
Bull?,イノベーション,3970,東証GR,2026/06/18,2026/06/19,55.0,0.045,774.0,0.91,4600.0,30.5,-0.441,下降(-1),-4.35,0.0,0.0,0.0,―,―,,774.0,0.0,3800.0,30.5,-0.269,下降(-1),-4.38,0.0,0.0,0.0,774.0,0.0,751.0,-2.97,789.0,1.94,764.0,-1.29,745.0,-3.75,,,,,,,,,,,,774.0,-2.97,1.94,-1.29,-3.75,,,,,,,,,,,,,,,,,,,,,,,,,,,,,
Bear?,Ｍ＆Ａキャピタルパートナーズ,6080,東証PR,2026/06/18,2026/06/19,55.0,0.608,3595.0,-0.55,47200.0,62.1,13.987,上昇(+1),0.59,0.0,0.0,0.0,―,―,,3580.0,-0.42,106500.0,60.5,12.019,揉み合い(0),0.34,0.0,0.0,0.0,3500.0,-2.23,3430.0,-4.19,3365.0,-6.01,3390.0,-5.31,3390.0,-5.31,,,,,,,,,,,,3500.0,-2.0,-3.86,-3.14,-3.14,,,,,,,,,,,,,,,,,,,,,,,,,,,,,
Bear?,アマダ,6113,東証PR,2026/06/18,2026/06/19,55.0,0.671,3081.0,-0.48,1776300.0,60.5,7.647,上昇(+1),6.96,0.0,0.0,0.0,Tier3,bear_div（全体）,,3074.0,-0.23,2774500.0,60.0,7.182,上昇(+1),6.76,0.0,0.0,1.0,3112.0,1.24,2988.5,-2.78,3005.0,-2.24,3088.0,0.46,2965.0,-3.55,,,,,,,,,,,,3112.0,-3.97,-3.44,-0.77,-4.72,,,,,,,1.0,2026/06/19,2026/06/22,3112.0,1.24,2988.5,-2.78,3005.0,-2.24,3088.0,0.46,2965.0,-3.55,,,,,,,,,,
Bear?,アララ,4015,東証GR,2026/06/18,2026/06/19,50.0,0.453,495.0,1.43,37500.0,61.0,2.527,下降(-1),-1.58,0.0,0.0,0.0,Tier3,bear_div（全体）,,487.0,-1.62,42300.0,57.1,2.323,下降(-1),-1.49,0.0,0.0,1.0,494.0,1.44,492.0,1.03,484.0,-0.62,480.0,-1.44,485.0,-0.41,,,,,,,,,,,,494.0,-0.4,-2.02,-2.83,-1.82,,,,,,,1.0,2026/06/19,2026/06/22,494.0,1.44,492.0,1.03,484.0,-0.62,480.0,-1.44,485.0,-0.41,,,,,,,,,,
Bear?,東洋インキＳＣホールディングス,4634,東証PR,2026/06/18,2026/06/19,45.0,0.762,4280.0,0.0,124100.0,61.7,13.645,上昇(+1),1.17,0.0,0.0,1.0,―,―,,4245.0,-0.82,136500.0,58.8,13.547,上昇(+1),0.93,0.0,0.0,0.0,4330.0,2.0,4270.0,0.59,4270.0,0.59,4370.0,2.94,4285.0,0.94,,,,,,,,,,,,4330.0,-1.39,-1.39,0.92,-1.04,,,,,,,1.0,2026/06/25,2026/06/26,4285.0,-1.95,,,,,,,,,,,,,,,,,,
Bull?,誠建設工業,8995,東証ST,2026/06/18,2026/06/19,45.0,0.958,898.0,-1.97,1900.0,36.3,-12.872,下降(-1),-5.88,0.0,0.0,0.0,Tier3,bull_div（全体）,,890.0,-0.89,2000.0,35.3,-12.65,下降(-1),-5.91,0.0,1.0,0.0,889.0,-0.11,885.0,-0.56,880.0,-1.12,867.0,-2.58,865.0,-2.81,,,,,,,,,,,,889.0,-0.45,-1.01,-2.47,-2.7,,,,,,,1.0,2026/06/26,,,,,,,,,,,,,,,,,,,,,
Bear?,足利ホールディングス,7167,東証PR,2026/06/18,2026/06/19,45.0,0.746,1440.0,3.75,2756400.0,64.7,5.49,上昇(+1),2.3,0.0,0.0,0.0,―,―,,1411.0,-2.01,3168900.0,57.9,4.55,上昇(+1),2.1,0.0,0.0,0.0,1425.5,1.03,1411.0,0.0,1384.5,-1.88,1380.5,-2.16,1407.5,-0.25,,,,,,,,,,,,1425.5,-1.02,-2.88,-3.16,-1.26,,,,,,,,,,,,,,,,,,,,,,,,,,,,,
Bear?,しずおかフィナンシャルグループ,5831,東証PR,2026/06/18,2026/06/19,45.0,0.922,3115.0,2.74,1540800.0,64.8,16.204,上昇(+1),0.99,0.0,0.0,0.0,―,―,,3026.0,-2.86,2011400.0,56.1,10.464,上昇(+1),0.68,0.0,0.0,0.0,3032.0,0.2,3012.0,-0.46,2964.0,-2.05,2991.0,-1.16,3032.0,0.2,,,,,,,,,,,,3032.0,-0.66,-2.24,-1.35,0.0,,,,,,,,,,,,,,,,,,,,,,,,,,,,,
Bull?,ノエビアホールディングス,4928,東証PR,2026/06/18,2026/06/19,45.0,0.328,4225.0,0.48,70600.0,41.4,-2.096,下降(-1),-2.1,0.0,1.0,0.0,―,―,,4250.0,0.59,44800.0,44.4,-1.002,下降(-1),-2.16,0.0,0.0,0.0,4240.0,-0.24,4255.0,0.12,4310.0,1.41,4320.0,1.65,4365.0,2.71,,,,,,,,,,,,4240.0,0.35,1.65,1.89,2.95,,,,,,,1.0,2026/06/18,2026/06/19,4250.0,0.59,4240.0,0.36,4255.0,0.71,4310.0,2.01,4320.0,2.25,4365.0,3.31,,,,,,,,
Bull?,コーセー,4922,東証PR,2026/06/18,2026/06/19,45.0,0.089,5094.0,-1.09,306100.0,36.5,-3.687,下降(-1),-2.73,0.0,0.0,0.0,Tier3,bull_div（全体）,,5152.0,1.14,313400.0,40.5,-1.489,下降(-1),-2.96,0.0,1.0,0.0,5102.0,-0.97,5035.0,-2.27,5060.0,-1.79,5000.0,-2.95,5024.0,-2.48,,,,,,,,,,,,5102.0,-1.31,-0.82,-2.0,-1.53,,,,,,,1.0,2026/06/26,,,,,,,,,,,,,,,,,,,,,
Bear?,ふくおかフィナンシャルグループ,8354,東証PR,2026/06/18,2026/06/19,45.0,0.965,7149.0,4.02,561700.0,64.3,31.143,上昇(+1),0.94,0.0,0.0,0.0,Tier3,bear_div（全体）,,6974.0,-2.45,865800.0,57.7,25.959,上昇(+1),0.72,0.0,0.0,1.0,7099.0,1.79,6896.0,-1.12,6849.0,-1.79,6783.0,-2.74,6861.0,-1.62,,,,,,,,,,,,7099.0,-2.86,-3.52,-4.45,-3.35,,,,,,,1.0,2026/06/19,2026/06/22,7099.0,1.79,6896.0,-1.12,6849.0,-1.79,6783.0,-2.74,6861.0,-1.62,,,,,,,,,,
Bull?,ピー・ビーシステムズ,4447,東証GR,2026/06/18,2026/06/19,45.0,0.129,426.0,0.47,3600.0,36.1,-0.588,下降(-1),-2.98,0.0,0.0,0.0,―,―,,425.0,-0.23,5300.0,35.4,-0.58,下降(-1),-2.98,0.0,0.0,0.0,423.0,-0.47,426.0,0.24,430.0,1.18,429.0,0.94,429.0,0.94,,,,,,,,,,,,423.0,0.71,1.65,1.42,1.42,,,,,,,,,,,,,,,,,,,,,,,,,,,,,
Bear?,朝日工業社,1975,東証PR,2026/06/18,2026/06/19,40.0,0.793,4275.0,0.47,79100.0,66.1,37.451,下降(-1),-1.39,0.0,0.0,0.0,Tier3,bear_div（全体）,,4230.0,-1.05,108400.0,63.3,37.027,下降(-1),-1.62,0.0,0.0,1.0,4400.0,4.02,4240.0,0.24,4375.0,3.43,4325.0,2.25,4385.0,3.66,,,,,,,,,,,,4400.0,-3.64,-0.57,-1.7,-0.34,,,,,,,1.0,2026/06/25,2026/06/26,4385.0,1.39,,,,,,,,,,,,,,,,,,
Bear?,中国塗料,4617,東証PR,2026/06/18,2026/06/19,40.0,0.981,3630.0,0.28,264300.0,65.5,53.736,下降(-1),-6.99,0.0,0.0,1.0,―,―,,3510.0,-3.31,326400.0,58.2,44.888,下降(-1),-7.01,0.0,0.0,0.0,3485.0,-0.71,3355.0,-4.42,3355.0,-4.42,3410.0,-2.85,3390.0,-3.42,,,,,,,,,,,,3485.0,-3.73,-3.73,-2.15,-2.73,,,,,,,1.0,2026/06/18,2026/06/19,3510.0,-3.31,3485.0,-3.99,3355.0,-7.58,3355.0,-7.58,3410.0,-6.06,3390.0,-6.61,,,,,,,,
Bear?,大和証券グループ本社,8601,東証PR,2026/06/18,2026/06/19,40.0,0.933,1630.0,1.37,4353300.0,67.8,10.431,下降(-1),-0.77,0.0,0.0,1.0,―,―,,1606.0,-1.47,6389300.0,61.8,8.723,下降(-1),-0.81,0.0,0.0,0.0,1626.0,1.25,1594.5,-0.72,1581.0,-1.56,1589.5,-1.03,1596.5,-0.59,,,,,,,,,,,,1626.0,-1.94,-2.77,-2.24,-1.81,,,,,,,1.0,2026/06/22,2026/06/23,1594.5,-1.94,1581.0,-2.77,1589.5,-2.24,1596.5,-1.81,,,,,,,,,,,,
Bear?,ちゅうぎんフィナンシャルグループ,5832,東証PR,2026/06/18,2026/06/19,40.0,0.546,3142.0,1.81,237400.0,60.1,12.516,下降(-1),-0.96,0.0,0.0,0.0,―,―,,3037.0,-3.34,830800.0,50.0,5.656,下降(-1),-1.21,0.0,0.0,0.0,3097.0,1.98,3081.0,1.45,3048.0,0.36,3068.0,1.02,3090.0,1.75,,,,,,,,,,,,3097.0,-0.52,-1.58,-0.94,-0.23,,,,,,,,,,,,,,,,,,,,,,,,,,,,,
Bull?,大森屋,2917,東証ST,2026/06/18,2026/06/19,38.0,0.489,911.0,0.22,1500.0,46.5,-0.867,揉み合い(0),0.35,0.0,1.0,0.0,―,―,,918.0,0.77,600.0,51.5,-0.449,揉み合い(0),0.32,0.0,0.0,0.0,916.0,-0.22,916.0,-0.22,916.0,-0.22,920.0,0.22,920.0,0.22,,,,,,,,,,,,916.0,0.0,0.0,0.44,0.44,,,,,,,1.0,2026/06/18,2026/06/19,918.0,0.77,916.0,0.55,916.0,0.55,916.0,0.55,920.0,0.99,920.0,0.99,,,,,,,,
Bear?,西日本フィナンシャルホールディングス,7189,東証PR,2026/06/18,2026/06/19,38.0,0.988,4180.0,1.88,487600.0,57.2,16.801,揉み合い(0),-0.46,0.0,0.0,0.0,―,―,,4072.0,-2.58,731200.0,50.2,9.271,下降(-1),-0.75,0.0,0.0,0.0,4180.0,2.65,4176.0,2.55,4112.0,0.98,4164.0,2.26,4204.0,3.24,,,,,,,,,,,,4180.0,-0.1,-1.63,-0.38,0.57,,,,,,,,,,,,,,,,,,,,,,,,,,,,,
Bull?,ファーストブラザーズ,3454,東証ST,2026/06/18,2026/06/19,38.0,0.578,1168.0,-1.1,10800.0,42.0,-2.738,揉み合い(0),-0.46,0.0,0.0,0.0,―,―,,1189.0,1.8,10500.0,50.4,-1.87,下降(-1),-0.53,0.0,0.0,0.0,1179.0,-0.84,1186.0,-0.25,1189.0,0.0,1186.0,-0.25,1190.0,0.08,,,,,,,,,,,,1179.0,0.59,0.85,0.59,0.93,,,,,,,,,,,,,,,,,,,,,,,,,,,,,
Bull?,うかい,7621,東証ST,2026/06/18,2026/06/19,38.0,0.284,3295.0,-0.15,1500.0,42.9,-0.589,揉み合い(0),-0.38,0.0,0.0,0.0,―,―,,3300.0,0.15,400.0,45.4,-0.505,揉み合い(0),-0.42,0.0,0.0,0.0,3290.0,-0.3,3300.0,0.0,3300.0,0.0,3300.0,0.0,3285.0,-0.45,,,,,,,,,,,,3290.0,0.3,0.3,0.3,-0.15,,,,,,,,,,,,,,,,,,,,,,,,,,,,,
Bull?,日本製紙,3863,東証PR,2026/06/18,2026/06/19,30.0,0.027,1190.0,-4.19,1064600.0,36.0,-0.379,上昇(+1),1.21,0.0,0.0,0.0,―,―,,1198.0,0.67,1421200.0,37.6,-0.337,上昇(+1),0.87,0.0,0.0,0.0,1199.0,0.08,1192.0,-0.5,1203.0,0.42,1246.0,4.01,1249.0,4.26,,,,,,,,,,,,1199.0,-0.58,0.33,3.92,4.17,,,,,,,,,,,,,,,,,,,,,,,,,,,,,
Bear?,守谷輸送機工業,6226,東証ST,2026/06/18,2026/06/19,30.0,0.729,2405.0,-1.07,209400.0,63.7,35.78,下降(-1),-6.76,0.0,0.0,0.0,―,―,,2355.0,-2.08,177400.0,60.0,33.831,下降(-1),-7.05,0.0,0.0,0.0,2369.0,0.59,2372.0,0.72,2360.0,0.21,2282.0,-3.1,2239.0,-4.93,,,,,,,,,,,,2369.0,0.13,-0.38,-3.67,-5.49,,,,,,,,,,,,,,,,,,,,,,,,,,,,,
Bear?,ユーシン精機,6482,東証ST,2026/06/18,2026/06/19,30.0,0.957,741.0,-3.77,69700.0,60.7,9.593,下降(-1),-3.5,0.0,0.0,1.0,―,―,,734.0,-0.94,45300.0,58.8,9.057,下降(-1),-3.52,0.0,0.0,0.0,740.0,0.82,736.0,0.27,706.0,-3.81,715.0,-2.59,705.0,-3.95,,,,,,,,,,,,740.0,-0.54,-4.59,-3.38,-4.73,,,,,,,1.0,2026/06/18,2026/06/19,734.0,-0.94,740.0,-0.13,736.0,-0.67,706.0,-4.72,715.0,-3.51,705.0,-4.86,,,,,,,,
日経,日経平均株価,0001,指数,2026/06/19,2026/06/22,,,71250.06,0.28,,63.5,353.28,1.0,1.37,,,,,,,72353.96,1.55,,66.7,423.463,1.0,1.41,,,,69788.38,-3.55,69174.97,-4.39,72366.34,0.02,69360.88,-4.14,,,,,,,,,,,,,,,,,,,,,,,,,,,,,,,,,,,,,,,,,,,,,,,
Bear?,長谷川香料,4958,東証PR,2026/06/19,2026/06/22,90.0,0.401,3255.0,2.2,135000.0,67.1,7.748,上昇(+1),2.35,1.0,0.0,0.0,Tier3,bear_div（全体）,,3215.0,-1.23,63600.0,61.4,6.562,上昇(+1),2.36,0.0,0.0,1.0,3205.0,-0.31,3235.0,0.62,3270.0,1.71,3215.0,0.0,,,,,,,,,,,,,,3205.0,0.94,2.03,0.31,,,,,,,,1.0,2026/06/25,2026/06/26,3215.0,-1.68,,,,,,,,,,,,,,,,,,
Bear?,日本精線,5659,東証PR,2026/06/19,2026/06/22,90.0,0.495,1572.0,2.88,149100.0,65.9,13.059,上昇(+1),3.11,1.0,0.0,0.0,―,―,,1548.0,-1.53,100100.0,62.1,12.212,上昇(+1),3.12,0.0,0.0,0.0,1503.0,-2.91,1466.0,-5.3,1440.0,-6.98,1431.0,-7.56,,,,,,,,,,,,,,1503.0,-2.46,-4.19,-4.79,,,,,,,,,,,,,,,,,,,,,,,,,,,,,,
Bear?,ＤＩＣ,4631,東証PR,2026/06/19,2026/06/22,85.0,0.098,5257.0,-0.19,786800.0,74.7,11.66,上昇(+1),5.38,0.0,0.0,1.0,―,―,,5246.0,-0.21,380100.0,73.9,11.369,上昇(+1),5.19,0.0,0.0,0.0,5138.0,-2.06,5009.0,-4.52,5148.0,-1.87,5040.0,-3.93,,,,,,,,,,,,,,5138.0,-2.51,0.19,-1.91,,,,,,,,1.0,2026/06/19,2026/06/22,5246.0,-0.21,5138.0,-2.26,5009.0,-4.72,5148.0,-2.07,5040.0,-4.13,,,,,,,,,,
Bull?,ハピネス・アンド・ディ,3174,東証ST,2026/06/19,2026/06/22,80.0,0.838,416.0,-4.15,33800.0,15.4,-7.321,下降(-1),-6.13,0.0,1.0,0.0,―,―,,425.0,2.16,30800.0,21.9,-6.737,下降(-1),-6.22,0.0,0.0,0.0,418.0,-1.65,415.0,-2.35,412.0,-3.06,412.0,-3.06,,,,,,,,,,,,,,418.0,-0.72,-1.44,-1.44,,,,,,,,1.0,2026/06/26,,,,,,,,,,,,,,,,,,,,,
Bull?,東邦ホールディングス,8129,東証PR,2026/06/19,2026/06/22,80.0,0.451,3785.0,0.66,216000.0,28.8,-24.112,下降(-1),-3.64,0.0,1.0,0.0,―,―,,3800.0,0.4,101100.0,30.2,-24.101,下降(-1),-3.82,0.0,0.0,0.0,3849.0,1.29,3892.0,2.42,3828.0,0.74,3835.0,0.92,,,,,,,,,,,,,,3849.0,1.12,-0.55,-0.36,,,,,,,,1.0,2026/06/19,2026/06/22,3800.0,0.4,3849.0,1.69,3892.0,2.83,3828.0,1.14,3835.0,1.32,,,,,,,,,,
Bear?,ニチコン,6996,東証PR,2026/06/19,2026/06/22,75.0,0.16,4635.0,-1.49,1643700.0,68.3,14.699,上昇(+1),26.93,0.0,0.0,1.0,―,―,,4505.0,-2.8,1439200.0,64.5,2.482,上昇(+1),26.82,0.0,0.0,0.0,4210.0,-6.55,4235.0,-5.99,4515.0,0.22,4300.0,-4.55,,,,,,,,,,,,,,4210.0,0.59,7.24,2.14,,,,,,,,1.0,2026/06/19,2026/06/22,4505.0,-2.8,4210.0,-9.17,4235.0,-8.63,4515.0,-2.59,4300.0,-7.23,,,,,,,,,,
Bear?,四国化成工業,4099,東証PR,2026/06/19,2026/06/22,75.0,0.429,7070.0,-1.39,220300.0,69.1,53.728,上昇(+1),9.13,0.0,0.0,0.0,―,―,,7030.0,-0.57,169900.0,67.9,52.247,上昇(+1),8.87,0.0,0.0,0.0,6790.0,-3.41,6910.0,-1.71,7290.0,3.7,7160.0,1.85,,,,,,,,,,,,,,6790.0,1.77,7.36,5.45,,,,,,,,1.0,2026/06/26,,,,,,,,,,,,,,,,,,,,,
Bull?,ミロク,7983,東証ST,2026/06/19,2026/06/22,70.0,0.246,1036.0,-0.58,2000.0,33.9,-1.135,下降(-1),-1.76,0.0,0.0,0.0,―,―,,1044.0,0.77,2500.0,38.0,-0.612,下降(-1),-1.88,0.0,0.0,0.0,1065.0,2.01,1059.0,1.44,1065.0,2.01,1055.0,1.05,,,,,,,,,,,,,,1065.0,-0.56,0.0,-0.94,,,,,,,,,,,,,,,,,,,,,,,,,,,,,,
Bull?,東洋ビジネスエンジニアリング,4828,東証PR,2026/06/19,2026/06/22,70.0,0.108,961.0,-3.42,238300.0,30.7,-1.353,下降(-1),-7.06,0.0,0.0,0.0,―,―,,978.0,1.77,275100.0,34.7,-0.633,下降(-1),-7.21,0.0,0.0,0.0,955.0,-2.35,964.0,-1.43,958.0,-2.04,975.0,-0.31,,,,,,,,,,,,,,955.0,0.94,0.31,2.09,,,,,,,,,,,,,,,,,,,,,,,,,,,,,,
Bull?,コロプラ,3668,東証PR,2026/06/19,2026/06/22,70.0,0.205,352.0,-3.56,1356200.0,30.2,-1.491,下降(-1),-3.42,0.0,0.0,0.0,Tier3,bull_div（全体）,,356.0,1.14,651300.0,33.8,-1.36,下降(-1),-3.54,0.0,1.0,0.0,350.0,-1.69,354.0,-0.56,354.0,-0.56,362.0,1.69,,,,,,,,,,,,,,350.0,1.14,1.14,3.43,,,,,,,,1.0,2026/06/22,2026/06/23,350.0,-1.69,354.0,-0.56,354.0,-0.56,362.0,1.69,,,,,,,,,,,,
Bear?,アールビバン,7523,東証ST,2026/06/19,2026/06/22,68.0,0.282,1709.0,0.0,600.0,66.0,4.674,揉み合い(0),0.19,0.0,0.0,0.0,―,―,,1666.0,-2.52,1800.0,54.1,1.515,揉み合い(0),0.27,0.0,0.0,0.0,1688.0,1.32,1675.0,0.54,1675.0,0.54,1650.0,-0.96,,,,,,,,,,,,,,1688.0,-0.77,-0.77,-2.25,,,,,,,,,,,,,,,,,,,,,,,,,,,,,,
Bear?,ベストワンドットコム,6577,東証GR,2026/06/19,2026/06/22,68.0,0.501,2082.0,0.24,2600.0,73.1,10.104,揉み合い(0),0.44,0.0,0.0,0.0,Tier2,bear_div + RSI>70,,2088.0,0.29,2800.0,73.9,9.817,上昇(+1),0.6,0.0,0.0,1.0,2097.0,0.43,2139.0,2.44,2136.0,2.3,2066.0,-1.05,,,,,,,,,,,,,,2097.0,2.0,1.86,-1.48,,,,,,,,1.0,2026/06/25,2026/06/26,2066.0,-3.28,,,,,,,,,,,,,,,,,,
Bear?,日精エー・エス・ビー機械,6284,東証PR,2026/06/19,2026/06/22,65.0,0.249,9480.0,-0.73,68100.0,61.1,35.081,上昇(+1),5.61,0.0,0.0,1.0,―,―,,9350.0,-1.37,34300.0,57.7,27.773,上昇(+1),5.2,0.0,0.0,0.0,9060.0,-3.1,9050.0,-3.21,9120.0,-2.46,9010.0,-3.64,,,,,,,,,,,,,,9060.0,-0.11,0.66,-0.55,,,,,,,,1.0,2026/06/19,2026/06/22,9350.0,-1.37,9060.0,-4.43,9050.0,-4.54,9120.0,-3.8,9010.0,-4.96,,,,,,,,,,
Bear?,雪印メグミルク,2270,東証PR,2026/06/19,2026/06/22,65.0,0.22,3650.0,-0.95,460300.0,60.3,2.395,上昇(+1),0.51,0.0,0.0,0.0,―,―,,3655.0,0.14,172700.0,60.5,1.951,上昇(+1),0.61,0.0,0.0,0.0,3705.0,1.37,3700.0,1.23,3635.0,-0.55,3685.0,0.82,,,,,,,,,,,,,,3705.0,-0.13,-1.89,-0.54,,,,,,,,,,,,,,,,,,,,,,,,,,,,,,
Bear?,ルック,8029,東証ST,2026/06/19,2026/06/22,65.0,0.511,2744.0,-0.47,15100.0,68.6,7.016,上昇(+1),1.71,0.0,0.0,0.0,―,―,,2714.0,-1.09,9700.0,60.9,4.839,上昇(+1),1.74,0.0,0.0,0.0,2723.0,0.33,2695.0,-0.7,2655.0,-2.17,2654.0,-2.21,,,,,,,,,,,,,,2723.0,-1.03,-2.5,-2.53,,,,,,,,,,,,,,,,,,,,,,,,,,,,,,
Bull?,フィスコ,3807,東証GR,2026/06/19,2026/06/22,65.0,0.645,87.0,-3.33,48000.0,24.3,-0.458,下降(-1),-5.71,0.0,0.0,0.0,―,―,,87.0,0.0,56100.0,24.3,-0.435,下降(-1),-5.71,0.0,0.0,0.0,85.0,-2.3,85.0,-2.3,84.0,-3.45,82.0,-5.75,,,,,,,,,,,,,,85.0,0.0,-1.18,-3.53,,,,,,,,1.0,2026/06/26,,,,,,,,,,,,,,,,,,,,,
Bear?,ダブルエー,7683,東証PR,2026/06/19,2026/06/22,65.0,0.184,1426.0,1.49,34100.0,63.1,0.52,上昇(+1),1.51,0.0,0.0,0.0,Tier3,bear_div（全体）,,1415.0,-0.77,23900.0,57.2,0.423,上昇(+1),1.48,0.0,0.0,1.0,1420.0,0.35,1415.0,0.0,1425.0,0.71,1422.0,0.49,,,,,,,,,,,,,,1420.0,-0.35,0.35,0.14,,,,,,,,1.0,2026/06/22,2026/06/23,1420.0,0.35,1415.0,0.0,1425.0,0.71,1422.0,0.49,,,,,,,,,,,,
Bull?,バンダイナムコホールディングス,7832,東証PR,2026/06/19,2026/06/22,60.0,0.281,3591.0,-1.1,3010600.0,40.8,-5.144,下降(-1),-2.64,0.0,0.0,0.0,―,―,,3644.0,1.48,1550700.0,46.2,-1.608,下降(-1),-2.72,0.0,0.0,0.0,3665.0,0.58,3673.0,0.8,3731.0,2.39,3698.0,1.48,,,,,,,,,,,,,,3665.0,0.22,1.8,0.9,,,,,,,,,,,,,,,,,,,,,,,,,,,,,,
Bear?,東京自働機械製作所,6360,東証ST,2026/06/19,2026/06/22,55.0,0.861,4440.0,0.91,800.0,67.9,8.415,上昇(+1),1.98,0.0,0.0,0.0,―,―,,4415.0,-0.56,800.0,64.9,6.415,上昇(+1),2.09,0.0,0.0,0.0,4470.0,1.25,4465.0,1.13,4450.0,0.79,4450.0,0.79,,,,,,,,,,,,,,4470.0,-0.11,-0.45,-0.45,,,,,,,,,,,,,,,,,,,,,,,,,,,,,,
Bull?,システムサポート,4396,東証PR,2026/06/19,2026/06/22,55.0,0.791,943.0,-1.05,99800.0,33.0,-1.468,下降(-1),-6.95,0.0,1.0,0.0,―,―,,957.0,1.48,66900.0,38.0,-0.4,下降(-1),-6.93,0.0,0.0,0.0,952.0,-0.52,943.0,-1.46,945.0,-1.25,956.0,-0.1,,,,,,,,,,,,,,952.0,-0.95,-0.74,0.42,,,,,,,,1.0,2026/06/19,2026/06/22,957.0,1.48,952.0,0.95,943.0,0.0,945.0,0.21,956.0,1.38,,,,,,,,,,
Bull?,チームスピリット,4397,東証GR,2026/06/19,2026/06/22,55.0,0.352,352.0,-0.85,39700.0,35.0,-0.621,下降(-1),-5.08,0.0,1.0,0.0,―,―,,357.0,1.42,161100.0,39.6,-0.211,下降(-1),-4.91,0.0,0.0,0.0,363.0,1.68,357.0,0.0,356.0,-0.28,350.0,-1.96,,,,,,,,,,,,,,363.0,-1.65,-1.93,-3.58,,,,,,,,1.0,2026/06/19,2026/06/22,357.0,1.42,363.0,3.12,357.0,1.42,356.0,1.14,350.0,-0.57,,,,,,,,,,
Bear?,アネスト岩田,6381,東証PR,2026/06/19,2026/06/22,55.0,0.94,1697.0,1.56,91200.0,65.6,8.915,下降(-1),-1.68,1.0,0.0,1.0,―,―,,1678.0,-1.12,81400.0,59.8,8.64,下降(-1),-1.72,0.0,0.0,0.0,1647.0,-1.85,1665.0,-0.77,1684.0,0.36,1683.0,0.3,,,,,,,,,,,,,,1647.0,1.09,2.25,2.19,,,,,,,,1.0,2026/06/19,2026/06/22,1678.0,-1.12,1647.0,-2.95,1665.0,-1.89,1684.0,-0.77,1683.0,-0.82,,,,,,,,,,
Bull?,エヌアイデイ,2349,東証ST,2026/06/19,2026/06/22,53.0,0.651,2259.0,-2.12,14400.0,40.0,-7.221,揉み合い(0),-0.15,0.0,1.0,0.0,―,―,,2276.0,0.75,3200.0,42.4,-7.218,揉み合い(0),-0.24,0.0,0.0,0.0,2278.0,0.09,2333.0,2.5,2294.0,0.79,2304.0,1.23,,,,,,,,,,,,,,2278.0,2.41,0.7,1.14,,,,,,,,1.0,2026/06/19,2026/06/22,2276.0,0.75,2278.0,0.84,2333.0,3.28,2294.0,1.55,2304.0,1.99,,,,,,,,,,
Bull?,エムティーアイ,9438,東証PR,2026/06/19,2026/06/22,45.0,0.211,557.0,-1.42,29300.0,40.6,-0.236,下降(-1),-5.69,0.0,0.0,0.0,―,―,,559.0,0.36,23700.0,41.8,-0.184,下降(-1),-5.65,0.0,0.0,0.0,543.0,-2.86,531.0,-5.01,530.0,-5.19,538.0,-3.76,,,,,,,,,,,,,,543.0,-2.21,-2.39,-0.92,,,,,,,,,,,,,,,,,,,,,,,,,,,,,,
Bull?,不二ラテックス,5199,東証ST,2026/06/19,2026/06/22,45.0,0.76,1886.0,-0.42,700.0,35.0,-3.583,下降(-1),-1.2,0.0,0.0,0.0,―,―,,1926.0,2.12,500.0,47.3,-1.449,下降(-1),-1.27,0.0,0.0,0.0,1892.0,-1.77,1914.0,-0.62,1921.0,-0.26,1916.0,-0.52,,,,,,,,,,,,,,1892.0,1.16,1.53,1.27,,,,,,,,,,,,,,,,,,,,,,,,,,,,,,
Bull?,バッファロー,3352,東証ST,2026/06/19,2026/06/22,45.0,0.788,1660.0,0.42,1000.0,46.3,-2.719,下降(-1),-0.88,0.0,0.0,0.0,―,―,,1698.0,2.29,400.0,53.1,-0.497,下降(-1),-1.08,0.0,0.0,0.0,1698.0,0.0,1691.0,-0.41,1658.0,-2.36,,,,,,,,,,,,,,,,1698.0,-0.41,-2.36,,,,,,,,,,,,,,,,,,,,,,,,,,,,,,,
Bull?,アミタホールディングス,2195,東証GR,2026/06/19,2026/06/22,40.0,0.095,331.0,-2.07,45800.0,31.8,-0.611,上昇(+1),0.6,0.0,0.0,0.0,―,―,,337.0,1.81,25700.0,34.6,-0.071,揉み合い(0),0.49,0.0,0.0,0.0,330.0,-2.08,325.0,-3.56,330.0,-2.08,316.0,-6.23,,,,,,,,,,,,,,330.0,-1.52,0.0,-4.24,,,,,,,,,,,,,,,,,,,,,,,,,,,,,,
Bear?,アールプランナー,2983,東証GR,2026/06/19,2026/06/22,40.0,0.697,1431.0,0.63,31000.0,48.9,5.362,下降(-1),-8.98,0.0,0.0,0.0,―,―,,1412.0,-1.33,15300.0,46.7,4.774,下降(-1),-9.38,0.0,0.0,0.0,1410.0,-0.14,1425.0,0.92,1398.0,-0.99,1430.0,1.27,,,,,,,,,,,,,,1410.0,1.06,-0.85,1.42,,,,,,,,,,,,,,,,,,,,,,,,,,,,,,
Bull?,ＶＡＬＵＥＮＥＸ,4422,東証GR,2026/06/19,2026/06/22,30.0,0.166,589.0,-6.06,111100.0,37.8,-9.946,上昇(+1),13.09,0.0,1.0,0.0,―,―,,609.0,3.4,82900.0,39.8,-8.524,上昇(+1),12.5,0.0,0.0,0.0,575.0,-5.58,554.0,-9.03,567.0,-6.9,568.0,-6.73,,,,,,,,,,,,,,575.0,-3.65,-1.39,-1.22,,,,,,,,1.0,2026/06/25,2026/06/26,568.0,0.18,,,,,,,,,,,,,,,,,,
Bear?,中部飼料,2053,東証PR,2026/06/19,2026/06/22,30.0,0.829,1837.0,0.44,53100.0,61.0,9.785,下降(-1),-2.26,0.0,0.0,0.0,―,―,,1824.0,-0.71,98300.0,58.8,9.309,下降(-1),-2.38,0.0,0.0,0.0,1825.0,0.05,1839.0,0.82,1861.0,2.03,1824.0,0.0,,,,,,,,,,,,,,1825.0,0.77,1.97,-0.05,,,,,,,,,,,,,,,,,,,,,,,,,,,,,,
Bear?,三井松島産業,1518,東証PR,2026/06/19,2026/06/22,30.0,0.979,1496.0,1.08,199600.0,62.1,5.805,下降(-1),-0.86,0.0,0.0,0.0,―,―,,1493.0,-0.2,131700.0,61.4,5.276,下降(-1),-0.87,0.0,0.0,0.0,1485.0,-0.54,1489.0,-0.27,1504.0,0.74,1498.0,0.33,,,,,,,,,,,,,,1485.0,0.27,1.28,0.88,,,,,,,,,,,,,,,,,,,,,,,,,,,,,,
日経,日経平均株価,0001,指数,2026/06/22,2026/06/23,,,72353.96,1.55,,66.7,423.463,1.0,1.41,,,,,,,69788.38,-3.55,,53.9,264.003,1.0,1.44,,,,69174.97,-0.88,72366.34,3.69,69360.88,-0.61,,,,,,,,,,,,,,,,,,,,,,,,,,,,,,,,,,,,,,,,,,,,,,,,,
Bear?,ヒロセ電機,6806,東証PR,2026/06/22,2026/06/23,100.0,0.366,31350.0,5.8,242800.0,76.0,162.173,上昇(+1),8.71,1.0,0.0,1.0,―,―,,29740.0,-5.14,204500.0,63.7,117.244,上昇(+1),8.63,0.0,0.0,0.0,28850.0,-2.99,30250.0,1.71,29660.0,-0.27,,,,,,,,,,,,,,,,28850.0,4.85,2.81,,,,,,,,,1.0,2026/06/22,2026/06/23,29740.0,-5.14,28850.0,-7.97,30250.0,-3.51,29660.0,-5.39,,,,,,,,,,,,
Bear?,カネカ,4118,東証PR,2026/06/22,2026/06/23,100.0,0.362,5855.0,2.18,353300.0,70.7,17.113,上昇(+1),2.91,1.0,0.0,1.0,―,―,,5710.0,-2.48,248200.0,60.5,8.297,上昇(+1),2.89,0.0,0.0,0.0,5680.0,-0.53,5763.0,0.93,5775.0,1.14,,,,,,,,,,,,,,,,5680.0,1.46,1.67,,,,,,,,,1.0,2026/06/22,2026/06/23,5710.0,-2.48,5680.0,-2.99,5763.0,-1.57,5775.0,-1.37,,,,,,,,,,,,
Bear?,扶桑化学工業,4368,東証PR,2026/06/22,2026/06/23,100.0,0.361,4895.0,6.64,926300.0,70.7,44.924,上昇(+1),11.66,1.0,0.0,1.0,―,―,,4590.0,-6.23,714200.0,61.0,44.301,上昇(+1),11.24,0.0,0.0,0.0,4560.0,-0.65,4815.0,4.9,4640.0,1.09,,,,,,,,,,,,,,,,4560.0,5.59,1.75,,,,,,,,,1.0,2026/06/22,2026/06/23,4590.0,-6.23,4560.0,-6.84,4815.0,-1.63,4640.0,-5.21,,,,,,,,,,,,
Bear?,帝国繊維,3302,東証PR,2026/06/22,2026/06/23,100.0,0.18,3475.0,2.06,106200.0,70.1,9.846,上昇(+1),1.9,1.0,0.0,1.0,―,―,,3360.0,-3.31,56700.0,58.7,4.892,上昇(+1),2.05,0.0,0.0,0.0,3375.0,0.45,3380.0,0.6,3325.0,-1.04,,,,,,,,,,,,,,,,3375.0,0.15,-1.48,,,,,,,,,1.0,2026/06/22,2026/06/23,3360.0,-3.31,3375.0,-2.88,3380.0,-2.73,3325.0,-4.32,,,,,,,,,,,,
Bear?,アドテック　プラズマ　テクノロジー,6668,東証ST,2026/06/22,2026/06/23,90.0,0.681,3905.0,3.72,134300.0,72.6,64.801,上昇(+1),15.51,1.0,0.0,1.0,―,―,,3640.0,-6.79,67000.0,62.7,60.619,上昇(+1),15.47,0.0,0.0,0.0,3810.0,4.67,4295.0,17.99,4180.0,14.84,,,,,,,,,,,,,,,,3810.0,12.73,9.71,,,,,,,,,,,,,,,,,,,,,,,,,,,,,,,
Bear?,ムーンバット,8115,東証ST,2026/06/22,2026/06/23,90.0,0.614,1811.0,3.78,12900.0,77.5,8.487,上昇(+1),4.48,1.0,0.0,1.0,―,―,,1787.0,-1.33,11900.0,71.5,8.292,上昇(+1),4.62,0.0,0.0,0.0,1841.0,3.02,1768.0,-1.06,1749.0,-2.13,,,,,,,,,,,,,,,,1841.0,-3.97,-5.0,,,,,,,,,1.0,2026/06/24,2026/06/25,1768.0,-3.97,1749.0,-5.0,,,,,,,,,,,,,,,,
Bear?,ハーモニック・ドライブ・システムズ,6324,東証ST,2026/06/22,2026/06/23,90.0,0.318,8710.0,12.1,2503800.0,69.3,76.882,上昇(+1),20.27,1.0,0.0,1.0,―,―,,7700.0,-11.6,2282200.0,56.4,51.583,上昇(+1),19.59,0.0,0.0,0.0,7830.0,1.69,7900.0,2.6,7100.0,-7.79,,,,,,,,,,,,,,,,7830.0,0.89,-9.32,,,,,,,,,1.0,2026/06/22,2026/06/23,7700.0,-11.6,7830.0,-10.1,7900.0,-9.3,7100.0,-18.48,,,,,,,,,,,,
Bear?,三菱製鋼,5632,東証PR,2026/06/22,2026/06/23,90.0,0.546,2425.0,4.03,125100.0,74.6,20.401,上昇(+1),2.75,1.0,0.0,0.0,Tier3,bear_div（全体）,,2258.0,-6.89,153500.0,58.1,14.055,上昇(+1),2.77,0.0,0.0,1.0,2215.0,-1.9,2217.0,-1.82,2177.0,-3.59,,,,,,,,,,,,,,,,2215.0,0.09,-1.72,,,,,,,,,1.0,2026/06/23,2026/06/24,2215.0,-1.9,2217.0,-1.82,2177.0,-3.59,,,,,,,,,,,,,,
Bear?,不二越,6474,東証PR,2026/06/22,2026/06/23,90.0,0.348,6210.0,2.64,141000.0,67.1,31.164,上昇(+1),3.6,1.0,0.0,1.0,―,―,,6000.0,-3.38,96500.0,58.4,24.47,上昇(+1),3.52,0.0,0.0,0.0,6000.0,0.0,6120.0,2.0,5960.0,-0.67,,,,,,,,,,,,,,,,6000.0,2.0,-0.67,,,,,,,,,1.0,2026/06/22,2026/06/23,6000.0,-3.38,6000.0,-3.38,6120.0,-1.45,5960.0,-4.03,,,,,,,,,,,,
Bear?,ＫＯＡ,6999,東証PR,2026/06/22,2026/06/23,85.0,0.111,3070.0,4.78,659000.0,70.5,7.705,上昇(+1),15.3,0.0,0.0,1.0,―,―,,2908.0,-5.28,564900.0,61.7,1.431,上昇(+1),15.39,0.0,0.0,0.0,2883.0,-0.86,3035.0,4.37,2929.0,0.72,,,,,,,,,,,,,,,,2883.0,5.27,1.6,,,,,,,,,1.0,2026/06/22,2026/06/23,2908.0,-5.28,2883.0,-6.09,3035.0,-1.14,2929.0,-4.59,,,,,,,,,,,,
Bear?,ウシオ電機,6925,東証PR,2026/06/22,2026/06/23,85.0,0.449,4765.0,2.89,402800.0,71.7,41.262,上昇(+1),10.41,0.0,0.0,1.0,―,―,,4540.0,-4.72,368600.0,62.0,29.222,上昇(+1),10.37,0.0,0.0,0.0,4399.0,-3.11,4508.0,-0.7,4361.0,-3.94,,,,,,,,,,,,,,,,4399.0,2.48,-0.86,,,,,,,,,1.0,2026/06/22,2026/06/23,4540.0,-4.72,4399.0,-7.68,4508.0,-5.39,4361.0,-8.48,,,,,,,,,,,,
Bear?,京写,6837,東証ST,2026/06/22,2026/06/23,85.0,0.095,387.0,1.04,139500.0,71.0,0.822,上昇(+1),5.54,0.0,0.0,0.0,―,―,,383.0,-1.03,88900.0,67.9,0.668,上昇(+1),5.8,0.0,0.0,0.0,370.0,-3.39,392.0,2.35,375.0,-2.09,,,,,,,,,,,,,,,,370.0,5.95,1.35,,,,,,,,,,,,,,,,,,,,,,,,,,,,,,,
Bear?,村田製作所,6981,東証PR,2026/06/22,2026/06/23,85.0,0.451,12250.0,4.26,26689000.0,73.6,154.382,上昇(+1),38.84,0.0,0.0,1.0,―,―,,11005.0,-10.16,27617500.0,61.8,82.293,上昇(+1),38.96,0.0,0.0,0.0,11030.0,0.23,11825.0,7.45,10770.0,-2.14,,,,,,,,,,,,,,,,11030.0,7.21,-2.36,,,,,,,,,1.0,2026/06/22,2026/06/23,11005.0,-10.16,11030.0,-9.96,11825.0,-3.47,10770.0,-12.08,,,,,,,,,,,,
Bear?,大気社,1979,東証PR,2026/06/22,2026/06/23,85.0,0.077,4845.0,0.73,176800.0,75.0,6.737,上昇(+1),5.92,0.0,0.0,0.0,Tier2,bear_div + RSI>70,,4820.0,-0.52,252700.0,73.0,5.661,上昇(+1),5.93,0.0,0.0,1.0,4870.0,1.04,4935.0,2.39,4950.0,2.7,,,,,,,,,,,,,,,,4870.0,1.33,1.64,,,,,,,,,1.0,2026/06/26,,,,,,,,,,,,,,,,,,,,,
Bear?,デクセリアルズ,4980,東証PR,2026/06/22,2026/06/23,85.0,0.199,4931.0,1.48,1976600.0,70.7,32.466,上昇(+1),17.62,0.0,0.0,1.0,―,―,,4847.0,-1.7,2340200.0,67.9,31.104,上昇(+1),17.96,0.0,0.0,0.0,4970.0,2.54,5021.0,3.59,4407.0,-9.08,,,,,,,,,,,,,,,,4970.0,1.03,-11.33,,,,,,,,,1.0,2026/06/24,2026/06/25,5021.0,1.03,4407.0,-11.33,,,,,,,,,,,,,,,,
Bear?,アドバネクス,5998,東証ST,2026/06/22,2026/06/23,85.0,0.151,3235.0,-0.31,18600.0,70.8,15.896,上昇(+1),11.12,0.0,0.0,0.0,―,―,,3120.0,-3.55,31500.0,65.2,13.257,上昇(+1),11.29,0.0,0.0,0.0,3020.0,-3.21,3110.0,-0.32,3050.0,-2.24,,,,,,,,,,,,,,,,3020.0,2.98,0.99,,,,,,,,,,,,,,,,,,,,,,,,,,,,,,,
Bear?,日本エム・ディ・エム,7600,東証PR,2026/06/22,2026/06/23,85.0,0.175,919.0,0.11,320600.0,71.4,5.571,上昇(+1),13.84,0.0,0.0,0.0,―,―,,911.0,-0.87,303100.0,69.6,4.62,上昇(+1),13.55,0.0,0.0,0.0,905.0,-0.66,928.0,1.87,916.0,0.55,,,,,,,,,,,,,,,,905.0,2.54,1.22,,,,,,,,,,,,,,,,,,,,,,,,,,,,,,,
Bull?,コパ・コーポレーション,7689,東証GR,2026/06/22,2026/06/23,80.0,0.906,305.0,-0.33,4200.0,13.1,-5.731,下降(-1),-5.09,0.0,0.0,0.0,Tier2,bull_div + RSI<30,,301.0,-1.31,18700.0,12.5,-5.696,下降(-1),-5.59,0.0,1.0,0.0,300.0,-0.33,312.0,3.65,295.0,-1.99,,,,,,,,,,,,,,,,300.0,4.0,-1.67,,,,,,,,,1.0,2026/06/26,,,,,,,,,,,,,,,,,,,,,
Bull?,マックスバリュ東海,8198,東証ST,2026/06/22,2026/06/23,80.0,0.35,3120.0,-1.73,30300.0,28.6,-7.486,下降(-1),-4.21,0.0,1.0,0.0,―,―,,3170.0,1.6,15100.0,36.4,-4.768,下降(-1),-4.27,0.0,0.0,0.0,3195.0,0.79,3160.0,-0.32,3190.0,0.63,,,,,,,,,,,,,,,,3195.0,-1.1,-0.16,,,,,,,,,1.0,2026/06/22,2026/06/23,3170.0,1.6,3195.0,2.4,3160.0,1.28,3190.0,2.24,,,,,,,,,,,,
Bull?,ミニストップ,9946,東証PR,2026/06/22,2026/06/23,80.0,0.594,1738.0,-0.69,78700.0,29.0,-7.249,下降(-1),-2.78,0.0,1.0,0.0,―,―,,1756.0,1.04,50700.0,34.9,-7.199,下降(-1),-2.69,0.0,0.0,0.0,1787.0,1.77,1778.0,1.25,1803.0,2.68,,,,,,,,,,,,,,,,1787.0,-0.5,0.9,,,,,,,,,1.0,2026/06/22,2026/06/23,1756.0,1.04,1787.0,2.82,1778.0,2.3,1803.0,3.74,,,,,,,,,,,,
Bear?,フェローテック,6890,東証ST,2026/06/22,2026/06/23,80.0,0.995,11590.0,10.7,1397000.0,75.1,265.561,上昇(+1),10.6,1.0,0.0,1.0,―,―,,10590.0,-8.63,1074700.0,62.8,240.855,上昇(+1),10.8,0.0,0.0,0.0,9800.0,-7.46,10260.0,-3.12,9460.0,-10.67,,,,,,,,,,,,,,,,9800.0,4.69,-3.47,,,,,,,,,1.0,2026/06/22,2026/06/23,10590.0,-8.63,9800.0,-15.44,10260.0,-11.48,9460.0,-18.38,,,,,,,,,,,,
Bear?,澁谷工業,6340,東証PR,2026/06/22,2026/06/23,75.0,0.266,4310.0,1.65,45400.0,68.0,11.532,上昇(+1),3.09,0.0,0.0,1.0,―,―,,4235.0,-1.74,34700.0,62.8,8.599,上昇(+1),3.22,0.0,0.0,0.0,4275.0,0.94,4380.0,3.42,4455.0,5.19,,,,,,,,,,,,,,,,4275.0,2.46,4.21,,,,,,,,,1.0,2026/06/26,,,,,,,,,,,,,,,,,,,,,
Bear?,日機装,6376,東証PR,2026/06/22,2026/06/23,75.0,0.614,4090.0,5.41,379600.0,78.5,45.526,上昇(+1),14.06,0.0,0.0,0.0,Tier2,bear_div + RSI>70,,4025.0,-1.59,560200.0,74.4,41.078,上昇(+1),13.91,0.0,0.0,1.0,4030.0,0.12,4160.0,3.35,4230.0,5.09,,,,,,,,,,,,,,,,4030.0,3.23,4.96,,,,,,,,,1.0,2026/06/26,,,,,,,,,,,,,,,,,,,,,
Bear?,日本特殊陶業,5334,東証PR,2026/06/22,2026/06/23,75.0,0.298,10920.0,0.92,717000.0,69.7,38.081,上昇(+1),9.99,0.0,0.0,0.0,―,―,,10625.0,-2.7,662400.0,61.8,18.544,上昇(+1),9.97,0.0,0.0,0.0,10630.0,0.05,10860.0,2.21,10845.0,2.07,,,,,,,,,,,,,,,,10630.0,2.16,2.02,,,,,,,,,,,,,,,,,,,,,,,,,,,,,,,
Bear?,ニッパツ,5991,東証PR,2026/06/22,2026/06/23,75.0,0.163,4243.0,3.92,1446600.0,67.5,15.084,上昇(+1),7.52,0.0,0.0,0.0,―,―,,4054.0,-4.45,1237500.0,60.4,7.53,上昇(+1),7.78,0.0,0.0,0.0,3939.0,-2.84,4012.0,-1.04,3974.0,-1.97,,,,,,,,,,,,,,,,3939.0,1.85,0.89,,,,,,,,,,,,,,,,,,,,,,,,,,,,,,,
Bear?,堀場製作所,6856,東証PR,2026/06/22,2026/06/23,75.0,0.589,28735.0,0.37,135900.0,71.8,201.233,上昇(+1),8.87,0.0,0.0,0.0,―,―,,27730.0,-3.5,198400.0,62.2,139.474,上昇(+1),8.84,0.0,0.0,0.0,27425.0,-1.1,28580.0,3.07,28130.0,1.44,,,,,,,,,,,,,,,,27425.0,4.21,2.57,,,,,,,,,,,,,,,,,,,,,,,,,,,,,,,
Bear?,カシオ計算機,6952,東証PR,2026/06/22,2026/06/23,75.0,0.281,1890.0,-0.84,832200.0,65.6,5.677,上昇(+1),3.81,0.0,0.0,0.0,―,―,,1866.0,-1.27,928400.0,61.5,3.654,上昇(+1),3.94,0.0,0.0,0.0,1847.5,-0.99,1933.5,3.62,1990.5,6.67,,,,,,,,,,,,,,,,1847.5,4.65,7.74,,,,,,,,,1.0,2026/06/26,,,,,,,,,,,,,,,,,,,,,
Bear?,山陰合同銀行,8381,東証PR,2026/06/22,2026/06/23,75.0,0.267,2214.0,1.28,460600.0,66.5,2.345,上昇(+1),6.09,0.0,0.0,0.0,Tier3,bear_div（全体）,,2206.0,-0.36,428300.0,65.1,1.713,上昇(+1),6.07,0.0,0.0,1.0,2169.0,-1.68,2216.0,0.45,2227.0,0.95,,,,,,,,,,,,,,,,2169.0,2.17,2.67,,,,,,,,,1.0,2026/06/23,2026/06/24,2169.0,-1.68,2216.0,0.45,2227.0,0.95,,,,,,,,,,,,,,
Bear?,日本ケミコン,6997,東証PR,2026/06/22,2026/06/23,75.0,0.282,5810.0,2.47,1595400.0,69.8,55.416,上昇(+1),42.25,0.0,0.0,1.0,―,―,,5340.0,-8.09,1038900.0,61.5,32.898,上昇(+1),42.17,0.0,0.0,0.0,5360.0,0.37,5980.0,11.99,5590.0,4.68,,,,,,,,,,,,,,,,5360.0,11.57,4.29,,,,,,,,,1.0,2026/06/22,2026/06/23,5340.0,-8.09,5360.0,-7.75,5980.0,2.93,5590.0,-3.79,,,,,,,,,,,,
Bear?,住友ベークライト,4203,東証PR,2026/06/22,2026/06/23,75.0,0.61,7721.0,0.14,608000.0,75.1,99.214,上昇(+1),5.09,0.0,0.0,0.0,―,―,,7393.0,-4.25,647800.0,64.9,85.36,上昇(+1),5.15,0.0,0.0,0.0,7279.0,-1.54,7592.0,2.69,7616.0,3.02,,,,,,,,,,,,,,,,7279.0,4.3,4.63,,,,,,,,,,,,,,,,,,,,,,,,,,,,,,,
Bear?,イワキ,6237,東証PR,2026/06/22,2026/06/23,75.0,0.637,3690.0,3.65,53800.0,73.8,37.225,上昇(+1),4.63,0.0,0.0,0.0,Tier3,bear_div（全体）,,3530.0,-4.34,48500.0,63.8,34.62,上昇(+1),4.67,0.0,0.0,1.0,3485.0,-1.27,3580.0,1.42,3585.0,1.56,,,,,,,,,,,,,,,,3485.0,2.73,2.87,,,,,,,,,1.0,2026/06/23,2026/06/24,3485.0,-1.27,3580.0,1.42,3585.0,1.56,,,,,,,,,,,,,,
Bear?,富士機械製造,6134,東証PR,2026/06/22,2026/06/23,75.0,0.14,8511.0,1.58,667100.0,67.0,22.388,上昇(+1),14.14,0.0,0.0,1.0,―,―,,8142.0,-4.34,637700.0,58.0,1.717,上昇(+1),13.52,0.0,0.0,0.0,8150.0,0.1,8463.0,3.94,7991.0,-1.85,,,,,,,,,,,,,,,,8150.0,3.84,-1.95,,,,,,,,,1.0,2026/06/22,2026/06/23,8142.0,-4.34,8150.0,-4.24,8463.0,-0.56,7991.0,-6.11,,,,,,,,,,,,
Bear?,タクマ,6013,東証PR,2026/06/22,2026/06/23,75.0,0.254,3680.0,0.82,196000.0,69.9,13.846,上昇(+1),6.43,0.0,0.0,0.0,―,―,,3650.0,-0.82,358300.0,67.3,10.365,上昇(+1),6.31,0.0,0.0,0.0,3660.0,0.27,3715.0,1.78,3650.0,0.0,,,,,,,,,,,,,,,,3660.0,1.5,-0.27,,,,,,,,,1.0,2026/06/25,2026/06/26,3650.0,-1.75,,,,,,,,,,,,,,,,,,
Bear?,ＯＳＧ,6136,東証PR,2026/06/22,2026/06/23,75.0,0.564,3737.0,2.08,276200.0,70.3,25.822,上昇(+1),6.3,0.0,0.0,0.0,Tier3,bear_div（全体）,,3644.0,-2.49,462100.0,62.7,22.737,上昇(+1),6.26,0.0,0.0,1.0,3593.0,-1.4,3648.0,0.11,3628.0,-0.44,,,,,,,,,,,,,,,,3593.0,1.53,0.97,,,,,,,,,1.0,2026/06/23,2026/06/24,3593.0,-1.4,3648.0,0.11,3628.0,-0.44,,,,,,,,,,,,,,
Bear?,第一工業製薬,4461,東証PR,2026/06/22,2026/06/23,68.0,0.588,13200.0,5.01,107900.0,70.5,163.617,揉み合い(0),0.19,0.0,0.0,1.0,―,―,,12500.0,-5.3,130900.0,62.5,130.928,揉み合い(0),0.26,0.0,0.0,0.0,12010.0,-3.92,12760.0,2.08,12510.0,0.08,,,,,,,,,,,,,,,,12010.0,6.24,4.16,,,,,,,,,1.0,2026/06/22,2026/06/23,12500.0,-5.3,12010.0,-9.02,12760.0,-3.33,12510.0,-5.23,,,,,,,,,,,,
Bear?,北川精機,6327,東証ST,2026/06/22,2026/06/23,65.0,0.674,6190.0,19.27,920600.0,66.4,186.052,上昇(+1),44.11,0.0,0.0,0.0,―,―,,5750.0,-7.11,1804700.0,62.1,180.094,上昇(+1),44.27,0.0,0.0,0.0,5680.0,-1.22,6610.0,14.96,6300.0,9.57,,,,,,,,,,,,,,,,5680.0,16.37,10.92,,,,,,,,,1.0,2026/06/26,,,,,,,,,,,,,,,,,,,,,
Bear?,ジーエス・ユアサ　コーポレーション,6674,東証PR,2026/06/22,2026/06/23,65.0,0.515,7517.0,7.14,1647300.0,65.4,50.995,上昇(+1),10.16,0.0,0.0,1.0,―,―,,7088.0,-5.71,669600.0,56.9,50.658,上昇(+1),9.96,0.0,0.0,0.0,7193.0,1.48,7129.0,0.58,6766.0,-4.54,,,,,,,,,,,,,,,,7193.0,-0.89,-5.94,,,,,,,,,1.0,2026/06/22,2026/06/23,7088.0,-5.71,7193.0,-4.31,7129.0,-5.16,6766.0,-9.99,,,,,,,,,,,,
Bear?,日本ファルコム,3723,東証GR,2026/06/22,2026/06/23,65.0,0.407,2499.0,0.77,5000.0,64.7,16.149,上昇(+1),3.95,0.0,0.0,0.0,―,―,,2484.0,-0.6,6400.0,62.7,14.115,上昇(+1),3.57,0.0,0.0,0.0,2496.0,0.48,2596.0,4.51,2648.0,6.6,,,,,,,,,,,,,,,,2496.0,4.01,6.09,,,,,,,,,1.0,2026/06/26,,,,,,,,,,,,,,,,,,,,,
Bear?,シャノン,3976,東証GR,2026/06/22,2026/06/23,65.0,0.467,551.0,-3.33,101300.0,64.9,5.709,上昇(+1),7.98,0.0,0.0,1.0,―,―,,528.0,-4.17,75300.0,59.0,3.97,上昇(+1),7.84,0.0,0.0,0.0,544.0,3.03,527.0,-0.19,560.0,6.06,,,,,,,,,,,,,,,,544.0,-3.12,2.94,,,,,,,,,1.0,2026/06/22,2026/06/23,528.0,-4.17,544.0,-1.27,527.0,-4.36,560.0,1.63,,,,,,,,,,,,
Bear?,三越伊勢丹ホールディングス,3099,東証PR,2026/06/22,2026/06/23,65.0,0.775,3959.0,2.27,2304800.0,74.0,28.09,上昇(+1),5.64,0.0,0.0,0.0,Tier3,bear_div（全体）,,3907.0,-1.31,2039400.0,69.9,24.475,上昇(+1),5.69,0.0,0.0,1.0,4019.0,2.87,4132.0,5.76,4119.0,5.43,,,,,,,,,,,,,,,,4019.0,2.81,2.49,,,,,,,,,1.0,2026/06/25,2026/06/26,4119.0,-0.31,,,,,,,,,,,,,,,,,,
Bear?,三井住友トラスト・ＨＤ,8309,東証PR,2026/06/22,2026/06/23,65.0,0.694,6213.0,2.47,2043100.0,67.4,24.98,上昇(+1),1.94,0.0,0.0,1.0,―,―,,6053.0,-2.58,3168400.0,59.2,14.308,上昇(+1),2.0,0.0,0.0,0.0,5889.0,-2.71,5979.0,-1.22,5972.0,-1.34,,,,,,,,,,,,,,,,5889.0,1.53,1.41,,,,,,,,,1.0,2026/06/22,2026/06/23,6053.0,-2.58,5889.0,-5.21,5979.0,-3.77,5972.0,-3.88,,,,,,,,,,,,
Bear?,扶桑電通,7505,東証ST,2026/06/22,2026/06/23,65.0,0.071,2129.0,0.47,4800.0,60.9,2.165,上昇(+1),0.53,0.0,0.0,1.0,―,―,,2092.0,-1.74,6600.0,55.5,0.563,揉み合い(0),0.47,0.0,0.0,0.0,2066.0,-1.24,2120.0,1.34,2102.0,0.48,,,,,,,,,,,,,,,,2066.0,2.61,1.74,,,,,,,,,1.0,2026/06/22,2026/06/23,2092.0,-1.74,2066.0,-2.96,2120.0,-0.42,2102.0,-1.27,,,,,,,,,,,,
Bear?,河合楽器製作所,7952,東証PR,2026/06/22,2026/06/23,65.0,0.443,3340.0,1.37,10200.0,64.2,14.235,上昇(+1),2.6,0.0,0.0,0.0,―,―,,3275.0,-1.95,19500.0,58.9,11.482,上昇(+1),2.64,0.0,0.0,0.0,3265.0,-0.31,3350.0,2.29,3320.0,1.37,,,,,,,,,,,,,,,,3265.0,2.6,1.68,,,,,,,,,,,,,,,,,,,,,,,,,,,,,,,
Bear?,セイコーホールディングス,8050,東証PR,2026/06/22,2026/06/23,65.0,0.544,7790.0,3.32,287600.0,65.8,57.499,上昇(+1),9.07,0.0,0.0,0.0,Tier3,bear_div（全体）,,7490.0,-3.85,232600.0,58.8,38.656,上昇(+1),8.55,0.0,0.0,1.0,7600.0,1.47,8140.0,8.68,7860.0,4.94,,,,,,,,,,,,,,,,7600.0,7.11,3.42,,,,,,,,,1.0,2026/06/25,2026/06/26,7860.0,-3.44,,,,,,,,,,,,,,,,,,
Bear?,キリンホールディングス,2503,東証PR,2026/06/22,2026/06/23,65.0,0.323,2811.0,1.41,2963000.0,64.4,10.111,上昇(+1),1.58,0.0,0.0,1.0,―,―,,2784.0,-0.96,2604300.0,60.6,9.095,上昇(+1),1.44,0.0,0.0,0.0,2785.0,0.04,2815.5,1.13,2860.5,2.75,,,,,,,,,,,,,,,,2785.0,1.1,2.71,,,,,,,,,1.0,2026/06/26,,,,,,,,,,,,,,,,,,,,,
Bear?,三菱化工機,6331,東証PR,2026/06/22,2026/06/23,65.0,0.695,4145.0,3.75,163600.0,67.6,43.912,上昇(+1),0.94,0.0,0.0,0.0,Tier3,bear_div（全体）,,3880.0,-6.39,166500.0,56.2,26.735,上昇(+1),0.89,0.0,0.0,1.0,3840.0,-1.03,3930.0,1.29,3830.0,-1.29,,,,,,,,,,,,,,,,3840.0,2.34,-0.26,,,,,,,,,1.0,2026/06/23,2026/06/24,3840.0,-1.03,3930.0,1.29,3830.0,-1.29,,,,,,,,,,,,,,
Bear?,日本ガイシ,5333,東証PR,2026/06/22,2026/06/23,65.0,0.908,7695.0,4.95,1737600.0,77.4,98.858,上昇(+1),13.75,0.0,0.0,0.0,Tier3,bear_div（全体）,,7424.0,-3.52,2054100.0,69.9,90.868,上昇(+1),13.75,0.0,0.0,1.0,7478.0,0.73,7853.0,5.78,7509.0,1.14,,,,,,,,,,,,,,,,7478.0,5.01,0.41,,,,,,,,,1.0,2026/06/25,2026/06/26,7509.0,-4.38,,,,,,,,,,,,,,,,,,
Bull?,トーヨーアサノ,5271,東証ST,2026/06/22,2026/06/23,65.0,0.315,2101.0,-0.47,400.0,21.5,-9.45,下降(-1),-3.09,0.0,0.0,0.0,Tier2,bull_div + RSI<30,,2111.0,0.48,1300.0,25.5,-7.99,下降(-1),-3.3,0.0,1.0,0.0,2092.0,-0.9,2104.0,-0.33,2112.0,0.05,,,,,,,,,,,,,,,,2092.0,0.57,0.96,,,,,,,,,1.0,2026/06/24,2026/06/25,2104.0,0.57,2112.0,0.96,,,,,,,,,,,,,,,,
Bull?,那須電機鉄工,5922,東証ST,2026/06/22,2026/06/23,65.0,0.106,17300.0,0.29,200.0,28.5,-13.759,下降(-1),-1.42,0.0,0.0,0.0,―,―,,17500.0,1.16,100.0,36.3,-0.384,下降(-1),-1.66,0.0,0.0,0.0,,,17430.0,-0.4,17560.0,0.34,,,,,,,,,,,,,,,,,,,,,,,,,,,,,,,,,,,,,,,,,,,,,,,,,
Bear?,内外テック,3374,東証ST,2026/06/22,2026/06/23,65.0,0.788,3540.0,-0.42,46800.0,72.8,54.687,上昇(+1),5.62,0.0,0.0,0.0,―,―,,3405.0,-3.81,37600.0,64.6,47.873,上昇(+1),5.69,0.0,0.0,0.0,3370.0,-1.03,3525.0,3.52,3390.0,-0.44,,,,,,,,,,,,,,,,3370.0,4.6,0.59,,,,,,,,,,,,,,,,,,,,,,,,,,,,,,,
Bear?,東洋インキＳＣホールディングス,4634,東証PR,2026/06/22,2026/06/23,60.0,0.998,4330.0,2.0,178500.0,63.3,17.869,上昇(+1),0.77,1.0,0.0,0.0,Tier3,bear_div（全体）,,4270.0,-1.39,150300.0,58.5,15.442,上昇(+1),0.64,0.0,0.0,1.0,4270.0,0.0,4370.0,2.34,4285.0,0.35,,,,,,,,,,,,,,,,4270.0,2.34,0.35,,,,,,,,,1.0,2026/06/25,2026/06/26,4285.0,-1.95,,,,,,,,,,,,,,,,,,
Bear?,パイロットコーポレーション,7846,東証PR,2026/06/22,2026/06/23,58.0,0.291,4970.0,0.69,63800.0,57.0,3.623,揉み合い(0),-0.04,0.0,0.0,0.0,―,―,,4932.0,-0.76,83200.0,53.4,0.974,揉み合い(0),0.03,0.0,0.0,0.0,4990.0,1.18,5114.0,3.69,5150.0,4.42,,,,,,,,,,,,,,,,4990.0,2.48,3.21,,,,,,,,,1.0,2026/06/26,,,,,,,,,,,,,,,,,,,,,
Bull?,ビズメイツ,9345,東証GR,2026/06/22,2026/06/23,55.0,0.177,538.0,-0.55,2900.0,32.7,-0.442,下降(-1),-5.51,0.0,0.0,0.0,―,―,,540.0,0.37,1500.0,34.5,-0.183,下降(-1),-5.48,0.0,0.0,0.0,546.0,1.11,550.0,1.85,551.0,2.04,,,,,,,,,,,,,,,,546.0,0.73,0.92,,,,,,,,,,,,,,,,,,,,,,,,,,,,,,,
Bull?,ピー・ビーシステムズ,4447,東証GR,2026/06/22,2026/06/23,55.0,0.136,423.0,-0.47,4700.0,33.9,-0.619,下降(-1),-3.0,0.0,0.0,0.0,―,―,,426.0,0.71,5100.0,38.1,-0.364,下降(-1),-2.99,0.0,0.0,0.0,430.0,0.94,429.0,0.7,429.0,0.7,,,,,,,,,,,,,,,,430.0,-0.23,-0.23,,,,,,,,,,,,,,,,,,,,,,,,,,,,,,,
Bear?,りそなホールディングス,8308,東証PR,2026/06/22,2026/06/23,55.0,0.533,2230.0,1.55,7169400.0,61.5,6.644,上昇(+1),2.29,0.0,0.0,0.0,―,―,,2162.0,-3.05,9423000.0,54.5,1.835,上昇(+1),2.35,0.0,0.0,0.0,2121.0,-1.9,2107.0,-2.54,2102.0,-2.78,,,,,,,,,,,,,,,,2121.0,-0.66,-0.9,,,,,,,,,,,,,,,,,,,,,,,,,,,,,,,
Bear?,三菱ガス化学,4182,東証PR,2026/06/22,2026/06/23,55.0,0.7,5665.0,4.44,1178000.0,66.6,44.04,上昇(+1),7.86,0.0,0.0,1.0,―,―,,5344.0,-5.67,1316300.0,57.1,37.283,上昇(+1),7.16,0.0,0.0,0.0,5231.0,-2.11,5273.0,-1.33,5099.0,-4.58,,,,,,,,,,,,,,,,5231.0,0.8,-2.52,,,,,,,,,1.0,2026/06/22,2026/06/23,5344.0,-5.67,5231.0,-7.66,5273.0,-6.92,5099.0,-9.99,,,,,,,,,,,,
Bear?,ワイエイシイ,6298,東証PR,2026/06/22,2026/06/23,55.0,0.746,1543.0,4.61,508300.0,68.1,12.323,上昇(+1),5.37,0.0,0.0,0.0,Tier3,bear_div（全体）,,1437.0,-6.87,462500.0,56.4,8.146,上昇(+1),5.49,0.0,0.0,1.0,1415.0,-1.53,1418.0,-1.32,1380.0,-3.97,,,,,,,,,,,,,,,,1415.0,0.21,-2.47,,,,,,,,,1.0,2026/06/23,2026/06/24,1415.0,-1.53,1418.0,-1.32,1380.0,-3.97,,,,,,,,,,,,,,
Bear?,黒田精工,7726,東証ST,2026/06/22,2026/06/23,55.0,0.813,1547.0,-1.78,91200.0,67.6,19.028,上昇(+1),8.52,0.0,0.0,1.0,―,―,,1519.0,-1.81,36800.0,64.8,18.08,上昇(+1),8.8,0.0,0.0,0.0,1436.0,-5.46,1527.0,0.53,1445.0,-4.87,,,,,,,,,,,,,,,,1436.0,6.34,0.63,,,,,,,,,1.0,2026/06/22,2026/06/23,1519.0,-1.81,1436.0,-7.18,1527.0,-1.29,1445.0,-6.59,,,,,,,,,,,,
Bear?,ＭＴＧ,7806,東証GR,2026/06/22,2026/06/23,55.0,0.508,7680.0,0.39,70600.0,64.9,50.278,上昇(+1),10.35,0.0,0.0,0.0,―,―,,7360.0,-4.17,105700.0,56.5,28.962,上昇(+1),10.13,0.0,0.0,0.0,7390.0,0.41,7470.0,1.49,7260.0,-1.36,,,,,,,,,,,,,,,,7390.0,1.08,-1.76,,,,,,,,,,,,,,,,,,,,,,,,,,,,,,,
Bear?,シグマ光機,7713,東証ST,2026/06/22,2026/06/23,55.0,0.617,2457.0,-1.99,123000.0,60.6,16.596,上昇(+1),6.34,0.0,0.0,1.0,―,―,,2377.0,-3.26,73000.0,56.5,15.268,上昇(+1),6.04,0.0,0.0,0.0,2316.0,-2.57,2426.0,2.06,2245.0,-5.55,,,,,,,,,,,,,,,,2316.0,4.75,-3.07,,,,,,,,,1.0,2026/06/22,2026/06/23,2377.0,-3.26,2316.0,-5.74,2426.0,-1.26,2245.0,-8.63,,,,,,,,,,,,
Bear?,ミマキエンジニアリング,6638,東証PR,2026/06/22,2026/06/23,50.0,0.056,1880.0,2.17,68600.0,60.3,2.35,下降(-1),-0.51,0.0,0.0,0.0,―,―,,1838.0,-2.23,90900.0,54.8,0.21,揉み合い(0),-0.48,0.0,0.0,0.0,1800.0,-2.07,1815.0,-1.25,1804.0,-1.85,,,,,,,,,,,,,,,,1800.0,0.83,0.22,,,,,,,,,,,,,,,,,,,,,,,,,,,,,,,
Bear?,リョービ,5851,東証PR,2026/06/22,2026/06/23,50.0,0.497,2797.0,-1.24,96300.0,60.4,12.202,下降(-1),-2.03,0.0,0.0,0.0,―,―,,2736.0,-2.18,105700.0,54.1,7.824,下降(-1),-2.11,0.0,0.0,0.0,2719.0,-0.62,2741.0,0.18,2736.0,0.0,,,,,,,,,,,,,,,,2719.0,0.81,0.63,,,,,,,,,,,,,,,,,,,,,,,,,,,,,,,
Bear?,富士ピー・エス,1848,東証ST,2026/06/22,2026/06/23,50.0,0.231,608.0,0.0,8700.0,64.5,0.981,下降(-1),-3.08,0.0,0.0,0.0,―,―,,605.0,-0.49,7600.0,60.2,0.789,下降(-1),-3.06,0.0,0.0,0.0,610.0,0.83,613.0,1.32,616.0,1.82,,,,,,,,,,,,,,,,610.0,0.49,0.98,,,,,,,,,,,,,,,,,,,,,,,,,,,,,,,
Bear?,アララ,4015,東証GR,2026/06/22,2026/06/23,50.0,0.453,494.0,1.44,35600.0,59.5,2.477,下降(-1),-1.27,0.0,0.0,0.0,―,―,,492.0,-0.4,21600.0,58.5,2.268,下降(-1),-0.97,0.0,0.0,0.0,484.0,-1.63,480.0,-2.44,485.0,-1.42,,,,,,,,,,,,,,,,484.0,-0.83,0.21,,,,,,,,,,,,,,,,,,,,,,,,,,,,,,,
Bear?,日工,6306,東証PR,2026/06/22,2026/06/23,48.0,0.982,900.0,-1.53,178000.0,67.8,4.48,揉み合い(0),0.2,0.0,0.0,0.0,―,―,,895.0,-0.56,106800.0,65.2,4.147,揉み合い(0),0.24,0.0,0.0,0.0,893.0,-0.22,905.0,1.12,912.0,1.9,,,,,,,,,,,,,,,,893.0,1.34,2.13,,,,,,,,,1.0,2026/06/25,2026/06/26,912.0,0.77,,,,,,,,,,,,,,,,,,
Bull?,クロスフォー,7810,東証ST,2026/06/22,2026/06/23,45.0,0.817,153.0,-1.92,44500.0,35.2,-0.586,下降(-1),-7.42,0.0,0.0,0.0,―,―,,155.0,1.31,10700.0,38.2,-0.474,下降(-1),-7.8,0.0,0.0,0.0,157.0,1.29,155.0,0.0,156.0,0.65,,,,,,,,,,,,,,,,157.0,-1.27,-0.64,,,,,,,,,,,,,,,,,,,,,,,,,,,,,,,
Bull?,アイ・パートナーズフィナンシャル,7345,東証GR,2026/06/22,2026/06/23,45.0,0.269,918.0,-2.34,4900.0,35.4,-2.803,上昇(+1),1.74,0.0,1.0,0.0,―,―,,936.0,1.96,1900.0,40.3,-2.284,上昇(+1),1.37,0.0,0.0,0.0,949.0,1.39,919.0,-1.82,939.0,0.32,,,,,,,,,,,,,,,,949.0,-3.16,-1.05,,,,,,,,,1.0,2026/06/22,2026/06/23,936.0,1.96,949.0,3.38,919.0,0.11,939.0,2.29,,,,,,,,,,,,
Bear?,ふくおかフィナンシャルグループ,8354,東証PR,2026/06/22,2026/06/23,45.0,0.965,7099.0,1.79,451800.0,60.8,28.426,上昇(+1),0.59,0.0,0.0,0.0,―,―,,6896.0,-2.86,587700.0,53.9,14.56,揉み合い(0),0.49,0.0,0.0,0.0,6849.0,-0.68,6783.0,-1.64,6861.0,-0.51,,,,,,,,,,,,,,,,6849.0,-0.96,0.18,,,,,,,,,,,,,,,,,,,,,,,,,,,,,,,
Bear?,イオレ,2334,東証GR,2026/06/22,2026/06/23,45.0,0.751,679.0,9.69,5271100.0,63.1,6.516,上昇(+1),9.68,0.0,0.0,1.0,―,―,,620.0,-8.69,3489000.0,55.5,4.436,上昇(+1),10.2,0.0,0.0,0.0,624.0,0.65,606.0,-2.26,606.0,-2.26,,,,,,,,,,,,,,,,624.0,-2.88,-2.88,,,,,,,,,1.0,2026/06/22,2026/06/23,620.0,-8.69,624.0,-8.1,606.0,-10.75,606.0,-10.75,,,,,,,,,,,,
Bull?,マーチャント・バンカーズ,3121,東証ST,2026/06/22,2026/06/23,45.0,0.429,211.0,-0.94,19300.0,42.1,-0.958,下降(-1),-0.97,0.0,0.0,0.0,―,―,,215.0,1.9,46000.0,46.9,-0.707,下降(-1),-0.99,0.0,0.0,0.0,217.0,0.93,215.0,0.0,214.0,-0.47,,,,,,,,,,,,,,,,217.0,-0.92,-1.38,,,,,,,,,,,,,,,,,,,,,,,,,,,,,,,
Bull?,商船三井,9104,東証PR,2026/06/22,2026/06/23,40.0,0.252,5293.0,0.55,2490100.0,34.8,-25.529,上昇(+1),1.28,0.0,1.0,0.0,―,―,,5328.0,0.66,3014900.0,36.8,-24.675,上昇(+1),0.96,0.0,0.0,0.0,5370.0,0.79,5255.0,-1.37,5219.0,-2.05,,,,,,,,,,,,,,,,5370.0,-2.14,-2.81,,,,,,,,,1.0,2026/06/26,,,,,,,,,,,,,,,,,,,,,
Bear?,朝日工業社,1975,東証PR,2026/06/22,2026/06/23,40.0,0.955,4400.0,4.02,87200.0,68.7,45.126,下降(-1),-1.88,0.0,0.0,0.0,―,―,,4240.0,-3.64,75900.0,59.8,36.979,下降(-1),-2.15,0.0,0.0,0.0,4375.0,3.18,4325.0,2.0,4385.0,3.42,,,,,,,,,,,,,,,,4375.0,-1.14,0.23,,,,,,,,,1.0,2026/06/25,2026/06/26,4385.0,1.39,,,,,,,,,,,,,,,,,,
Bear?,リズム時計工業,7769,東証PR,2026/06/22,2026/06/23,40.0,0.561,3780.0,1.2,41100.0,64.7,21.909,下降(-1),-3.49,0.0,0.0,1.0,―,―,,3730.0,-1.32,23200.0,59.2,19.573,下降(-1),-3.47,0.0,0.0,0.0,3705.0,-0.67,3775.0,1.21,3725.0,-0.13,,,,,,,,,,,,,,,,3705.0,1.89,0.54,,,,,,,,,1.0,2026/06/22,2026/06/23,3730.0,-1.32,3705.0,-1.98,3775.0,-0.13,3725.0,-1.46,,,,,,,,,,,,
Bull?,うかい,7621,東証ST,2026/06/22,2026/06/23,38.0,0.493,3290.0,-0.3,1800.0,41.6,-1.021,揉み合い(0),-0.45,0.0,0.0,0.0,―,―,,3300.0,0.3,2400.0,46.4,-0.607,揉み合い(0),-0.45,0.0,0.0,0.0,3300.0,0.0,3300.0,0.0,3285.0,-0.45,,,,,,,,,,,,,,,,3300.0,0.0,-0.45,,,,,,,,,,,,,,,,,,,,,,,,,,,,,,,
Bear?,西日本フィナンシャルホールディングス,7189,東証PR,2026/06/22,2026/06/23,30.0,0.988,4180.0,2.65,370800.0,56.0,10.771,下降(-1),-0.9,0.0,0.0,0.0,―,―,,4176.0,-0.1,512700.0,55.8,10.678,下降(-1),-1.01,0.0,0.0,0.0,4112.0,-1.53,4164.0,-0.29,4204.0,0.67,,,,,,,,,,,,,,,,4112.0,1.26,2.24,,,,,,,,,,,,,,,,,,,,,,,,,,,,,,,
Bear?,トーセ,4728,東証ST,2026/06/22,2026/06/23,30.0,0.913,643.0,-0.16,2800.0,57.5,1.156,下降(-1),-0.83,0.0,0.0,0.0,―,―,,640.0,-0.47,600.0,53.6,0.945,下降(-1),-0.8,0.0,0.0,0.0,641.0,0.16,643.0,0.47,640.0,0.0,,,,,,,,,,,,,,,,641.0,0.31,-0.16,,,,,,,,,,,,,,,,,,,,,,,,,,,,,,,
Bear?,エスネットワークス,5867,東証GR,2026/06/22,2026/06/23,30.0,0.993,1198.0,-2.2,2700.0,53.6,11.62,下降(-1),-2.38,0.0,0.0,0.0,―,―,,1185.0,-1.09,5100.0,51.7,10.3,下降(-1),-2.33,0.0,0.0,0.0,1184.0,-0.08,1141.0,-3.71,1121.0,-5.4,,,,,,,,,,,,,,,,1184.0,-3.63,-5.32,,,,,,,,,,,,,,,,,,,,,,,,,,,,,,,
日経,日経平均株価,0001,指数,2026/06/23,2026/06/24,,,69788.38,-3.55,,53.9,264.003,1.0,1.44,,,,,,,69174.97,-0.88,,54.9,92.948,1.0,1.51,,,,72366.34,4.61,69360.88,0.27,,,,,,,,,,,,,,,,,,,,,,,,,,,,,,,,,,,,,,,,,,,,,,,,,,,
Bear?,共和コーポレーション,6570,東証ST,2026/06/23,2026/06/24,85.0,0.492,1951.0,-3.13,15900.0,72.6,23.317,上昇(+1),8.74,0.0,0.0,0.0,―,―,,1860.0,-4.66,12400.0,63.5,19.036,上昇(+1),8.8,0.0,0.0,0.0,1866.0,0.32,1908.0,2.58,,,,,,,,,,,,,,,,,,1866.0,2.25,,,,,,,,,,,,,,,,,,,,,,,,,,,,,,,,
Bear?,澁澤倉庫,9304,東証PR,2026/06/23,2026/06/24,80.0,0.827,1607.0,2.55,252200.0,78.6,13.59,上昇(+1),1.8,1.0,0.0,1.0,―,―,,1587.0,-1.24,142000.0,73.0,13.193,上昇(+1),1.89,0.0,0.0,0.0,1577.0,-0.63,1586.0,-0.06,,,,,,,,,,,,,,,,,,1577.0,0.57,,,,,,,,,,1.0,2026/06/23,2026/06/24,1587.0,-1.24,1577.0,-1.87,1586.0,-1.31,,,,,,,,,,,,,,
Bull?,ユタカフーズ,2806,東証ST,2026/06/23,2026/06/24,80.0,0.452,1816.0,-0.6,5300.0,17.2,-5.952,下降(-1),-2.57,0.0,0.0,0.0,―,―,,1823.0,0.39,500.0,20.3,-5.787,下降(-1),-2.67,0.0,0.0,0.0,1818.0,-0.27,1849.0,1.43,,,,,,,,,,,,,,,,,,1818.0,1.71,,,,,,,,,,,,,,,,,,,,,,,,,,,,,,,,
Bull?,東京ボード工業,7815,東証ST,2026/06/23,2026/06/24,80.0,0.025,237.0,0.85,6000.0,23.2,-0.2,下降(-1),-8.74,0.0,1.0,0.0,―,―,,237.0,0.0,1200.0,23.2,-0.198,下降(-1),-8.91,0.0,0.0,0.0,233.0,-1.69,226.0,-4.64,,,,,,,,,,,,,,,,,,233.0,-3.0,,,,,,,,,,1.0,2026/06/26,,,,,,,,,,,,,,,,,,,,,
Bull?,ノムラシステムコーポレーション,3940,東証ST,2026/06/23,2026/06/24,80.0,0.374,109.0,-1.8,235000.0,28.8,-0.411,下降(-1),-4.17,0.0,1.0,0.0,―,―,,111.0,1.83,165600.0,34.7,-0.34,下降(-1),-4.31,0.0,0.0,0.0,111.0,0.0,110.0,-0.9,,,,,,,,,,,,,,,,,,111.0,-0.9,,,,,,,,,,1.0,2026/06/23,2026/06/24,111.0,1.83,111.0,1.83,110.0,0.92,,,,,,,,,,,,,,
Bull?,Ｈａｍｅｅ,3134,東証ST,2026/06/23,2026/06/24,80.0,0.947,258.0,-2.27,140000.0,11.9,-12.996,下降(-1),-6.61,0.0,0.0,0.0,Tier2,bull_div + RSI<30,,250.0,-3.1,119300.0,11.3,-12.791,下降(-1),-7.1,0.0,1.0,0.0,258.0,3.2,253.0,1.2,,,,,,,,,,,,,,,,,,258.0,-1.94,,,,,,,,,,1.0,2026/06/24,2026/06/25,258.0,3.2,253.0,1.2,,,,,,,,,,,,,,,,
Bull?,エス・サイエンス,5721,東証ST,2026/06/23,2026/06/24,80.0,0.434,50.0,-3.85,2782400.0,21.1,-0.686,下降(-1),-16.86,0.0,1.0,0.0,―,―,,56.0,12.0,11713700.0,33.5,-0.383,下降(-1),-16.82,0.0,0.0,0.0,73.0,30.36,70.0,25.0,,,,,,,,,,,,,,,,,,73.0,-4.11,,,,,,,,,,1.0,2026/06/23,2026/06/24,56.0,12.0,73.0,46.0,70.0,40.0,,,,,,,,,,,,,,
Bull?,サンウェルズ,9229,東証PR,2026/06/23,2026/06/24,80.0,0.404,112.0,-8.94,465100.0,16.5,-1.681,下降(-1),-15.89,0.0,0.0,0.0,―,―,,127.0,13.39,4206800.0,31.8,-0.968,下降(-1),-15.76,0.0,0.0,0.0,116.0,-8.66,118.0,-7.09,,,,,,,,,,,,,,,,,,116.0,1.72,,,,,,,,,,,,,,,,,,,,,,,,,,,,,,,,
Bear?,ニチアス,5393,東証PR,2026/06/23,2026/06/24,75.0,0.619,4031.0,0.4,567800.0,75.2,32.968,上昇(+1),7.33,0.0,0.0,1.0,―,―,,3928.0,-2.56,476600.0,66.6,25.803,上昇(+1),7.36,0.0,0.0,0.0,4063.0,3.44,3995.0,1.71,,,,,,,,,,,,,,,,,,4063.0,-1.67,,,,,,,,,,1.0,2026/06/26,,,,,,,,,,,,,,,,,,,,,
Bear?,日本トムソン,6480,東証PR,2026/06/23,2026/06/24,75.0,0.274,2430.0,-5.81,1211500.0,65.4,26.653,上昇(+1),25.21,0.0,0.0,0.0,―,―,,2339.0,-3.74,962100.0,61.2,19.567,上昇(+1),25.1,0.0,0.0,0.0,2440.0,4.32,2225.0,-4.87,,,,,,,,,,,,,,,,,,2440.0,-8.81,,,,,,,,,,,,,,,,,,,,,,,,,,,,,,,,
Bull?,コロプラ,3668,東証PR,2026/06/23,2026/06/24,70.0,0.206,350.0,-1.69,1109900.0,31.2,-1.496,下降(-1),-3.67,0.0,0.0,0.0,―,―,,354.0,1.14,649000.0,34.8,-1.15,下降(-1),-3.77,0.0,0.0,0.0,354.0,0.0,362.0,2.26,,,,,,,,,,,,,,,,,,354.0,2.26,,,,,,,,,,,,,,,,,,,,,,,,,,,,,,,,
Bull?,東洋ビジネスエンジニアリング,4828,東証PR,2026/06/23,2026/06/24,70.0,0.108,955.0,-2.35,198200.0,32.0,-1.177,下降(-1),-7.29,0.0,0.0,0.0,―,―,,964.0,0.94,165000.0,34.2,-0.441,下降(-1),-7.29,0.0,0.0,0.0,958.0,-0.62,975.0,1.14,,,,,,,,,,,,,,,,,,958.0,1.77,,,,,,,,,,,,,,,,,,,,,,,,,,,,,,,,
Bear?,ダブルエー,7683,東証PR,2026/06/23,2026/06/24,65.0,0.209,1420.0,0.35,19200.0,59.1,0.588,上昇(+1),1.49,0.0,0.0,0.0,―,―,,1415.0,-0.35,20500.0,56.4,0.268,上昇(+1),1.47,0.0,0.0,0.0,1425.0,0.71,1422.0,0.49,,,,,,,,,,,,,,,,,,1425.0,-0.21,,,,,,,,,,,,,,,,,,,,,,,,,,,,,,,,
Bear?,エヌリンクス,6578,東証ST,2026/06/23,2026/06/24,65.0,0.593,461.0,1.77,6300.0,68.2,2.406,下降(-1),-2.43,1.0,0.0,0.0,Tier3,bear_div（全体）,,454.0,-1.52,3000.0,60.8,2.182,下降(-1),-2.15,0.0,0.0,1.0,459.0,1.1,459.0,1.1,,,,,,,,,,,,,,,,,,459.0,0.0,,,,,,,,,,1.0,2026/06/24,2026/06/25,459.0,1.1,459.0,1.1,,,,,,,,,,,,,,,,
Bull?,ビューティ花壇,3041,東証ST,2026/06/23,2026/06/24,65.0,0.423,520.0,-2.62,33800.0,28.5,-2.45,上昇(+1),3.07,0.0,1.0,0.0,―,―,,524.0,0.77,51900.0,33.0,-2.403,上昇(+1),2.94,0.0,0.0,0.0,528.0,0.76,454.0,-13.36,,,,,,,,,,,,,,,,,,528.0,-14.02,,,,,,,,,,1.0,2026/06/26,,,,,,,,,,,,,,,,,,,,,
Bull?,バイク王＆カンパニー,3377,東証ST,2026/06/23,2026/06/24,65.0,0.145,361.0,0.56,7100.0,18.9,-0.261,下降(-1),-2.15,0.0,1.0,0.0,―,―,,365.0,1.11,16000.0,31.6,-0.039,下降(-1),-2.21,0.0,0.0,0.0,383.0,4.93,384.0,5.21,,,,,,,,,,,,,,,,,,383.0,0.26,,,,,,,,,,1.0,2026/06/23,2026/06/24,365.0,1.11,383.0,6.09,384.0,6.37,,,,,,,,,,,,,,
Bull?,エードット,7063,東証GR,2026/06/23,2026/06/24,65.0,0.771,71.0,-1.39,118800.0,27.5,-0.793,下降(-1),-9.04,0.0,0.0,0.0,―,―,,74.0,4.23,148100.0,32.8,-0.624,下降(-1),-9.17,0.0,0.0,0.0,76.0,2.7,71.0,-4.05,,,,,,,,,,,,,,,,,,76.0,-6.58,,,,,,,,,,,,,,,,,,,,,,,,,,,,,,,,
Bear?,クレステック,7812,東証ST,2026/06/23,2026/06/24,65.0,0.873,2193.0,0.64,2900.0,79.1,13.034,上昇(+1),1.08,0.0,0.0,0.0,Tier2,bear_div + RSI>70,,2180.0,-0.59,3800.0,75.1,13.027,上昇(+1),1.23,0.0,0.0,1.0,2184.0,0.18,2169.0,-0.5,,,,,,,,,,,,,,,,,,2184.0,-0.69,,,,,,,,,,1.0,2026/06/25,2026/06/26,2169.0,-0.69,,,,,,,,,,,,,,,,,,
Bull?,フィーチャ,4052,東証GR,2026/06/23,2026/06/24,65.0,0.759,226.0,-0.44,3000.0,25.7,-1.954,下降(-1),-4.11,0.0,0.0,0.0,―,―,,224.0,-0.88,2700.0,24.8,-1.918,下降(-1),-4.39,0.0,0.0,0.0,226.0,0.89,223.0,-0.45,,,,,,,,,,,,,,,,,,226.0,-1.33,,,,,,,,,,,,,,,,,,,,,,,,,,,,,,,,
Bull?,フィスコ,3807,東証GR,2026/06/23,2026/06/24,65.0,0.645,85.0,-2.3,135500.0,21.7,-0.492,下降(-1),-5.75,0.0,0.0,0.0,Tier2,bull_div + RSI<30,,85.0,0.0,97500.0,21.7,-0.468,下降(-1),-5.74,0.0,1.0,0.0,84.0,-1.18,82.0,-3.53,,,,,,,,,,,,,,,,,,84.0,-2.38,,,,,,,,,,1.0,2026/06/26,,,,,,,,,,,,,,,,,,,,,
Bear?,ケイティケイ,3035,東証ST,2026/06/23,2026/06/24,65.0,0.632,820.0,0.74,3400.0,65.8,4.746,上昇(+1),4.33,0.0,0.0,0.0,―,―,,794.0,-3.17,4600.0,55.0,3.471,上昇(+1),4.37,0.0,0.0,0.0,818.0,3.02,841.0,5.92,,,,,,,,,,,,,,,,,,818.0,2.81,,,,,,,,,,1.0,2026/06/26,,,,,,,,,,,,,,,,,,,,,
Bear?,ほくほくフィナンシャルグループ,8377,東証PR,2026/06/23,2026/06/24,65.0,0.493,6881.0,0.98,400800.0,63.5,29.915,上昇(+1),2.0,0.0,0.0,1.0,―,―,,6551.0,-4.8,370900.0,52.2,18.995,上昇(+1),1.89,0.0,0.0,0.0,6568.0,0.26,6703.0,2.32,,,,,,,,,,,,,,,,,,6568.0,2.06,,,,,,,,,,1.0,2026/06/23,2026/06/24,6551.0,-4.8,6568.0,-4.55,6703.0,-2.59,,,,,,,,,,,,,,
Bull?,ピクセラ,6731,東証ST,2026/06/23,2026/06/24,65.0,0.027,100.0,-3.85,342400.0,29.2,-0.646,下降(-1),-25.2,0.0,1.0,0.0,―,―,,100.0,0.0,310500.0,29.2,-0.601,下降(-1),-25.65,0.0,0.0,0.0,100.0,0.0,97.0,-3.0,,,,,,,,,,,,,,,,,,100.0,-3.0,,,,,,,,,,1.0,2026/06/26,,,,,,,,,,,,,,,,,,,,,
Bear?,ＴＨＫ,6481,東証PR,2026/06/23,2026/06/24,65.0,0.09,7882.0,-3.83,1026800.0,60.3,17.422,上昇(+1),11.87,0.0,0.0,1.0,―,―,,7702.0,-2.28,1067900.0,56.5,3.163,上昇(+1),11.8,0.0,0.0,0.0,7923.0,2.87,7553.0,-1.93,,,,,,,,,,,,,,,,,,7923.0,-4.67,,,,,,,,,,1.0,2026/06/23,2026/06/24,7702.0,-2.28,7923.0,0.52,7553.0,-4.17,,,,,,,,,,,,,,
Bull?,ロブテックス,5969,東証ST,2026/06/23,2026/06/24,63.0,0.812,1153.0,-4.71,800.0,31.5,-0.918,揉み合い(0),0.19,0.0,1.0,0.0,―,―,,1190.0,3.21,800.0,43.9,-0.487,揉み合い(0),0.12,0.0,0.0,0.0,,,1180.0,-0.84,,,,,,,,,,,,,,,,,,,,,,,,,,,,,1.0,2026/06/23,2026/06/24,1190.0,3.21,,,1180.0,2.34,,,,,,,,,,,,,,
Bull?,壱番屋,7630,東証PR,2026/06/23,2026/06/24,60.0,0.84,852.0,0.0,632400.0,40.3,-2.242,下降(-1),-1.29,0.0,1.0,0.0,―,―,,863.0,1.29,332800.0,45.6,-2.187,下降(-1),-1.27,0.0,0.0,0.0,866.0,0.35,870.0,0.81,,,,,,,,,,,,,,,,,,866.0,0.46,,,,,,,,,,1.0,2026/06/23,2026/06/24,863.0,1.29,866.0,1.64,870.0,2.11,,,,,,,,,,,,,,
Bull?,京浜急行電鉄,9006,東証PR,2026/06/23,2026/06/24,60.0,0.179,1437.0,0.14,1009900.0,37.1,-1.854,下降(-1),-1.49,0.0,1.0,0.0,―,―,,1439.0,0.14,848200.0,37.8,-1.748,下降(-1),-1.53,0.0,0.0,0.0,1445.5,0.45,1447.0,0.56,,,,,,,,,,,,,,,,,,1445.5,0.1,,,,,,,,,,1.0,2026/06/23,2026/06/24,1439.0,0.14,1445.5,0.59,1447.0,0.7,,,,,,,,,,,,,,
Bull?,コーセー,4922,東証PR,2026/06/23,2026/06/24,60.0,0.15,5035.0,-1.31,319100.0,35.4,-6.206,下降(-1),-3.34,0.0,1.0,0.0,―,―,,5060.0,0.5,233800.0,37.3,-5.815,下降(-1),-3.42,0.0,0.0,0.0,5000.0,-1.19,5024.0,-0.71,,,,,,,,,,,,,,,,,,5000.0,0.48,,,,,,,,,,1.0,2026/06/26,,,,,,,,,,,,,,,,,,,,,
Bull?,ノバック,5079,東証ST,2026/06/23,2026/06/24,60.0,0.065,2391.0,-0.99,13300.0,36.2,-2.293,下降(-1),-3.72,0.0,1.0,0.0,―,―,,2416.0,1.05,11500.0,39.8,-2.131,下降(-1),-3.78,0.0,0.0,0.0,2419.0,0.12,2434.0,0.75,,,,,,,,,,,,,,,,,,2419.0,0.62,,,,,,,,,,1.0,2026/06/23,2026/06/24,2416.0,1.05,2419.0,1.17,2434.0,1.8,,,,,,,,,,,,,,
Bull?,福井コンピュータホールディング,9790,東証PR,2026/06/23,2026/06/24,60.0,0.323,3040.0,-0.98,35200.0,38.7,-1.674,下降(-1),-1.19,0.0,0.0,0.0,―,―,,3060.0,0.66,43400.0,41.8,-1.054,下降(-1),-1.29,0.0,0.0,0.0,3045.0,-0.49,3075.0,0.49,,,,,,,,,,,,,,,,,,3045.0,0.99,,,,,,,,,,,,,,,,,,,,,,,,,,,,,,,,
Bull?,ＵＴホールディングス,2146,東証PR,2026/06/23,2026/06/24,60.0,0.197,169.0,-1.74,8085400.0,35.7,-0.177,下降(-1),-4.31,0.0,1.0,0.0,―,―,,174.0,2.96,5225500.0,45.9,-0.003,下降(-1),-4.28,0.0,0.0,0.0,172.0,-1.15,173.0,-0.57,,,,,,,,,,,,,,,,,,172.0,0.58,,,,,,,,,,1.0,2026/06/23,2026/06/24,174.0,2.96,172.0,1.78,173.0,2.37,,,,,,,,,,,,,,
Bull?,ユナイテッド・スーパーマーケット・ホールディングス,3222,東証ST,2026/06/23,2026/06/24,60.0,0.331,785.0,1.42,500800.0,35.6,-3.762,下降(-1),-4.25,0.0,1.0,0.0,―,―,,792.0,0.89,523100.0,39.2,-3.123,下降(-1),-4.15,0.0,0.0,0.0,792.0,0.0,792.0,0.0,,,,,,,,,,,,,,,,,,792.0,0.0,,,,,,,,,,1.0,2026/06/23,2026/06/24,792.0,0.89,792.0,0.89,792.0,0.89,,,,,,,,,,,,,,
Bear?,カネミツ,7208,東証ST,2026/06/23,2026/06/24,58.0,0.45,1176.0,1.64,2400.0,56.9,1.719,揉み合い(0),-0.05,0.0,0.0,0.0,―,―,,1163.0,-1.11,1500.0,51.8,1.028,揉み合い(0),-0.12,0.0,0.0,0.0,1198.0,3.01,1216.0,4.56,,,,,,,,,,,,,,,,,,1198.0,1.5,,,,,,,,,,1.0,2026/06/26,,,,,,,,,,,,,,,,,,,,,
Bull?,ぱど,4833,東証GR,2026/06/23,2026/06/24,55.0,0.585,40.0,-4.76,472700.0,31.3,-0.091,下降(-1),-13.06,0.0,0.0,0.0,Tier3,bull_div（全体）,,41.0,2.5,681700.0,34.0,-0.064,下降(-1),-12.71,0.0,1.0,0.0,34.0,-17.07,33.0,-19.51,,,,,,,,,,,,,,,,,,34.0,-2.94,,,,,,,,,,,,,,,,,,,,,,,,,,,,,,,,
Bull?,飯野海運,9119,東証PR,2026/06/23,2026/06/24,55.0,0.061,1386.0,0.0,255200.0,30.5,-1.919,下降(-1),-2.33,0.0,0.0,0.0,―,―,,1388.0,0.14,205800.0,31.1,-1.341,下降(-1),-2.57,0.0,0.0,0.0,1401.0,0.94,1400.0,0.86,,,,,,,,,,,,,,,,,,1401.0,-0.07,,,,,,,,,,,,,,,,,,,,,,,,,,,,,,,,
Bear?,東京自働機械製作所,6360,東証ST,2026/06/23,2026/06/24,55.0,0.862,4470.0,1.25,1000.0,68.2,7.601,上昇(+1),2.24,0.0,0.0,0.0,―,―,,4465.0,-0.11,400.0,67.6,6.875,上昇(+1),2.28,0.0,0.0,0.0,4450.0,-0.34,4450.0,-0.34,,,,,,,,,,,,,,,,,,4450.0,0.0,,,,,,,,,,,,,,,,,,,,,,,,,,,,,,,,
Bull?,日本ユニシス,8056,東証PR,2026/06/23,2026/06/24,55.0,0.593,4147.0,-0.67,288000.0,32.8,-34.29,下降(-1),-1.41,0.0,1.0,0.0,―,―,,4186.0,0.94,417800.0,35.7,-29.69,下降(-1),-1.37,0.0,0.0,0.0,4138.0,-1.15,4155.0,-0.74,,,,,,,,,,,,,,,,,,4138.0,0.41,,,,,,,,,,1.0,2026/06/23,2026/06/24,4186.0,0.94,4138.0,-0.22,4155.0,0.19,,,,,,,,,,,,,,
Bull?,ゲオディノス,4650,東証ST,2026/06/23,2026/06/24,55.0,0.177,260.0,0.0,4100.0,32.4,-0.535,下降(-1),-2.67,0.0,0.0,0.0,―,―,,261.0,0.38,1800.0,36.1,-0.488,下降(-1),-2.67,0.0,0.0,0.0,261.0,0.0,260.0,-0.38,,,,,,,,,,,,,,,,,,261.0,-0.38,,,,,,,,,,,,,,,,,,,,,,,,,,,,,,,,
Bull?,吉野家ホールディングス,9861,東証PR,2026/06/23,2026/06/24,53.0,0.542,3009.0,-0.3,423500.0,35.6,-6.338,揉み合い(0),-0.12,0.0,1.0,0.0,―,―,,3035.0,0.86,364000.0,39.9,-4.335,揉み合い(0),-0.18,0.0,0.0,0.0,3055.0,0.66,3060.0,0.82,,,,,,,,,,,,,,,,,,3055.0,0.16,,,,,,,,,,1.0,2026/06/23,2026/06/24,3035.0,0.86,3055.0,1.53,3060.0,1.69,,,,,,,,,,,,,,
Bull?,北恵,9872,東証ST,2026/06/23,2026/06/24,53.0,0.879,873.0,-0.46,2500.0,41.1,-0.569,揉み合い(0),-0.36,0.0,0.0,0.0,―,―,,875.0,0.23,200.0,43.6,-0.55,揉み合い(0),-0.38,0.0,0.0,0.0,898.0,2.63,887.0,1.37,,,,,,,,,,,,,,,,,,898.0,-1.22,,,,,,,,,,,,,,,,,,,,,,,,,,,,,,,,
Bull?,フジ住宅,8860,東証PR,2026/06/23,2026/06/24,45.0,0.412,715.0,-0.42,75100.0,36.2,-2.885,下降(-1),-3.73,0.0,1.0,0.0,―,―,,719.0,0.56,50500.0,38.3,-2.793,下降(-1),-3.86,0.0,0.0,0.0,731.0,1.67,738.0,2.64,,,,,,,,,,,,,,,,,,731.0,0.96,,,,,,,,,,1.0,2026/06/23,2026/06/24,719.0,0.56,731.0,2.24,738.0,3.22,,,,,,,,,,,,,,
Bull?,インフォネット,4444,東証GR,2026/06/23,2026/06/24,45.0,0.726,785.0,-0.88,800.0,35.9,-0.97,下降(-1),-3.14,0.0,0.0,0.0,―,―,,791.0,0.76,1600.0,39.5,-0.477,下降(-1),-3.27,0.0,0.0,0.0,792.0,0.13,795.0,0.51,,,,,,,,,,,,,,,,,,792.0,0.38,,,,,,,,,,,,,,,,,,,,,,,,,,,,,,,,
Bull?,エスイー,3423,東証ST,2026/06/23,2026/06/24,45.0,0.184,263.0,-0.75,10500.0,38.7,-0.375,下降(-1),-2.01,0.0,0.0,0.0,―,―,,264.0,0.38,10000.0,40.9,-0.367,下降(-1),-2.07,0.0,0.0,0.0,264.0,0.0,262.0,-0.76,,,,,,,,,,,,,,,,,,264.0,-0.76,,,,,,,,,,,,,,,,,,,,,,,,,,,,,,,,
Bull?,不二ラテックス,5199,東証ST,2026/06/23,2026/06/24,45.0,0.76,1892.0,-1.77,400.0,40.3,-2.08,下降(-1),-1.34,0.0,0.0,0.0,―,―,,1914.0,1.16,900.0,45.9,-0.834,下降(-1),-1.39,0.0,0.0,0.0,1921.0,0.37,1916.0,0.1,,,,,,,,,,,,,,,,,,1921.0,-0.26,,,,,,,,,,,,,,,,,,,,,,,,,,,,,,,,
Bull?,日本電信電話,9432,東証PR,2026/06/23,2026/06/24,45.0,0.531,144.0,0.0,224819200.0,37.6,-0.26,下降(-1),-0.99,0.0,0.0,0.0,―,―,,145.0,0.69,190304000.0,41.0,-0.195,下降(-1),-1.0,0.0,0.0,0.0,143.8,-0.83,144.3,-0.48,,,,,,,,,,,,,,,,,,143.8,0.35,,,,,,,,,,,,,,,,,,,,,,,,,,,,,,,,
Bear?,岡本工作機械製作所,6125,東証ST,2026/06/23,2026/06/24,45.0,0.903,5680.0,-2.74,61200.0,64.4,46.474,上昇(+1),2.72,0.0,0.0,1.0,―,―,,5540.0,-2.46,44400.0,60.0,40.44,上昇(+1),2.91,0.0,0.0,0.0,5730.0,3.43,5630.0,1.62,,,,,,,,,,,,,,,,,,5730.0,-1.75,,,,,,,,,,1.0,2026/06/23,2026/06/24,5540.0,-2.46,5730.0,0.88,5630.0,-0.88,,,,,,,,,,,,,,
Bull?,ワコールホールディングス,3591,東証PR,2026/06/23,2026/06/24,45.0,0.402,4251.0,0.0,115200.0,38.0,-24.62,下降(-1),-0.57,0.0,0.0,0.0,―,―,,4350.0,2.33,82700.0,44.8,-18.829,下降(-1),-0.57,0.0,0.0,0.0,4387.0,0.85,4411.0,1.4,,,,,,,,,,,,,,,,,,4387.0,0.55,,,,,,,,,,,,,,,,,,,,,,,,,,,,,,,,
Bull?,三菱総合研究所,3636,東証PR,2026/06/23,2026/06/24,45.0,0.438,4390.0,-0.9,70200.0,36.8,-19.622,下降(-1),-2.35,0.0,1.0,0.0,―,―,,4430.0,0.91,36700.0,40.6,-16.684,下降(-1),-2.35,0.0,0.0,0.0,4410.0,-0.45,4425.0,-0.11,,,,,,,,,,,,,,,,,,4410.0,0.34,,,,,,,,,,1.0,2026/06/23,2026/06/24,4430.0,0.91,4410.0,0.46,4425.0,0.8,,,,,,,,,,,,,,
Bull?,クエスト,2332,東証ST,2026/06/23,2026/06/24,38.0,0.112,1719.0,-7.13,55100.0,45.1,-1.46,揉み合い(0),0.38,0.0,0.0,0.0,―,―,,1752.0,1.92,24200.0,47.6,-0.226,揉み合い(0),0.34,0.0,0.0,0.0,1765.0,0.74,1744.0,-0.46,,,,,,,,,,,,,,,,,,1765.0,-1.19,,,,,,,,,,,,,,,,,,,,,,,,,,,,,,,,
Bull?,クミアイ化学工業,4996,東証PR,2026/06/23,2026/06/24,30.0,0.301,711.0,-0.84,500400.0,41.3,-2.269,上昇(+1),0.83,0.0,0.0,0.0,―,―,,721.0,1.41,626600.0,44.5,-1.789,上昇(+1),0.76,0.0,0.0,0.0,733.0,1.66,743.0,3.05,,,,,,,,,,,,,,,,,,733.0,1.36,,,,,,,,,,,,,,,,,,,,,,,,,,,,,,,,
日経,日経平均株価,0001,指数,2026/06/25,2026/06/26,,,72366.34,4.61,,64.6,166.192,1.0,1.62,,,,,,,69360.88,-4.15,,63.2,-7.128,1.0,1.64,,,,,,,,,,,,,,,,,,,,,,,,,,,,,,,,,,,,,,,,,,,,,,,,,,,,,,,,,,
Bear?,ハウス食品グループ本社,2810,東証PR,2026/06/25,2026/06/26,100.0,0.126,3690.0,1.26,294600.0,75.0,5.745,上昇(+1),3.93,1.0,0.0,1.0,―,―,,3674.0,-0.43,177300.0,72.1,5.657,上昇(+1),4.03,0.0,0.0,0.0,,,,,,,,,,,,,,,,,,,,,,,,,,,,,,,,,1.0,2026/06/25,2026/06/26,3674.0,-0.43,,,,,,,,,,,,,,,,,,
Bear?,住友大阪セメント,5232,東証PR,2026/06/25,2026/06/26,85.0,0.367,6372.0,6.61,387400.0,71.3,26.949,上昇(+1),7.9,0.0,0.0,0.0,―,―,,6212.0,-2.51,231700.0,66.0,20.938,上昇(+1),8.13,0.0,0.0,0.0,,,,,,,,,,,,,,,,,,,,,,,,,,,,,,,,,,,,,,,,,,,,,,,,,,,,,,,
Bear?,日本ゼオン,4205,東証PR,2026/06/25,2026/06/26,85.0,0.2,2424.0,3.5,826700.0,71.7,6.845,上昇(+1),3.08,0.0,0.0,1.0,―,―,,2396.0,-1.16,935600.0,67.5,6.006,上昇(+1),3.2,0.0,0.0,0.0,,,,,,,,,,,,,,,,,,,,,,,,,,,,,,,,,1.0,2026/06/25,2026/06/26,2396.0,-1.18,,,,,,,,,,,,,,,,,,
Bear?,大気社,1979,東証PR,2026/06/25,2026/06/26,85.0,0.094,4935.0,1.33,221200.0,76.3,8.165,上昇(+1),6.15,0.0,0.0,0.0,Tier2,bear_div + RSI>70,,4950.0,0.3,266500.0,76.7,8.14,上昇(+1),6.29,0.0,0.0,1.0,,,,,,,,,,,,,,,,,,,,,,,,,,,,,,,,,1.0,2026/06/26,,,,,,,,,,,,,,,,,,,,,
Bull?,システム　ディ,3804,東証ST,2026/06/25,2026/06/26,80.0,0.952,410.0,0.24,6000.0,29.6,-1.946,下降(-1),-4.03,0.0,0.0,0.0,―,―,,419.0,2.2,9600.0,34.6,-1.268,下降(-1),-3.98,0.0,0.0,0.0,,,,,,,,,,,,,,,,,,,,,,,,,,,,,,,,,,,,,,,,,,,,,,,,,,,,,,,
Bear?,日本ガイシ,5333,東証PR,2026/06/25,2026/06/26,80.0,0.908,7853.0,5.01,2211800.0,74.4,90.813,上昇(+1),14.2,1.0,0.0,1.0,―,―,,7509.0,-4.38,2936700.0,65.8,66.322,上昇(+1),14.37,0.0,0.0,0.0,,,,,,,,,,,,,,,,,,,,,,,,,,,,,,,,,1.0,2026/06/25,2026/06/26,7509.0,-4.38,,,,,,,,,,,,,,,,,,
Bull?,サンウェルズ,9229,東証PR,2026/06/25,2026/06/26,80.0,0.404,116.0,-8.66,1124400.0,27.8,-1.021,下降(-1),-15.83,0.0,0.0,0.0,―,―,,118.0,1.72,404400.0,29.5,-0.721,下降(-1),-15.88,0.0,0.0,0.0,,,,,,,,,,,,,,,,,,,,,,,,,,,,,,,,,,,,,,,,,,,,,,,,,,,,,,,
Bear?,アズビル,6845,東証PR,2026/06/25,2026/06/26,75.0,0.484,1718.0,1.54,1186600.0,68.6,8.643,上昇(+1),5.01,0.0,0.0,0.0,―,―,,1701.0,-0.99,1377600.0,65.0,7.775,上昇(+1),4.98,0.0,0.0,0.0,,,,,,,,,,,,,,,,,,,,,,,,,,,,,,,,,,,,,,,,,,,,,,,,,,,,,,,
Bear?,長谷川香料,4958,東証PR,2026/06/25,2026/06/26,75.0,0.401,3270.0,1.08,64200.0,65.6,5.833,上昇(+1),2.52,0.0,0.0,1.0,―,―,,3215.0,-1.68,93200.0,58.1,2.509,上昇(+1),2.59,0.0,0.0,0.0,,,,,,,,,,,,,,,,,,,,,,,,,,,,,,,,,1.0,2026/06/25,2026/06/26,3215.0,-1.68,,,,,,,,,,,,,,,,,,
Bear?,ニチアス,5393,東証PR,2026/06/25,2026/06/26,75.0,0.619,4063.0,3.44,655400.0,71.2,27.392,上昇(+1),7.45,0.0,0.0,0.0,Tier3,bear_div（全体）,,3995.0,-1.67,730700.0,66.3,21.366,上昇(+1),7.51,0.0,0.0,1.0,,,,,,,,,,,,,,,,,,,,,,,,,,,,,,,,,1.0,2026/06/26,,,,,,,,,,,,,,,,,,,,,
Bear?,四国化成工業,4099,東証PR,2026/06/25,2026/06/26,75.0,0.429,7290.0,5.5,196400.0,68.6,34.474,上昇(+1),8.84,0.0,0.0,0.0,Tier3,bear_div（全体）,,7160.0,-1.78,198800.0,64.9,30.343,上昇(+1),8.84,0.0,0.0,1.0,,,,,,,,,,,,,,,,,,,,,,,,,,,,,,,,,1.0,2026/06/26,,,,,,,,,,,,,,,,,,,,,
Bear?,日本ケミコン,6997,東証PR,2026/06/25,2026/06/26,75.0,0.282,5980.0,11.57,1974600.0,67.6,36.036,上昇(+1),42.48,0.0,0.0,0.0,―,―,,5590.0,-6.52,1147300.0,61.2,18.536,上昇(+1),41.78,0.0,0.0,0.0,,,,,,,,,,,,,,,,,,,,,,,,,,,,,,,,,,,,,,,,,,,,,,,,,,,,,,,
Bull?,丸紅,8002,東証PR,2026/06/25,2026/06/26,70.0,0.023,4607.0,-1.71,5115700.0,30.1,-1.748,下降(-1),-4.2,0.0,1.0,0.0,―,―,,4692.0,1.85,5292500.0,35.3,-1.119,下降(-1),-4.32,0.0,0.0,0.0,,,,,,,,,,,,,,,,,,,,,,,,,,,,,,,,,1.0,2026/06/25,2026/06/26,4692.0,1.85,,,,,,,,,,,,,,,,,,
Bull?,オールアバウト,2454,東証ST,2026/06/25,2026/06/26,70.0,0.302,337.0,-0.59,10400.0,30.0,-0.482,下降(-1),-3.47,0.0,0.0,0.0,―,―,,338.0,0.3,7300.0,32.2,-0.347,下降(-1),-3.56,0.0,0.0,0.0,,,,,,,,,,,,,,,,,,,,,,,,,,,,,,,,,,,,,,,,,,,,,,,,,,,,,,,
Bull?,高見沢サイバネティックス,6424,東証ST,2026/06/25,2026/06/26,70.0,0.195,858.0,0.0,3700.0,30.8,-0.488,下降(-1),-2.28,0.0,0.0,0.0,―,―,,861.0,0.35,1200.0,35.1,-0.218,下降(-1),-2.24,0.0,0.0,0.0,,,,,,,,,,,,,,,,,,,,,,,,,,,,,,,,,,,,,,,,,,,,,,,,,,,,,,,
Bull?,エスケー化研,4628,東証ST,2026/06/25,2026/06/26,70.0,0.112,9360.0,-0.64,3500.0,30.5,-7.029,下降(-1),-3.87,0.0,0.0,0.0,Tier3,bull_div（全体）,,9400.0,0.43,1500.0,33.2,-6.815,下降(-1),-3.95,0.0,1.0,0.0,,,,,,,,,,,,,,,,,,,,,,,,,,,,,,,,,1.0,2026/06/26,,,,,,,,,,,,,,,,,,,,,
Bull?,コーセー,4922,東証PR,2026/06/25,2026/06/26,70.0,0.198,5000.0,-1.19,388100.0,34.7,-8.204,下降(-1),-3.55,0.0,0.0,0.0,Tier3,bull_div（全体）,,5024.0,0.48,500000.0,36.6,-6.832,下降(-1),-3.7,0.0,1.0,0.0,,,,,,,,,,,,,,,,,,,,,,,,,,,,,,,,,1.0,2026/06/26,,,,,,,,,,,,,,,,,,,,,
Bear?,共同ピーアール,2436,東証ST,2026/06/25,2026/06/26,65.0,0.34,1070.0,4.39,48100.0,63.4,2.022,上昇(+1),0.6,0.0,0.0,1.0,―,―,,1038.0,-2.99,39500.0,52.7,1.638,上昇(+1),0.53,0.0,0.0,0.0,,,,,,,,,,,,,,,,,,,,,,,,,,,,,,,,,1.0,2026/06/25,2026/06/26,1038.0,-2.99,,,,,,,,,,,,,,,,,,
Bear?,セイコーホールディングス,8050,東証PR,2026/06/25,2026/06/26,65.0,0.544,8140.0,7.11,262700.0,67.4,54.205,上昇(+1),7.83,0.0,0.0,1.0,―,―,,7860.0,-3.44,371600.0,61.4,46.44,上昇(+1),7.43,0.0,0.0,0.0,,,,,,,,,,,,,,,,,,,,,,,,,,,,,,,,,1.0,2026/06/25,2026/06/26,7860.0,-3.44,,,,,,,,,,,,,,,,,,
Bull?,栄研化学,4549,東証PR,2026/06/25,2026/06/26,65.0,0.212,2489.0,-1.46,102000.0,28.5,-9.418,下降(-1),-1.19,0.0,0.0,0.0,―,―,,2525.0,1.45,174200.0,32.9,-8.028,下降(-1),-1.65,0.0,0.0,0.0,,,,,,,,,,,,,,,,,,,,,,,,,,,,,,,,,,,,,,,,,,,,,,,,,,,,,,,
Bear?,北川精機,6327,東証ST,2026/06/25,2026/06/26,65.0,0.692,6610.0,16.37,1078100.0,66.6,191.22,上昇(+1),43.16,0.0,0.0,0.0,Tier3,bear_div（全体）,,6300.0,-4.69,938600.0,63.6,177.104,上昇(+1),41.48,0.0,0.0,1.0,,,,,,,,,,,,,,,,,,,,,,,,,,,,,,,,,1.0,2026/06/26,,,,,,,,,,,,,,,,,,,,,
Bear?,ダブルエー,7683,東証PR,2026/06/25,2026/06/26,65.0,0.219,1425.0,0.71,25800.0,60.3,0.618,上昇(+1),1.42,0.0,0.0,0.0,―,―,,1422.0,-0.21,14800.0,58.6,0.539,上昇(+1),1.37,0.0,0.0,0.0,,,,,,,,,,,,,,,,,,,,,,,,,,,,,,,,,,,,,,,,,,,,,,,,,,,,,,,
Bear?,河合楽器製作所,7952,東証PR,2026/06/25,2026/06/26,65.0,0.443,3350.0,2.6,16000.0,62.7,10.271,上昇(+1),2.63,0.0,0.0,0.0,―,―,,3320.0,-0.9,19800.0,60.2,8.681,上昇(+1),2.6,0.0,0.0,0.0,,,,,,,,,,,,,,,,,,,,,,,,,,,,,,,,,,,,,,,,,,,,,,,,,,,,,,,
Bear?,不二越,6474,東証PR,2026/06/25,2026/06/26,65.0,0.348,6120.0,2.0,60500.0,61.7,19.468,上昇(+1),3.57,0.0,0.0,0.0,―,―,,5960.0,-2.61,74600.0,55.4,8.056,上昇(+1),3.6,0.0,0.0,0.0,,,,,,,,,,,,,,,,,,,,,,,,,,,,,,,,,,,,,,,,,,,,,,,,,,,,,,,
Bear?,堀場製作所,6856,東証PR,2026/06/25,2026/06/26,65.0,0.589,28580.0,4.21,133700.0,65.5,80.91,上昇(+1),8.86,0.0,0.0,0.0,―,―,,28130.0,-1.57,196000.0,61.7,48.806,上昇(+1),8.9,0.0,0.0,0.0,,,,,,,,,,,,,,,,,,,,,,,,,,,,,,,,,,,,,,,,,,,,,,,,,,,,,,,
Bear?,扶桑化学工業,4368,東証PR,2026/06/25,2026/06/26,65.0,0.381,4815.0,5.59,1210800.0,64.7,47.472,上昇(+1),10.84,0.0,0.0,0.0,―,―,,4640.0,-3.63,578100.0,59.6,38.014,上昇(+1),10.68,0.0,0.0,0.0,,,,,,,,,,,,,,,,,,,,,,,,,,,,,,,,,,,,,,,,,,,,,,,,,,,,,,,
Bear?,住友ベークライト,4203,東証PR,2026/06/25,2026/06/26,65.0,0.61,7592.0,4.3,499300.0,66.6,62.978,上昇(+1),5.47,0.0,0.0,0.0,―,―,,7616.0,0.32,508300.0,66.9,58.892,上昇(+1),5.62,0.0,0.0,0.0,,,,,,,,,,,,,,,,,,,,,,,,,,,,,,,,,,,,,,,,,,,,,,,,,,,,,,,
Bear?,トーメンデバイス,2737,東証PR,2026/06/25,2026/06/26,65.0,0.821,18610.0,5.8,94500.0,75.2,377.651,上昇(+1),5.08,0.0,0.0,0.0,―,―,,18470.0,-0.75,122800.0,73.5,375.479,上昇(+1),5.37,0.0,0.0,0.0,,,,,,,,,,,,,,,,,,,,,,,,,,,,,,,,,,,,,,,,,,,,,,,,,,,,,,,
Bear?,三越伊勢丹ホールディングス,3099,東証PR,2026/06/25,2026/06/26,65.0,0.898,4132.0,2.81,1935500.0,76.3,32.515,上昇(+1),6.01,0.0,0.0,1.0,―,―,,4119.0,-0.31,1839600.0,75.3,32.123,上昇(+1),6.15,0.0,0.0,0.0,,,,,,,,,,,,,,,,,,,,,,,,,,,,,,,,,1.0,2026/06/25,2026/06/26,4119.0,-0.31,,,,,,,,,,,,,,,,,,
Bear?,コニシ,4956,東証PR,2026/06/25,2026/06/26,60.0,0.747,1498.0,1.7,193500.0,64.5,6.008,上昇(+1),0.89,1.0,0.0,1.0,―,―,,1485.0,-0.87,71400.0,60.9,5.794,上昇(+1),0.94,0.0,0.0,0.0,,,,,,,,,,,,,,,,,,,,,,,,,,,,,,,,,1.0,2026/06/25,2026/06/26,1485.0,-0.87,,,,,,,,,,,,,,,,,,
Bear?,東洋インキＳＣホールディングス,4634,東証PR,2026/06/25,2026/06/26,60.0,0.998,4370.0,2.34,154200.0,63.8,16.271,上昇(+1),0.55,1.0,0.0,1.0,―,―,,4285.0,-1.95,347200.0,57.1,11.756,揉み合い(0),0.45,0.0,0.0,0.0,,,,,,,,,,,,,,,,,,,,,,,,,,,,,,,,,1.0,2026/06/25,2026/06/26,4285.0,-1.95,,,,,,,,,,,,,,,,,,
Bull?,関通,9326,東証GR,2026/06/25,2026/06/26,60.0,0.186,404.0,-0.49,15700.0,36.1,-0.633,下降(-1),-3.48,0.0,1.0,0.0,―,―,,408.0,0.99,10400.0,42.6,-0.508,下降(-1),-3.46,0.0,0.0,0.0,,,,,,,,,,,,,,,,,,,,,,,,,,,,,,,,,1.0,2026/06/25,2026/06/26,408.0,0.99,,,,,,,,,,,,,,,,,,
Bull?,ガーラ,4777,東証ST,2026/06/25,2026/06/26,60.0,0.835,198.0,1.54,74800.0,44.1,-0.67,下降(-1),-0.98,0.0,0.0,0.0,―,―,,200.0,1.01,65400.0,46.9,-0.625,下降(-1),-1.0,0.0,0.0,0.0,,,,,,,,,,,,,,,,,,,,,,,,,,,,,,,,,,,,,,,,,,,,,,,,,,,,,,,
Bull?,薬王堂ホールディングス,7679,東証PR,2026/06/25,2026/06/26,55.0,0.18,1611.0,-0.43,20600.0,32.9,-1.39,下降(-1),-5.46,0.0,1.0,0.0,―,―,,1623.0,0.74,15200.0,36.4,-1.335,下降(-1),-5.53,0.0,0.0,0.0,,,,,,,,,,,,,,,,,,,,,,,,,,,,,,,,,1.0,2026/06/25,2026/06/26,1623.0,0.74,,,,,,,,,,,,,,,,,,
Bull?,ヤマノホールディングス,7571,東証ST,2026/06/25,2026/06/26,55.0,0.269,80.0,2.56,252300.0,33.6,-0.296,下降(-1),-7.38,0.0,0.0,0.0,―,―,,80.0,0.0,204800.0,33.6,-0.295,下降(-1),-7.46,0.0,0.0,0.0,,,,,,,,,,,,,,,,,,,,,,,,,,,,,,,,,,,,,,,,,,,,,,,,,,,,,,,
Bear?,内外テック,3374,東証ST,2026/06/25,2026/06/26,55.0,0.788,3525.0,4.6,29900.0,67.4,38.595,上昇(+1),5.95,0.0,0.0,0.0,―,―,,3390.0,-3.83,39400.0,60.2,27.271,上昇(+1),6.08,0.0,0.0,0.0,,,,,,,,,,,,,,,,,,,,,,,,,,,,,,,,,,,,,,,,,,,,,,,,,,,,,,,
Bull?,菱友システムズ,4685,東証ST,2026/06/25,2026/06/26,55.0,0.59,2656.0,0.15,29000.0,32.5,-7.889,下降(-1),-5.96,0.0,0.0,0.0,Tier3,bull_div（全体）,,2650.0,-0.23,28900.0,32.1,-7.717,下降(-1),-6.06,0.0,1.0,0.0,,,,,,,,,,,,,,,,,,,,,,,,,,,,,,,,,1.0,2026/06/26,,,,,,,,,,,,,,,,,,,,,
Bear?,シグマ光機,7713,東証ST,2026/06/25,2026/06/26,55.0,0.617,2426.0,4.75,62600.0,57.8,11.612,上昇(+1),5.58,0.0,0.0,0.0,―,―,,2245.0,-7.46,58300.0,49.7,0.409,上昇(+1),5.22,0.0,0.0,0.0,,,,,,,,,,,,,,,,,,,,,,,,,,,,,,,,,,,,,,,,,,,,,,,,,,,,,,,
Bull?,丸全昭和運輸,9068,東証PR,2026/06/25,2026/06/26,45.0,0.212,7230.0,-0.55,29800.0,35.5,-5.844,下降(-1),-4.93,0.0,0.0,0.0,Tier3,bull_div（全体）,,7330.0,1.38,32300.0,40.9,-1.744,下降(-1),-5.01,0.0,1.0,0.0,,,,,,,,,,,,,,,,,,,,,,,,,,,,,,,,,1.0,2026/06/26,,,,,,,,,,,,,,,,,,,,,
Bull?,アルテック,9972,東証ST,2026/06/25,2026/06/26,45.0,0.444,258.0,-0.39,5100.0,38.3,-0.551,下降(-1),-1.36,0.0,0.0,0.0,―,―,,259.0,0.39,4200.0,40.4,-0.52,下降(-1),-1.39,0.0,0.0,0.0,,,,,,,,,,,,,,,,,,,,,,,,,,,,,,,,,,,,,,,,,,,,,,,,,,,,,,,
Bull?,ＩＮＴＬＯＯＰ,9556,東証GR,2026/06/25,2026/06/26,45.0,0.249,1682.0,-0.24,35000.0,42.8,-3.318,下降(-1),-16.1,0.0,0.0,0.0,―,―,,1707.0,1.49,24400.0,45.0,-2.369,下降(-1),-16.06,0.0,0.0,0.0,,,,,,,,,,,,,,,,,,,,,,,,,,,,,,,,,,,,,,,,,,,,,,,,,,,,,,,
Bull?,日本電信電話,9432,東証PR,2026/06/25,2026/06/26,45.0,0.531,144.0,-0.69,207065200.0,37.8,-0.215,下降(-1),-1.0,0.0,0.0,0.0,―,―,,144.0,0.0,206488100.0,39.7,-0.17,下降(-1),-1.02,0.0,0.0,0.0,,,,,,,,,,,,,,,,,,,,,,,,,,,,,,,,,,,,,,,,,,,,,,,,,,,,,,,
Bull?,ＪＸホールディングス,5020,東証PR,2026/06/25,2026/06/26,45.0,0.178,1191.0,-1.33,8691900.0,36.1,-1.242,下降(-1),-3.52,0.0,1.0,0.0,―,―,,1214.0,1.93,6329700.0,41.5,-0.853,下降(-1),-3.64,0.0,0.0,0.0,,,,,,,,,,,,,,,,,,,,,,,,,,,,,,,,,1.0,2026/06/25,2026/06/26,1214.5,1.97,,,,,,,,,,,,,,,,,,
Bull?,ＫＬａｂ,3656,東証PR,2026/06/25,2026/06/26,45.0,0.198,209.0,0.97,3832700.0,38.0,-1.09,下降(-1),-7.99,0.0,0.0,0.0,―,―,,210.0,0.48,2037500.0,38.5,-1.049,下降(-1),-8.41,0.0,0.0,0.0,,,,,,,,,,,,,,,,,,,,,,,,,,,,,,,,,,,,,,,,,,,,,,,,,,,,,,,
Bull?,グローリー,6457,東証PR,2026/06/25,2026/06/26,45.0,0.354,3872.0,0.65,125300.0,40.0,-7.193,下降(-1),-0.67,0.0,0.0,0.0,―,―,,3872.0,0.0,149600.0,40.0,-7.06,下降(-1),-0.7,0.0,0.0,0.0,,,,,,,,,,,,,,,,,,,,,,,,,,,,,,,,,,,,,,,,,,,,,,,,,,,,,,,
Bull?,西川ゴム工業,5161,東証ST,2026/06/25,2026/06/26,45.0,0.066,2957.0,0.68,82700.0,41.2,-4.104,下降(-1),-7.61,0.0,0.0,0.0,―,―,,2974.0,0.57,100100.0,42.7,-2.57,下降(-1),-7.86,0.0,0.0,0.0,,,,,,,,,,,,,,,,,,,,,,,,,,,,,,,,,,,,,,,,,,,,,,,,,,,,,,,
Bear?,岡本工作機械製作所,6125,東証ST,2026/06/25,2026/06/26,45.0,0.903,5730.0,3.43,58800.0,63.6,45.338,上昇(+1),3.15,0.0,0.0,0.0,―,―,,5630.0,-1.75,51500.0,60.5,38.218,上昇(+1),3.33,0.0,0.0,0.0,,,,,,,,,,,,,,,,,,,,,,,,,,,,,,,,,,,,,,,,,,,,,,,,,,,,,,,
Bull?,ヤマトインターナショナル,8127,東証ST,2026/06/25,2026/06/26,45.0,0.374,585.0,0.17,6500.0,45.3,-0.958,下降(-1),-0.82,0.0,1.0,0.0,―,―,,587.0,0.34,2100.0,46.6,-0.837,下降(-1),-0.85,0.0,0.0,0.0,,,,,,,,,,,,,,,,,,,,,,,,,,,,,,,,,1.0,2026/06/25,2026/06/26,587.0,0.34,,,,,,,,,,,,,,,,,,
Bull?,シイエム・シイ,2185,東証ST,2026/06/25,2026/06/26,45.0,0.124,1788.0,0.22,1300.0,40.3,-0.859,下降(-1),-0.78,0.0,0.0,0.0,―,―,,1796.0,0.45,2300.0,43.5,-0.229,下降(-1),-0.9,0.0,0.0,0.0,,,,,,,,,,,,,,,,,,,,,,,,,,,,,,,,,,,,,,,,,,,,,,,,,,,,,,,
Bull?,新明和工業,7224,東証PR,2026/06/25,2026/06/26,45.0,0.035,2048.0,0.05,146400.0,35.6,-1.784,下降(-1),-4.79,0.0,0.0,0.0,―,―,,2056.0,0.39,157600.0,36.8,-1.6,下降(-1),-4.96,0.0,0.0,0.0,,,,,,,,,,,,,,,,,,,,,,,,,,,,,,,,,,,,,,,,,,,,,,,,,,,,,,,
Bear?,東和薬品,4553,東証PR,2026/06/25,2026/06/26,40.0,0.664,3835.0,-0.26,265600.0,51.5,16.07,下降(-1),-1.78,0.0,0.0,0.0,―,―,,3750.0,-2.22,150100.0,46.6,10.814,下降(-1),-2.04,0.0,0.0,0.0,,,,,,,,,,,,,,,,,,,,,,,,,,,,,,,,,,,,,,,,,,,,,,,,,,,,,,,
Bear?,ジオコード,7357,東証ST,2026/06/25,2026/06/26,40.0,0.73,1616.0,1.0,7300.0,65.5,7.674,下降(-1),-0.65,0.0,0.0,1.0,―,―,,1601.0,-0.93,3100.0,61.0,6.503,揉み合い(0),-0.37,0.0,0.0,0.0,,,,,,,,,,,,,,,,,,,,,,,,,,,,,,,,,1.0,2026/06/25,2026/06/26,1601.0,-0.93,,,,,,,,,,,,,,,,,,
Bear?,エヌリンクス,6578,東証ST,2026/06/25,2026/06/26,40.0,0.593,459.0,1.1,2300.0,63.8,2.218,下降(-1),-1.94,0.0,0.0,0.0,―,―,,459.0,0.0,2200.0,63.8,2.09,下降(-1),-1.72,0.0,0.0,0.0,,,,,,,,,,,,,,,,,,,,,,,,,,,,,,,,,,,,,,,,,,,,,,,,,,,,,,,
Bear?,リズム時計工業,7769,東証PR,2026/06/25,2026/06/26,40.0,0.561,3775.0,1.89,19800.0,61.7,16.018,下降(-1),-3.43,0.0,0.0,0.0,―,―,,3725.0,-1.32,27800.0,56.6,12.173,下降(-1),-3.44,0.0,0.0,0.0,,,,,,,,,,,,,,,,,,,,,,,,,,,,,,,,,,,,,,,,,,,,,,,,,,,,,,,
Bear?,アネスト岩田,6381,東証PR,2026/06/25,2026/06/26,30.0,0.94,1684.0,1.14,56400.0,59.1,5.509,下降(-1),-1.62,0.0,0.0,0.0,―,―,,1683.0,-0.06,59400.0,58.9,5.313,下降(-1),-1.54,0.0,0.0,0.0,,,,,,,,,,,,,,,,,,,,,,,,,,,,,,,,,,,,,,,,,,,,,,,,,,,,,,,
Bull?,アルメディオ,7859,東証ST,2026/06/25,2026/06/26,30.0,0.79,232.0,-1.28,224300.0,35.7,-3.597,上昇(+1),5.52,0.0,0.0,0.0,Tier1,bull_div + MA75強上昇 + RSI<50,,234.0,0.86,220600.0,36.8,-3.28,上昇(+1),4.68,0.0,1.0,0.0,,,,,,,,,,,,,,,,,,,,,,,,,,,,,,,,,1.0,2026/06/26,,,,,,,,,,,,,,,,,,,,,
Bull?,アイ・パートナーズフィナンシャル,7345,東証GR,2026/06/25,2026/06/26,30.0,0.269,919.0,-3.16,1600.0,38.3,-1.584,上昇(+1),0.75,0.0,0.0,0.0,―,―,,939.0,2.18,2800.0,43.3,-0.509,揉み合い(0),0.42,0.0,0.0,0.0,,,,,,,,,,,,,,,,,,,,,,,,,,,,,,,,,,,,,,,,,,,,,,,,,,,,,,,
Bear?,中部飼料,2053,東証PR,2026/06/25,2026/06/26,30.0,0.829,1861.0,1.2,91000.0,63.5,8.987,下降(-1),-2.27,0.0,0.0,0.0,―,―,,1824.0,-1.99,48500.0,56.3,6.431,下降(-1),-2.17,0.0,0.0,0.0,,,,,,,,,,,,,,,,,,,,,,,,,,,,,,,,,,,,,,,,,,,,,,,,,,,,,,,
Bear?,三井松島産業,1518,東証PR,2026/06/25,2026/06/26,30.0,0.979,1504.0,1.01,164300.0,62.7,3.043,下降(-1),-0.68,0.0,0.0,0.0,―,―,,1498.0,-0.4,205400.0,61.0,2.309,下降(-1),-0.61,0.0,0.0,0.0,,,,,,,,,,,,,,,,,,,,,,,,,,,,,,,,,,,,,,,,,,,,,,,,,,,,,,,
